role,id,season,end_n,end_rate,end_success
pitcher,20700,2020,665,0.618045,1
pitcher,20700,2021,958,0.586639,1
pitcher,20938,2020,637,0.546311,1
pitcher,21095,2020,262,0.69084,1
pitcher,21170,2022,19,0.473684,1
pitcher,21178,2020,164,0.72561,1
pitcher,21279,2020,584,0.547945,1
pitcher,21279,2021,801,0.555556,1
pitcher,21372,2020,1082,0.476895,1
pitcher,21372,2021,1432,0.473464,1
pitcher,21372,2022,1997,0.543315,1
pitcher,21372,2023,2737,0.521739,0
pitcher,21372,2024,3951,0.499367,0
pitcher,21372,2025,4454,0.493938,1
pitcher,21402,2020,935,0.602139,0
pitcher,21402,2021,1715,0.611662,1
pitcher,21402,2022,2525,0.599208,0
pitcher,21402,2023,3303,0.599455,0
pitcher,21402,2024,4036,0.599356,0
pitcher,21402,2025,4731,0.59163,1
pitcher,21414,2020,1052,0.598859,1
pitcher,21414,2021,1805,0.581163,0
pitcher,21414,2022,2362,0.57155,0
pitcher,21414,2023,2411,0.571132,1
pitcher,21415,2020,129,0.565891,1
pitcher,21415,2021,245,0.555102,1
pitcher,21432,2020,965,0.548187,1
pitcher,21432,2021,1948,0.536448,1
pitcher,21432,2022,2568,0.528816,1
pitcher,21432,2023,3366,0.537433,1
pitcher,21432,2024,3626,0.536955,1
pitcher,21432,2025,3740,0.536364,0
pitcher,21441,2021,2137,0.563875,0
pitcher,21441,2022,3186,0.562775,1
pitcher,21441,2023,4457,0.554184,1
pitcher,21441,2024,5853,0.540065,1
pitcher,21441,2025,7207,0.536284,1
pitcher,21549,2020,2339,0.661821,1
pitcher,21549,2021,2670,0.647191,1
pitcher,21558,2020,796,0.54397,0
pitcher,21558,2021,1088,0.551471,1
pitcher,21558,2022,1455,0.557388,1
pitcher,21571,2021,70,0.657143,1
pitcher,21587,2020,136,0.691176,0
pitcher,21587,2021,149,0.684564,1
pitcher,21588,2020,100,0.62,1
pitcher,21595,2020,367,0.46049,1
pitcher,21622,2020,59,0.491525,0
pitcher,21622,2021,408,0.556373,1
pitcher,21622,2022,908,0.578194,0
pitcher,21622,2023,1389,0.591073,1
pitcher,21622,2024,2118,0.558546,0
pitcher,21624,2020,23,0.478261,0
pitcher,21654,2020,330,0.584848,1
pitcher,21654,2021,1102,0.523593,1
pitcher,21654,2022,1360,0.540441,1
pitcher,21690,2020,731,0.554036,0
pitcher,21690,2021,1466,0.551842,1
pitcher,21690,2022,2155,0.5471,1
pitcher,21690,2023,3074,0.527001,1
pitcher,21690,2024,4179,0.549414,0
pitcher,21690,2025,5330,0.555535,0
pitcher,21699,2020,410,0.560976,0
pitcher,21699,2021,817,0.53366,1
pitcher,21699,2022,1007,0.516385,0
pitcher,21733,2020,321,0.551402,1
pitcher,21754,2020,1012,0.483202,1
pitcher,21754,2021,1142,0.500876,1
pitcher,21789,2020,1009,0.537166,1
pitcher,21789,2021,1915,0.52376,0
pitcher,21789,2022,2974,0.516812,0
pitcher,21789,2023,3222,0.519863,1
pitcher,21789,2024,4127,0.522413,1
pitcher,21789,2025,5313,0.521174,1
pitcher,21795,2020,2795,0.457603,1
pitcher,21795,2021,3954,0.469145,1
pitcher,21795,2022,4479,0.479795,1
pitcher,21795,2023,4511,0.480825,1
pitcher,21813,2020,1098,0.547359,1
pitcher,21813,2021,1653,0.54144,1
pitcher,21813,2022,2099,0.527394,1
pitcher,21813,2024,2399,0.522718,1
pitcher,21813,2025,3084,0.505837,0
pitcher,21830,2020,498,0.654618,1
pitcher,21830,2021,992,0.634073,1
pitcher,21840,2020,379,0.543536,1
pitcher,21840,2021,1334,0.52099,1
pitcher,21840,2022,1601,0.525297,1
pitcher,21857,2020,21,0.761905,1
pitcher,21874,2020,634,0.675079,1
pitcher,21874,2021,1215,0.640329,1
pitcher,21875,2020,80,0.45,0
pitcher,21875,2021,863,0.544612,1
pitcher,21875,2022,1226,0.541599,0
pitcher,21875,2023,1386,0.530303,0
pitcher,21916,2020,2542,0.577105,1
pitcher,21916,2021,3589,0.571747,0
pitcher,21916,2022,6135,0.570986,0
pitcher,21916,2023,8210,0.558709,0
pitcher,21916,2024,9799,0.559649,0
pitcher,21916,2025,11087,0.555786,1
pitcher,21936,2020,2185,0.55103,1
pitcher,21936,2021,4619,0.533449,0
pitcher,21936,2022,6045,0.527047,1
pitcher,21936,2023,7227,0.516258,1
pitcher,21936,2024,7867,0.511758,0
pitcher,21936,2025,8550,0.509591,0
pitcher,21940,2020,2349,0.602384,1
pitcher,21940,2021,2816,0.605114,0
pitcher,21940,2022,3426,0.591068,0
pitcher,21940,2023,4378,0.582001,1
pitcher,21940,2024,5320,0.568421,1
pitcher,21940,2025,6362,0.558158,0
pitcher,21943,2020,9,0.777778,1
pitcher,21943,2021,607,0.494234,1
pitcher,21943,2022,1445,0.470588,0
pitcher,21943,2023,1889,0.480148,1
pitcher,21943,2024,2401,0.478551,1
pitcher,21943,2025,3170,0.476972,0
pitcher,21955,2020,2907,0.578603,1
pitcher,21955,2023,5541,0.55333,1
pitcher,21955,2024,8339,0.527401,1
pitcher,21955,2025,11114,0.521324,0
pitcher,21961,2020,2698,0.60934,0
pitcher,21961,2021,5648,0.591006,0
pitcher,21961,2023,8504,0.56691,0
pitcher,21961,2024,11255,0.552643,1
pitcher,21961,2025,13875,0.544216,1
pitcher,21978,2020,300,0.51,1
pitcher,21978,2021,757,0.52576,0
pitcher,21991,2020,164,0.54878,1
pitcher,21991,2021,928,0.491379,1
pitcher,21991,2022,1172,0.49744,1
pitcher,21991,2023,1547,0.497738,1
pitcher,21991,2024,1807,0.493636,1
pitcher,21991,2025,1875,0.493333,0
pitcher,21994,2020,1021,0.542605,1
pitcher,21994,2021,1581,0.525617,0
pitcher,21994,2022,2345,0.529211,1
pitcher,21994,2023,2574,0.530303,0
pitcher,21994,2025,2991,0.524574,1
pitcher,21998,2020,212,0.556604,1
pitcher,21998,2021,1969,0.496191,0
pitcher,21998,2022,3827,0.499085,1
pitcher,21998,2023,5249,0.514193,1
pitcher,21998,2024,6310,0.511569,1
pitcher,21998,2025,6687,0.5083,1
pitcher,22007,2020,129,0.666667,1
pitcher,22007,2021,493,0.636917,0
pitcher,22015,2020,92,0.467391,0
pitcher,22015,2021,1055,0.432227,1
pitcher,22015,2022,1669,0.431396,1
pitcher,22015,2023,2086,0.428571,1
pitcher,22028,2020,252,0.571429,0
pitcher,22028,2021,944,0.519068,0
pitcher,22028,2022,1663,0.506314,0
pitcher,22028,2023,2168,0.489391,1
pitcher,22028,2024,2994,0.479292,1
pitcher,22028,2025,4025,0.473789,1
pitcher,22029,2020,128,0.632812,1
pitcher,22094,2020,913,0.537788,0
pitcher,22094,2021,1703,0.468585,1
pitcher,22094,2022,2228,0.502693,1
pitcher,22094,2023,3109,0.478289,1
pitcher,22094,2024,3923,0.489676,0
pitcher,22094,2025,4655,0.478625,0
pitcher,22099,2020,385,0.490909,0
pitcher,22099,2021,509,0.499018,1
pitcher,22099,2022,571,0.502627,1
pitcher,22110,2020,461,0.713666,0
pitcher,22110,2021,1134,0.645503,1
pitcher,22118,2020,1103,0.480508,0
pitcher,22118,2021,2239,0.455561,0
pitcher,22118,2022,3251,0.443556,1
pitcher,22118,2023,3459,0.448106,0
pitcher,22118,2024,3507,0.448246,1
pitcher,22123,2020,880,0.639773,1
pitcher,22123,2021,1510,0.617219,1
pitcher,22131,2020,2583,0.694541,1
pitcher,22131,2021,4956,0.689669,1
pitcher,22131,2022,6206,0.684015,1
pitcher,22136,2020,421,0.494062,1
pitcher,22136,2021,525,0.485714,1
pitcher,22136,2022,833,0.488595,1
pitcher,22143,2020,923,0.514626,0
pitcher,22143,2021,1302,0.513057,1
pitcher,22143,2022,1637,0.508247,0
pitcher,22143,2023,2002,0.493506,1
pitcher,22154,2020,1058,0.559546,0
pitcher,22154,2021,1620,0.537037,1
pitcher,22154,2022,2144,0.530784,1
pitcher,22154,2023,2438,0.528712,0
pitcher,22156,2020,171,0.625731,1
pitcher,22163,2020,1912,0.611402,0
pitcher,22163,2021,2911,0.598076,0
pitcher,22163,2022,3425,0.595912,1
pitcher,22163,2023,5542,0.56947,1
pitcher,22163,2024,6803,0.558136,0
pitcher,22163,2025,7453,0.548638,1
pitcher,22180,2020,200,0.63,1
pitcher,22180,2021,775,0.584516,1
pitcher,22180,2022,1097,0.577028,1
pitcher,22192,2020,2527,0.498615,0
pitcher,22192,2021,5388,0.492205,0
pitcher,22192,2022,6255,0.493845,0
pitcher,22192,2023,7151,0.485946,1
pitcher,22192,2024,8868,0.480492,0
pitcher,22192,2025,9595,0.481188,0
pitcher,22201,2020,872,0.545872,1
pitcher,22201,2021,1546,0.521345,0
pitcher,22201,2022,1769,0.529678,1
pitcher,22201,2023,2144,0.520989,0
pitcher,22203,2020,25,0.8,1
pitcher,22205,2020,18,0.444444,1
pitcher,22205,2021,314,0.525478,0
pitcher,22205,2022,494,0.566802,1
pitcher,22205,2023,1186,0.567454,0
pitcher,22205,2024,1673,0.539151,0
pitcher,22205,2025,2477,0.516754,1
pitcher,22220,2020,568,0.47007,0
pitcher,22231,2020,1112,0.611511,1
pitcher,22231,2021,2070,0.605314,1
pitcher,22231,2022,3732,0.582797,1
pitcher,22231,2023,5525,0.583167,1
pitcher,22231,2024,7085,0.565138,0
pitcher,22231,2025,7276,0.563084,1
pitcher,22233,2020,292,0.510274,1
pitcher,22233,2021,321,0.507788,1
pitcher,22234,2020,860,0.595349,1
pitcher,22234,2021,1341,0.593587,1
pitcher,22249,2020,2156,0.550093,1
pitcher,22249,2021,3734,0.536958,0
pitcher,22249,2022,5306,0.52582,1
pitcher,22249,2023,6921,0.515099,0
pitcher,22249,2024,8063,0.507379,1
pitcher,22249,2025,9877,0.502481,1
pitcher,22250,2021,177,0.638418,1
pitcher,22253,2020,1073,0.573159,1
pitcher,22253,2021,1330,0.569173,1
pitcher,22253,2022,1730,0.567052,1
pitcher,22253,2023,2506,0.564246,0
pitcher,22253,2024,2982,0.56271,0
pitcher,22253,2025,3006,0.563207,1
pitcher,22254,2020,557,0.624776,1
pitcher,22254,2021,1481,0.573937,1
pitcher,22254,2022,1874,0.570971,1
pitcher,22254,2023,2768,0.567197,0
pitcher,22254,2024,3845,0.56515,0
pitcher,22254,2025,4952,0.565226,0
pitcher,22261,2021,315,0.580952,0
pitcher,22261,2022,654,0.642202,1
pitcher,22261,2023,1014,0.599606,0
pitcher,22261,2024,1045,0.6,0
pitcher,22277,2020,1659,0.496082,1
pitcher,22277,2021,4260,0.479577,1
pitcher,22277,2022,6230,0.501124,1
pitcher,22277,2023,8059,0.498945,1
pitcher,22277,2024,10517,0.522297,1
pitcher,22277,2025,12742,0.532805,1
pitcher,22278,2020,1647,0.3898,0
pitcher,22278,2021,2699,0.439422,0
pitcher,22278,2022,3915,0.493997,1
pitcher,22278,2023,4852,0.502679,0
pitcher,22278,2024,5651,0.502035,1
pitcher,22278,2025,6479,0.499768,1
pitcher,22280,2021,516,0.498062,1
pitcher,22280,2022,772,0.5,1
pitcher,22280,2023,934,0.511777,1
pitcher,22280,2024,1096,0.524635,1
pitcher,22292,2022,403,0.51861,1
pitcher,22292,2023,1818,0.49725,1
pitcher,22292,2024,2776,0.494236,1
pitcher,22292,2025,3997,0.481611,0
pitcher,22293,2020,1536,0.566406,1
pitcher,22293,2021,2746,0.563001,0
pitcher,22293,2022,4018,0.543056,1
pitcher,22293,2023,5027,0.530734,0
pitcher,22293,2024,6119,0.529989,0
pitcher,22293,2025,7180,0.525209,1
pitcher,22302,2020,436,0.46789,1
pitcher,22302,2021,940,0.562766,1
pitcher,22302,2022,1846,0.526544,1
pitcher,22302,2023,2618,0.515661,1
pitcher,22302,2024,3076,0.505202,1
pitcher,22302,2025,3541,0.4976,1
pitcher,22305,2023,41,0.512195,1
pitcher,22309,2020,1017,0.630285,0
pitcher,22309,2021,1106,0.637432,1
pitcher,22311,2020,696,0.53592,1
pitcher,22311,2021,1115,0.540807,1
pitcher,22311,2022,1341,0.521999,1
pitcher,22312,2020,41,0.682927,1
pitcher,22312,2021,453,0.501104,1
pitcher,22312,2022,1506,0.484064,1
pitcher,22312,2023,1664,0.470553,0
pitcher,22312,2024,1785,0.462185,0
pitcher,22312,2025,1800,0.46,1
pitcher,22318,2020,986,0.608519,1
pitcher,22318,2021,2332,0.58705,1
pitcher,22318,2022,3184,0.578204,0
pitcher,22318,2023,3253,0.58008,0
pitcher,22318,2024,4336,0.573109,0
pitcher,22318,2025,4865,0.566495,1
pitcher,22321,2020,286,0.646853,1
pitcher,22332,2022,27,0.333333,0
pitcher,22335,2020,764,0.53534,1
pitcher,22335,2021,1079,0.518072,1
pitcher,22345,2022,22,0.5,1
pitcher,22349,2020,46,0.695652,1
pitcher,22368,2020,524,0.673664,1
pitcher,22368,2021,1247,0.566961,1
pitcher,22368,2022,2071,0.546113,1
pitcher,22368,2023,2667,0.538058,1
pitcher,22368,2024,3098,0.531633,0
pitcher,22368,2025,3368,0.524941,0
pitcher,22372,2020,14,0.714286,0
pitcher,22380,2020,844,0.510664,0
pitcher,22380,2021,3068,0.543025,1
pitcher,22380,2022,5590,0.53381,1
pitcher,22380,2023,7673,0.534993,0
pitcher,22380,2024,8921,0.533348,0
pitcher,22380,2025,9787,0.529989,0
pitcher,22389,2020,894,0.626398,1
pitcher,22389,2021,3154,0.583069,1
pitcher,22389,2022,4554,0.582784,0
pitcher,22389,2023,5892,0.572301,0
pitcher,22389,2024,7819,0.560046,0
pitcher,22389,2025,9140,0.549672,0
pitcher,22397,2020,1076,0.587361,0
pitcher,22397,2021,2115,0.558392,1
pitcher,22397,2022,3215,0.554277,1
pitcher,22397,2023,3909,0.550013,1
pitcher,22397,2024,5070,0.541026,1
pitcher,22397,2025,5940,0.536364,1
pitcher,22404,2020,254,0.562992,1
pitcher,22404,2021,669,0.568012,1
pitcher,22404,2022,1389,0.557955,0
pitcher,22404,2023,1429,0.560532,1
pitcher,22404,2024,1478,0.560893,1
pitcher,22414,2021,443,0.623025,1
pitcher,22414,2022,457,0.628009,1
pitcher,22414,2023,474,0.639241,1
pitcher,22419,2020,1893,0.529319,1
pitcher,22419,2021,2859,0.532004,0
pitcher,22419,2022,3887,0.526627,0
pitcher,22419,2023,4634,0.528917,1
pitcher,22419,2024,5718,0.531305,0
pitcher,22419,2025,6854,0.526116,1
pitcher,22427,2020,1034,0.569632,1
pitcher,22427,2021,1727,0.557614,1
pitcher,22427,2022,2526,0.555424,0
pitcher,22427,2023,2987,0.555407,1
pitcher,22427,2024,3356,0.549762,0
pitcher,22428,2020,15,0.8,1
pitcher,22428,2021,109,0.513761,1
pitcher,22428,2022,144,0.555556,0
pitcher,22428,2024,335,0.540299,1
pitcher,22435,2020,2184,0.61859,1
pitcher,22435,2021,4522,0.589562,1
pitcher,22435,2022,5380,0.593309,0
pitcher,22435,2023,5883,0.592895,1
pitcher,22435,2024,7676,0.579599,1
pitcher,22435,2025,8732,0.572492,0
pitcher,22458,2020,1464,0.549863,1
pitcher,22469,2020,1712,0.535047,1
pitcher,22469,2022,3142,0.560471,1
pitcher,22469,2023,4747,0.586476,1
pitcher,22469,2024,5186,0.56961,0
pitcher,22469,2025,5863,0.553641,0
pitcher,22473,2020,97,0.649485,0
pitcher,22473,2021,638,0.5721,0
pitcher,22478,2020,811,0.636252,1
pitcher,22478,2021,1461,0.5859,1
pitcher,22478,2022,2145,0.594406,1
pitcher,22478,2023,2264,0.597615,1
pitcher,22478,2024,2298,0.59443,1
pitcher,22487,2020,1134,0.501764,1
pitcher,22491,2020,1025,0.554146,1
pitcher,22491,2021,1796,0.551782,1
pitcher,22491,2022,1999,0.554777,1
pitcher,22491,2023,2231,0.545944,1
pitcher,22505,2020,219,0.625571,1
pitcher,22505,2021,1054,0.523719,1
pitcher,22505,2022,1156,0.541522,1
pitcher,22508,2020,709,0.541608,1
pitcher,22508,2021,1664,0.533654,1
pitcher,22508,2022,2420,0.52686,1
pitcher,22508,2025,3084,0.506485,1
pitcher,22524,2020,239,0.631799,1
pitcher,22525,2020,981,0.492355,1
pitcher,22525,2021,1953,0.515617,1
pitcher,22525,2022,2375,0.517053,1
pitcher,22525,2023,2829,0.525274,1
pitcher,22525,2024,3739,0.527146,1
pitcher,22525,2025,3988,0.526078,1
pitcher,22539,2020,79,0.64557,1
pitcher,22539,2021,185,0.524324,1
pitcher,22540,2020,722,0.581717,1
pitcher,22540,2021,1691,0.559432,1
pitcher,22540,2022,2616,0.547783,0
pitcher,22540,2023,3439,0.538238,0
pitcher,22540,2025,3521,0.537915,1
pitcher,22541,2020,146,0.60274,1
pitcher,22541,2021,225,0.573333,1
pitcher,22541,2022,602,0.496678,1
pitcher,22541,2023,794,0.512594,0
pitcher,22541,2024,968,0.48657,1
pitcher,22541,2025,1064,0.475564,1
pitcher,22547,2020,705,0.44539,1
pitcher,22547,2021,1666,0.465786,1
pitcher,22547,2022,2552,0.485893,1
pitcher,22547,2023,3248,0.482143,0
pitcher,22547,2024,3854,0.478464,0
pitcher,22547,2025,4325,0.477457,1
pitcher,22548,2020,247,0.538462,0
pitcher,22551,2020,91,0.582418,1
pitcher,22575,2020,66,0.712121,1
pitcher,22575,2021,947,0.544879,0
pitcher,22575,2022,2238,0.523235,0
pitcher,22575,2023,3512,0.522779,1
pitcher,22575,2024,4353,0.514588,0
pitcher,22575,2025,4648,0.510757,0
pitcher,22579,2020,54,0.592593,0
pitcher,22579,2021,102,0.568627,0
pitcher,22579,2022,144,0.611111,0
pitcher,22583,2021,796,0.484925,1
pitcher,22583,2022,1467,0.481936,1
pitcher,22583,2023,1678,0.485697,1
pitcher,22592,2020,960,0.504167,1
pitcher,22592,2021,1827,0.506294,1
pitcher,22592,2022,2731,0.502746,0
pitcher,22592,2023,3688,0.491866,1
pitcher,22592,2024,4010,0.492519,1
pitcher,22592,2025,4068,0.492134,1
pitcher,22595,2020,87,0.356322,0
pitcher,22595,2021,763,0.479685,1
pitcher,22595,2022,1115,0.476233,0
pitcher,22595,2023,1184,0.478885,1
pitcher,22595,2024,1447,0.474084,1
pitcher,22596,2020,622,0.68328,0
pitcher,22596,2021,855,0.671345,1
pitcher,22596,2022,1372,0.651603,1
pitcher,22596,2023,1575,0.64381,1
pitcher,22597,2020,220,0.409091,1
pitcher,22597,2023,238,0.420168,1
pitcher,22597,2024,255,0.431373,0
pitcher,22598,2020,926,0.547516,1
pitcher,22598,2021,1416,0.537429,1
pitcher,22598,2022,1584,0.551768,1
pitcher,22598,2023,2248,0.554715,1
pitcher,22598,2024,2777,0.545553,0
pitcher,22598,2025,3151,0.535703,0
pitcher,22615,2022,514,0.501946,1
pitcher,22617,2020,116,0.637931,0
pitcher,22617,2021,848,0.520047,1
pitcher,22617,2022,1508,0.509284,0
pitcher,22617,2023,1937,0.505937,0
pitcher,22617,2024,2777,0.506302,1
pitcher,22617,2025,3758,0.50612,0
pitcher,22621,2020,79,0.620253,1
pitcher,22621,2021,359,0.562674,1
pitcher,22621,2022,830,0.546988,0
pitcher,22621,2023,1401,0.518201,0
pitcher,22621,2024,1728,0.509838,0
pitcher,22621,2025,2144,0.508396,0
pitcher,22622,2021,244,0.467213,0
pitcher,22622,2022,522,0.431034,1
pitcher,22624,2020,1004,0.506972,1
pitcher,22624,2021,1867,0.522228,1
pitcher,22624,2022,3174,0.519534,0
pitcher,22624,2023,4083,0.518736,0
pitcher,22624,2024,4971,0.515792,0
pitcher,22624,2025,6260,0.505751,1
pitcher,22640,2020,468,0.508547,1
pitcher,22651,2023,691,0.463097,0
pitcher,22651,2024,1624,0.458128,1
pitcher,22651,2025,4216,0.473909,0
pitcher,22666,2020,146,0.636986,1
pitcher,22666,2021,688,0.521802,1
pitcher,22666,2022,1019,0.516192,0
pitcher,22666,2023,1118,0.525045,1
pitcher,22667,2020,7,0.714286,0
pitcher,22667,2021,116,0.517241,1
pitcher,22667,2022,481,0.417879,1
pitcher,22667,2023,1467,0.441718,0
pitcher,22667,2024,1605,0.449844,0
pitcher,22667,2025,2461,0.456725,1
pitcher,22668,2020,319,0.617555,0
pitcher,22668,2021,1000,0.566,0
pitcher,22668,2022,1984,0.540323,1
pitcher,22668,2023,4011,0.539516,0
pitcher,22668,2024,4647,0.545944,0
pitcher,22668,2025,5289,0.545094,1
pitcher,22675,2020,835,0.57485,1
pitcher,22675,2021,1643,0.555691,0
pitcher,22675,2022,2364,0.546108,1
pitcher,22675,2023,2793,0.548514,0
pitcher,22675,2024,3027,0.545755,0
pitcher,22675,2025,3416,0.534543,0
pitcher,22703,2020,2932,0.564461,0
pitcher,22708,2020,1170,0.530769,1
pitcher,22708,2021,3630,0.514325,1
pitcher,22708,2022,6296,0.505241,1
pitcher,22708,2023,9048,0.501437,1
pitcher,22708,2024,10015,0.496955,1
pitcher,22708,2025,10201,0.497206,1
pitcher,22710,2021,96,0.572917,1
pitcher,22710,2022,1021,0.559256,1
pitcher,22710,2023,1973,0.559554,1
pitcher,22710,2024,2885,0.552166,1
pitcher,22710,2025,3959,0.54736,1
pitcher,22717,2020,480,0.479167,0
pitcher,22717,2021,950,0.436842,1
pitcher,22717,2022,2227,0.439156,0
pitcher,22717,2023,3261,0.448022,1
pitcher,22717,2024,3278,0.448139,1
pitcher,22717,2025,3440,0.451163,1
pitcher,22720,2022,2407,0.52472,0
pitcher,22720,2023,5024,0.490844,1
pitcher,22720,2024,7477,0.488297,1
pitcher,22720,2025,9086,0.487123,0
pitcher,22721,2022,743,0.578735,1
pitcher,22721,2023,1439,0.537874,1
pitcher,22721,2024,2240,0.521875,1
pitcher,22722,2021,30,0.566667,0
pitcher,22722,2022,108,0.657407,1
pitcher,22729,2020,1333,0.513128,1
pitcher,22729,2021,3059,0.51324,0
pitcher,22729,2022,3983,0.507155,0
pitcher,22729,2023,5196,0.503079,0
pitcher,22729,2024,5423,0.504702,1
pitcher,22729,2025,6773,0.507013,0
pitcher,22730,2020,671,0.5693,1
pitcher,22730,2022,1582,0.537927,1
pitcher,22730,2023,3905,0.534699,0
pitcher,22730,2024,5695,0.5259,1
pitcher,22730,2025,8484,0.513201,0
pitcher,22731,2021,160,0.525,1
pitcher,22731,2022,662,0.554381,1
pitcher,22731,2023,746,0.558981,1
pitcher,22734,2020,921,0.538545,0
pitcher,22734,2022,960,0.551042,1
pitcher,22734,2023,1091,0.557287,0
pitcher,22734,2024,1270,0.537008,1
pitcher,22735,2020,1111,0.535554,1
pitcher,22735,2021,2206,0.512693,1
pitcher,22735,2022,3338,0.50749,0
pitcher,22735,2023,4486,0.505127,0
pitcher,22735,2024,5745,0.504091,1
pitcher,22735,2025,6577,0.497795,0
pitcher,22738,2020,651,0.534562,0
pitcher,22738,2021,1625,0.514462,1
pitcher,22738,2022,2668,0.505247,1
pitcher,22738,2023,3737,0.510035,1
pitcher,22738,2024,4906,0.513045,0
pitcher,22738,2025,6044,0.506784,1
pitcher,22739,2022,7,0.571429,1
pitcher,22741,2020,1053,0.622982,1
pitcher,22741,2021,2197,0.601274,0
pitcher,22741,2022,2930,0.592833,1
pitcher,22741,2023,3684,0.583333,0
pitcher,22741,2024,4398,0.579354,0
pitcher,22741,2025,5317,0.575889,1
pitcher,22742,2020,152,0.578947,1
pitcher,22742,2023,206,0.572816,0
pitcher,22743,2020,693,0.549784,1
pitcher,22743,2021,1711,0.548217,0
pitcher,22743,2022,2799,0.557342,1
pitcher,22743,2023,3819,0.541241,0
pitcher,22743,2024,4824,0.526327,1
pitcher,22743,2025,5916,0.50693,0
pitcher,22759,2020,995,0.534673,0
pitcher,22759,2021,3523,0.51178,0
pitcher,22759,2022,6132,0.50636,0
pitcher,22759,2023,8731,0.505326,1
pitcher,22759,2024,11361,0.500132,0
pitcher,22759,2025,14287,0.500735,1
pitcher,22761,2020,148,0.668919,1
pitcher,22761,2021,741,0.566802,1
pitcher,22761,2022,1388,0.551153,1
pitcher,22761,2023,1737,0.545193,1
pitcher,22761,2024,2387,0.54713,1
pitcher,22761,2025,2927,0.539802,1
pitcher,22763,2021,3,0.666667,1
pitcher,22763,2022,23,0.652174,0
pitcher,22772,2020,1177,0.55565,0
pitcher,22772,2021,1843,0.54802,1
pitcher,22772,2022,2592,0.542438,1
pitcher,22772,2023,3182,0.529855,1
pitcher,22772,2024,3662,0.522938,1
pitcher,22772,2025,3689,0.521008,1
pitcher,22776,2020,265,0.569811,0
pitcher,22776,2021,579,0.554404,1
pitcher,22782,2020,1975,0.530127,0
pitcher,22782,2021,3179,0.533187,1
pitcher,22782,2022,4532,0.522507,1
pitcher,22782,2023,5669,0.519668,1
pitcher,22782,2024,6766,0.512563,0
pitcher,22782,2025,7508,0.508791,1
pitcher,22784,2020,29,0.551724,1
pitcher,22784,2021,230,0.469565,1
pitcher,22785,2021,68,0.514706,1
pitcher,22785,2022,825,0.535758,1
pitcher,22785,2023,866,0.54157,1
pitcher,22785,2024,956,0.531381,0
pitcher,22786,2020,40,0.725,1
pitcher,22795,2020,206,0.626214,1
pitcher,22795,2022,698,0.69914,1
pitcher,22795,2023,1074,0.703911,1
pitcher,22795,2024,1129,0.692648,1
pitcher,22810,2020,792,0.67803,1
pitcher,22810,2021,806,0.677419,1
pitcher,22815,2020,182,0.637363,1
pitcher,22815,2021,297,0.606061,0
pitcher,22820,2020,1374,0.508006,1
pitcher,22820,2021,2027,0.48002,0
pitcher,22820,2022,2265,0.483002,0
pitcher,22820,2024,3018,0.472498,0
pitcher,22820,2025,3917,0.470513,1
pitcher,22821,2022,187,0.582888,0
pitcher,22834,2020,2645,0.520983,0
pitcher,22834,2021,4880,0.501025,0
pitcher,22834,2022,6341,0.492194,1
pitcher,22834,2023,8179,0.480988,0
pitcher,22834,2024,8918,0.476116,0
pitcher,22834,2025,10197,0.4721,1
pitcher,22836,2020,74,0.783784,1
pitcher,22836,2021,128,0.65625,0
pitcher,22840,2020,32,0.625,1
pitcher,22840,2021,735,0.478912,0
pitcher,22840,2022,1677,0.550984,0
pitcher,22840,2023,2278,0.58604,1
pitcher,22840,2024,2666,0.579145,0
pitcher,22840,2025,2794,0.576951,1
pitcher,22842,2020,18,0.777778,1
pitcher,22851,2020,196,0.627551,1
pitcher,22851,2021,958,0.52714,1
pitcher,22851,2022,1072,0.527052,0
pitcher,22867,2021,241,0.481328,1
pitcher,22867,2022,372,0.491935,1
pitcher,22867,2023,970,0.506186,1
pitcher,22867,2024,1467,0.484663,0
pitcher,22867,2025,1951,0.478729,0
pitcher,22869,2020,59,0.440678,1
pitcher,22869,2023,294,0.421769,0
pitcher,22870,2021,90,0.622222,1
pitcher,22870,2022,157,0.605096,1
pitcher,22870,2023,239,0.661088,0
pitcher,22870,2024,293,0.648464,0
pitcher,22881,2020,70,0.757143,0
pitcher,22881,2021,354,0.680791,1
pitcher,22890,2020,2446,0.556827,1
pitcher,22890,2021,4180,0.526555,1
pitcher,22890,2022,6603,0.511434,0
pitcher,22890,2023,8427,0.505874,1
pitcher,22890,2024,10779,0.495501,0
pitcher,22890,2025,12938,0.490725,0
pitcher,22893,2022,8,0.625,0
pitcher,22899,2021,347,0.538905,1
pitcher,22899,2022,915,0.514754,1
pitcher,22899,2023,1717,0.520676,1
pitcher,22899,2024,2099,0.504526,1
pitcher,22899,2025,3196,0.492491,1
pitcher,22901,2023,31,0.645161,1
pitcher,22901,2024,170,0.552941,0
pitcher,22901,2025,697,0.450502,0
pitcher,22904,2022,103,0.495146,1
pitcher,22904,2023,179,0.620112,1
pitcher,22904,2024,237,0.599156,1
pitcher,22905,2020,637,0.541601,0
pitcher,22905,2021,1439,0.539263,1
pitcher,22905,2022,1770,0.537288,0
pitcher,22905,2025,1865,0.531903,0
pitcher,22908,2020,2201,0.5811,1
pitcher,22908,2021,4565,0.538445,0
pitcher,22908,2022,7001,0.551064,0
pitcher,22908,2023,8825,0.551728,1
pitcher,22908,2024,11156,0.536841,0
pitcher,22911,2020,868,0.581797,1
pitcher,22915,2020,162,0.537037,1
pitcher,22922,2020,151,0.516556,1
pitcher,22922,2021,902,0.486696,1
pitcher,22922,2022,1393,0.456569,1
pitcher,22922,2023,1588,0.449622,1
pitcher,22922,2024,1651,0.442156,1
pitcher,22923,2020,185,0.481081,1
pitcher,22923,2021,298,0.533557,1
pitcher,22925,2020,348,0.522989,1
pitcher,22925,2021,548,0.512774,0
pitcher,22925,2022,1315,0.520152,1
pitcher,22925,2023,1466,0.526603,0
pitcher,22925,2024,1791,0.516471,1
pitcher,22926,2020,160,0.65,0
pitcher,22926,2021,284,0.573944,1
pitcher,22926,2022,446,0.565022,1
pitcher,22932,2021,292,0.523973,1
pitcher,22932,2022,694,0.537464,1
pitcher,22932,2023,956,0.540795,0
pitcher,22933,2020,62,0.774194,0
pitcher,22933,2021,376,0.577128,1
pitcher,22933,2022,579,0.531952,0
pitcher,22933,2023,807,0.516729,1
pitcher,22933,2024,818,0.520782,1
pitcher,22960,2021,97,0.515464,0
pitcher,22960,2022,176,0.573864,1
pitcher,22964,2020,268,0.645522,1
pitcher,22964,2022,366,0.677596,1
pitcher,22964,2023,899,0.561735,1
pitcher,22964,2024,1144,0.549825,0
pitcher,22978,2020,630,0.585714,1
pitcher,22985,2023,21,0.714286,0
pitcher,22996,2020,939,0.586794,1
pitcher,22996,2021,1846,0.578548,1
pitcher,22996,2022,2663,0.565152,1
pitcher,22996,2023,3007,0.569338,1
pitcher,22996,2024,3773,0.560827,0
pitcher,22996,2025,3777,0.561027,0
pitcher,23003,2020,50,0.6,1
pitcher,23005,2020,303,0.50495,1
pitcher,23005,2023,463,0.507559,0
pitcher,23005,2024,790,0.497468,1
pitcher,23005,2025,1138,0.472759,1
pitcher,23023,2020,218,0.56422,1
pitcher,23024,2020,35,0.657143,1
pitcher,23024,2022,54,0.666667,0
pitcher,23024,2023,317,0.492114,1
pitcher,23030,2020,802,0.491272,0
pitcher,23030,2023,1478,0.464141,1
pitcher,23030,2024,1652,0.46368,1
pitcher,23035,2020,1779,0.48679,0
pitcher,23035,2021,3157,0.489705,0
pitcher,23035,2023,4913,0.487889,0
pitcher,23035,2024,5758,0.485585,1
pitcher,23041,2020,16,0.875,1
pitcher,23043,2021,54,0.592593,1
pitcher,23043,2022,861,0.533101,1
pitcher,23043,2023,1758,0.505688,1
pitcher,23043,2024,2841,0.479409,1
pitcher,23043,2025,3601,0.481811,1
pitcher,23047,2020,1027,0.533593,0
pitcher,23047,2021,1844,0.509219,1
pitcher,23047,2022,1902,0.511041,1
pitcher,23047,2024,1943,0.510036,1
pitcher,23047,2025,2331,0.507937,1
pitcher,23053,2020,11,0.909091,1
pitcher,23053,2023,429,0.657343,1
pitcher,23054,2020,171,0.590643,0
pitcher,23054,2022,364,0.538462,1
pitcher,23054,2023,434,0.525346,0
pitcher,23054,2024,467,0.522484,1
pitcher,23054,2025,492,0.528455,0
pitcher,23082,2020,11,0.636364,1
pitcher,23082,2021,243,0.588477,1
pitcher,23090,2020,934,0.56424,0
pitcher,23091,2020,30,0.566667,0
pitcher,23092,2021,954,0.48218,0
pitcher,23092,2022,1627,0.506454,1
pitcher,23092,2023,2259,0.50332,1
pitcher,23092,2024,2294,0.50218,0
pitcher,23092,2025,3063,0.488737,0
pitcher,23094,2020,251,0.454183,1
pitcher,23094,2021,1279,0.533229,1
pitcher,23094,2022,1323,0.540438,1
pitcher,23094,2023,1338,0.543348,1
pitcher,23094,2024,1412,0.536827,0
pitcher,23097,2022,142,0.43662,0
pitcher,23097,2023,194,0.402062,0
pitcher,23097,2024,241,0.390041,0
pitcher,23101,2020,38,0.736842,0
pitcher,23101,2021,322,0.524845,1
pitcher,23101,2022,856,0.457944,1
pitcher,23101,2023,1303,0.487337,1
pitcher,23101,2024,1411,0.490432,0
pitcher,23105,2021,2240,0.502232,0
pitcher,23105,2022,2646,0.518896,1
pitcher,23105,2023,2858,0.522743,1
pitcher,23105,2024,3605,0.513176,1
pitcher,23105,2025,4122,0.505822,1
pitcher,23107,2020,35,0.685714,1
pitcher,23110,2020,683,0.494876,0
pitcher,23110,2021,1172,0.503413,0
pitcher,23110,2022,1253,0.50838,1
pitcher,23112,2020,437,0.636156,1
pitcher,23112,2021,1869,0.585875,0
pitcher,23112,2022,3054,0.576948,1
pitcher,23112,2023,3112,0.580656,0
pitcher,23112,2024,3754,0.564198,1
pitcher,23112,2025,4390,0.555125,1
pitcher,23115,2020,41,0.487805,1
pitcher,23115,2022,91,0.538462,0
pitcher,23116,2022,9,0.666667,1
pitcher,23117,2020,38,0.763158,1
pitcher,23122,2020,169,0.591716,1
pitcher,23122,2021,343,0.54519,1
pitcher,23122,2022,462,0.575758,1
pitcher,23137,2020,106,0.764151,1
pitcher,23137,2021,777,0.56242,1
pitcher,23137,2022,1013,0.557749,1
pitcher,23139,2020,44,0.727273,1
pitcher,23139,2021,195,0.569231,0
pitcher,23139,2022,271,0.583026,1
pitcher,23145,2020,86,0.790698,1
pitcher,23145,2021,139,0.683453,0
pitcher,23145,2022,320,0.7,1
pitcher,23145,2025,550,0.592727,0
pitcher,23148,2021,17,0.764706,1
pitcher,23150,2020,220,0.590909,0
pitcher,23150,2021,253,0.620553,0
pitcher,23151,2020,231,0.606061,1
pitcher,23151,2023,310,0.574194,1
pitcher,23151,2024,524,0.507634,1
pitcher,23154,2020,60,0.566667,1
pitcher,23154,2021,272,0.544118,1
pitcher,23154,2023,565,0.538053,1
pitcher,23154,2024,724,0.519337,0
pitcher,23157,2020,39,0.692308,1
pitcher,23157,2021,52,0.615385,0
pitcher,23157,2024,344,0.444767,0
pitcher,23157,2025,516,0.472868,1
pitcher,23158,2020,125,0.648,0
pitcher,23158,2023,181,0.662983,1
pitcher,23158,2024,191,0.643979,1
pitcher,23158,2025,356,0.530899,0
pitcher,23175,2020,213,0.652582,1
pitcher,23175,2021,297,0.636364,0
pitcher,23177,2022,102,0.754902,1
pitcher,23177,2024,349,0.573066,1
pitcher,23182,2021,194,0.438144,0
pitcher,23182,2022,213,0.469484,1
pitcher,23182,2023,271,0.523985,0
pitcher,23190,2020,121,0.694215,1
pitcher,23190,2021,182,0.664835,1
pitcher,23190,2022,472,0.542373,0
pitcher,23190,2023,1025,0.498537,0
pitcher,23190,2024,1759,0.479818,0
pitcher,23190,2025,1981,0.484604,0
pitcher,23194,2020,25,0.72,1
pitcher,23194,2023,50,0.7,1
pitcher,23204,2020,277,0.559567,1
pitcher,23204,2021,632,0.531646,0
pitcher,23204,2022,1250,0.5048,0
pitcher,23206,2020,1532,0.518277,1
pitcher,23206,2021,2720,0.519118,1
pitcher,23206,2023,2787,0.524937,1
pitcher,23206,2024,3985,0.516437,0
pitcher,23206,2025,4863,0.512441,1
pitcher,23225,2020,1125,0.447111,1
pitcher,23225,2021,1855,0.447978,0
pitcher,23225,2022,2777,0.449766,1
pitcher,23225,2023,3747,0.452629,0
pitcher,23225,2024,4613,0.467808,1
pitcher,23229,2022,1202,0.633111,1
pitcher,23229,2023,1443,0.604297,1
pitcher,23229,2024,2642,0.557154,0
pitcher,23229,2025,5174,0.549285,1
pitcher,23231,2020,796,0.682161,1
pitcher,23231,2021,1552,0.62951,1
pitcher,23231,2022,2307,0.642826,1
pitcher,23231,2023,2830,0.650177,1
pitcher,23231,2024,3398,0.628899,0
pitcher,23231,2025,3863,0.603158,0
pitcher,23232,2021,329,0.56535,1
pitcher,23232,2022,565,0.59115,1
pitcher,23232,2023,826,0.625908,1
pitcher,23232,2024,1260,0.538889,0
pitcher,23232,2025,1275,0.536471,1
pitcher,23235,2021,328,0.625,1
pitcher,23235,2022,1420,0.592254,0
pitcher,23235,2023,2694,0.596882,1
pitcher,23235,2024,4139,0.584682,0
pitcher,23235,2025,4831,0.57545,1
pitcher,23236,2021,226,0.557522,1
pitcher,23236,2022,330,0.59697,1
pitcher,23238,2020,842,0.522565,0
pitcher,23238,2021,2072,0.536197,0
pitcher,23238,2022,2417,0.528341,1
pitcher,23238,2023,2626,0.522087,1
pitcher,23238,2024,3549,0.518456,0
pitcher,23238,2025,4376,0.511426,0
pitcher,23240,2021,110,0.6,0
pitcher,23240,2022,162,0.580247,1
pitcher,23257,2021,203,0.517241,1
pitcher,23257,2022,309,0.550162,1
pitcher,23257,2023,1070,0.523364,0
pitcher,23257,2024,1399,0.49178,1
pitcher,23257,2025,1451,0.493453,1
pitcher,23258,2020,56,0.732143,1
pitcher,23258,2021,104,0.596154,0
pitcher,23258,2022,269,0.420074,1
pitcher,23258,2023,312,0.448718,1
pitcher,23258,2024,649,0.473035,0
pitcher,23258,2025,853,0.459555,0
pitcher,23260,2020,79,0.632911,1
pitcher,23260,2021,328,0.509146,1
pitcher,23260,2022,566,0.503534,0
pitcher,23260,2025,670,0.471642,1
pitcher,23262,2021,20,0.5,1
pitcher,23267,2020,44,0.818182,1
pitcher,23284,2020,238,0.647059,0
pitcher,23284,2021,706,0.563739,1
pitcher,23284,2023,718,0.566852,1
pitcher,23284,2024,861,0.530778,0
pitcher,23284,2025,1242,0.495974,0
pitcher,23286,2022,53,0.716981,0
pitcher,23286,2023,162,0.691358,1
pitcher,23286,2024,248,0.592742,1
pitcher,23288,2020,202,0.683168,1
pitcher,23288,2021,1242,0.58132,0
pitcher,23288,2022,2312,0.564014,0
pitcher,23288,2023,3355,0.550522,0
pitcher,23288,2024,4317,0.550614,1
pitcher,23288,2025,4741,0.55115,1
pitcher,23289,2020,523,0.562141,1
pitcher,23289,2021,1218,0.535304,0
pitcher,23289,2023,1713,0.548745,1
pitcher,23289,2024,1747,0.548369,0
pitcher,23293,2020,381,0.632546,1
pitcher,23293,2021,765,0.572549,1
pitcher,23293,2022,2026,0.554788,0
pitcher,23293,2023,2057,0.559553,1
pitcher,23294,2020,78,0.589744,0
pitcher,23294,2023,462,0.471861,1
pitcher,23294,2024,481,0.469854,0
pitcher,23294,2025,648,0.453704,1
pitcher,23302,2020,317,0.514196,1
pitcher,23302,2023,412,0.553398,0
pitcher,23302,2025,476,0.548319,0
pitcher,23305,2023,83,0.578313,1
pitcher,23306,2020,1142,0.577933,0
pitcher,23306,2021,2973,0.566768,1
pitcher,23306,2022,4041,0.552091,1
pitcher,23306,2023,4888,0.54644,1
pitcher,23306,2024,5227,0.542759,1
pitcher,23306,2025,6216,0.533784,1
pitcher,23307,2020,1978,0.526289,0
pitcher,23307,2021,3919,0.51161,1
pitcher,23307,2022,4774,0.499162,0
pitcher,23307,2023,5594,0.488738,0
pitcher,23307,2024,5690,0.487873,1
pitcher,23312,2020,820,0.57561,1
pitcher,23312,2021,1306,0.553599,1
pitcher,23312,2022,2221,0.543449,1
pitcher,23312,2025,2956,0.533153,0
pitcher,23314,2020,328,0.606707,0
pitcher,23314,2021,734,0.514986,1
pitcher,23314,2022,817,0.52142,1
pitcher,23314,2024,895,0.510615,1
pitcher,23324,2022,65,0.738462,1
pitcher,23331,2021,125,0.44,1
pitcher,23331,2022,273,0.575092,1
pitcher,23331,2023,365,0.591781,1
pitcher,23331,2024,408,0.57598,1
pitcher,23332,2020,617,0.541329,1
pitcher,23334,2020,513,0.549708,1
pitcher,23334,2021,1462,0.540356,0
pitcher,23334,2022,1771,0.532468,1
pitcher,23336,2021,222,0.567568,1
pitcher,23336,2022,448,0.544643,1
pitcher,23336,2023,588,0.593537,1
pitcher,23342,2020,12,0.666667,1
pitcher,23342,2021,239,0.531381,1
pitcher,23342,2022,324,0.564815,1
pitcher,23343,2020,20,0.2,0
pitcher,23343,2022,80,0.4625,1
pitcher,23343,2025,209,0.45933,0
pitcher,23347,2022,860,0.52093,1
pitcher,23347,2023,2821,0.549096,0
pitcher,23347,2024,5029,0.542653,1
pitcher,23347,2025,6520,0.523773,0
pitcher,23348,2023,3,0.333333,1
pitcher,23349,2022,16,0.6875,1
pitcher,23352,2021,15,0.6,1
pitcher,23360,2020,13,0.538462,1
pitcher,23360,2021,33,0.666667,1
pitcher,23360,2023,214,0.588785,1
pitcher,23361,2020,313,0.543131,1
pitcher,23361,2024,425,0.548235,0
pitcher,23362,2020,325,0.556923,1
pitcher,23362,2021,931,0.53276,0
pitcher,23363,2020,1203,0.541147,0
pitcher,23363,2021,1984,0.52369,0
pitcher,23363,2022,2907,0.500516,1
pitcher,23363,2024,3239,0.497993,1
pitcher,23363,2025,3923,0.486108,0
pitcher,23366,2022,39,0.487179,0
pitcher,23366,2023,182,0.489011,1
pitcher,23366,2024,209,0.497608,1
pitcher,23369,2020,8,0.625,1
pitcher,23369,2022,437,0.508009,1
pitcher,23369,2023,1152,0.467014,1
pitcher,23369,2024,1374,0.454876,0
pitcher,23369,2025,1842,0.464712,0
pitcher,23383,2020,236,0.542373,1
pitcher,23383,2021,275,0.541818,1
pitcher,23383,2022,564,0.567376,0
pitcher,23383,2023,718,0.576602,1
pitcher,23383,2025,732,0.572404,1
pitcher,23384,2020,158,0.462025,1
pitcher,23385,2020,176,0.715909,1
pitcher,23385,2021,673,0.518574,1
pitcher,23385,2022,740,0.531081,1
pitcher,23411,2020,2520,0.564286,0
pitcher,23411,2021,4363,0.545038,0
pitcher,23411,2022,5305,0.551555,1
pitcher,23414,2020,998,0.53507,1
pitcher,23414,2021,1979,0.534613,1
pitcher,23414,2023,2196,0.528233,1
pitcher,23414,2024,3299,0.509245,1
pitcher,23414,2025,4433,0.503045,1
pitcher,23415,2020,2981,0.627642,0
pitcher,23418,2022,673,0.619614,1
pitcher,23418,2023,1386,0.634921,1
pitcher,23418,2024,2114,0.610218,1
pitcher,23418,2025,2946,0.584861,1
pitcher,23421,2020,569,0.671353,0
pitcher,23421,2023,2196,0.693078,1
pitcher,23421,2024,3141,0.633875,0
pitcher,23421,2025,4463,0.599149,1
pitcher,23422,2020,2745,0.482332,0
pitcher,23422,2021,5075,0.462069,0
pitcher,23423,2020,327,0.642202,0
pitcher,23423,2023,511,0.681018,1
pitcher,23424,2020,28,0.642857,1
pitcher,23424,2023,747,0.685408,1
pitcher,23424,2024,1253,0.60016,1
pitcher,23424,2025,2828,0.499293,1
pitcher,23426,2020,586,0.680887,1
pitcher,23426,2021,1288,0.579969,1
pitcher,23426,2022,1949,0.597742,0
pitcher,23426,2023,2437,0.625359,0
pitcher,23426,2024,2924,0.600889,1
pitcher,23426,2025,3570,0.583473,0
pitcher,23428,2020,130,0.607692,0
pitcher,23428,2023,475,0.673684,1
pitcher,23428,2024,487,0.671458,1
pitcher,23429,2020,649,0.645609,0
pitcher,23429,2023,990,0.685859,1
pitcher,23429,2024,1504,0.608378,1
pitcher,23429,2025,2234,0.562668,1
pitcher,23431,2020,38,0.5,1
pitcher,23437,2020,472,0.493644,1
pitcher,23437,2021,859,0.467986,1
pitcher,23437,2022,1791,0.477387,1
pitcher,23437,2023,2631,0.486127,0
pitcher,23437,2024,3486,0.471027,1
pitcher,23437,2025,4831,0.457048,1
pitcher,23439,2020,571,0.58669,1
pitcher,23439,2021,1479,0.579446,1
pitcher,23439,2022,2366,0.586221,1
pitcher,23439,2023,3071,0.582546,1
pitcher,23439,2024,4032,0.570933,1
pitcher,23439,2025,4274,0.564109,0
pitcher,23440,2020,1481,0.571236,1
pitcher,23440,2021,2095,0.543675,1
pitcher,23440,2022,3962,0.547451,1
pitcher,23440,2023,6965,0.535822,1
pitcher,23440,2024,9307,0.524766,1
pitcher,23444,2022,21,0.571429,0
pitcher,23446,2020,95,0.684211,1
pitcher,23446,2021,122,0.647541,1
pitcher,23447,2020,62,0.66129,1
pitcher,23449,2020,12,0.75,1
pitcher,23449,2021,28,0.642857,0
pitcher,23455,2020,825,0.512727,1
pitcher,23455,2022,1049,0.491897,0
pitcher,23455,2023,1138,0.48594,0
pitcher,23455,2024,1533,0.464449,0
pitcher,23458,2020,143,0.594406,1
pitcher,23458,2021,794,0.557935,0
pitcher,23458,2022,1845,0.512737,1
pitcher,23458,2023,1879,0.516232,0
pitcher,23459,2022,801,0.543071,1
pitcher,23459,2023,1688,0.534953,1
pitcher,23459,2024,2249,0.530458,1
pitcher,23459,2025,2341,0.528407,0
pitcher,23461,2022,180,0.572222,1
pitcher,23461,2023,262,0.641221,1
pitcher,23461,2024,341,0.59824,0
pitcher,23462,2020,160,0.575,1
pitcher,23462,2022,298,0.647651,1
pitcher,23462,2023,920,0.547826,1
pitcher,23462,2024,1166,0.552316,1
pitcher,23462,2025,1745,0.523209,0
pitcher,23475,2020,64,0.59375,1
pitcher,23475,2023,180,0.494444,1
pitcher,23475,2024,726,0.454545,0
pitcher,23475,2025,1205,0.456432,0
pitcher,23476,2020,13,0.538462,0
pitcher,23478,2020,2328,0.514175,1
pitcher,23478,2021,3100,0.500645,0
pitcher,23478,2022,3142,0.502546,1
pitcher,23478,2023,3247,0.498922,1
pitcher,23478,2024,3820,0.485602,0
pitcher,23478,2025,5025,0.480597,0
pitcher,23479,2024,73,0.575342,0
pitcher,23479,2025,140,0.5,0
pitcher,23484,2022,46,0.543478,1
pitcher,23484,2023,236,0.559322,1
pitcher,23484,2024,403,0.488834,0
pitcher,23484,2025,1474,0.436228,1
pitcher,23485,2023,44,0.704545,1
pitcher,23487,2025,247,0.360324,0
pitcher,23488,2023,29,0.37931,1
pitcher,23488,2024,56,0.410714,1
pitcher,23488,2025,107,0.439252,0
pitcher,23491,2020,84,0.678571,0
pitcher,23496,2020,920,0.586957,1
pitcher,23496,2021,1836,0.549564,1
pitcher,23496,2022,2268,0.551587,1
pitcher,23496,2023,2678,0.550784,1
pitcher,23496,2024,2703,0.550499,0
pitcher,23497,2020,108,0.62963,1
pitcher,23497,2021,125,0.592,0
pitcher,23498,2020,671,0.505216,0
pitcher,23498,2021,695,0.503597,0
pitcher,23498,2022,996,0.497992,1
pitcher,23499,2020,236,0.576271,1
pitcher,23499,2021,304,0.565789,0
pitcher,23499,2022,363,0.575758,1
pitcher,23500,2020,166,0.825301,1
pitcher,23500,2022,1157,0.591184,0
pitcher,23500,2023,1511,0.583719,0
pitcher,23500,2024,2052,0.562865,1
pitcher,23501,2020,981,0.504587,0
pitcher,23501,2022,992,0.507056,1
pitcher,23501,2023,1652,0.508475,1
pitcher,23501,2024,2532,0.500395,0
pitcher,23502,2020,52,0.653846,1
pitcher,23504,2022,1414,0.516266,1
pitcher,23504,2023,2292,0.535777,1
pitcher,23504,2024,2699,0.538718,1
pitcher,23504,2025,2981,0.537068,1
pitcher,23512,2020,211,0.668246,1
pitcher,23512,2021,771,0.575875,1
pitcher,23512,2022,1059,0.577904,0
pitcher,23512,2023,1466,0.565484,1
pitcher,23512,2024,2102,0.547098,1
pitcher,23512,2025,2139,0.544647,0
pitcher,23513,2021,104,0.586538,1
pitcher,23513,2022,387,0.514212,0
pitcher,23513,2023,790,0.517722,1
pitcher,23513,2024,1339,0.480956,0
pitcher,23514,2023,35,0.771429,1
pitcher,23514,2024,51,0.647059,1
pitcher,23514,2025,74,0.567568,0
pitcher,23515,2020,276,0.528986,1
pitcher,23515,2021,1282,0.471919,1
pitcher,23515,2022,1681,0.472338,1
pitcher,23515,2023,2359,0.460788,1
pitcher,23515,2025,2464,0.463474,1
pitcher,23516,2020,150,0.76,1
pitcher,23518,2020,1890,0.595767,1
pitcher,23518,2021,4406,0.601906,1
pitcher,23518,2022,6560,0.589787,1
pitcher,23518,2024,7727,0.589362,0
pitcher,23518,2025,8086,0.585456,1
pitcher,23519,2020,73,0.630137,1
pitcher,23519,2021,108,0.657407,1
pitcher,23520,2024,29,0.344828,1
pitcher,23532,2020,126,0.603175,1
pitcher,23532,2021,151,0.602649,1
pitcher,23532,2022,196,0.627551,1
pitcher,23532,2023,294,0.666667,1
pitcher,23532,2024,577,0.596187,0
pitcher,23532,2025,621,0.5781,1
pitcher,23534,2020,2537,0.582578,1
pitcher,23535,2022,14,0.857143,1
pitcher,23535,2023,118,0.627119,1
pitcher,23535,2024,252,0.531746,0
pitcher,23535,2025,393,0.463104,0
pitcher,23536,2020,415,0.575904,1
pitcher,23536,2021,1573,0.554355,1
pitcher,23536,2022,2429,0.51338,1
pitcher,23536,2023,3034,0.511206,1
pitcher,23536,2024,3163,0.511224,1
pitcher,23537,2020,78,0.717949,1
pitcher,23537,2023,97,0.690722,1
pitcher,23538,2022,62,0.693548,0
pitcher,23538,2023,90,0.633333,1
pitcher,23538,2024,264,0.44697,0
pitcher,23540,2021,155,0.709677,1
pitcher,23540,2022,1892,0.542283,1
pitcher,23540,2023,3003,0.528472,1
pitcher,23540,2024,4028,0.53426,1
pitcher,23540,2025,4845,0.528173,1
pitcher,23542,2021,37,0.513514,0
pitcher,23542,2022,342,0.652047,1
pitcher,23542,2023,1009,0.5778,1
pitcher,23542,2024,1399,0.562545,1
pitcher,23542,2025,1710,0.552047,1
pitcher,23554,2020,61,0.704918,0
pitcher,23554,2021,624,0.511218,0
pitcher,23554,2022,1727,0.499131,1
pitcher,23554,2024,1783,0.49972,1
pitcher,23554,2025,1993,0.500753,1
pitcher,23555,2022,1939,0.450232,1
pitcher,23555,2023,4504,0.477131,0
pitcher,23555,2024,6733,0.471558,1
pitcher,23555,2025,9625,0.461403,1
pitcher,23556,2020,382,0.667539,1
pitcher,23556,2021,492,0.626016,0
pitcher,23557,2020,2074,0.566056,0
pitcher,23558,2020,88,0.761364,1
pitcher,23558,2023,1250,0.4952,0
pitcher,23558,2024,2504,0.482428,1
pitcher,23558,2025,3224,0.477667,0
pitcher,23560,2022,246,0.487805,1
pitcher,23560,2024,307,0.465798,1
pitcher,23560,2025,528,0.464015,0
pitcher,23561,2020,984,0.574187,1
pitcher,23561,2021,3132,0.573436,0
pitcher,23561,2022,5809,0.575142,1
pitcher,23561,2023,8564,0.580453,1
pitcher,23561,2024,10401,0.583117,1
pitcher,23561,2025,12330,0.572263,0
pitcher,23564,2020,88,0.784091,1
pitcher,23564,2023,259,0.706564,1
pitcher,23564,2024,478,0.594142,0
pitcher,23564,2025,773,0.505821,1
pitcher,23565,2020,210,0.652381,1
pitcher,23565,2021,1255,0.551394,0
pitcher,23565,2022,2264,0.521643,1
pitcher,23565,2023,2438,0.531583,0
pitcher,23565,2024,2700,0.518519,1
pitcher,23565,2025,3209,0.500467,1
pitcher,23567,2020,47,0.595745,1
pitcher,23567,2021,119,0.613445,0
pitcher,23567,2022,381,0.527559,1
pitcher,23567,2023,575,0.526957,1
pitcher,23567,2024,617,0.533225,1
pitcher,23567,2025,664,0.525602,0
pitcher,23568,2020,790,0.539241,1
pitcher,23568,2021,1405,0.54306,1
pitcher,23568,2022,1495,0.531773,0
pitcher,23568,2024,1525,0.530492,0
pitcher,23574,2020,62,0.612903,0
pitcher,23574,2021,921,0.507058,1
pitcher,23574,2022,934,0.509636,1
pitcher,23575,2020,52,0.711538,1
pitcher,23589,2020,165,0.757576,1
pitcher,23589,2023,1614,0.550186,0
pitcher,23589,2024,2612,0.527182,1
pitcher,23589,2025,4499,0.512336,1
pitcher,23590,2020,1112,0.496403,0
pitcher,23590,2021,2289,0.491044,1
pitcher,23590,2022,3377,0.476458,0
pitcher,23590,2023,4362,0.48762,0
pitcher,23590,2024,5278,0.481811,1
pitcher,23590,2025,6012,0.478543,1
pitcher,23591,2020,13,0.923077,1
pitcher,23591,2022,45,0.733333,1
pitcher,23593,2020,70,0.714286,1
pitcher,23593,2021,861,0.565621,1
pitcher,23593,2022,3351,0.53387,0
pitcher,23593,2023,5361,0.524156,0
pitcher,23593,2024,7501,0.515131,0
pitcher,23593,2025,9504,0.514625,0
pitcher,23596,2020,208,0.557692,1
pitcher,23596,2021,296,0.564189,0
pitcher,23597,2020,127,0.503937,0
pitcher,23597,2021,293,0.511945,1
pitcher,23597,2022,1134,0.470018,0
pitcher,23597,2023,1935,0.455297,1
pitcher,23597,2024,2404,0.467138,1
pitcher,23597,2025,2968,0.471698,1
pitcher,23598,2020,60,0.866667,1
pitcher,23599,2021,70,0.542857,1
pitcher,23599,2022,199,0.572864,1
pitcher,23600,2021,92,0.608696,0
pitcher,23600,2022,163,0.662577,1
pitcher,23614,2020,760,0.584211,1
pitcher,23614,2021,1635,0.574924,1
pitcher,23614,2022,2166,0.54663,0
pitcher,23614,2023,2827,0.541917,1
pitcher,23614,2024,2874,0.539666,1
pitcher,23615,2020,17,0.764706,1
pitcher,23615,2021,39,0.615385,1
pitcher,23615,2024,55,0.563636,0
pitcher,23617,2020,167,0.60479,1
pitcher,23617,2021,234,0.602564,0
pitcher,23617,2022,300,0.593333,1
pitcher,23617,2023,1566,0.502554,0
pitcher,23617,2024,2281,0.490136,0
pitcher,23617,2025,2568,0.491433,0
pitcher,23618,2020,34,0.617647,1
pitcher,23618,2021,75,0.653333,0
pitcher,23624,2020,38,0.815789,1
pitcher,23624,2022,55,0.836364,1
pitcher,23627,2020,897,0.578595,1
pitcher,23627,2021,1180,0.578814,1
pitcher,23627,2022,1448,0.565608,0
pitcher,23627,2023,1663,0.581479,1
pitcher,23627,2024,2329,0.570202,0
pitcher,23627,2025,2596,0.557396,1
pitcher,23628,2020,88,0.613636,0
pitcher,23628,2021,532,0.531955,0
pitcher,23628,2022,1050,0.530476,1
pitcher,23628,2023,1252,0.536741,0
pitcher,23630,2020,928,0.614224,1
pitcher,23630,2021,1720,0.598837,1
pitcher,23630,2022,1983,0.597579,1
pitcher,23630,2023,2695,0.598887,0
pitcher,23630,2024,3640,0.590385,0
pitcher,23630,2025,4728,0.574027,0
pitcher,23631,2020,2160,0.546759,1
pitcher,23631,2021,2901,0.551534,1
pitcher,23631,2022,3097,0.547627,0
pitcher,23632,2020,775,0.547097,1
pitcher,23632,2021,1568,0.533163,1
pitcher,23632,2022,2139,0.528752,0
pitcher,23632,2023,2552,0.532915,0
pitcher,23632,2024,2987,0.526615,1
pitcher,23632,2025,3075,0.522927,0
pitcher,23633,2020,2757,0.525571,1
pitcher,23633,2021,5427,0.515018,1
pitcher,23633,2022,8378,0.518023,0
pitcher,23633,2023,10893,0.515285,0
pitcher,23633,2024,13636,0.530581,1
pitcher,23633,2025,15449,0.537316,0
pitcher,23634,2021,748,0.589572,1
pitcher,23634,2022,1919,0.56592,1
pitcher,23634,2023,2898,0.543133,1
pitcher,23634,2024,4356,0.545225,1
pitcher,23636,2020,747,0.669344,0
pitcher,23636,2023,1221,0.698608,1
pitcher,23637,2020,994,0.470825,1
pitcher,23637,2021,2123,0.463024,1
pitcher,23637,2022,3176,0.467569,1
pitcher,23637,2023,4110,0.463504,1
pitcher,23637,2024,5075,0.489655,1
pitcher,23637,2025,5586,0.497852,0
pitcher,23638,2020,1027,0.648491,0
pitcher,23638,2021,2380,0.607983,1
pitcher,23638,2022,3850,0.591688,1
pitcher,23638,2024,4162,0.589861,0
pitcher,23638,2025,5020,0.572709,0
pitcher,23640,2020,45,0.622222,1
pitcher,23640,2021,765,0.50719,1
pitcher,23640,2022,903,0.520487,0
pitcher,23640,2023,930,0.526882,1
pitcher,23640,2025,993,0.526687,1
pitcher,23642,2020,155,0.63871,0
pitcher,23642,2023,1777,0.677546,1
pitcher,23642,2024,3235,0.608346,1
pitcher,23642,2025,4238,0.587305,0
pitcher,23643,2020,509,0.687623,1
pitcher,23643,2021,730,0.631507,0
pitcher,23643,2022,1104,0.669384,1
pitcher,23643,2023,1733,0.71783,1
pitcher,23644,2020,127,0.582677,0
pitcher,23644,2021,831,0.531889,1
pitcher,23644,2022,2298,0.62228,1
pitcher,23644,2023,2993,0.599399,0
pitcher,23644,2024,3118,0.595253,1
pitcher,23644,2025,3399,0.586055,1
pitcher,23648,2020,16,0.5,1
pitcher,23648,2021,246,0.5,0
pitcher,23648,2022,877,0.531357,1
pitcher,23648,2023,892,0.538117,1
pitcher,23650,2020,1550,0.496129,1
pitcher,23650,2021,2551,0.505684,0
pitcher,23650,2022,2650,0.516604,1
pitcher,23650,2023,2868,0.517434,1
pitcher,23650,2024,3539,0.498728,0
pitcher,23650,2025,3925,0.491975,0
pitcher,23651,2020,2691,0.50353,1
pitcher,23652,2024,38,0.605263,1
pitcher,23652,2025,52,0.519231,0
pitcher,23653,2020,352,0.508523,1
pitcher,23653,2022,596,0.474832,1
pitcher,23653,2023,652,0.473926,0
pitcher,23653,2024,748,0.462567,0
pitcher,23653,2025,1201,0.428809,1
pitcher,23654,2020,502,0.557769,1
pitcher,23654,2021,1061,0.547597,0
pitcher,23654,2022,1080,0.550926,1
pitcher,23655,2020,2763,0.639884,1
pitcher,23659,2020,18,0.5,1
pitcher,23660,2023,39,0.615385,1
pitcher,23665,2020,931,0.502685,0
pitcher,23665,2021,1423,0.501757,0
pitcher,23665,2022,2087,0.498323,1
pitcher,23665,2023,2884,0.495492,0
pitcher,23665,2024,3504,0.489441,1
pitcher,23665,2025,4126,0.478187,0
pitcher,23667,2025,12,0.666667,1
pitcher,23670,2022,27,0.555556,0
pitcher,23672,2020,1770,0.549153,0
pitcher,23672,2021,3620,0.534254,0
pitcher,23672,2022,4634,0.519206,0
pitcher,23672,2023,5674,0.518682,0
pitcher,23673,2020,1059,0.548631,0
pitcher,23676,2020,67,0.537313,1
pitcher,23676,2024,224,0.526786,1
pitcher,23676,2025,1026,0.471735,1
pitcher,23680,2021,29,0.655172,0
pitcher,23680,2022,111,0.747748,1
pitcher,23680,2024,168,0.678571,0
pitcher,23682,2020,23,0.652174,1
pitcher,23684,2020,166,0.572289,1
pitcher,23684,2021,788,0.477157,0
pitcher,23684,2022,1678,0.480334,1
pitcher,23684,2023,1764,0.490363,1
pitcher,23684,2024,1892,0.492072,0
pitcher,23684,2025,2081,0.485824,0
pitcher,23689,2020,486,0.557613,0
pitcher,23689,2021,873,0.555556,0
pitcher,23689,2022,945,0.568254,0
pitcher,23690,2020,344,0.622093,0
pitcher,23690,2021,360,0.616667,1
pitcher,23693,2021,20,0.55,0
pitcher,23694,2020,3141,0.598854,1
pitcher,23694,2021,5883,0.588305,0
pitcher,23695,2020,890,0.597753,1
pitcher,23695,2021,2185,0.548284,1
pitcher,23695,2022,2777,0.533309,1
pitcher,23695,2023,3053,0.530626,0
pitcher,23695,2025,4383,0.511294,0
pitcher,23696,2020,2842,0.59817,1
pitcher,23696,2021,4252,0.59666,1
pitcher,23697,2020,802,0.507481,1
pitcher,23697,2022,875,0.530286,1
pitcher,23697,2023,1608,0.499378,1
pitcher,23697,2024,1806,0.492248,1
pitcher,23699,2023,131,0.70229,1
pitcher,23699,2024,266,0.530075,1
pitcher,23699,2025,354,0.533898,0
pitcher,23703,2021,371,0.584906,1
pitcher,23703,2022,826,0.539952,0
pitcher,23708,2020,49,0.734694,1
pitcher,23713,2020,2075,0.512771,0
pitcher,23714,2020,130,0.784615,1
pitcher,23717,2020,1574,0.526048,1
pitcher,23719,2020,1899,0.63981,1
pitcher,23719,2021,4271,0.618825,0
pitcher,23719,2022,6891,0.607314,1
pitcher,23719,2023,9560,0.603975,1
pitcher,23719,2024,12081,0.596639,0
pitcher,23719,2025,14774,0.589414,1
pitcher,23721,2021,16,0.75,1
pitcher,23721,2022,42,0.5,0
pitcher,23721,2024,62,0.435484,1
pitcher,23727,2020,64,0.640625,1
pitcher,23727,2021,77,0.584416,0
pitcher,23727,2024,123,0.479675,1
pitcher,23727,2025,178,0.47191,1
pitcher,23729,2021,25,0.56,0
pitcher,23731,2020,21,0.666667,1
pitcher,23731,2021,44,0.568182,1
pitcher,23731,2022,183,0.530055,0
pitcher,23731,2023,985,0.473096,1
pitcher,23731,2024,1093,0.460201,1
pitcher,23731,2025,1232,0.452922,1
pitcher,23736,2020,78,0.653846,1
pitcher,23736,2023,522,0.591954,1
pitcher,23736,2024,534,0.593633,1
pitcher,23736,2025,783,0.526181,0
pitcher,23737,2020,23,0.695652,1
pitcher,23737,2021,176,0.471591,0
pitcher,23737,2022,567,0.532628,1
pitcher,23737,2025,1250,0.4936,1
pitcher,23738,2021,102,0.54902,1
pitcher,23738,2022,181,0.574586,1
pitcher,23738,2025,226,0.539823,1
pitcher,23740,2020,42,0.642857,1
pitcher,23740,2021,151,0.602649,0
pitcher,23743,2021,139,0.561151,0
pitcher,23743,2023,292,0.633562,1
pitcher,23743,2024,375,0.621333,0
pitcher,23743,2025,509,0.591356,1
pitcher,23745,2020,2761,0.568635,1
pitcher,23745,2021,5178,0.557358,1
pitcher,23745,2022,8018,0.555375,1
pitcher,23745,2023,10930,0.554346,1
pitcher,23745,2024,12030,0.545719,0
pitcher,23745,2025,12786,0.543407,1
pitcher,23747,2020,124,0.516129,1
pitcher,23747,2021,331,0.513595,1
pitcher,23747,2022,729,0.515775,1
pitcher,23747,2023,1074,0.520484,1
pitcher,23747,2024,1125,0.522667,0
pitcher,23747,2025,1211,0.521057,0
pitcher,23748,2020,225,0.617778,0
pitcher,23748,2021,898,0.547884,1
pitcher,23748,2022,1151,0.536056,1
pitcher,23748,2023,1854,0.549083,1
pitcher,23748,2024,1977,0.544765,1
pitcher,23748,2025,2111,0.541923,0
pitcher,23749,2020,188,0.606383,0
pitcher,23749,2021,988,0.515182,1
pitcher,23749,2022,1338,0.570254,1
pitcher,23749,2024,1439,0.569145,0
pitcher,23749,2025,2251,0.513994,0
pitcher,23751,2020,173,0.66474,1
pitcher,23751,2021,488,0.565574,0
pitcher,23751,2022,678,0.569322,1
pitcher,23751,2023,697,0.575323,1
pitcher,23751,2024,764,0.569372,1
pitcher,23751,2025,1958,0.496425,0
pitcher,23754,2020,78,0.692308,1
pitcher,23754,2021,308,0.63961,0
pitcher,23754,2022,326,0.650307,1
pitcher,23758,2020,2568,0.577882,1
pitcher,23759,2020,1024,0.550781,0
pitcher,23759,2021,1301,0.532667,1
pitcher,23759,2022,1701,0.511464,1
pitcher,23761,2020,423,0.489362,1
pitcher,23761,2021,1218,0.477011,0
pitcher,23761,2023,1224,0.477124,1
pitcher,23761,2024,1880,0.484574,1
pitcher,23761,2025,2164,0.48475,1
pitcher,23762,2021,290,0.510345,0
pitcher,23762,2022,350,0.545714,1
pitcher,23763,2021,25,0.44,0
pitcher,23764,2021,31,0.741935,0
pitcher,23764,2023,40,0.75,1
pitcher,23764,2024,89,0.516854,1
pitcher,23764,2025,224,0.540179,0
pitcher,23765,2020,103,0.640777,1
pitcher,23765,2021,130,0.607692,1
pitcher,23766,2020,1243,0.547868,1
pitcher,23767,2020,2699,0.615413,0
pitcher,23767,2021,5700,0.586316,1
pitcher,23767,2022,8669,0.565002,1
pitcher,23767,2023,11643,0.552607,0
pitcher,23769,2020,52,0.423077,1
pitcher,23769,2021,1593,0.482737,1
pitcher,23769,2022,3846,0.479199,0
pitcher,23769,2023,5893,0.477007,0
pitcher,23769,2024,7764,0.472952,0
pitcher,23769,2025,8458,0.471979,0
pitcher,23771,2020,22,0.681818,0
pitcher,23771,2022,60,0.733333,1
pitcher,23771,2023,241,0.564315,0
pitcher,23771,2024,591,0.514382,0
pitcher,23771,2025,1070,0.483178,1
pitcher,23772,2020,133,0.56391,1
pitcher,23772,2021,456,0.519737,1
pitcher,23772,2022,1174,0.511925,0
pitcher,23772,2024,1315,0.507224,1
pitcher,23772,2025,1483,0.510452,1
pitcher,23775,2023,84,0.559524,1
pitcher,23775,2024,130,0.546154,0
pitcher,23777,2022,21,0.619048,1
pitcher,23779,2020,63,0.650794,0
pitcher,23779,2022,155,0.509677,0
pitcher,23779,2023,185,0.518919,1
pitcher,23779,2024,207,0.512077,1
pitcher,23781,2020,2573,0.617956,1
pitcher,23781,2021,5717,0.61046,0
pitcher,23781,2024,8705,0.613441,1
pitcher,23781,2025,9748,0.61151,1
pitcher,23782,2020,2895,0.594473,1
pitcher,23782,2021,5413,0.575097,1
pitcher,23782,2022,7703,0.563027,1
pitcher,23782,2023,7870,0.562389,1
pitcher,23782,2024,9536,0.557676,1
pitcher,23782,2025,12392,0.550194,0
pitcher,23783,2020,96,0.40625,1
pitcher,23783,2024,269,0.516729,0
pitcher,23783,2025,331,0.489426,0
pitcher,23784,2020,1468,0.492507,1
pitcher,23784,2021,1982,0.499495,0
pitcher,23784,2022,2461,0.488419,0
pitcher,23785,2020,63,0.603175,1
pitcher,23786,2020,905,0.514917,1
pitcher,23786,2021,1247,0.506014,0
pitcher,23786,2022,1294,0.512365,1
pitcher,23786,2023,1356,0.519174,1
pitcher,23786,2024,2456,0.50855,0
pitcher,23786,2025,3261,0.49494,1
pitcher,23787,2020,179,0.703911,1
pitcher,23787,2021,359,0.587744,1
pitcher,23787,2022,552,0.559783,1
pitcher,23787,2024,1224,0.512255,1
pitcher,23787,2025,1861,0.494358,1
pitcher,23790,2020,56,0.571429,1
pitcher,23790,2021,106,0.54717,0
pitcher,23790,2024,752,0.587766,0
pitcher,23790,2025,935,0.583957,0
pitcher,23794,2023,46,0.652174,1
pitcher,23794,2025,58,0.568966,0
pitcher,23819,2025,291,0.426117,0
pitcher,23843,2020,1113,0.542677,1
pitcher,23848,2021,789,0.572877,1
pitcher,23848,2022,1794,0.574693,0
pitcher,23848,2023,2772,0.565296,1
pitcher,23848,2024,3799,0.561464,0
pitcher,23848,2025,4801,0.558425,0
pitcher,23849,2020,826,0.607748,1
pitcher,23849,2021,2812,0.583926,1
pitcher,23849,2022,3425,0.579562,0
pitcher,23850,2020,39,0.615385,1
pitcher,23850,2021,127,0.527559,1
pitcher,23850,2022,219,0.593607,0
pitcher,23852,2021,1771,0.460757,1
pitcher,23852,2022,3878,0.482723,0
pitcher,23852,2023,6217,0.476275,1
pitcher,23852,2024,7075,0.475053,0
pitcher,23853,2021,1441,0.486468,1
pitcher,23853,2022,2717,0.504233,0
pitcher,23853,2023,4578,0.486457,1
pitcher,23853,2024,5994,0.488822,1
pitcher,23853,2025,6263,0.489063,0
pitcher,23856,2021,36,0.555556,0
pitcher,23856,2022,324,0.641975,1
pitcher,23856,2025,355,0.628169,0
pitcher,23857,2021,550,0.567273,1
pitcher,23857,2023,896,0.602679,1
pitcher,23857,2024,2030,0.534483,1
pitcher,23857,2025,3135,0.516746,1
pitcher,23858,2021,59,0.576271,0
pitcher,23858,2022,218,0.655963,0
pitcher,23858,2025,720,0.486111,0
pitcher,23860,2021,866,0.617783,1
pitcher,23860,2023,926,0.63067,1
pitcher,23860,2024,1608,0.571517,1
pitcher,23860,2025,2172,0.535451,1
pitcher,23863,2021,372,0.580645,0
pitcher,23863,2022,661,0.626324,1
pitcher,23866,2024,107,0.224299,0
pitcher,23867,2024,63,0.349206,1
pitcher,23867,2025,262,0.465649,1
pitcher,23868,2021,67,0.522388,1
pitcher,23868,2022,139,0.618705,1
pitcher,23868,2024,195,0.589744,0
pitcher,23868,2025,368,0.505435,0
pitcher,23869,2021,49,0.571429,1
pitcher,23869,2023,1463,0.533835,0
pitcher,23869,2024,2160,0.518981,1
pitcher,23869,2025,2867,0.49843,0
pitcher,23870,2021,838,0.439141,1
pitcher,23870,2022,911,0.433589,1
pitcher,23870,2023,1986,0.451662,0
pitcher,23870,2024,2214,0.443541,0
pitcher,23870,2025,2379,0.441782,0
pitcher,23871,2021,569,0.574692,1
pitcher,23871,2022,1301,0.551115,0
pitcher,23871,2023,1491,0.555332,1
pitcher,23871,2024,1576,0.55203,1
pitcher,23871,2025,2496,0.514824,0
pitcher,23872,2022,78,0.628205,0
pitcher,23872,2023,205,0.536585,0
pitcher,23872,2025,279,0.494624,0
pitcher,23873,2021,22,0.772727,1
pitcher,23874,2021,24,0.458333,0
pitcher,23874,2022,78,0.653846,1
pitcher,23879,2021,96,0.677083,1
pitcher,23879,2022,139,0.597122,0
pitcher,23879,2023,212,0.641509,1
pitcher,23880,2021,2818,0.594748,1
pitcher,23880,2022,5843,0.581551,1
pitcher,23880,2023,8448,0.580137,0
pitcher,23880,2024,11432,0.573303,0
pitcher,23884,2023,107,0.672897,1
pitcher,23885,2021,29,0.551724,0
pitcher,23886,2021,53,0.433962,0
pitcher,23886,2022,61,0.47541,1
pitcher,23886,2025,140,0.442857,1
pitcher,23887,2021,39,0.461538,0
pitcher,23887,2022,120,0.5,1
pitcher,23893,2021,495,0.531313,0
pitcher,23893,2022,1259,0.515488,1
pitcher,23893,2023,2381,0.51323,0
pitcher,23893,2024,3222,0.517691,1
pitcher,23893,2025,3653,0.512729,1
pitcher,23895,2021,67,0.58209,1
pitcher,23895,2022,81,0.567901,0
pitcher,23895,2025,180,0.472222,1
pitcher,23897,2021,3156,0.545627,0
pitcher,23897,2022,6124,0.534944,1
pitcher,23897,2023,7166,0.526514,0
pitcher,23897,2024,8631,0.521261,0
pitcher,23898,2021,2201,0.565652,1
pitcher,23902,2021,643,0.486781,0
pitcher,23902,2022,853,0.518171,1
pitcher,23902,2023,972,0.52572,1
pitcher,23902,2024,1057,0.514664,1
pitcher,23902,2025,1882,0.469182,1
pitcher,23903,2021,419,0.536993,0
pitcher,23903,2022,2572,0.452955,0
pitcher,23903,2023,5103,0.455222,0
pitcher,23903,2024,7667,0.44372,0
pitcher,23903,2025,9875,0.43362,1
pitcher,23904,2021,182,0.521978,1
pitcher,23904,2022,258,0.569767,1
pitcher,23904,2023,374,0.540107,1
pitcher,23904,2024,415,0.513253,1
pitcher,23904,2025,737,0.464043,1
pitcher,23908,2022,47,0.659574,1
pitcher,23909,2021,140,0.514286,0
pitcher,23909,2022,404,0.621287,1
pitcher,23910,2021,98,0.591837,1
pitcher,23912,2021,21,0.52381,0
pitcher,23914,2021,2948,0.530529,0
pitcher,23915,2021,190,0.552632,1
pitcher,23915,2022,2541,0.567887,0
pitcher,23915,2023,2827,0.56491,1
pitcher,23916,2021,2808,0.525641,1
pitcher,23917,2021,2217,0.592242,1
pitcher,23917,2022,3436,0.587602,1
pitcher,23920,2022,54,0.740741,1
pitcher,23920,2025,83,0.674699,1
pitcher,23921,2024,55,0.436364,0
pitcher,23921,2025,106,0.433962,0
pitcher,23922,2022,28,0.857143,0
pitcher,23922,2023,52,0.75,1
pitcher,23922,2024,130,0.576923,0
pitcher,23923,2022,16,0.75,1
pitcher,23923,2023,90,0.544444,1
pitcher,23923,2025,179,0.497207,0
pitcher,23927,2022,308,0.561688,1
pitcher,23927,2023,357,0.602241,1
pitcher,23927,2025,402,0.589552,1
pitcher,23929,2021,680,0.525,1
pitcher,23929,2022,1774,0.546223,0
pitcher,23929,2023,2688,0.549851,1
pitcher,23929,2024,3485,0.55208,0
pitcher,23929,2025,4325,0.557225,1
pitcher,23930,2022,153,0.444444,1
pitcher,23930,2023,1767,0.485003,1
pitcher,23930,2024,2537,0.472211,1
pitcher,23930,2025,2684,0.473547,0
pitcher,23931,2021,45,0.511111,0
pitcher,23931,2022,153,0.633987,1
pitcher,23932,2021,35,0.542857,0
pitcher,23932,2022,94,0.691489,1
pitcher,23932,2023,603,0.605307,0
pitcher,23932,2024,1870,0.516578,1
pitcher,23932,2025,2477,0.510295,1
pitcher,23933,2021,182,0.538462,1
pitcher,23933,2023,216,0.560185,0
pitcher,23933,2024,239,0.539749,1
pitcher,23933,2025,377,0.533156,0
pitcher,23934,2021,162,0.537037,0
pitcher,23934,2022,238,0.592437,1
pitcher,23934,2025,360,0.55,0
pitcher,23935,2021,888,0.541667,0
pitcher,23935,2022,2047,0.53786,0
pitcher,23935,2023,2958,0.530426,1
pitcher,23935,2024,3743,0.52124,1
pitcher,23936,2021,69,0.478261,0
pitcher,23942,2021,320,0.503125,0
pitcher,23942,2022,555,0.569369,1
pitcher,23943,2021,65,0.707692,1
pitcher,23943,2023,88,0.681818,1
pitcher,23944,2021,1952,0.623975,1
pitcher,23947,2021,108,0.453704,0
pitcher,23947,2025,269,0.39777,1
pitcher,23950,2023,59,0.745763,0
pitcher,23951,2021,257,0.540856,1
pitcher,23951,2022,575,0.573913,0
pitcher,23951,2025,687,0.563319,1
pitcher,23952,2021,250,0.584,1
pitcher,23952,2022,336,0.583333,0
pitcher,23952,2025,390,0.55641,0
pitcher,23953,2021,305,0.488525,0
pitcher,23953,2022,778,0.502571,1
pitcher,23953,2023,965,0.492228,0
pitcher,23953,2025,1226,0.517129,1
pitcher,23954,2021,146,0.431507,1
pitcher,23954,2022,379,0.48285,0
pitcher,23954,2023,679,0.55081,1
pitcher,23955,2021,18,0.5,0
pitcher,23955,2022,70,0.628571,0
pitcher,23955,2024,220,0.509091,1
pitcher,23955,2025,466,0.48927,1
pitcher,23959,2021,57,0.491228,0
pitcher,23959,2024,169,0.431953,0
pitcher,23962,2021,2788,0.536585,1
pitcher,23963,2021,18,0.5,1
pitcher,23963,2022,389,0.526992,0
pitcher,23963,2023,1180,0.489831,0
pitcher,23963,2024,1396,0.494269,1
pitcher,23964,2022,25,0.64,1
pitcher,23964,2023,49,0.571429,0
pitcher,23964,2024,335,0.453731,0
pitcher,23966,2021,8,0.375,1
pitcher,23966,2022,142,0.528169,1
pitcher,23967,2021,49,0.55102,1
pitcher,23967,2025,59,0.542373,0
pitcher,23968,2022,296,0.459459,1
pitcher,23972,2022,35,0.685714,1
pitcher,23972,2025,867,0.429066,1
pitcher,23977,2021,133,0.511278,1
pitcher,23977,2022,256,0.519531,1
pitcher,23977,2023,452,0.610619,1
pitcher,23977,2024,851,0.561692,0
pitcher,23977,2025,1730,0.511561,1
pitcher,23979,2021,367,0.566757,1
pitcher,23979,2022,1698,0.534747,0
pitcher,23979,2023,2198,0.540946,1
pitcher,23979,2024,2993,0.531908,1
pitcher,23979,2025,3615,0.520609,0
pitcher,23982,2021,31,0.548387,1
pitcher,23982,2022,151,0.576159,0
pitcher,23982,2023,152,0.572368,1
pitcher,23982,2024,362,0.535912,1
pitcher,23982,2025,984,0.505081,0
pitcher,23983,2023,1,1.0,1
pitcher,23984,2021,127,0.535433,1
pitcher,23985,2021,162,0.493827,0
pitcher,23985,2022,307,0.540717,1
pitcher,23985,2023,415,0.575904,1
pitcher,23987,2021,3524,0.535471,0
pitcher,23987,2022,6929,0.535575,0
pitcher,23987,2023,9768,0.537162,1
pitcher,23988,2021,2171,0.510825,1
pitcher,23988,2022,4268,0.526242,1
pitcher,23988,2023,6767,0.522536,0
pitcher,23988,2024,6997,0.520795,0
pitcher,23988,2025,7138,0.520454,0
pitcher,23991,2021,108,0.444444,1
pitcher,23991,2022,343,0.472303,1
pitcher,23991,2023,615,0.471545,1
pitcher,23991,2024,632,0.474684,1
pitcher,23991,2025,683,0.477306,1
pitcher,24011,2022,237,0.751055,1
pitcher,24011,2024,246,0.739837,0
pitcher,24011,2025,1137,0.53562,1
pitcher,24012,2022,46,0.76087,1
pitcher,24012,2025,974,0.469199,0
pitcher,24013,2022,552,0.737319,1
pitcher,24013,2025,1802,0.562153,0
pitcher,24015,2023,17,0.529412,1
pitcher,24015,2025,27,0.62963,1
pitcher,24017,2024,302,0.384106,0
pitcher,24018,2022,643,0.760498,1
pitcher,24018,2023,1979,0.707428,0
pitcher,24018,2024,2264,0.687279,1
pitcher,24020,2022,229,0.716157,1
pitcher,24020,2023,906,0.653422,1
pitcher,24020,2024,2350,0.531064,1
pitcher,24020,2025,3125,0.50752,1
pitcher,24021,2022,1965,0.52112,0
pitcher,24026,2022,105,0.580952,1
pitcher,24026,2025,605,0.457851,1
pitcher,24027,2022,99,0.585859,1
pitcher,24027,2023,173,0.566474,1
pitcher,24028,2024,623,0.523274,0
pitcher,24028,2025,763,0.516383,1
pitcher,24036,2022,29,0.655172,1
pitcher,24038,2022,993,0.445116,0
pitcher,24038,2023,1981,0.444725,0
pitcher,24038,2024,2744,0.451895,1
pitcher,24038,2025,4374,0.464792,1
pitcher,24039,2022,174,0.477011,1
pitcher,24039,2023,204,0.45098,1
pitcher,24039,2024,291,0.457045,0
pitcher,24042,2022,382,0.507853,1
pitcher,24042,2023,419,0.527446,1
pitcher,24042,2025,588,0.493197,0
pitcher,24043,2022,2727,0.507151,0
pitcher,24044,2024,125,0.44,1
pitcher,24044,2025,699,0.506438,0
pitcher,24045,2025,120,0.358333,0
pitcher,24047,2022,191,0.497382,0
pitcher,24047,2024,312,0.503205,0
pitcher,24047,2025,471,0.490446,0
pitcher,24048,2022,31,0.483871,1
pitcher,24048,2025,74,0.445946,1
pitcher,24051,2022,427,0.496487,1
pitcher,24051,2023,731,0.556772,1
pitcher,24051,2024,741,0.558704,0
pitcher,24051,2025,751,0.559254,1
pitcher,24052,2022,214,0.588785,0
pitcher,24053,2022,2525,0.481584,0
pitcher,24053,2023,5294,0.496033,1
pitcher,24055,2022,260,0.619231,1
pitcher,24055,2023,429,0.666667,1
pitcher,24055,2024,517,0.649903,1
pitcher,24055,2025,1811,0.533959,1
pitcher,24056,2022,1256,0.542994,1
pitcher,24056,2023,2089,0.523696,0
pitcher,24056,2025,2501,0.521391,0
pitcher,24059,2022,197,0.558376,1
pitcher,24059,2023,600,0.55,0
pitcher,24059,2024,617,0.547812,0
pitcher,24063,2022,836,0.5,0
pitcher,24063,2023,1685,0.484273,1
pitcher,24063,2024,2491,0.473705,1
pitcher,24063,2025,4019,0.467529,1
pitcher,24064,2022,410,0.507317,0
pitcher,24064,2023,503,0.548708,1
pitcher,24064,2024,657,0.544901,1
pitcher,24064,2025,675,0.545185,0
pitcher,24065,2024,90,0.422222,1
pitcher,24065,2025,188,0.462766,0
pitcher,24069,2023,21,0.761905,1
pitcher,24069,2024,30,0.666667,0
pitcher,24069,2025,54,0.555556,1
pitcher,24073,2023,24,0.458333,1
pitcher,24076,2022,55,0.327273,0
pitcher,24076,2023,603,0.457711,1
pitcher,24076,2024,1946,0.447585,0
pitcher,24076,2025,2549,0.451942,0
pitcher,24078,2023,312,0.544872,0
pitcher,24078,2024,535,0.527103,0
pitcher,24078,2025,1350,0.441481,0
pitcher,24084,2023,48,0.729167,1
pitcher,24085,2022,2369,0.479105,0
pitcher,24085,2023,3136,0.478316,0
pitcher,24086,2022,524,0.427481,1
pitcher,24086,2023,932,0.462446,0
pitcher,24086,2024,2426,0.431987,1
pitcher,24088,2022,322,0.503106,1
pitcher,24088,2023,622,0.490354,0
pitcher,24088,2024,820,0.460976,0
pitcher,24088,2025,837,0.457587,0
pitcher,24089,2022,736,0.523098,1
pitcher,24089,2023,1164,0.519759,1
pitcher,24089,2024,1999,0.521261,0
pitcher,24094,2022,28,0.642857,1
pitcher,24094,2023,168,0.666667,1
pitcher,24094,2024,373,0.504021,0
pitcher,24097,2022,179,0.441341,1
pitcher,24099,2022,40,0.65,1
pitcher,24099,2023,574,0.569686,0
pitcher,24099,2024,1964,0.503055,1
pitcher,24099,2025,3047,0.49721,0
pitcher,24100,2022,406,0.497537,1
pitcher,24100,2023,2169,0.506224,1
pitcher,24100,2024,4022,0.502486,0
pitcher,24100,2025,4479,0.497432,1
pitcher,24102,2022,58,0.827586,0
pitcher,24102,2025,211,0.563981,0
pitcher,24104,2025,85,0.435294,0
pitcher,24105,2022,15,0.466667,1
pitcher,24105,2023,174,0.614943,1
pitcher,24107,2022,24,0.791667,1
pitcher,24107,2025,75,0.52,1
pitcher,24109,2022,2917,0.539938,1
pitcher,24109,2023,3092,0.534929,1
pitcher,24110,2022,2018,0.487116,0
pitcher,24112,2022,68,0.735294,0
pitcher,24112,2023,226,0.668142,0
pitcher,24112,2024,285,0.642105,0
pitcher,24113,2022,32,0.78125,1
pitcher,24113,2023,123,0.788618,0
pitcher,24113,2024,169,0.668639,0
pitcher,24113,2025,245,0.632653,0
pitcher,24115,2022,1642,0.485993,0
pitcher,24115,2023,4291,0.436728,1
pitcher,24115,2024,6837,0.416118,1
pitcher,24115,2025,7125,0.41586,0
pitcher,24116,2022,142,0.626761,1
pitcher,24116,2025,191,0.549738,0
pitcher,24117,2022,526,0.401141,1
pitcher,24117,2023,546,0.410256,0
pitcher,24118,2022,485,0.494845,1
pitcher,24118,2023,529,0.504726,1
pitcher,24126,2022,1976,0.59666,0
pitcher,24129,2022,1039,0.486044,1
pitcher,24129,2023,1368,0.47807,0
pitcher,24129,2024,2390,0.435983,1
pitcher,24129,2025,3551,0.432836,0
pitcher,24131,2022,80,0.7,1
pitcher,24131,2025,144,0.548611,0
pitcher,24133,2022,865,0.554913,1
pitcher,24133,2023,880,0.559091,0
pitcher,24133,2025,970,0.560825,1
pitcher,24135,2022,45,0.866667,1
pitcher,24135,2023,107,0.757009,1
pitcher,24136,2022,164,0.676829,1
pitcher,24136,2023,515,0.528155,1
pitcher,24136,2024,880,0.513636,0
pitcher,24136,2025,1959,0.49464,1
pitcher,24140,2022,2999,0.547182,1
pitcher,24140,2023,3329,0.548813,0
pitcher,24146,2022,1085,0.474654,1
pitcher,24147,2022,1285,0.533852,0
pitcher,24151,2022,660,0.487879,1
pitcher,24152,2023,767,0.666232,1
pitcher,24152,2024,1618,0.559333,1
pitcher,24153,2023,154,0.649351,1
pitcher,24153,2024,266,0.620301,0
pitcher,24154,2023,190,0.757895,1
pitcher,24156,2023,37,0.837838,0
pitcher,24156,2025,81,0.617284,1
pitcher,24157,2023,527,0.711575,1
pitcher,24157,2024,697,0.682927,0
pitcher,24157,2025,784,0.663265,1
pitcher,24161,2023,170,0.676471,1
pitcher,24161,2024,356,0.573034,1
pitcher,24164,2023,2577,0.5487,0
pitcher,24164,2024,4549,0.566718,0
pitcher,24165,2023,96,0.59375,0
pitcher,24165,2024,157,0.541401,1
pitcher,24166,2023,153,0.679739,0
pitcher,24166,2024,541,0.530499,1
pitcher,24166,2025,811,0.541307,0
pitcher,24167,2023,210,0.67619,0
pitcher,24167,2024,296,0.631757,0
pitcher,24168,2023,42,0.571429,1
pitcher,24169,2023,62,0.645161,1
pitcher,24169,2024,394,0.5,0
pitcher,24169,2025,828,0.479469,1
pitcher,24170,2023,15,0.6,0
pitcher,24170,2024,57,0.45614,0
pitcher,24172,2023,24,0.458333,1
pitcher,24173,2023,327,0.565749,0
pitcher,24173,2024,366,0.527322,0
pitcher,24178,2023,361,0.614958,1
pitcher,24178,2024,965,0.512953,1
pitcher,24178,2025,1746,0.497136,0
pitcher,24179,2023,261,0.639847,1
pitcher,24179,2025,426,0.568075,0
pitcher,24181,2023,49,0.571429,0
pitcher,24181,2024,85,0.482353,0
pitcher,24183,2023,23,0.695652,0
pitcher,24183,2024,507,0.477318,0
pitcher,24183,2025,1003,0.474576,1
pitcher,24184,2024,16,0.25,0
pitcher,24184,2025,64,0.453125,0
pitcher,24185,2023,564,0.535461,0
pitcher,24185,2024,1586,0.484868,1
pitcher,24185,2025,1876,0.484009,1
pitcher,24193,2023,2368,0.561233,0
pitcher,24197,2023,380,0.518421,1
pitcher,24197,2024,407,0.520885,1
pitcher,24197,2025,463,0.4946,1
pitcher,24198,2023,86,0.616279,0
pitcher,24201,2023,22,0.818182,1
pitcher,24201,2024,70,0.457143,0
pitcher,24202,2023,15,0.533333,1
pitcher,24202,2024,47,0.489362,1
pitcher,24203,2023,22,0.454545,1
pitcher,24203,2024,91,0.406593,1
pitcher,24205,2023,322,0.506211,1
pitcher,24205,2024,866,0.482679,0
pitcher,24205,2025,1031,0.489816,0
pitcher,24209,2023,724,0.479282,1
pitcher,24209,2024,751,0.480692,0
pitcher,24209,2025,1446,0.482711,1
pitcher,24211,2023,238,0.584034,0
pitcher,24211,2024,856,0.540888,1
pitcher,24211,2025,965,0.533679,0
pitcher,24213,2023,20,0.65,1
pitcher,24213,2025,46,0.521739,1
pitcher,24222,2023,2944,0.537704,1
pitcher,24222,2024,5701,0.532538,1
pitcher,24222,2025,8097,0.525874,1
pitcher,24223,2023,1551,0.519665,0
pitcher,24224,2023,151,0.450331,1
pitcher,24224,2024,750,0.44,1
pitcher,24224,2025,1923,0.419137,0
pitcher,24226,2023,78,0.602564,1
pitcher,24226,2024,432,0.465278,0
pitcher,24229,2023,104,0.653846,0
pitcher,24234,2023,191,0.586387,1
pitcher,24234,2024,622,0.496785,0
pitcher,24234,2025,1500,0.500667,0
pitcher,24237,2023,2875,0.457043,1
pitcher,24239,2023,1045,0.520574,1
pitcher,24240,2023,566,0.496466,1
pitcher,24240,2024,2662,0.484598,1
pitcher,24240,2025,4561,0.48257,0
pitcher,24241,2023,385,0.592208,1
pitcher,24241,2024,592,0.550676,0
pitcher,24244,2024,24,0.541667,0
pitcher,24244,2025,84,0.464286,0
pitcher,24246,2023,36,0.666667,1
pitcher,24247,2023,57,0.614035,1
pitcher,24247,2025,207,0.507246,1
pitcher,24248,2023,358,0.765363,0
pitcher,24252,2023,951,0.525762,0
pitcher,24252,2024,2171,0.49977,1
pitcher,24252,2025,3419,0.496636,1
pitcher,24253,2023,187,0.705882,1
pitcher,24254,2023,13,0.692308,1
pitcher,24258,2023,18,0.722222,1
pitcher,24259,2023,121,0.628099,1
pitcher,24262,2023,38,0.684211,1
pitcher,24265,2023,198,0.464646,1
pitcher,24265,2024,1183,0.427726,0
pitcher,24265,2025,2098,0.400381,0
pitcher,24267,2023,12,0.833333,1
pitcher,24267,2024,71,0.507042,0
pitcher,24268,2023,57,0.701754,1
pitcher,24268,2024,130,0.515385,1
pitcher,24268,2025,168,0.517857,1
pitcher,24269,2023,1986,0.55136,1
pitcher,24271,2023,861,0.536585,1
pitcher,24276,2024,80,0.4625,0
pitcher,24277,2023,65,0.384615,0
pitcher,24277,2024,207,0.429952,0
pitcher,24281,2023,16,0.8125,0
pitcher,24281,2024,62,0.580645,1
pitcher,24283,2023,2958,0.565923,1
pitcher,24283,2024,4839,0.563959,0
pitcher,24286,2023,72,0.666667,1
pitcher,24286,2024,748,0.53877,0
pitcher,24286,2025,2562,0.492974,0
pitcher,24293,2023,16,0.75,1
pitcher,24300,2023,1448,0.470994,0
pitcher,24300,2024,4084,0.490451,1
pitcher,24300,2025,6591,0.481869,0
pitcher,24303,2023,1163,0.568358,1
pitcher,24305,2023,1210,0.491736,0
pitcher,24305,2024,4096,0.490479,1
pitcher,24305,2025,4798,0.486453,1
pitcher,24306,2023,1403,0.517463,1
pitcher,24306,2024,2819,0.548421,1
pitcher,24307,2023,1177,0.476636,0
pitcher,24310,2023,1102,0.521779,0
pitcher,24310,2024,2831,0.563758,0
pitcher,24310,2025,4105,0.556882,0
pitcher,24311,2023,34,0.882353,1
pitcher,24313,2023,742,0.490566,0
pitcher,24314,2024,36,0.555556,0
pitcher,24314,2025,412,0.419903,1
pitcher,24317,2025,290,0.441379,1
pitcher,24319,2024,752,0.452128,0
pitcher,24319,2025,1771,0.46358,1
pitcher,24327,2024,2903,0.537031,1
pitcher,24328,2025,1281,0.493365,0
pitcher,24329,2024,315,0.450794,1
pitcher,24329,2025,1160,0.456897,1
pitcher,24333,2024,4,0.5,1
pitcher,24333,2025,18,0.555556,0
pitcher,24334,2024,200,0.435,0
pitcher,24338,2024,55,0.454545,0
pitcher,24339,2024,85,0.494118,0
pitcher,24340,2024,174,0.563218,0
pitcher,24343,2024,863,0.406721,1
pitcher,24343,2025,1124,0.403915,0
pitcher,24344,2024,969,0.552116,1
pitcher,24344,2025,1466,0.529332,0
pitcher,24346,2024,79,0.405063,0
pitcher,24349,2025,270,0.381481,0
pitcher,24355,2024,562,0.419929,0
pitcher,24355,2025,1360,0.429412,1
pitcher,24358,2024,54,0.537037,1
pitcher,24369,2024,75,0.546667,1
pitcher,24369,2025,136,0.529412,0
pitcher,24370,2024,59,0.661017,1
pitcher,24373,2024,130,0.484615,1
pitcher,24373,2025,146,0.472603,1
pitcher,24374,2024,27,0.259259,1
pitcher,24376,2024,218,0.426606,0
pitcher,24376,2025,227,0.427313,0
pitcher,24377,2024,138,0.449275,1
pitcher,24380,2024,36,0.416667,0
pitcher,24387,2024,1002,0.5,0
pitcher,24388,2024,1311,0.44775,1
pitcher,24389,2024,2046,0.474585,1
pitcher,24389,2025,3490,0.480516,1
pitcher,24390,2024,20,0.6,0
pitcher,24391,2024,34,0.352941,0
pitcher,24392,2024,269,0.472119,0
pitcher,24392,2025,1337,0.422588,0
pitcher,24394,2025,54,0.537037,0
pitcher,24398,2024,111,0.504505,1
pitcher,24399,2024,326,0.404908,1
pitcher,24399,2025,345,0.414493,0
pitcher,24401,2025,359,0.465181,1
pitcher,24410,2024,2796,0.523247,0
pitcher,24410,2025,5690,0.528647,0
pitcher,24411,2024,271,0.505535,0
pitcher,24411,2025,1223,0.514309,0
pitcher,24412,2024,83,0.457831,0
pitcher,24420,2025,84,0.464286,0
pitcher,24423,2024,1955,0.480818,1
pitcher,24424,2024,814,0.520885,1
pitcher,24425,2024,172,0.47093,0
pitcher,24425,2025,198,0.464646,0
pitcher,24433,2025,41,0.634146,1
pitcher,24434,2024,133,0.428571,0
pitcher,24434,2025,341,0.439883,1
pitcher,24440,2024,2245,0.499332,1
pitcher,24444,2024,1106,0.51085,1
pitcher,24444,2025,2244,0.495098,0
pitcher,24446,2024,21,0.714286,1
pitcher,24446,2025,105,0.657143,1
pitcher,24447,2024,905,0.477348,1
pitcher,24447,2025,2784,0.494971,0
pitcher,24449,2024,32,0.3125,1
pitcher,24450,2024,38,0.526316,0
pitcher,24450,2025,59,0.491525,0
pitcher,24451,2024,17,0.470588,1
pitcher,24452,2024,39,0.384615,1
pitcher,24452,2025,166,0.409639,1
pitcher,24459,2024,2124,0.510358,1
pitcher,24459,2025,3084,0.5107,1
pitcher,24460,2024,2122,0.512724,1
pitcher,24460,2025,4161,0.52223,1
pitcher,24461,2024,1088,0.519301,1
pitcher,24463,2024,1070,0.508411,0
pitcher,24465,2024,1295,0.594595,1
pitcher,24465,2025,4419,0.601041,1
pitcher,24467,2024,1011,0.526212,1
pitcher,24469,2025,618,0.478964,0
pitcher,24477,2025,31,0.516129,1
pitcher,24478,2025,77,0.454545,0
pitcher,24482,2025,424,0.419811,1
pitcher,24483,2025,2905,0.571084,1
pitcher,24484,2025,856,0.462617,1
pitcher,24485,2025,836,0.532297,1
pitcher,24486,2025,141,0.361702,1
pitcher,24487,2025,362,0.497238,1
pitcher,24488,2025,855,0.450292,0
pitcher,24494,2025,456,0.611842,1
pitcher,24498,2025,106,0.415094,1
pitcher,24499,2025,245,0.559184,0
pitcher,24502,2025,180,0.472222,1
pitcher,24508,2025,1782,0.51908,1
pitcher,24509,2025,2464,0.533685,0
pitcher,24512,2025,749,0.40721,1
pitcher,24515,2025,154,0.415584,1
pitcher,24516,2025,131,0.328244,0
pitcher,24518,2025,86,0.5,1
pitcher,24525,2025,111,0.522523,1
pitcher,24527,2025,1237,0.463217,0
pitcher,24531,2025,118,0.440678,0
pitcher,24533,2025,136,0.470588,0
pitcher,24535,2025,44,0.409091,1
pitcher,24537,2025,354,0.497175,1
pitcher,24540,2025,2428,0.560132,1
pitcher,24541,2025,2603,0.453323,1
pitcher,24544,2025,1411,0.418143,1
pitcher,24546,2025,881,0.438138,1
pitcher,24552,2025,84,0.52381,1
pitcher,24557,2025,12,0.5,0
pitcher,24559,2025,709,0.54866,0
pitcher,24560,2025,2397,0.500209,1
pitcher,24564,2025,32,0.375,1
pitcher,24565,2025,49,0.306122,0
pitcher,24566,2025,105,0.457143,1
pitcher,24568,2025,1310,0.509924,1
pitcher,24570,2025,2831,0.502649,1
pitcher,24571,2025,674,0.470326,0
pitcher,24572,2025,347,0.386167,0
pitcher,24573,2025,596,0.432886,0
pitcher,24577,2025,93,0.451613,1
pitcher,24579,2025,219,0.401826,1
pitcher,24580,2025,98,0.357143,1
pitcher,24585,2025,19,0.263158,1
pitcher,24587,2025,19,0.421053,1
pitcher,24591,2025,30,0.666667,1
pitcher,24596,2025,124,0.548387,0
pitcher,24597,2025,18,0.388889,0
pitcher,24598,2025,68,0.323529,1
pitcher,24602,2025,40,0.5,1
pitcher,24604,2025,2598,0.602002,1
pitcher,24605,2025,23,0.0869565,1
pitcher,24607,2025,1247,0.489174,0
pitcher,24608,2025,765,0.44183,0
pitcher,24609,2025,35,0.6,0
pitcher,24618,2025,8,0.75,0
pitcher,24619,2025,2028,0.429487,1
pitcher,24621,2025,26,0.307692,0
pitcher,24622,2025,1052,0.468631,1
pitcher,24623,2025,1601,0.492192,1
pitcher,24624,2025,747,0.472557,0
pitcher,24625,2025,96,0.427083,1
pitcher,24626,2025,1462,0.417921,1
pitcher,24627,2025,1066,0.49531,0
pitcher,24629,2025,791,0.500632,0
pitcher,24631,2025,607,0.433278,0
pitcher,24633,2025,326,0.417178,1
batter,20889,2020,302,0.427152,1
batter,20889,2021,646,0.441176,0
batter,20889,2022,900,0.467778,1
batter,20946,2020,1228,0.575733,0
batter,20946,2021,1284,0.571651,1
batter,20984,2020,99,0.59596,1
batter,21131,2020,340,0.5,0
batter,21143,2020,1970,0.581218,0
batter,21143,2021,2981,0.563234,0
batter,21170,2020,1817,0.564667,1
batter,21170,2021,3031,0.551633,1
batter,21170,2022,4077,0.541575,1
batter,21170,2023,4825,0.534508,1
batter,21170,2024,5526,0.529135,1
batter,21170,2025,5881,0.525931,1
batter,21174,2020,236,0.648305,1
batter,21174,2021,575,0.610435,0
batter,21174,2022,598,0.615385,1
batter,21241,2020,803,0.483188,1
batter,21241,2021,1696,0.487618,1
batter,21278,2020,172,0.656977,1
batter,21278,2021,266,0.616541,0
batter,21278,2022,598,0.555184,0
batter,21278,2024,614,0.557003,1
batter,21278,2025,659,0.552352,0
batter,21286,2020,2255,0.556984,1
batter,21286,2021,4731,0.55929,1
batter,21286,2022,6516,0.55264,1
batter,21286,2023,8761,0.544801,0
batter,21286,2024,10806,0.537202,1
batter,21286,2025,12788,0.526744,0
batter,21288,2020,121,0.578512,1
batter,21381,2020,267,0.588015,1
batter,21398,2020,1926,0.570613,0
batter,21398,2021,3614,0.55036,1
batter,21398,2022,4785,0.539603,0
batter,21398,2023,5686,0.528667,1
batter,21398,2024,6658,0.52283,0
batter,21398,2025,6669,0.522867,1
batter,21400,2020,1811,0.52899,0
batter,21400,2021,2749,0.53474,1
batter,21400,2022,3320,0.533434,1
batter,21401,2020,114,0.508772,1
batter,21448,2020,931,0.588614,1
batter,21448,2021,1815,0.564738,0
batter,21448,2022,1941,0.564142,1
batter,21458,2021,259,0.517375,1
batter,21461,2020,657,0.546423,0
batter,21461,2021,1229,0.534581,1
batter,21461,2022,1416,0.54096,1
batter,21511,2020,547,0.548446,1
batter,21520,2021,2071,0.53549,0
batter,21520,2022,4391,0.514917,0
batter,21520,2023,5836,0.506511,0
batter,21520,2024,6557,0.505109,1
batter,21520,2025,7458,0.499732,0
batter,21577,2020,142,0.492958,1
batter,21600,2020,602,0.524917,1
batter,21600,2021,1628,0.516585,0
batter,21616,2020,1816,0.552863,1
batter,21616,2021,3636,0.545655,1
batter,21616,2022,4619,0.535614,1
batter,21616,2023,5647,0.533026,1
batter,21616,2024,6839,0.530048,0
batter,21616,2025,7471,0.52764,1
batter,21617,2020,628,0.589172,1
batter,21617,2021,964,0.565353,1
batter,21627,2020,1537,0.573845,1
batter,21627,2021,3042,0.558843,1
batter,21627,2022,4715,0.541676,1
batter,21627,2023,6341,0.536193,0
batter,21627,2024,8141,0.526594,0
batter,21627,2025,9707,0.517256,1
batter,21660,2020,1970,0.535025,0
batter,21660,2021,3992,0.53983,1
batter,21660,2022,5915,0.528994,1
batter,21660,2023,8063,0.529207,0
batter,21660,2024,9585,0.525822,0
batter,21660,2025,10903,0.523342,1
batter,21693,2020,1097,0.556974,1
batter,21693,2021,1714,0.521587,0
batter,21696,2020,2332,0.55446,1
batter,21696,2021,4515,0.53732,0
batter,21696,2022,6747,0.52942,1
batter,21696,2023,8734,0.5237,0
batter,21696,2024,10874,0.520048,1
batter,21696,2025,12998,0.517003,0
batter,21708,2020,1514,0.583223,0
batter,21708,2021,2306,0.562879,1
batter,21708,2022,3033,0.560171,1
batter,21737,2020,1848,0.55303,1
batter,21737,2021,3757,0.531541,1
batter,21737,2022,5655,0.525022,0
batter,21737,2023,6991,0.521099,0
batter,21737,2024,8327,0.516993,0
batter,21737,2025,8748,0.517147,1
batter,21786,2020,180,0.65,1
batter,21786,2021,196,0.637755,0
batter,21818,2020,1716,0.577506,1
batter,21818,2021,3609,0.561097,1
batter,21818,2022,5749,0.546182,1
batter,21818,2023,7601,0.537956,0
batter,21818,2024,9504,0.53346,1
batter,21818,2025,11302,0.527517,1
batter,21821,2020,1333,0.525131,0
batter,21821,2021,3742,0.533939,1
batter,21821,2022,5815,0.522786,1
batter,21821,2023,7219,0.517523,1
batter,21821,2024,9263,0.510634,0
batter,21821,2025,11486,0.503918,1
batter,21822,2020,1511,0.555261,1
batter,21822,2021,2742,0.528446,1
batter,21822,2022,2944,0.530231,0
batter,21831,2020,1791,0.577889,0
batter,21831,2021,2728,0.568915,1
batter,21831,2022,3940,0.553046,0
batter,21831,2023,4899,0.546234,1
batter,21831,2024,5082,0.545848,1
batter,21831,2025,5576,0.544476,1
batter,21834,2020,1637,0.563836,1
batter,21834,2021,2914,0.553191,1
batter,21834,2022,3912,0.540644,0
batter,21834,2023,5157,0.537134,0
batter,21834,2024,6446,0.52901,0
batter,21834,2025,7131,0.524891,0
batter,21835,2020,176,0.551136,1
batter,21835,2021,311,0.585209,1
batter,21837,2020,2094,0.561605,1
batter,21837,2021,4226,0.540227,1
batter,21837,2022,5202,0.534794,1
batter,21837,2023,6492,0.526494,1
batter,21837,2024,6678,0.527254,0
batter,21837,2025,6834,0.523705,0
batter,21848,2020,176,0.613636,1
batter,21848,2021,192,0.625,1
batter,21848,2022,277,0.592058,1
batter,21848,2023,332,0.590361,0
batter,21851,2020,1648,0.548544,0
batter,21851,2021,2713,0.542204,1
batter,21865,2020,457,0.603939,1
batter,21865,2021,642,0.58567,1
batter,21892,2020,119,0.621849,1
batter,21892,2021,971,0.542739,1
batter,21892,2022,1171,0.542272,1
batter,21945,2020,342,0.590643,1
batter,21945,2021,586,0.56314,1
batter,21945,2022,1064,0.554511,0
batter,21945,2023,1429,0.529041,1
batter,21945,2024,1928,0.529564,1
batter,21945,2025,2370,0.533333,1
batter,21947,2020,822,0.541363,1
batter,21947,2021,1561,0.518898,0
batter,21947,2022,1914,0.53396,1
batter,21947,2023,2029,0.538196,0
batter,21968,2020,1701,0.491476,1
batter,21968,2021,3124,0.488156,0
batter,21968,2022,4993,0.501302,1
batter,21968,2023,5584,0.493195,1
batter,21968,2024,6894,0.493618,1
batter,21968,2025,7293,0.494447,0
batter,21980,2020,660,0.536364,0
batter,21980,2021,1380,0.548551,0
batter,21990,2020,1654,0.601572,1
batter,21990,2021,3387,0.571597,0
batter,21990,2022,5216,0.550805,0
batter,21990,2023,6918,0.542209,0
batter,21990,2024,8707,0.534742,1
batter,21990,2025,10728,0.525354,0
batter,21992,2020,2199,0.565712,1
batter,21992,2021,4541,0.531601,1
batter,21992,2022,6792,0.531655,0
batter,21992,2023,8642,0.526846,0
batter,21992,2024,10752,0.524368,1
batter,21992,2025,12608,0.520622,1
batter,21996,2020,1799,0.467482,1
batter,21996,2021,3084,0.464981,0
batter,21996,2022,4458,0.483849,1
batter,21996,2023,5108,0.501762,1
batter,21996,2024,6666,0.49865,1
batter,21996,2025,7233,0.496336,0
batter,21999,2020,157,0.573248,1
batter,21999,2021,612,0.560458,0
batter,21999,2022,1598,0.538798,1
batter,21999,2023,2462,0.533306,0
batter,21999,2024,3650,0.527397,0
batter,21999,2025,4558,0.519087,0
batter,22002,2020,302,0.629139,0
batter,22006,2020,1396,0.565186,0
batter,22006,2021,1944,0.564815,1
batter,22006,2022,1971,0.563166,0
batter,22013,2020,2046,0.525415,1
batter,22013,2021,4449,0.528658,0
batter,22013,2022,6729,0.51553,0
batter,22013,2023,8776,0.511395,1
batter,22013,2024,10724,0.512309,0
batter,22013,2025,12954,0.506021,1
batter,22016,2020,814,0.461916,1
batter,22016,2021,1091,0.449129,1
batter,22016,2022,1258,0.448331,1
batter,22021,2020,615,0.639024,1
batter,22021,2021,2847,0.559536,1
batter,22021,2022,3283,0.557112,1
batter,22021,2023,3313,0.558708,1
batter,22025,2020,220,0.55,0
batter,22025,2021,651,0.533026,1
batter,22025,2022,1124,0.516014,1
batter,22025,2023,1234,0.524311,1
batter,22026,2020,1651,0.569958,1
batter,22026,2021,3069,0.555881,1
batter,22026,2022,5238,0.548874,0
batter,22026,2023,7565,0.537872,1
batter,22026,2024,9324,0.529279,0
batter,22026,2025,11098,0.520995,0
batter,22038,2020,1775,0.538028,1
batter,22038,2021,2611,0.53198,1
batter,22038,2022,2857,0.535177,1
batter,22038,2023,4115,0.522479,1
batter,22038,2024,4988,0.52065,1
batter,22038,2025,5094,0.520416,0
batter,22064,2020,94,0.62766,0
batter,22066,2020,2242,0.542373,1
batter,22066,2021,4507,0.536943,0
batter,22066,2022,6738,0.533838,1
batter,22066,2023,9143,0.521929,0
batter,22066,2024,11429,0.515793,0
batter,22066,2025,12780,0.511659,1
batter,22101,2020,208,0.408654,0
batter,22102,2020,1896,0.480485,0
batter,22102,2021,3773,0.484495,1
batter,22102,2022,5540,0.490614,1
batter,22102,2023,7493,0.488056,0
batter,22102,2024,9763,0.495749,0
batter,22102,2025,11661,0.494898,1
batter,22103,2020,2245,0.459688,1
batter,22103,2021,4679,0.470827,0
batter,22103,2022,6748,0.482513,1
batter,22103,2023,9074,0.481265,0
batter,22103,2024,11107,0.490862,0
batter,22103,2025,12886,0.496818,0
batter,22104,2020,273,0.648352,1
batter,22104,2021,294,0.636054,0
batter,22104,2022,318,0.641509,1
batter,22106,2020,1783,0.515423,1
batter,22106,2021,3209,0.497663,1
batter,22106,2022,4205,0.505826,1
batter,22106,2023,4879,0.529207,1
batter,22106,2024,5371,0.531186,0
batter,22109,2020,1454,0.589409,1
batter,22109,2021,3173,0.571699,1
batter,22109,2022,5136,0.554712,1
batter,22109,2023,7302,0.54218,1
batter,22109,2024,9259,0.531159,1
batter,22109,2025,11346,0.52177,1
batter,22126,2020,1886,0.538176,1
batter,22126,2021,3567,0.547799,1
batter,22126,2022,5516,0.536621,0
batter,22126,2023,7406,0.527815,1
batter,22126,2024,9185,0.52847,0
batter,22126,2025,10966,0.524348,0
batter,22127,2020,2057,0.559067,1
batter,22127,2021,4113,0.544858,0
batter,22127,2022,6083,0.534605,0
batter,22127,2023,7879,0.52824,1
batter,22127,2024,9912,0.517252,1
batter,22127,2025,11252,0.515819,1
batter,22130,2020,2039,0.522805,0
batter,22130,2021,4183,0.530241,0
batter,22130,2022,5529,0.525773,1
batter,22130,2023,7268,0.520638,0
batter,22130,2024,9730,0.515211,1
batter,22130,2025,12229,0.504538,1
batter,22132,2020,75,0.52,1
batter,22133,2020,2146,0.547064,0
batter,22133,2021,4101,0.548891,1
batter,22133,2022,6069,0.539957,0
batter,22133,2023,7146,0.537224,1
batter,22133,2024,9298,0.527425,1
batter,22133,2025,10935,0.521445,1
batter,22137,2020,393,0.572519,0
batter,22144,2020,1667,0.581884,0
batter,22144,2021,1787,0.582541,1
batter,22144,2022,1820,0.583516,1
batter,22146,2020,1370,0.570803,1
batter,22146,2021,2846,0.52565,1
batter,22146,2022,4801,0.519059,0
batter,22146,2023,6633,0.51681,1
batter,22146,2024,8478,0.520288,1
batter,22146,2025,10523,0.52352,1
batter,22148,2020,216,0.597222,0
batter,22160,2020,517,0.576402,1
batter,22160,2021,723,0.554633,1
batter,22182,2020,1187,0.603201,1
batter,22182,2021,2171,0.577614,0
batter,22182,2022,3075,0.556098,1
batter,22182,2023,4595,0.537541,1
batter,22182,2024,5425,0.531244,0
batter,22182,2025,6823,0.524403,0
batter,22208,2020,180,0.566667,1
batter,22208,2021,706,0.538244,1
batter,22208,2022,934,0.535332,1
batter,22208,2023,990,0.539394,1
batter,22221,2020,116,0.568966,1
batter,22225,2020,122,0.688525,1
batter,22238,2020,85,0.552941,0
batter,22245,2020,1447,0.572218,1
batter,22245,2021,2378,0.568966,1
batter,22245,2022,3343,0.550105,0
batter,22245,2023,4394,0.538917,1
batter,22245,2024,5514,0.52811,1
batter,22245,2025,6674,0.519479,1
batter,22258,2020,62,0.66129,0
batter,22258,2021,122,0.598361,0
batter,22269,2020,968,0.596074,0
batter,22269,2021,3013,0.533355,0
batter,22269,2022,5359,0.523978,1
batter,22269,2023,6756,0.524719,0
batter,22269,2024,7701,0.519283,1
batter,22269,2025,9003,0.512385,1
batter,22281,2020,876,0.674658,1
batter,22283,2020,1823,0.487658,1
batter,22283,2021,3543,0.480384,0
batter,22283,2022,5305,0.48935,1
batter,22283,2023,7154,0.482667,0
batter,22283,2024,8717,0.482276,0
batter,22283,2025,9314,0.484003,0
batter,22284,2020,113,0.548673,0
batter,22287,2020,2333,0.467638,1
batter,22287,2021,3830,0.477023,1
batter,22287,2022,4926,0.48579,1
batter,22287,2023,5451,0.502293,0
batter,22287,2024,5461,0.502106,0
batter,22288,2020,1020,0.6,1
batter,22288,2021,1442,0.573509,1
batter,22288,2022,1768,0.572398,0
batter,22288,2023,2125,0.559529,0
batter,22315,2020,1822,0.558727,1
batter,22315,2021,2928,0.554986,0
batter,22315,2022,4463,0.539547,1
batter,22315,2023,5322,0.530628,1
batter,22315,2024,5335,0.530834,0
batter,22315,2025,6618,0.516924,0
batter,22322,2022,46,0.565217,1
batter,22323,2020,1849,0.563007,1
batter,22323,2021,2934,0.556578,1
batter,22323,2022,3728,0.541041,1
batter,22323,2023,4174,0.540968,0
batter,22323,2024,5231,0.531829,1
batter,22323,2025,5390,0.53154,0
batter,22332,2020,573,0.575916,0
batter,22332,2021,1610,0.540994,1
batter,22332,2022,1777,0.537423,1
batter,22333,2020,113,0.672566,1
batter,22333,2021,792,0.537879,0
batter,22333,2022,1093,0.564501,1
batter,22333,2023,1352,0.571006,1
batter,22344,2020,334,0.60479,1
batter,22344,2021,570,0.563158,1
batter,22345,2020,429,0.547786,0
batter,22345,2021,1658,0.527744,0
batter,22345,2022,2347,0.536003,0
batter,22353,2020,651,0.529954,1
batter,22353,2021,1018,0.546169,0
batter,22374,2020,679,0.653903,1
batter,22379,2020,57,0.596491,0
batter,22379,2021,1068,0.535581,1
batter,22379,2022,3364,0.515458,0
batter,22379,2023,5220,0.515709,0
batter,22379,2024,5410,0.514233,1
batter,22379,2025,5927,0.516956,0
batter,22382,2020,616,0.616883,1
batter,22382,2021,753,0.605578,1
batter,22392,2020,410,0.54878,1
batter,22392,2021,614,0.561889,0
batter,22392,2022,679,0.552283,1
batter,22394,2020,937,0.563501,1
batter,22394,2021,1466,0.547749,0
batter,22396,2021,72,0.583333,1
batter,22396,2022,320,0.575,1
batter,22396,2023,659,0.526555,1
batter,22396,2024,729,0.521262,0
batter,22396,2025,1847,0.510016,1
batter,22410,2020,1921,0.544508,0
batter,22410,2021,3964,0.541625,1
batter,22410,2022,6373,0.524714,0
batter,22410,2023,8047,0.523549,0
batter,22410,2024,10143,0.520753,1
batter,22410,2025,12303,0.511664,1
batter,22416,2020,54,0.666667,0
batter,22420,2020,1543,0.574854,0
batter,22420,2021,2015,0.562779,0
batter,22420,2022,2855,0.545009,0
batter,22420,2023,3384,0.541962,0
batter,22420,2024,3717,0.539683,1
batter,22420,2025,4280,0.531776,0
batter,22424,2020,455,0.56044,0
batter,22424,2021,1957,0.538579,1
batter,22424,2022,2590,0.537452,1
batter,22424,2023,3731,0.537925,0
batter,22424,2024,4288,0.532649,1
batter,22424,2025,4459,0.528594,1
batter,22425,2021,15,0.733333,1
batter,22429,2020,1110,0.524324,0
batter,22429,2021,1299,0.52117,0
batter,22429,2022,2486,0.526549,0
batter,22429,2023,4366,0.516949,0
batter,22429,2024,6355,0.523839,0
batter,22429,2025,7712,0.513226,1
batter,22430,2020,1907,0.513896,1
batter,22430,2021,3487,0.524806,1
batter,22430,2022,4573,0.516073,1
batter,22430,2023,6139,0.519791,1
batter,22430,2024,7219,0.511705,1
batter,22430,2025,7897,0.512726,0
batter,22432,2020,743,0.569314,1
batter,22432,2021,2562,0.554645,1
batter,22432,2022,2923,0.552172,1
batter,22435,2025,4,0.25,1
batter,22436,2020,508,0.515748,0
batter,22436,2021,1413,0.517339,1
batter,22436,2022,2678,0.507468,1
batter,22436,2023,3718,0.511027,1
batter,22436,2024,4946,0.505257,1
batter,22436,2025,5538,0.499639,1
batter,22439,2020,76,0.644737,1
batter,22439,2021,107,0.616822,1
batter,22439,2022,193,0.528497,1
batter,22439,2023,216,0.541667,1
batter,22442,2020,553,0.54792,1
batter,22442,2021,1206,0.54063,1
batter,22442,2022,1622,0.551171,1
batter,22442,2023,1823,0.55458,1
batter,22442,2024,2172,0.536832,0
batter,22442,2025,2757,0.519405,0
batter,22443,2020,2007,0.541106,0
batter,22443,2021,2985,0.530318,0
batter,22443,2022,5084,0.52498,1
batter,22443,2023,7288,0.513447,0
batter,22443,2024,8853,0.509771,0
batter,22443,2025,11052,0.508415,0
batter,22454,2020,244,0.52459,0
batter,22455,2020,1836,0.5561,0
batter,22455,2021,3342,0.563136,0
batter,22455,2022,5288,0.550113,0
batter,22455,2023,7102,0.538158,0
batter,22455,2024,8871,0.531282,0
batter,22455,2025,10326,0.525276,0
batter,22460,2020,194,0.546392,1
batter,22468,2020,167,0.640719,1
batter,22468,2022,1454,0.552957,1
batter,22468,2023,3150,0.530159,1
batter,22468,2024,4980,0.514458,0
batter,22468,2025,7123,0.504984,1
batter,22499,2021,69,0.594203,0
batter,22500,2020,1810,0.518232,1
batter,22500,2021,4173,0.522406,1
batter,22500,2022,6594,0.523355,1
batter,22500,2023,7806,0.518832,1
batter,22500,2024,8797,0.515971,1
batter,22500,2025,9837,0.514893,0
batter,22502,2020,791,0.558786,1
batter,22502,2021,1817,0.56907,0
batter,22502,2022,2275,0.566593,0
batter,22502,2023,2433,0.560214,1
batter,22514,2020,231,0.52381,0
batter,22514,2021,604,0.551325,1
batter,22514,2022,679,0.556701,1
batter,22514,2024,728,0.554945,1
batter,22521,2020,194,0.551546,1
batter,22521,2021,347,0.564841,1
batter,22521,2022,1154,0.535529,1
batter,22521,2023,1552,0.530284,0
batter,22521,2024,2155,0.513689,1
batter,22521,2025,2240,0.515625,1
batter,22522,2020,339,0.530973,1
batter,22522,2021,908,0.557269,0
batter,22522,2022,2530,0.522925,0
batter,22522,2023,3751,0.522794,0
batter,22522,2024,4222,0.519185,1
batter,22522,2025,4310,0.52181,1
batter,22523,2020,749,0.534045,0
batter,22523,2021,987,0.530902,1
batter,22523,2022,1470,0.528571,0
batter,22523,2023,2009,0.52663,0
batter,22523,2024,3538,0.516111,1
batter,22523,2025,5336,0.511807,1
batter,22542,2020,1197,0.585631,0
batter,22542,2021,2288,0.555507,1
batter,22542,2022,3236,0.537392,1
batter,22542,2023,3683,0.530817,1
batter,22542,2024,4108,0.529211,1
batter,22542,2025,4185,0.52736,1
batter,22553,2021,380,0.539474,0
batter,22553,2022,626,0.531949,1
batter,22571,2020,149,0.543624,1
batter,22571,2021,632,0.511076,1
batter,22574,2020,16,0.625,1
batter,22574,2021,87,0.62069,1
batter,22574,2022,251,0.52988,0
batter,22574,2023,339,0.557522,0
batter,22576,2020,252,0.615079,1
batter,22576,2021,759,0.552042,0
batter,22576,2022,1321,0.535201,0
batter,22605,2020,1520,0.5375,1
batter,22605,2021,3416,0.542447,0
batter,22605,2022,4992,0.539062,0
batter,22605,2023,6770,0.525406,0
batter,22605,2024,8343,0.521515,0
batter,22605,2025,8986,0.52081,1
batter,22606,2020,1964,0.539206,1
batter,22606,2021,4046,0.541275,0
batter,22606,2022,4879,0.542324,0
batter,22606,2023,6655,0.529677,0
batter,22606,2024,8586,0.522595,0
batter,22606,2025,10658,0.517921,1
batter,22607,2020,367,0.547684,1
batter,22607,2021,1975,0.552911,1
batter,22607,2022,3738,0.543874,1
batter,22607,2023,4145,0.543305,1
batter,22607,2024,4800,0.536875,1
batter,22607,2025,4947,0.535678,0
batter,22610,2020,418,0.57177,1
batter,22610,2021,2651,0.541305,0
batter,22610,2022,4992,0.531651,1
batter,22610,2023,7424,0.519262,1
batter,22610,2024,8398,0.515123,1
batter,22610,2025,10042,0.505975,1
batter,22611,2020,30,0.5,1
batter,22612,2020,1284,0.542056,0
batter,22612,2021,2154,0.541318,1
batter,22612,2022,2239,0.548459,1
batter,22612,2024,3028,0.536658,1
batter,22612,2025,4682,0.518368,1
batter,22613,2020,850,0.682353,1
batter,22621,2024,2,1.0,1
batter,22626,2020,785,0.566879,0
batter,22626,2021,1003,0.562313,1
batter,22626,2022,1559,0.582425,0
batter,22626,2023,2221,0.578568,1
batter,22626,2024,2427,0.571899,0
batter,22628,2021,378,0.574074,0
batter,22628,2022,691,0.53835,1
batter,22628,2023,955,0.519372,1
batter,22628,2024,1867,0.520621,1
batter,22628,2025,1882,0.521254,0
batter,22629,2020,106,0.783019,1
batter,22629,2021,129,0.72093,1
batter,22632,2020,1719,0.554974,0
batter,22632,2021,3645,0.541564,0
batter,22632,2022,4409,0.543888,1
batter,22632,2023,5616,0.537927,1
batter,22632,2024,7257,0.52942,1
batter,22632,2025,9575,0.520627,0
batter,22660,2020,2379,0.546868,0
batter,22660,2021,4609,0.539379,0
batter,22660,2022,6913,0.522928,0
batter,22660,2023,9471,0.506494,1
batter,22660,2024,11654,0.512528,1
batter,22660,2025,13927,0.515402,1
batter,22664,2020,30,0.7,0
batter,22664,2021,548,0.583942,0
batter,22664,2022,1637,0.527184,1
batter,22664,2023,2601,0.532488,0
batter,22664,2024,3535,0.525601,0
batter,22664,2025,3647,0.524541,1
batter,22671,2020,2343,0.568502,1
batter,22671,2021,4649,0.538395,1
batter,22674,2020,164,0.634146,0
batter,22674,2021,472,0.582627,1
batter,22674,2022,565,0.59469,0
batter,22674,2023,2395,0.511065,0
batter,22674,2024,3495,0.502146,1
batter,22679,2020,63,0.68254,1
batter,22679,2021,145,0.57931,0
batter,22679,2022,164,0.567073,0
batter,22679,2023,360,0.636111,0
batter,22682,2020,601,0.562396,1
batter,22682,2021,1074,0.567039,0
batter,22682,2022,1684,0.552257,1
batter,22683,2020,185,0.654054,1
batter,22684,2020,177,0.59322,0
batter,22690,2020,1845,0.565312,1
batter,22690,2021,2226,0.561545,1
batter,22690,2022,3411,0.555262,0
batter,22690,2023,5045,0.538553,0
batter,22690,2024,6153,0.528035,0
batter,22690,2025,7166,0.523025,1
batter,22693,2020,48,0.770833,1
batter,22693,2021,618,0.490291,0
batter,22693,2022,2793,0.500179,1
batter,22693,2023,4516,0.498229,0
batter,22693,2024,6840,0.497076,1
batter,22693,2025,9245,0.493997,1
batter,22695,2020,545,0.658716,1
batter,22695,2021,1293,0.596288,0
batter,22695,2022,1641,0.590494,1
batter,22695,2023,2434,0.551767,0
batter,22695,2024,2968,0.53841,0
batter,22695,2025,3092,0.535899,0
batter,22696,2020,1005,0.686567,1
batter,22696,2021,1629,0.655003,1
batter,22697,2022,138,0.695652,1
batter,22697,2023,1088,0.693015,1
batter,22697,2024,1932,0.598861,1
batter,22697,2025,2639,0.569913,1
batter,22709,2020,423,0.583924,0
batter,22709,2021,505,0.586139,0
batter,22709,2022,1306,0.545942,1
batter,22709,2023,2128,0.530075,0
batter,22709,2024,2205,0.526531,1
batter,22716,2020,4,1.0,1
batter,22716,2021,18,0.666667,0
batter,22716,2022,344,0.549419,0
batter,22716,2023,791,0.554994,0
batter,22716,2024,930,0.544086,1
batter,22716,2025,1041,0.534102,0
batter,22719,2020,1572,0.53117,1
batter,22719,2021,1737,0.533679,0
batter,22719,2022,1798,0.541713,1
batter,22719,2024,2644,0.528744,0
batter,22719,2025,3013,0.522071,1
batter,22720,2022,5,1.0,1
batter,22725,2020,1673,0.594142,1
batter,22725,2021,3874,0.551368,0
batter,22725,2022,5789,0.542581,0
batter,22725,2023,7732,0.536472,0
batter,22725,2024,7780,0.53599,1
batter,22725,2025,8647,0.529432,1
batter,22727,2020,1877,0.549281,1
batter,22727,2021,2828,0.548091,1
batter,22727,2022,3592,0.538697,1
batter,22727,2023,5190,0.523699,1
batter,22727,2024,6818,0.5176,0
batter,22727,2025,8254,0.512115,0
batter,22728,2020,228,0.513158,1
batter,22728,2021,425,0.522353,1
batter,22728,2022,691,0.522431,0
batter,22728,2023,961,0.498439,1
batter,22728,2024,1104,0.491848,0
batter,22728,2025,1194,0.491625,0
batter,22732,2020,324,0.555556,0
batter,22732,2021,936,0.517094,1
batter,22732,2022,1369,0.536888,1
batter,22732,2023,1607,0.530803,1
batter,22732,2024,2902,0.512405,1
batter,22732,2025,4545,0.506051,0
batter,22733,2020,146,0.554795,0
batter,22735,2022,5,0.6,0
batter,22736,2020,1275,0.567059,1
batter,22736,2022,2310,0.527273,0
batter,22736,2023,4457,0.514696,1
batter,22736,2024,6061,0.506352,1
batter,22736,2025,8396,0.502501,0
batter,22737,2020,675,0.69037,1
batter,22739,2020,927,0.573894,1
batter,22739,2021,1772,0.538939,0
batter,22739,2022,2554,0.529366,1
batter,22739,2023,3857,0.520093,1
batter,22739,2024,4734,0.513308,0
batter,22739,2025,5518,0.511598,1
batter,22743,2020,3,0.333333,0
batter,22745,2020,137,0.554745,1
batter,22745,2021,250,0.568,1
batter,22745,2022,297,0.585859,1
batter,22748,2020,269,0.516729,0
batter,22748,2021,361,0.520776,0
batter,22748,2022,598,0.550167,0
batter,22748,2023,821,0.566382,0
batter,22748,2024,1022,0.539139,0
batter,22749,2020,104,0.730769,1
batter,22749,2021,789,0.556401,1
batter,22749,2022,1417,0.550459,1
batter,22749,2023,1753,0.536224,0
batter,22749,2024,2183,0.537792,0
batter,22749,2025,2487,0.526739,1
batter,22756,2020,855,0.545029,1
batter,22756,2021,1533,0.544684,1
batter,22756,2022,3121,0.524511,0
batter,22756,2023,3785,0.523382,1
batter,22756,2024,4593,0.523187,1
batter,22756,2025,4687,0.522936,0
batter,22758,2020,98,0.683673,1
batter,22758,2022,110,0.663636,1
batter,22760,2021,8,0.875,1
batter,22762,2020,145,0.586207,1
batter,22763,2020,460,0.573913,1
batter,22763,2021,715,0.572028,1
batter,22763,2022,814,0.581081,1
batter,22766,2021,248,0.625,0
batter,22766,2022,458,0.644105,1
batter,22766,2023,562,0.656584,1
batter,22767,2021,194,0.530928,1
batter,22768,2020,1789,0.522638,1
batter,22768,2021,3109,0.535542,1
batter,22768,2022,3793,0.529396,1
batter,22768,2023,5208,0.528034,1
batter,22768,2024,5663,0.527812,0
batter,22771,2021,961,0.544225,1
batter,22771,2022,1855,0.601078,0
batter,22771,2023,2083,0.588094,1
batter,22771,2024,2520,0.575397,0
batter,22771,2025,2639,0.573702,1
batter,22773,2020,442,0.753394,1
batter,22773,2021,678,0.705015,0
batter,22774,2020,489,0.703476,1
batter,22775,2020,320,0.546875,1
batter,22775,2021,1863,0.542673,0
batter,22775,2022,2191,0.553628,0
batter,22777,2021,58,0.637931,1
batter,22777,2022,432,0.599537,1
batter,22777,2023,551,0.595281,1
batter,22777,2024,637,0.591837,1
batter,22777,2025,748,0.593583,0
batter,22779,2020,314,0.573248,1
batter,22779,2021,2774,0.502884,0
batter,22779,2022,5187,0.513399,0
batter,22779,2023,7558,0.509659,0
batter,22779,2024,9038,0.505753,1
batter,22779,2025,10946,0.501736,0
batter,22781,2020,12,0.75,0
batter,22781,2021,575,0.526957,1
batter,22781,2022,1334,0.544228,0
batter,22800,2020,790,0.691139,1
batter,22800,2021,1135,0.671366,1
batter,22807,2022,965,0.731606,1
batter,22807,2023,2205,0.701134,1
batter,22807,2024,2241,0.695225,1
batter,22807,2025,2417,0.683906,0
batter,22808,2020,1104,0.689312,1
batter,22808,2021,2057,0.626641,1
batter,22808,2022,3147,0.646965,1
batter,22808,2023,3848,0.654366,1
batter,22808,2024,4158,0.63925,1
batter,22808,2025,4471,0.630508,0
batter,22809,2022,373,0.683646,1
batter,22809,2023,836,0.679426,0
batter,22809,2024,1365,0.608059,0
batter,22809,2025,2425,0.554227,1
batter,22811,2020,664,0.698795,1
batter,22811,2021,1488,0.601478,1
batter,22811,2022,2580,0.656589,1
batter,22811,2023,3427,0.667931,1
batter,22813,2020,9,0.555556,1
batter,22813,2021,506,0.545455,0
batter,22813,2022,855,0.603509,1
batter,22816,2020,1149,0.64926,1
batter,22816,2021,3369,0.519145,1
batter,22816,2022,6127,0.502856,1
batter,22816,2023,8344,0.495446,1
batter,22816,2024,11014,0.501997,1
batter,22816,2025,13663,0.503257,0
batter,22817,2020,81,0.518519,1
batter,22817,2021,406,0.571429,1
batter,22817,2022,816,0.629902,0
batter,22817,2023,1024,0.641602,0
batter,22819,2021,335,0.525373,0
batter,22819,2022,967,0.595657,1
batter,22819,2023,1877,0.630261,1
batter,22819,2024,2806,0.577334,1
batter,22819,2025,3783,0.550886,0
batter,22822,2020,153,0.581699,0
batter,22822,2021,614,0.545603,1
batter,22822,2022,711,0.566807,1
batter,22830,2020,102,0.666667,1
batter,22830,2021,360,0.611111,1
batter,22830,2022,443,0.634312,1
batter,22830,2023,611,0.610475,1
batter,22830,2024,756,0.593915,1
batter,22830,2025,906,0.581678,1
batter,22831,2020,417,0.496403,1
batter,22831,2021,854,0.514052,1
batter,22831,2022,1529,0.601046,0
batter,22831,2023,2635,0.639469,1
batter,22831,2024,3918,0.614599,1
batter,22831,2025,5687,0.593283,1
batter,22839,2020,94,0.765957,1
batter,22839,2021,255,0.623529,1
batter,22839,2022,682,0.539589,0
batter,22839,2023,1210,0.519008,0
batter,22839,2024,2161,0.514577,1
batter,22839,2025,3550,0.498592,0
batter,22841,2020,62,0.596774,1
batter,22841,2021,333,0.585586,1
batter,22841,2022,814,0.52457,1
batter,22841,2023,855,0.532164,1
batter,22847,2020,27,0.62963,1
batter,22852,2020,151,0.589404,1
batter,22852,2021,259,0.617761,1
batter,22852,2022,477,0.651992,1
batter,22853,2020,120,0.708333,1
batter,22853,2021,1074,0.553073,0
batter,22853,2022,2251,0.537095,1
batter,22853,2023,2766,0.529646,1
batter,22853,2024,3266,0.520514,1
batter,22853,2025,3572,0.516517,0
batter,22857,2020,41,0.585366,1
batter,22872,2020,118,0.652542,1
batter,22872,2021,369,0.585366,1
batter,22872,2022,1415,0.546996,1
batter,22882,2020,145,0.675862,1
batter,22882,2021,420,0.647619,0
batter,22882,2022,556,0.604317,1
batter,22882,2023,1362,0.578561,0
batter,22882,2024,2375,0.543579,1
batter,22882,2025,2733,0.528357,0
batter,22886,2020,226,0.615044,1
batter,22886,2021,653,0.57121,1
batter,22886,2024,803,0.569116,0
batter,22893,2021,80,0.6,0
batter,22893,2022,192,0.583333,0
batter,22893,2023,382,0.589005,0
batter,22893,2024,407,0.579853,0
batter,22893,2025,455,0.578022,1
batter,22900,2021,220,0.495455,1
batter,22900,2022,378,0.534392,1
batter,22901,2021,23,0.521739,0
batter,22901,2022,44,0.613636,1
batter,22902,2020,205,0.62439,1
batter,22921,2020,19,0.736842,1
batter,22924,2020,20,0.8,1
batter,22928,2021,723,0.544952,1
batter,22928,2022,904,0.526549,0
batter,22928,2023,1076,0.513011,1
batter,22928,2024,1827,0.50301,0
batter,22928,2025,1890,0.502646,0
batter,22934,2020,722,0.594183,1
batter,22934,2023,804,0.610697,1
batter,22943,2020,275,0.498182,1
batter,22943,2023,352,0.548295,1
batter,22943,2024,789,0.52725,1
batter,22943,2025,1006,0.512922,1
batter,22950,2020,149,0.630872,1
batter,22950,2021,271,0.594096,0
batter,22950,2022,528,0.539773,0
batter,22950,2023,1608,0.531716,1
batter,22950,2024,3447,0.51349,0
batter,22950,2025,3949,0.503925,1
batter,22956,2020,1025,0.58439,0
batter,22956,2021,2555,0.548337,1
batter,22956,2022,5107,0.52477,1
batter,22956,2023,5190,0.527938,1
batter,22956,2024,6431,0.523869,0
batter,22956,2025,8467,0.511043,0
batter,22959,2021,111,0.513514,0
batter,22959,2022,408,0.578431,0
batter,22959,2023,428,0.593458,1
batter,22963,2020,337,0.590504,1
batter,22963,2022,397,0.61461,1
batter,22963,2023,2148,0.528864,1
batter,22963,2024,3704,0.526998,0
batter,22963,2025,4362,0.522696,0
batter,22969,2020,66,0.69697,1
batter,22969,2021,275,0.574545,0
batter,22969,2022,344,0.619186,1
batter,22969,2023,941,0.565356,0
batter,22969,2024,1545,0.541748,1
batter,22969,2025,1832,0.531114,1
batter,22970,2021,65,0.569231,0
batter,22970,2022,95,0.610526,1
batter,22985,2021,188,0.558511,1
batter,22985,2022,492,0.552846,1
batter,22985,2023,978,0.533742,1
batter,22985,2024,2232,0.521505,0
batter,22985,2025,3643,0.497941,0
batter,22986,2020,96,0.635417,0
batter,22986,2021,365,0.580822,1
batter,22986,2022,571,0.556918,0
batter,22986,2023,663,0.550528,1
batter,22986,2024,809,0.548826,1
batter,22995,2022,70,0.7,1
batter,23000,2020,23,0.695652,0
batter,23000,2021,33,0.636364,1
batter,23000,2022,48,0.645833,1
batter,23000,2023,81,0.679012,1
batter,23000,2024,98,0.673469,1
batter,23001,2020,22,0.818182,1
batter,23001,2021,52,0.673077,1
batter,23001,2022,636,0.52044,1
batter,23001,2023,1165,0.498712,0
batter,23004,2020,307,0.550489,0
batter,23008,2022,25,0.64,1
batter,23022,2020,254,0.610236,0
batter,23022,2021,1268,0.557571,1
batter,23022,2023,1418,0.549365,0
batter,23022,2024,2040,0.540686,1
batter,23022,2025,3487,0.520792,1
batter,23028,2020,30,0.7,1
batter,23028,2021,482,0.593361,0
batter,23034,2020,378,0.57672,1
batter,23034,2021,835,0.537725,0
batter,23034,2022,1078,0.540816,1
batter,23034,2023,1249,0.567654,0
batter,23040,2020,1419,0.533474,1
batter,23040,2021,2491,0.538338,0
batter,23040,2022,3969,0.534392,1
batter,23040,2023,5022,0.52051,0
batter,23040,2024,5809,0.51644,1
batter,23040,2025,6560,0.512348,1
batter,23045,2020,1861,0.5669,1
batter,23045,2021,3767,0.557207,0
batter,23045,2022,4605,0.559392,1
batter,23045,2023,4859,0.554847,1
batter,23045,2024,5300,0.550377,1
batter,23049,2020,50,0.7,0
batter,23064,2020,95,0.673684,0
batter,23064,2021,101,0.653465,1
batter,23064,2022,236,0.618644,1
batter,23064,2023,376,0.609043,1
batter,23064,2024,483,0.571429,0
batter,23064,2025,724,0.548343,1
batter,23068,2022,10,0.6,1
batter,23068,2023,36,0.638889,0
batter,23080,2020,2226,0.590746,1
batter,23080,2021,3911,0.569164,1
batter,23080,2022,5226,0.563337,0
batter,23089,2020,744,0.52957,1
batter,23089,2021,2430,0.537037,1
batter,23089,2022,3176,0.523929,0
batter,23089,2023,3580,0.531844,1
batter,23089,2024,4277,0.52607,0
batter,23089,2025,4353,0.527452,1
batter,23095,2021,77,0.61039,1
batter,23108,2020,96,0.71875,1
batter,23108,2021,480,0.55,1
batter,23108,2022,933,0.519829,0
batter,23108,2023,1041,0.532181,1
batter,23111,2020,77,0.727273,1
batter,23113,2020,891,0.523008,0
batter,23113,2021,3050,0.526885,1
batter,23113,2022,5275,0.528531,1
batter,23113,2023,7385,0.519296,0
batter,23113,2024,8172,0.515174,0
batter,23113,2025,8801,0.51301,1
batter,23116,2020,135,0.666667,1
batter,23116,2021,361,0.595568,1
batter,23116,2022,633,0.587678,1
batter,23116,2023,712,0.585674,0
batter,23116,2024,870,0.571264,1
batter,23116,2025,973,0.55704,0
batter,23121,2020,79,0.670886,0
batter,23132,2020,53,0.716981,1
batter,23132,2021,94,0.595745,1
batter,23132,2022,241,0.609959,1
batter,23132,2023,319,0.642633,1
batter,23132,2024,336,0.633929,0
batter,23134,2020,170,0.694118,1
batter,23134,2022,1136,0.517606,1
batter,23134,2023,3055,0.502455,0
batter,23134,2024,4194,0.505961,1
batter,23134,2025,6042,0.495697,1
batter,23138,2020,36,0.555556,1
batter,23138,2021,54,0.518519,1
batter,23138,2022,93,0.591398,0
batter,23138,2023,150,0.646667,1
batter,23143,2020,519,0.574181,1
batter,23143,2022,665,0.545865,0
batter,23143,2023,876,0.539954,0
batter,23143,2024,1215,0.529218,1
batter,23143,2025,1564,0.519182,0
batter,23144,2022,127,0.637795,1
batter,23144,2023,405,0.669136,0
batter,23144,2024,489,0.646217,0
batter,23146,2020,120,0.725,1
batter,23146,2021,146,0.671233,0
batter,23146,2022,270,0.618519,0
batter,23146,2023,324,0.645062,1
batter,23147,2021,98,0.653061,0
batter,23147,2022,200,0.71,0
batter,23147,2024,229,0.655022,1
batter,23147,2025,262,0.625954,1
batter,23153,2020,230,0.621739,1
batter,23153,2021,628,0.611465,1
batter,23153,2022,931,0.626208,0
batter,23179,2022,179,0.670391,0
batter,23179,2023,751,0.608522,1
batter,23179,2024,1068,0.588951,1
batter,23179,2025,1110,0.586486,0
batter,23180,2021,0,,1
batter,23180,2022,85,0.705882,1
batter,23180,2023,93,0.677419,1
batter,23186,2020,94,0.691489,1
batter,23186,2023,348,0.692529,1
batter,23186,2024,760,0.578947,1
batter,23186,2025,883,0.560589,1
batter,23187,2022,43,0.627907,1
batter,23187,2023,46,0.652174,1
batter,23188,2020,558,0.564516,1
batter,23188,2022,1143,0.529309,0
batter,23188,2023,1540,0.537013,1
batter,23188,2024,2248,0.516014,1
batter,23188,2025,2380,0.517227,1
batter,23189,2020,14,0.714286,1
batter,23193,2020,544,0.566176,1
batter,23193,2021,811,0.563502,1
batter,23193,2022,1435,0.538676,0
batter,23193,2023,1494,0.546185,1
batter,23193,2024,1770,0.546893,1
batter,23193,2025,1848,0.542749,1
batter,23195,2020,69,0.608696,1
batter,23195,2021,114,0.587719,0
batter,23195,2022,413,0.559322,0
batter,23195,2023,1059,0.533522,1
batter,23195,2024,2306,0.518213,0
batter,23195,2025,3039,0.515959,1
batter,23197,2021,244,0.5,1
batter,23197,2022,1532,0.535248,1
batter,23197,2023,2588,0.506955,0
batter,23197,2024,3254,0.496927,1
batter,23197,2025,4200,0.502143,0
batter,23200,2020,50,0.72,1
batter,23200,2021,79,0.696203,1
batter,23200,2022,160,0.6,0
batter,23205,2020,34,0.823529,1
batter,23205,2022,50,0.74,1
batter,23205,2023,112,0.776786,0
batter,23205,2024,140,0.7,0
batter,23205,2025,206,0.606796,0
batter,23212,2020,104,0.701923,1
batter,23212,2022,129,0.689922,1
batter,23212,2023,230,0.708696,1
batter,23225,2023,3,0.333333,1
batter,23227,2020,148,0.635135,1
batter,23227,2022,218,0.665138,1
batter,23227,2023,817,0.709914,1
batter,23227,2024,1200,0.651667,0
batter,23228,2021,41,0.658537,1
batter,23234,2020,418,0.686603,1
batter,23234,2023,826,0.698547,0
batter,23234,2024,1124,0.640569,1
batter,23234,2025,1428,0.607843,1
batter,23241,2020,74,0.72973,1
batter,23241,2022,84,0.714286,1
batter,23241,2023,288,0.65625,0
batter,23241,2024,453,0.578366,0
batter,23242,2020,61,0.754098,1
batter,23242,2021,155,0.716129,1
batter,23242,2022,298,0.701342,1
batter,23243,2020,148,0.662162,1
batter,23243,2021,622,0.553055,1
batter,23243,2022,719,0.582754,1
batter,23243,2023,906,0.580574,0
batter,23243,2024,1915,0.542559,0
batter,23243,2025,2926,0.533151,0
batter,23244,2020,193,0.611399,1
batter,23244,2021,761,0.575558,1
batter,23244,2022,1703,0.527892,1
batter,23244,2023,2343,0.53265,0
batter,23244,2024,2543,0.529689,0
batter,23250,2020,1,0.0,1
batter,23252,2020,3,0.666667,1
batter,23252,2021,21,0.619048,0
batter,23253,2020,18,0.777778,0
batter,23253,2021,227,0.54185,0
batter,23253,2022,238,0.554622,1
batter,23262,2020,52,0.730769,1
batter,23263,2022,32,0.6875,1
batter,23263,2023,61,0.622951,1
batter,23263,2024,93,0.612903,0
batter,23264,2022,54,0.685185,1
batter,23264,2023,177,0.60452,1
batter,23264,2024,284,0.609155,1
batter,23264,2025,372,0.591398,0
batter,23266,2021,25,0.68,1
batter,23266,2022,37,0.702703,1
batter,23274,2022,65,0.769231,1
batter,23274,2023,242,0.586777,1
batter,23274,2024,919,0.527748,0
batter,23274,2025,1862,0.503759,1
batter,23281,2020,1404,0.52208,1
batter,23281,2021,3597,0.530442,1
batter,23281,2022,6142,0.5324,0
batter,23281,2023,8334,0.526158,0
batter,23281,2024,10682,0.516289,0
batter,23281,2025,12851,0.509688,1
batter,23282,2020,2344,0.540956,1
batter,23282,2021,4652,0.543422,1
batter,23282,2022,6800,0.538382,0
batter,23282,2023,9115,0.5322,1
batter,23282,2024,10589,0.524884,1
batter,23290,2022,87,0.701149,1
batter,23290,2023,390,0.617949,0
batter,23290,2024,556,0.591727,1
batter,23298,2020,152,0.638158,1
batter,23298,2021,171,0.625731,0
batter,23298,2022,804,0.524876,1
batter,23298,2023,888,0.542793,1
batter,23298,2024,1540,0.527273,0
batter,23298,2025,2015,0.533002,1
batter,23299,2020,228,0.618421,1
batter,23299,2021,280,0.596429,0
batter,23300,2020,53,0.641509,1
batter,23300,2022,122,0.52459,1
batter,23300,2023,634,0.528391,1
batter,23300,2024,829,0.512666,0
batter,23309,2022,17,0.705882,1
batter,23317,2021,54,0.592593,1
batter,23318,2020,922,0.534707,1
batter,23318,2021,1407,0.540867,1
batter,23318,2022,1470,0.543537,1
batter,23318,2023,2344,0.531143,0
batter,23318,2024,3780,0.521958,1
batter,23318,2025,5598,0.509289,1
batter,23319,2020,51,0.705882,1
batter,23319,2021,544,0.538603,0
batter,23319,2022,2437,0.501847,0
batter,23319,2023,4707,0.497769,1
batter,23319,2024,6838,0.496198,0
batter,23319,2025,9244,0.490372,1
batter,23321,2020,271,0.571956,1
batter,23321,2021,820,0.545122,1
batter,23321,2022,1625,0.536615,0
batter,23321,2023,1900,0.531579,1
batter,23321,2024,1952,0.529713,1
batter,23329,2021,36,0.444444,1
batter,23329,2022,83,0.626506,1
batter,23330,2022,464,0.579741,1
batter,23330,2023,661,0.629349,0
batter,23330,2024,920,0.588043,1
batter,23330,2025,975,0.589744,0
batter,23341,2023,206,0.645631,1
batter,23341,2024,250,0.596,1
batter,23346,2020,10,0.7,1
batter,23347,2020,859,0.542491,1
batter,23348,2020,1967,0.560752,1
batter,23348,2021,4136,0.536509,0
batter,23348,2022,5856,0.530225,0
batter,23348,2023,7972,0.524335,0
batter,23349,2020,200,0.61,1
batter,23349,2021,285,0.568421,0
batter,23349,2022,1157,0.53414,1
batter,23349,2023,1810,0.537017,1
batter,23349,2024,2058,0.526725,0
batter,23349,2025,3186,0.50565,0
batter,23352,2020,6,0.666667,1
batter,23357,2020,54,0.592593,0
batter,23358,2022,90,0.655556,0
batter,23366,2022,82,0.743902,1
batter,23367,2021,29,0.586207,1
batter,23367,2022,140,0.571429,1
batter,23367,2023,427,0.594848,1
batter,23367,2024,1363,0.546588,1
batter,23367,2025,1662,0.530686,1
batter,23373,2020,3,1.0,1
batter,23377,2020,3,0.333333,1
batter,23380,2020,5,1.0,0
batter,23387,2021,9,0.222222,1
batter,23387,2023,24,0.416667,0
batter,23388,2020,49,0.673469,1
batter,23395,2020,18,0.722222,1
batter,23395,2021,48,0.6875,1
batter,23395,2022,78,0.705128,1
batter,23395,2023,141,0.702128,1
batter,23395,2024,180,0.65,1
batter,23396,2020,25,0.52,1
batter,23396,2023,104,0.673077,1
batter,23396,2024,670,0.535821,1
batter,23396,2025,933,0.510182,0
batter,23401,2022,33,0.818182,1
batter,23404,2020,2318,0.577653,1
batter,23405,2022,42,0.690476,1
batter,23405,2023,181,0.657459,1
batter,23405,2024,556,0.55036,0
batter,23405,2025,1181,0.524979,1
batter,23407,2020,34,0.676471,1
batter,23407,2021,135,0.533333,1
batter,23407,2022,252,0.563492,1
batter,23407,2023,640,0.5625,0
batter,23407,2024,1031,0.542192,0
batter,23407,2025,1169,0.538067,0
batter,23408,2020,1082,0.550832,1
batter,23408,2021,1681,0.54075,1
batter,23408,2022,1945,0.547044,1
batter,23410,2020,2465,0.574037,0
batter,23410,2021,4897,0.56116,1
batter,23410,2022,6604,0.549667,1
batter,23413,2020,2182,0.574702,1
batter,23413,2021,4733,0.558631,0
batter,23413,2025,7432,0.530274,1
batter,23418,2020,1006,0.707753,1
batter,23418,2021,1440,0.656944,0
batter,23418,2025,1443,0.656272,1
batter,23420,2020,2185,0.507551,0
batter,23420,2021,4545,0.491969,0
batter,23420,2022,6807,0.499486,1
batter,23420,2023,9081,0.500606,0
batter,23420,2024,11231,0.507969,0
batter,23420,2025,13418,0.509018,1
batter,23425,2020,191,0.712042,1
batter,23425,2022,524,0.719466,1
batter,23425,2023,1579,0.71121,1
batter,23425,2024,2399,0.629012,1
batter,23427,2020,259,0.598456,0
batter,23427,2021,1297,0.59522,1
batter,23427,2022,2839,0.586826,0
batter,23427,2023,4124,0.573957,1
batter,23427,2024,5014,0.567611,0
batter,23427,2025,5276,0.56141,1
batter,23429,2025,5,0.2,1
batter,23430,2020,71,0.746479,0
batter,23430,2022,703,0.679943,0
batter,23430,2023,1947,0.650745,0
batter,23430,2024,2613,0.608879,1
batter,23430,2025,3980,0.55603,1
batter,23432,2021,41,0.463415,0
batter,23432,2022,203,0.640394,1
batter,23433,2022,790,0.627848,0
batter,23433,2023,2356,0.521222,1
batter,23433,2024,4395,0.527418,1
batter,23433,2025,5856,0.528176,0
batter,23435,2020,58,0.672414,1
batter,23435,2021,182,0.648352,1
batter,23435,2023,294,0.680272,0
batter,23436,2020,256,0.617188,1
batter,23436,2022,773,0.525226,0
batter,23436,2023,999,0.555556,0
batter,23436,2024,1142,0.545534,0
batter,23436,2025,1348,0.537092,1
batter,23442,2020,164,0.72561,0
batter,23442,2021,442,0.647059,1
batter,23442,2022,734,0.663488,1
batter,23442,2023,1475,0.601356,1
batter,23442,2024,2058,0.571429,0
batter,23442,2025,2147,0.565906,1
batter,23443,2020,2201,0.575193,1
batter,23443,2021,3878,0.541258,0
batter,23443,2022,5843,0.53363,1
batter,23443,2023,7768,0.532183,0
batter,23443,2024,9668,0.527203,1
batter,23443,2025,11347,0.518022,1
batter,23444,2020,210,0.695238,1
batter,23444,2021,330,0.660606,1
batter,23444,2022,1486,0.549798,0
batter,23444,2023,1743,0.541595,1
batter,23444,2024,1843,0.538253,1
batter,23444,2025,1945,0.531105,1
batter,23448,2020,11,0.818182,1
batter,23450,2020,28,0.821429,1
batter,23452,2020,104,0.615385,0
batter,23452,2021,488,0.604508,0
batter,23452,2022,1252,0.547125,1
batter,23452,2023,1262,0.549128,1
batter,23452,2024,1285,0.545525,1
batter,23452,2025,2200,0.530455,0
batter,23455,2020,1,1.0,1
batter,23463,2020,163,0.576687,1
batter,23463,2021,711,0.562588,0
batter,23463,2022,810,0.559259,1
batter,23463,2023,1662,0.531889,0
batter,23463,2024,2026,0.515301,0
batter,23463,2025,2520,0.515476,0
batter,23464,2020,259,0.621622,1
batter,23464,2021,1835,0.543324,1
batter,23464,2022,2910,0.524742,1
batter,23464,2023,3815,0.519266,0
batter,23464,2024,4130,0.515496,1
batter,23464,2025,4685,0.509712,0
batter,23465,2020,829,0.579011,1
batter,23465,2021,2893,0.536813,1
batter,23465,2022,4895,0.528498,0
batter,23465,2023,6658,0.524332,1
batter,23465,2024,7984,0.520165,1
batter,23465,2025,8147,0.520191,1
batter,23466,2021,12,0.583333,1
batter,23466,2022,95,0.631579,1
batter,23466,2023,890,0.52809,0
batter,23466,2024,1809,0.529022,1
batter,23466,2025,1980,0.528283,0
batter,23467,2020,313,0.603834,1
batter,23469,2020,119,0.689076,1
batter,23470,2022,179,0.614525,1
batter,23470,2023,298,0.543624,1
batter,23470,2024,357,0.529412,1
batter,23470,2025,490,0.508163,0
batter,23471,2020,1947,0.59322,0
batter,23471,2021,4249,0.563897,0
batter,23471,2022,6318,0.552073,0
batter,23471,2023,8542,0.541559,0
batter,23471,2024,10315,0.531556,0
batter,23471,2025,12378,0.52666,1
batter,23472,2020,67,0.522388,1
batter,23472,2021,198,0.565657,1
batter,23472,2022,510,0.570588,1
batter,23472,2023,877,0.549601,0
batter,23472,2024,930,0.546237,1
batter,23474,2020,172,0.5,1
batter,23474,2021,190,0.521053,1
batter,23474,2022,209,0.54067,0
batter,23474,2023,345,0.533333,1
batter,23474,2024,493,0.53144,0
batter,23474,2025,535,0.540187,1
batter,23476,2020,1939,0.551315,1
batter,23476,2021,4158,0.559163,1
batter,23476,2022,6819,0.541428,1
batter,23476,2023,7903,0.540807,0
batter,23476,2024,9038,0.535849,0
batter,23476,2025,11509,0.521157,0
batter,23481,2020,108,0.518519,0
batter,23481,2022,109,0.513761,1
batter,23481,2024,151,0.549669,0
batter,23482,2020,17,0.823529,1
batter,23483,2022,10,0.7,1
batter,23483,2023,64,0.671875,1
batter,23483,2025,227,0.519824,0
batter,23486,2020,41,0.707317,1
batter,23487,2023,56,0.785714,1
batter,23487,2025,58,0.775862,0
batter,23492,2020,26,0.576923,1
batter,23492,2023,79,0.594937,1
batter,23493,2020,98,0.571429,0
batter,23493,2021,106,0.566038,0
batter,23493,2024,112,0.535714,1
batter,23495,2020,2,0.5,0
batter,23505,2020,76,0.618421,1
batter,23505,2024,440,0.515909,1
batter,23505,2025,1598,0.505006,0
batter,23507,2020,129,0.387597,1
batter,23507,2022,209,0.392344,1
batter,23507,2023,221,0.402715,1
batter,23507,2025,249,0.417671,1
batter,23508,2020,219,0.570776,1
batter,23508,2021,2024,0.543478,0
batter,23508,2022,2384,0.552013,1
batter,23508,2023,2820,0.552837,1
batter,23508,2024,2876,0.554937,1
batter,23521,2020,74,0.594595,1
batter,23521,2021,410,0.565854,1
batter,23521,2022,430,0.572093,1
batter,23521,2023,704,0.553977,1
batter,23523,2020,11,0.818182,1
batter,23524,2020,272,0.617647,1
batter,23524,2021,381,0.622047,0
batter,23524,2022,395,0.622785,1
batter,23525,2020,160,0.5625,0
batter,23525,2021,840,0.547619,1
batter,23525,2022,1216,0.529605,1
batter,23525,2023,1432,0.531425,1
batter,23525,2024,1994,0.520562,0
batter,23526,2020,37,0.702703,1
batter,23526,2022,61,0.770492,1
batter,23526,2023,113,0.725664,1
batter,23526,2024,392,0.57398,0
batter,23526,2025,1195,0.52636,1
batter,23527,2020,24,0.791667,1
batter,23527,2023,90,0.7,1
batter,23529,2020,233,0.515021,0
batter,23529,2021,444,0.52027,1
batter,23529,2022,655,0.522137,0
batter,23529,2023,842,0.547506,0
batter,23529,2024,947,0.543823,1
batter,23531,2020,24,0.583333,1
batter,23531,2022,118,0.618644,1
batter,23531,2023,258,0.569767,0
batter,23531,2024,338,0.547337,0
batter,23546,2020,70,0.742857,0
batter,23546,2021,81,0.716049,0
batter,23546,2022,132,0.734848,1
batter,23546,2023,219,0.73516,1
batter,23546,2024,339,0.684366,1
batter,23546,2025,383,0.665796,1
batter,23547,2020,10,0.5,0
batter,23548,2020,94,0.702128,0
batter,23549,2020,295,0.630508,1
batter,23549,2021,1211,0.554913,0
batter,23549,2022,1248,0.563301,1
batter,23549,2023,1402,0.569187,1
batter,23549,2024,1752,0.55137,1
batter,23549,2025,2056,0.534047,1
batter,23551,2020,17,0.764706,1
batter,23551,2022,52,0.807692,1
batter,23551,2023,277,0.66065,1
batter,23551,2024,469,0.601279,0
batter,23551,2025,561,0.579323,1
batter,23552,2020,78,0.717949,1
batter,23552,2022,109,0.651376,1
batter,23552,2023,394,0.63198,1
batter,23552,2024,557,0.583483,1
batter,23552,2025,1594,0.530113,1
batter,23553,2020,604,0.589404,1
batter,23553,2021,888,0.584459,0
batter,23562,2020,197,0.573604,1
batter,23562,2021,409,0.555012,0
batter,23562,2022,529,0.586011,0
batter,23563,2020,9,0.333333,0
batter,23563,2021,13,0.307692,1
batter,23574,2021,2,0.0,0
batter,23576,2022,12,0.666667,0
batter,23576,2023,91,0.714286,1
batter,23578,2020,2487,0.547648,1
batter,23578,2021,3801,0.53749,1
batter,23578,2022,6529,0.526574,0
batter,23578,2023,9146,0.518806,1
batter,23578,2024,11159,0.511067,1
batter,23578,2025,11680,0.505822,0
batter,23579,2020,17,0.764706,1
batter,23579,2022,83,0.722892,0
batter,23579,2023,139,0.690647,1
batter,23579,2024,358,0.505587,0
batter,23579,2025,521,0.458733,1
batter,23582,2020,1856,0.548491,1
batter,23582,2021,2342,0.53971,0
batter,23582,2022,3465,0.533333,0
batter,23583,2020,1304,0.559816,1
batter,23583,2021,1470,0.554422,1
batter,23583,2023,2048,0.547852,1
batter,23583,2024,2824,0.533286,1
batter,23583,2025,4173,0.522406,0
batter,23584,2020,117,0.675214,0
batter,23584,2022,668,0.546407,1
batter,23584,2023,967,0.577042,0
batter,23584,2024,1564,0.535166,0
batter,23584,2025,2199,0.516598,1
batter,23586,2021,75,0.493333,0
batter,23602,2020,469,0.560768,1
batter,23602,2021,794,0.551637,1
batter,23602,2022,857,0.56126,1
batter,23602,2024,1235,0.536032,0
batter,23602,2025,2978,0.507388,0
batter,23604,2020,14,0.357143,1
batter,23604,2021,57,0.526316,1
batter,23604,2022,78,0.615385,1
batter,23605,2020,84,0.702381,1
batter,23605,2021,126,0.65873,0
batter,23605,2025,159,0.584906,0
batter,23606,2020,82,0.658537,1
batter,23606,2021,111,0.657658,1
batter,23606,2022,189,0.68254,0
batter,23606,2023,1178,0.532258,1
batter,23606,2024,2149,0.512797,1
batter,23606,2025,2321,0.509694,1
batter,23608,2022,89,0.640449,0
batter,23608,2023,124,0.693548,1
batter,23608,2024,203,0.640394,1
batter,23608,2025,246,0.626016,0
batter,23612,2020,35,0.542857,1
batter,23612,2023,73,0.712329,1
batter,23614,2020,2,0.5,1
batter,23625,2020,2334,0.583548,0
batter,23626,2020,170,0.494118,1
batter,23626,2021,686,0.526239,1
batter,23626,2022,1237,0.518998,1
batter,23626,2023,1500,0.524667,1
batter,23626,2024,1611,0.522036,1
batter,23635,2020,809,0.509271,1
batter,23637,2025,2,0.5,1
batter,23639,2020,40,0.675,1
batter,23639,2021,628,0.585987,0
batter,23639,2022,2415,0.533747,0
batter,23639,2023,4256,0.515977,1
batter,23639,2024,6362,0.523263,0
batter,23639,2025,8803,0.523572,1
batter,23641,2020,217,0.686636,1
batter,23641,2021,372,0.672043,1
batter,23641,2023,557,0.689408,0
batter,23641,2024,1581,0.557242,0
batter,23641,2025,2998,0.50567,0
batter,23645,2020,800,0.61625,1
batter,23645,2021,1152,0.563368,1
batter,23645,2022,1421,0.562984,0
batter,23645,2023,1536,0.579427,0
batter,23645,2024,1646,0.572296,1
batter,23645,2025,3132,0.553321,0
batter,23646,2020,2098,0.599142,1
batter,23646,2021,4195,0.566627,0
batter,23646,2022,6177,0.555448,0
batter,23646,2023,8449,0.541721,0
batter,23646,2024,10465,0.528715,0
batter,23646,2025,12644,0.520009,0
batter,23649,2020,183,0.52459,1
batter,23657,2020,20,0.6,1
batter,23657,2023,76,0.657895,1
batter,23658,2020,23,0.608696,1
batter,23658,2022,46,0.630435,1
batter,23658,2023,109,0.688073,1
batter,23661,2023,28,0.857143,1
batter,23662,2020,238,0.516807,1
batter,23662,2021,527,0.544592,1
batter,23662,2022,643,0.55521,1
batter,23662,2023,699,0.566524,1
batter,23662,2024,840,0.559524,1
batter,23662,2025,918,0.557734,0
batter,23663,2020,64,0.59375,0
batter,23664,2020,97,0.618557,0
batter,23664,2021,679,0.5081,1
batter,23664,2022,1820,0.519231,1
batter,23664,2023,3670,0.516894,1
batter,23664,2024,4510,0.517738,1
batter,23664,2025,4604,0.517159,0
batter,23666,2020,35,0.571429,1
batter,23667,2020,57,0.701754,1
batter,23667,2022,348,0.568966,1
batter,23667,2023,367,0.564033,1
batter,23667,2024,474,0.563291,1
batter,23667,2025,738,0.525745,1
batter,23668,2023,7,0.571429,1
batter,23669,2020,1171,0.554227,1
batter,23669,2021,1316,0.551672,1
batter,23669,2022,1553,0.555055,1
batter,23670,2020,245,0.608163,1
batter,23670,2021,297,0.612795,1
batter,23670,2022,762,0.564304,1
batter,23670,2023,931,0.555317,1
batter,23671,2020,742,0.516173,0
batter,23675,2020,16,0.75,1
batter,23675,2025,73,0.575342,0
batter,23677,2020,7,0.857143,0
batter,23677,2023,95,0.621053,1
batter,23680,2020,12,0.833333,1
batter,23681,2020,98,0.602041,1
batter,23681,2021,158,0.607595,0
batter,23681,2022,750,0.512,0
batter,23681,2023,1051,0.531874,0
batter,23681,2024,1200,0.530833,0
batter,23681,2025,1361,0.52388,1
batter,23683,2020,3,0.333333,1
batter,23683,2021,12,0.416667,1
batter,23685,2020,310,0.56129,1
batter,23685,2021,323,0.566563,1
batter,23685,2023,1332,0.521021,0
batter,23685,2024,2569,0.520047,0
batter,23685,2025,4624,0.492863,0
batter,23686,2020,17,0.647059,0
batter,23686,2021,89,0.595506,1
batter,23686,2023,119,0.605042,1
batter,23686,2024,126,0.595238,0
batter,23687,2020,2253,0.521083,0
batter,23687,2021,4697,0.515222,1
batter,23687,2022,6843,0.513956,0
batter,23687,2023,8939,0.513704,0
batter,23688,2020,75,0.546667,1
batter,23688,2021,337,0.531157,0
batter,23688,2022,1684,0.510095,1
batter,23688,2023,2285,0.519037,0
batter,23688,2024,2328,0.519759,0
batter,23691,2020,335,0.602985,1
batter,23691,2022,408,0.642157,1
batter,23691,2023,760,0.606579,1
batter,23691,2024,1688,0.55391,1
batter,23691,2025,2375,0.528842,1
batter,23692,2020,22,0.772727,1
batter,23693,2020,829,0.554885,1
batter,23693,2021,2333,0.555079,1
batter,23693,2022,4248,0.545669,1
batter,23693,2023,6169,0.535419,1
batter,23693,2024,8643,0.525396,0
batter,23693,2025,11046,0.516748,0
batter,23698,2020,306,0.663399,1
batter,23698,2021,524,0.583969,1
batter,23698,2022,1029,0.562682,0
batter,23698,2023,1342,0.560358,0
batter,23698,2024,1615,0.562229,1
batter,23698,2025,1924,0.54158,0
batter,23700,2020,114,0.649123,1
batter,23700,2021,292,0.589041,0
batter,23700,2022,322,0.596273,0
batter,23701,2020,38,0.842105,0
batter,23701,2021,536,0.610075,0
batter,23701,2022,850,0.622353,1
batter,23702,2020,161,0.776398,1
batter,23702,2021,233,0.699571,0
batter,23702,2022,310,0.648387,1
batter,23702,2023,406,0.672414,0
batter,23702,2024,535,0.618692,0
batter,23702,2025,639,0.604069,1
batter,23705,2021,287,0.560976,0
batter,23705,2022,1003,0.539382,1
batter,23705,2023,1009,0.540139,1
batter,23705,2024,1037,0.533269,1
batter,23705,2025,1129,0.533215,1
batter,23706,2020,73,0.780822,1
batter,23706,2021,205,0.712195,1
batter,23706,2022,563,0.559503,1
batter,23706,2023,707,0.547383,1
batter,23706,2024,825,0.538182,0
batter,23706,2025,847,0.531287,0
batter,23711,2021,15,0.6,1
batter,23712,2020,0,,0
batter,23712,2021,114,0.552632,1
batter,23712,2024,170,0.5,0
batter,23712,2025,262,0.496183,0
batter,23715,2023,51,0.54902,0
batter,23715,2024,210,0.538095,0
batter,23715,2025,872,0.486239,1
batter,23718,2020,478,0.564854,1
batter,23718,2021,701,0.550642,0
batter,23718,2022,907,0.545755,1
batter,23718,2023,962,0.551975,1
batter,23718,2024,1014,0.548323,0
batter,23718,2025,1044,0.548851,0
batter,23720,2020,1615,0.552322,1
batter,23720,2021,2594,0.547417,1
batter,23720,2022,3329,0.536497,1
batter,23720,2023,4265,0.541618,0
batter,23720,2024,4728,0.535745,0
batter,23720,2025,5171,0.536453,0
batter,23723,2022,32,0.6875,0
batter,23723,2023,414,0.57971,1
batter,23723,2024,426,0.577465,1
batter,23723,2025,496,0.558468,1
batter,23724,2020,81,0.555556,0
batter,23724,2021,802,0.541147,1
batter,23724,2022,1133,0.532215,0
batter,23724,2023,1470,0.527211,0
batter,23724,2024,1586,0.52396,1
batter,23726,2020,327,0.587156,0
batter,23726,2022,403,0.60794,1
batter,23726,2023,498,0.598394,0
batter,23726,2024,660,0.598485,1
batter,23726,2025,756,0.587302,0
batter,23728,2020,8,0.75,1
batter,23728,2021,102,0.54902,1
batter,23732,2021,67,0.671642,1
batter,23733,2020,100,0.62,1
batter,23733,2021,227,0.612335,0
batter,23733,2023,503,0.602386,0
batter,23733,2024,856,0.545561,0
batter,23733,2025,871,0.54535,1
batter,23734,2020,81,0.703704,1
batter,23734,2021,339,0.551622,1
batter,23734,2022,503,0.582505,1
batter,23734,2023,609,0.604269,1
batter,23734,2024,790,0.578481,0
batter,23734,2025,922,0.550976,0
batter,23735,2020,167,0.556886,1
batter,23735,2021,217,0.576037,1
batter,23735,2023,666,0.555556,0
batter,23735,2024,1058,0.534026,1
batter,23735,2025,1486,0.514805,0
batter,23739,2020,14,0.642857,1
batter,23739,2021,49,0.530612,0
batter,23739,2022,134,0.656716,1
batter,23739,2023,166,0.590361,0
batter,23739,2024,427,0.494145,1
batter,23739,2025,675,0.485926,0
batter,23742,2020,51,0.705882,1
batter,23742,2021,218,0.56422,1
batter,23742,2022,308,0.571429,1
batter,23742,2023,373,0.595174,0
batter,23746,2020,220,0.745455,0
batter,23746,2021,348,0.698276,0
batter,23750,2020,45,0.555556,0
batter,23750,2021,92,0.663043,0
batter,23750,2023,253,0.70751,0
batter,23750,2024,623,0.545746,0
batter,23750,2025,976,0.509221,1
batter,23752,2020,108,0.703704,1
batter,23752,2021,338,0.630178,1
batter,23752,2022,496,0.641129,0
batter,23752,2023,658,0.662614,1
batter,23752,2025,796,0.624372,1
batter,23753,2020,15,0.8,1
batter,23753,2021,75,0.613333,1
batter,23753,2022,111,0.621622,0
batter,23753,2024,116,0.62069,0
batter,23753,2025,175,0.542857,1
batter,23755,2020,52,0.711538,1
batter,23755,2021,156,0.551282,1
batter,23756,2020,36,0.583333,1
batter,23756,2021,188,0.664894,0
batter,23756,2024,199,0.658291,1
batter,23757,2020,143,0.748252,1
batter,23757,2021,356,0.567416,1
batter,23757,2022,650,0.567692,1
batter,23757,2023,1160,0.559483,1
batter,23757,2024,1542,0.547341,1
batter,23757,2025,1643,0.541692,0
batter,23759,2023,539,0.541744,1
batter,23759,2024,1437,0.508003,0
batter,23759,2025,2663,0.500188,1
batter,23760,2020,229,0.554585,1
batter,23760,2021,660,0.563636,1
batter,23760,2022,862,0.578886,1
batter,23760,2025,1079,0.568119,0
batter,23762,2023,19,0.578947,1
batter,23763,2020,89,0.617978,1
batter,23763,2021,151,0.596026,1
batter,23768,2020,849,0.568905,1
batter,23771,2024,1,1.0,0
batter,23773,2021,28,0.428571,0
batter,23773,2024,49,0.489796,0
batter,23773,2025,150,0.446667,1
batter,23776,2020,62,0.822581,0
batter,23776,2021,284,0.573944,1
batter,23776,2022,1216,0.522204,1
batter,23776,2023,1287,0.528361,1
batter,23776,2024,1496,0.532754,0
batter,23776,2025,2135,0.515222,1
batter,23778,2020,22,0.818182,1
batter,23778,2021,100,0.75,1
batter,23778,2022,203,0.738916,1
batter,23778,2023,1025,0.557073,1
batter,23778,2024,2567,0.504869,0
batter,23778,2025,4711,0.509871,0
batter,23780,2020,44,0.931818,1
batter,23780,2024,166,0.608434,1
batter,23788,2020,53,0.622642,0
batter,23788,2024,76,0.552632,1
batter,23788,2025,171,0.51462,0
batter,23789,2020,42,0.571429,0
batter,23789,2021,86,0.581395,0
batter,23789,2024,230,0.578261,1
batter,23789,2025,371,0.536388,0
batter,23791,2020,21,0.809524,1
batter,23791,2022,43,0.744186,0
batter,23793,2020,7,0.571429,1
batter,23793,2021,37,0.513514,0
batter,23793,2024,90,0.533333,1
batter,23797,2025,37,0.405405,0
batter,23798,2025,23,0.608696,1
batter,23799,2025,30,0.4,0
batter,23802,2025,25,0.6,0
batter,23803,2025,18,0.333333,0
batter,23805,2025,42,0.5,0
batter,23810,2025,37,0.513514,0
batter,23811,2025,40,0.475,0
batter,23817,2025,31,0.580645,1
batter,23835,2020,93,0.623656,1
batter,23835,2022,94,0.62766,1
batter,23835,2023,352,0.545455,1
batter,23835,2024,439,0.528474,1
batter,23835,2025,620,0.512903,1
batter,23836,2020,18,0.722222,0
batter,23836,2021,121,0.68595,1
batter,23837,2020,2,0.5,1
batter,23837,2023,23,0.826087,1
batter,23837,2024,91,0.56044,0
batter,23838,2020,61,0.721311,1
batter,23838,2022,102,0.637255,1
batter,23838,2023,269,0.70632,1
batter,23838,2024,392,0.642857,0
batter,23839,2020,12,0.583333,0
batter,23839,2021,137,0.547445,0
batter,23839,2022,182,0.598901,1
batter,23840,2020,1583,0.53127,1
batter,23840,2021,4028,0.545432,1
batter,23840,2022,6057,0.531451,1
batter,23841,2020,1041,0.59366,0
batter,23842,2020,856,0.560748,1
batter,23844,2020,825,0.472727,1
batter,23845,2020,7,0.857143,1
batter,23846,2020,8,0.5,0
batter,23847,2020,650,0.586154,1
batter,23849,2021,1,1.0,1
batter,23851,2023,164,0.713415,1
batter,23854,2021,437,0.590389,1
batter,23854,2022,1131,0.653404,1
batter,23854,2024,2525,0.574257,1
batter,23854,2025,4558,0.537078,0
batter,23855,2021,823,0.592953,0
batter,23855,2022,1495,0.654181,1
batter,23855,2023,1939,0.626612,1
batter,23855,2024,2386,0.604778,0
batter,23855,2025,3788,0.558342,1
batter,23859,2021,457,0.612691,1
batter,23859,2022,795,0.666667,0
batter,23859,2024,1460,0.580137,1
batter,23859,2025,2711,0.525267,1
batter,23861,2021,193,0.585492,1
batter,23864,2021,23,0.695652,0
batter,23864,2024,266,0.541353,0
batter,23864,2025,876,0.497717,1
batter,23865,2021,2003,0.453819,1
batter,23865,2022,2821,0.466147,0
batter,23875,2021,1071,0.537815,1
batter,23875,2022,2333,0.514359,0
batter,23875,2023,4019,0.505847,0
batter,23875,2024,5383,0.500836,1
batter,23875,2025,7407,0.493452,0
batter,23876,2021,39,0.641026,1
batter,23877,2023,13,0.846154,0
batter,23877,2024,44,0.477273,1
batter,23878,2021,9,0.555556,1
batter,23881,2021,696,0.518678,1
batter,23882,2021,2103,0.514503,0
batter,23882,2022,4096,0.509766,0
batter,23883,2023,12,0.833333,1
batter,23890,2021,17,0.705882,1
batter,23890,2022,97,0.721649,1
batter,23890,2024,138,0.652174,1
batter,23896,2023,1282,0.50936,0
batter,23896,2024,2046,0.508309,0
batter,23896,2025,3602,0.497779,1
batter,23899,2021,163,0.588957,1
batter,23899,2022,182,0.604396,1
batter,23899,2025,312,0.544872,1
batter,23900,2021,202,0.559406,0
batter,23900,2022,353,0.600567,1
batter,23900,2025,384,0.580729,1
batter,23901,2021,2011,0.546992,1
batter,23901,2022,4058,0.516264,0
batter,23901,2023,6382,0.512535,0
batter,23901,2024,8218,0.503529,1
batter,23901,2025,10437,0.498611,1
batter,23905,2021,222,0.536036,1
batter,23905,2023,279,0.55914,0
batter,23905,2024,355,0.512676,0
batter,23906,2021,137,0.59854,1
batter,23906,2022,157,0.598726,1
batter,23906,2024,268,0.496269,0
batter,23906,2025,312,0.5,1
batter,23907,2021,13,0.769231,1
batter,23911,2022,32,0.84375,1
batter,23911,2023,1154,0.549393,1
batter,23911,2024,1897,0.545071,0
batter,23911,2025,2319,0.531263,1
batter,23912,2021,27,0.666667,1
batter,23913,2021,22,0.681818,1
batter,23913,2023,181,0.685083,0
batter,23918,2021,10,0.5,0
batter,23918,2022,242,0.595041,1
batter,23918,2023,311,0.604502,0
batter,23918,2024,322,0.599379,1
batter,23918,2025,510,0.517647,1
batter,23919,2021,295,0.532203,0
batter,23919,2022,321,0.542056,0
batter,23919,2023,340,0.541176,1
batter,23919,2024,447,0.514541,0
batter,23919,2025,858,0.5,0
batter,23926,2023,61,0.770492,1
batter,23926,2025,114,0.631579,0
batter,23937,2021,99,0.59596,1
batter,23938,2021,607,0.558484,1
batter,23938,2022,1226,0.530179,1
batter,23938,2023,1418,0.525388,0
batter,23938,2025,1857,0.504039,0
batter,23939,2021,565,0.525664,1
batter,23939,2022,1368,0.532164,0
batter,23939,2023,1393,0.536253,1
batter,23939,2024,2000,0.5225,0
batter,23939,2025,3005,0.512146,0
batter,23940,2021,268,0.544776,1
batter,23940,2022,741,0.527665,1
batter,23940,2023,1580,0.525316,1
batter,23940,2024,2119,0.518169,0
batter,23940,2025,2215,0.518284,0
batter,23941,2021,43,0.604651,1
batter,23945,2021,162,0.574074,1
batter,23945,2022,322,0.624224,1
batter,23945,2024,406,0.603448,0
batter,23945,2025,431,0.593968,0
batter,23946,2021,7,0.571429,1
batter,23946,2022,21,0.571429,1
batter,23946,2025,111,0.387387,0
batter,23948,2021,271,0.553506,1
batter,23948,2022,511,0.547945,1
batter,23948,2023,1733,0.527986,1
batter,23948,2024,2960,0.515203,1
batter,23949,2021,347,0.512968,1
batter,23949,2023,849,0.55477,0
batter,23949,2024,1359,0.532009,0
batter,23949,2025,1617,0.522573,0
batter,23953,2025,4,0.75,1
batter,23957,2021,227,0.555066,0
batter,23957,2022,369,0.631436,1
batter,23957,2023,375,0.634667,0
batter,23957,2025,613,0.562806,1
batter,23958,2021,75,0.733333,1
batter,23960,2021,0,,1
batter,23961,2021,2067,0.539913,1
batter,23961,2022,4310,0.52645,1
batter,23965,2021,38,0.473684,1
batter,23965,2022,93,0.688172,1
batter,23965,2024,123,0.634146,0
batter,23965,2025,750,0.54,1
batter,23970,2021,13,0.846154,1
batter,23970,2023,108,0.583333,1
batter,23970,2024,498,0.522088,0
batter,23970,2025,721,0.49792,1
batter,23971,2022,34,0.705882,1
batter,23971,2025,171,0.502924,0
batter,23974,2024,70,0.528571,0
batter,23974,2025,101,0.514851,0
batter,23975,2021,154,0.61039,0
batter,23975,2022,315,0.653968,1
batter,23975,2024,407,0.628993,0
batter,23975,2025,796,0.530151,0
batter,23976,2022,258,0.542636,0
batter,23976,2023,482,0.522822,0
batter,23976,2024,580,0.506897,1
batter,23976,2025,635,0.505512,1
batter,23978,2021,263,0.51711,0
batter,23978,2022,609,0.545156,1
batter,23978,2023,970,0.551546,1
batter,23978,2024,1318,0.539454,0
batter,23978,2025,1680,0.513095,1
batter,23980,2021,173,0.624277,1
batter,23980,2022,345,0.634783,1
batter,23981,2021,27,0.444444,1
batter,23981,2022,33,0.515152,1
batter,23983,2021,136,0.661765,0
batter,23983,2022,151,0.655629,1
batter,23986,2021,200,0.57,1
batter,23989,2021,134,0.529851,0
batter,23989,2024,612,0.50817,0
batter,23989,2025,824,0.470874,0
batter,23990,2021,284,0.510563,1
batter,23990,2022,513,0.567251,1
batter,23990,2023,560,0.571429,1
batter,23990,2024,640,0.545312,0
batter,23990,2025,1563,0.503519,1
batter,23991,2023,1,1.0,1
batter,23992,2021,52,0.634615,0
batter,23992,2022,154,0.701299,1
batter,23992,2023,172,0.703488,1
batter,23992,2025,316,0.575949,0
batter,23993,2021,15,0.666667,1
batter,23993,2022,32,0.78125,1
batter,23993,2023,61,0.819672,0
batter,23995,2023,1,1.0,1
batter,23995,2025,35,0.4,0
batter,23996,2022,39,0.692308,0
batter,23996,2023,92,0.630435,1
batter,23996,2024,119,0.605042,1
batter,24000,2021,66,0.590909,1
batter,24000,2022,176,0.681818,1
batter,24002,2021,5,0.4,1
batter,24003,2021,10,0.8,0
batter,24004,2021,32,0.5,1
batter,24005,2021,1237,0.552142,1
batter,24006,2021,89,0.617978,0
batter,24006,2022,181,0.640884,1
batter,24007,2021,993,0.495468,0
batter,24007,2024,1841,0.485606,1
batter,24008,2021,833,0.553421,1
batter,24009,2021,159,0.528302,0
batter,24010,2022,1020,0.560784,0
batter,24010,2023,1630,0.571166,1
batter,24010,2024,1656,0.570048,1
batter,24010,2025,2115,0.548936,0
batter,24014,2022,108,0.694444,1
batter,24014,2025,118,0.669492,0
batter,24016,2022,255,0.694118,1
batter,24016,2023,727,0.700138,0
batter,24016,2025,1451,0.589938,1
batter,24019,2022,37,0.567568,1
batter,24019,2024,371,0.477089,0
batter,24019,2025,741,0.483131,1
batter,24022,2022,367,0.523161,0
batter,24022,2023,612,0.544118,1
batter,24022,2024,678,0.542773,1
batter,24022,2025,840,0.527381,0
batter,24023,2022,980,0.530612,1
batter,24024,2023,111,0.585586,1
batter,24024,2025,117,0.589744,0
batter,24029,2024,8,0.5,0
batter,24031,2022,167,0.598802,1
batter,24031,2024,203,0.571429,1
batter,24031,2025,369,0.531165,0
batter,24033,2022,14,0.857143,0
batter,24034,2022,57,0.824561,1
batter,24034,2023,136,0.779412,1
batter,24034,2025,249,0.658635,0
batter,24035,2023,53,0.811321,0
batter,24040,2022,590,0.494915,1
batter,24040,2023,674,0.522255,1
batter,24040,2024,807,0.513011,1
batter,24040,2025,2794,0.500716,1
batter,24041,2022,176,0.602273,1
batter,24041,2023,199,0.613065,1
batter,24041,2024,553,0.560579,1
batter,24041,2025,1271,0.517703,0
batter,24046,2022,113,0.725664,1
batter,24046,2024,137,0.686131,1
batter,24046,2025,269,0.6171,0
batter,24049,2022,66,0.757576,1
batter,24049,2024,68,0.764706,0
batter,24049,2025,128,0.640625,0
batter,24050,2022,134,0.58209,1
batter,24050,2023,206,0.65534,1
batter,24050,2024,289,0.591696,0
batter,24050,2025,1686,0.501779,0
batter,24054,2022,93,0.72043,1
batter,24054,2023,226,0.734513,1
batter,24054,2024,781,0.560819,0
batter,24054,2025,957,0.547544,0
batter,24057,2025,46,0.608696,1
batter,24058,2024,4,0.5,1
batter,24061,2022,18,0.888889,0
batter,24061,2023,57,0.807018,1
batter,24066,2024,71,0.408451,1
batter,24066,2025,84,0.392857,0
batter,24067,2025,31,0.516129,0
batter,24068,2022,12,0.916667,1
batter,24068,2023,24,0.75,0
batter,24068,2024,562,0.519573,0
batter,24068,2025,725,0.517241,0
batter,24071,2022,18,0.611111,1
batter,24071,2025,108,0.490741,0
batter,24072,2022,47,0.723404,0
batter,24072,2023,1712,0.517523,1
batter,24072,2024,3580,0.501117,1
batter,24072,2025,4387,0.494871,0
batter,24074,2022,2388,0.502513,1
batter,24074,2023,4562,0.512495,0
batter,24074,2024,6753,0.511476,1
batter,24075,2022,791,0.498104,1
batter,24075,2023,2059,0.490529,0
batter,24075,2024,4014,0.496014,1
batter,24075,2025,5952,0.490087,0
batter,24077,2022,20,0.65,1
batter,24077,2023,88,0.727273,1
batter,24077,2024,122,0.639344,1
batter,24077,2025,248,0.532258,1
batter,24079,2022,7,0.857143,1
batter,24079,2023,56,0.589286,1
batter,24079,2024,96,0.53125,0
batter,24080,2022,2,0.5,1
batter,24080,2023,23,0.782609,1
batter,24082,2023,7,0.428571,1
batter,24086,2025,684,0.501462,0
batter,24087,2022,472,0.574153,0
batter,24087,2023,2215,0.523702,1
batter,24087,2024,4022,0.511437,0
batter,24087,2025,6347,0.511895,0
batter,24090,2022,189,0.62963,1
batter,24090,2023,775,0.581935,1
batter,24090,2024,787,0.579416,0
batter,24090,2025,794,0.576826,1
batter,24091,2022,52,0.769231,1
batter,24091,2023,188,0.659574,0
batter,24091,2024,524,0.53626,1
batter,24091,2025,592,0.540541,0
batter,24092,2022,19,0.631579,0
batter,24092,2023,154,0.675325,1
batter,24093,2022,64,0.703125,1
batter,24093,2023,347,0.70317,0
batter,24093,2024,411,0.6691,0
batter,24095,2022,9,0.888889,1
batter,24095,2023,228,0.692982,1
batter,24095,2024,295,0.657627,0
batter,24096,2022,7,0.857143,1
batter,24098,2022,902,0.507761,1
batter,24098,2023,1900,0.506842,1
batter,24098,2024,2140,0.501402,1
batter,24101,2022,43,0.651163,1
batter,24101,2023,68,0.632353,1
batter,24101,2025,205,0.487805,1
batter,24103,2022,89,0.741573,1
batter,24103,2023,168,0.702381,1
batter,24106,2022,104,0.653846,1
batter,24106,2023,196,0.673469,1
batter,24106,2024,202,0.663366,0
batter,24106,2025,215,0.655814,0
batter,24108,2022,0,,1
batter,24108,2025,112,0.4375,0
batter,24114,2022,32,0.625,1
batter,24119,2022,97,0.56701,0
batter,24119,2023,121,0.570248,1
batter,24120,2022,43,0.72093,1
batter,24120,2023,79,0.78481,1
batter,24120,2025,165,0.618182,1
batter,24121,2025,3,0.0,1
batter,24122,2022,10,0.8,1
batter,24122,2025,77,0.558442,0
batter,24123,2023,91,0.736264,0
batter,24123,2025,124,0.701613,1
batter,24124,2022,8,0.75,1
batter,24124,2023,31,0.645161,0
batter,24124,2024,78,0.538462,0
batter,24124,2025,157,0.509554,1
batter,24127,2022,6,0.666667,1
batter,24128,2022,141,0.631206,1
batter,24128,2023,431,0.640371,1
batter,24128,2024,515,0.625243,0
batter,24128,2025,563,0.618117,1
batter,24130,2022,163,0.638037,1
batter,24130,2023,181,0.651934,0
batter,24130,2025,319,0.548589,1
batter,24132,2022,113,0.646018,1
batter,24132,2023,141,0.652482,1
batter,24132,2024,177,0.632768,0
batter,24132,2025,354,0.556497,0
batter,24134,2022,65,0.8,0
batter,24134,2023,211,0.753555,1
batter,24134,2024,249,0.726908,0
batter,24134,2025,310,0.674194,0
batter,24137,2022,77,0.662338,1
batter,24137,2024,140,0.6,0
batter,24137,2025,153,0.601307,0
batter,24139,2022,1038,0.537572,0
batter,24141,2022,45,0.711111,1
batter,24141,2023,72,0.708333,1
batter,24142,2022,38,0.842105,1
batter,24143,2022,605,0.540496,1
batter,24144,2022,2391,0.505228,0
batter,24144,2023,4434,0.503157,0
batter,24144,2024,6257,0.498322,1
batter,24144,2025,7475,0.492441,0
batter,24145,2022,343,0.548105,1
batter,24145,2023,372,0.572581,1
batter,24145,2024,397,0.56927,1
batter,24148,2022,598,0.560201,0
batter,24149,2022,906,0.532009,0
batter,24150,2022,1019,0.481845,1
batter,24155,2023,181,0.767956,1
batter,24155,2025,588,0.571429,0
batter,24158,2023,26,0.884615,0
batter,24158,2024,152,0.552632,0
batter,24158,2025,572,0.52972,0
batter,24159,2023,1,0.0,1
batter,24159,2024,434,0.465438,1
batter,24159,2025,832,0.463942,1
batter,24160,2023,686,0.698251,1
batter,24160,2025,1022,0.626223,1
batter,24162,2023,823,0.708384,1
batter,24162,2024,1255,0.611952,1
batter,24163,2023,507,0.538462,1
batter,24171,2023,77,0.727273,0
batter,24171,2025,188,0.579787,0
batter,24174,2023,37,0.72973,1
batter,24174,2024,85,0.576471,0
batter,24174,2025,88,0.556818,0
batter,24175,2023,152,0.710526,1
batter,24176,2023,95,0.715789,1
batter,24176,2025,108,0.675926,0
batter,24177,2023,1031,0.516004,1
batter,24180,2023,685,0.50073,1
batter,24180,2024,1454,0.511692,1
batter,24180,2025,1467,0.511247,1
batter,24186,2023,3,1.0,1
batter,24186,2024,32,0.3125,0
batter,24187,2023,37,0.864865,1
batter,24187,2024,70,0.657143,0
batter,24188,2023,9,0.888889,0
batter,24189,2023,3,0.666667,1
batter,24190,2023,61,0.704918,1
batter,24191,2023,94,0.723404,0
batter,24191,2024,302,0.546358,0
batter,24191,2025,933,0.459807,0
batter,24194,2023,2099,0.522153,1
batter,24195,2023,26,0.846154,1
batter,24200,2023,30,0.7,1
batter,24204,2023,20,0.8,0
batter,24206,2023,17,0.823529,1
batter,24206,2024,23,0.73913,0
batter,24206,2025,70,0.614286,0
batter,24207,2023,2196,0.520036,1
batter,24210,2023,414,0.55314,1
batter,24210,2024,486,0.54321,0
batter,24210,2025,599,0.539232,1
batter,24212,2023,100,0.61,1
batter,24212,2024,1826,0.514786,0
batter,24212,2025,4445,0.506187,1
batter,24213,2025,4,0.25,1
batter,24214,2023,329,0.541033,1
batter,24214,2024,374,0.526738,0
batter,24214,2025,467,0.522484,0
batter,24215,2024,81,0.493827,1
batter,24215,2025,153,0.529412,0
batter,24216,2023,8,0.75,1
batter,24217,2023,79,0.721519,1
batter,24218,2023,83,0.746988,1
batter,24218,2024,126,0.642857,0
batter,24219,2023,9,0.222222,0
batter,24219,2024,45,0.511111,0
batter,24220,2023,56,0.696429,1
batter,24221,2023,1286,0.559876,1
batter,24225,2023,147,0.734694,1
batter,24225,2025,193,0.632124,1
batter,24227,2023,150,0.58,0
batter,24227,2024,270,0.52963,1
batter,24230,2023,60,0.616667,1
batter,24230,2025,89,0.573034,1
batter,24232,2023,16,0.8125,0
batter,24232,2024,149,0.557047,1
batter,24233,2023,13,0.538462,1
batter,24235,2023,43,0.767442,1
batter,24235,2025,63,0.68254,0
batter,24236,2023,63,0.714286,1
batter,24236,2025,87,0.666667,0
batter,24238,2023,16,0.625,1
batter,24242,2023,216,0.634259,1
batter,24242,2024,270,0.6,0
batter,24242,2025,416,0.540865,0
batter,24243,2023,4,1.0,0
batter,24243,2025,72,0.430556,0
batter,24245,2023,604,0.596026,1
batter,24245,2024,977,0.576254,1
batter,24245,2025,1221,0.56593,1
batter,24250,2023,17,0.764706,0
batter,24251,2023,2604,0.504608,0
batter,24255,2023,59,0.762712,0
batter,24255,2025,220,0.522727,1
batter,24260,2024,29,0.482759,1
batter,24260,2025,169,0.43787,0
batter,24263,2023,307,0.557003,0
batter,24263,2025,1611,0.498448,0
batter,24264,2023,1015,0.514286,0
batter,24264,2024,2484,0.51087,1
batter,24264,2025,4867,0.502774,1
batter,24266,2024,2,0.5,1
batter,24266,2025,129,0.465116,1
batter,24270,2023,2020,0.520297,0
batter,24270,2024,4196,0.512154,0
batter,24270,2025,6401,0.506171,1
batter,24272,2023,867,0.537486,1
batter,24272,2024,3030,0.522772,0
batter,24272,2025,5035,0.509235,1
batter,24273,2023,70,0.414286,0
batter,24273,2024,477,0.509434,0
batter,24273,2025,2433,0.498561,1
batter,24274,2023,222,0.608108,1
batter,24274,2024,268,0.619403,1
batter,24274,2025,499,0.54509,0
batter,24278,2023,78,0.474359,0
batter,24278,2024,224,0.464286,1
batter,24278,2025,242,0.475207,0
batter,24280,2023,48,0.583333,1
batter,24280,2024,129,0.51938,1
batter,24282,2023,50,0.78,0
batter,24282,2024,86,0.686047,0
batter,24284,2023,15,0.733333,1
batter,24287,2023,71,0.591549,0
batter,24287,2024,166,0.542169,0
batter,24288,2023,24,0.75,1
batter,24288,2025,50,0.64,1
batter,24290,2025,62,0.451613,0
batter,24292,2023,27,0.740741,1
batter,24295,2023,28,0.678571,0
batter,24296,2023,57,0.719298,1
batter,24296,2024,156,0.538462,1
batter,24296,2025,256,0.523438,0
batter,24297,2023,287,0.595819,1
batter,24297,2024,436,0.573394,1
batter,24299,2023,81,0.740741,1
batter,24299,2024,104,0.711538,1
batter,24299,2025,217,0.603687,1
batter,24301,2023,1312,0.503049,1
batter,24301,2024,3518,0.514781,0
batter,24302,2023,63,0.698413,1
batter,24304,2023,779,0.471117,1
batter,24308,2023,788,0.497462,0
batter,24309,2023,1004,0.486056,1
batter,24309,2024,1967,0.497712,1
batter,24315,2024,112,0.517857,0
batter,24315,2025,447,0.49217,1
batter,24316,2025,38,0.289474,0
batter,24325,2024,18,0.5,1
batter,24326,2024,2075,0.494458,1
batter,24331,2024,97,0.494845,0
batter,24331,2025,130,0.507692,1
batter,24332,2024,86,0.523256,0
batter,24332,2025,113,0.486726,1
batter,24335,2024,55,0.454545,1
batter,24335,2025,105,0.428571,1
batter,24336,2024,104,0.394231,1
batter,24341,2024,1912,0.491109,1
batter,24342,2024,923,0.508126,0
batter,24342,2025,2018,0.516353,0
batter,24345,2024,375,0.418667,1
batter,24348,2024,727,0.473177,1
batter,24350,2024,530,0.439623,1
batter,24351,2024,92,0.48913,1
batter,24352,2024,354,0.483051,0
batter,24353,2024,628,0.479299,1
batter,24354,2024,2217,0.548489,1
batter,24354,2025,4508,0.534605,1
batter,24356,2024,1713,0.514302,0
batter,24356,2025,2800,0.516786,0
batter,24357,2024,54,0.37037,1
batter,24357,2025,163,0.429448,0
batter,24359,2024,1,1.0,1
batter,24362,2024,10,0.7,0
batter,24366,2024,4,0.25,0
batter,24368,2024,28,0.464286,0
batter,24371,2024,432,0.467593,1
batter,24372,2024,1801,0.487507,0
batter,24372,2025,2093,0.48925,0
batter,24375,2024,260,0.476923,0
batter,24375,2025,306,0.464052,0
batter,24379,2024,21,0.380952,1
batter,24379,2025,22,0.409091,0
batter,24381,2024,12,0.333333,0
batter,24382,2024,55,0.545455,0
batter,24383,2024,166,0.463855,1
batter,24383,2025,269,0.486989,0
batter,24385,2024,134,0.462687,0
batter,24386,2024,43,0.44186,1
batter,24390,2024,83,0.481928,1
batter,24396,2024,49,0.530612,1
batter,24396,2025,55,0.545455,1
batter,24397,2024,15,0.6,0
batter,24397,2025,39,0.564103,1
batter,24398,2024,129,0.418605,1
batter,24398,2025,1245,0.471486,0
batter,24400,2024,989,0.478261,1
batter,24400,2025,1022,0.479452,0
batter,24402,2024,129,0.372093,0
batter,24402,2025,409,0.396088,0
batter,24403,2024,132,0.462121,1
batter,24403,2025,200,0.43,0
batter,24404,2024,96,0.447917,0
batter,24405,2024,30,0.4,1
batter,24405,2025,107,0.448598,0
batter,24406,2024,8,0.5,0
batter,24407,2025,16,0.4375,1
batter,24408,2025,33,0.545455,0
batter,24409,2024,5,0.6,1
batter,24409,2025,38,0.5,0
batter,24413,2024,92,0.402174,0
batter,24413,2025,456,0.473684,0
batter,24416,2024,56,0.517857,0
batter,24418,2024,280,0.5,1
batter,24418,2025,377,0.511936,0
batter,24419,2024,23,0.434783,0
batter,24421,2024,33,0.393939,1
batter,24421,2025,38,0.421053,1
batter,24426,2024,268,0.514925,0
batter,24426,2025,619,0.489499,1
batter,24427,2024,54,0.333333,0
batter,24430,2024,116,0.508621,1
batter,24430,2025,136,0.529412,1
batter,24437,2024,6,0.833333,0
batter,24438,2024,4,0.75,0
batter,24439,2024,1880,0.473936,1
batter,24439,2025,3935,0.472173,0
batter,24442,2024,127,0.496063,0
batter,24443,2024,137,0.459854,1
batter,24443,2025,194,0.479381,1
batter,24445,2024,101,0.485149,0
batter,24445,2025,118,0.449153,0
batter,24448,2024,92,0.51087,1
batter,24448,2025,130,0.469231,1
batter,24457,2024,29,0.655172,1
batter,24458,2024,15,0.6,0
batter,24462,2024,1001,0.54046,0
batter,24464,2024,808,0.522277,1
batter,24466,2024,926,0.481641,1
batter,24466,2025,2498,0.481986,1
batter,24470,2025,24,0.333333,1
batter,24471,2025,42,0.52381,1
batter,24472,2025,46,0.391304,1
batter,24473,2025,18,0.388889,0
batter,24474,2025,15,0.466667,1
batter,24475,2025,38,0.421053,0
batter,24476,2025,25,0.48,0
batter,24479,2025,849,0.440518,1
batter,24480,2025,755,0.463576,0
batter,24481,2025,243,0.489712,0
batter,24489,2025,83,0.421687,0
batter,24490,2025,1118,0.446333,0
batter,24491,2025,301,0.481728,1
batter,24492,2025,737,0.459973,0
batter,24493,2025,42,0.404762,1
batter,24496,2025,997,0.487462,0
batter,24497,2025,79,0.544304,1
batter,24500,2025,1108,0.471119,1
batter,24501,2025,297,0.474747,1
batter,24503,2025,98,0.469388,0
batter,24505,2025,14,0.428571,0
batter,24507,2025,198,0.444444,0
batter,24510,2025,2149,0.489995,0
batter,24517,2025,66,0.530303,1
batter,24520,2025,53,0.415094,0
batter,24521,2025,20,0.4,1
batter,24526,2025,2441,0.507169,1
batter,24528,2025,112,0.330357,0
batter,24529,2025,220,0.354545,1
batter,24530,2025,89,0.483146,1
batter,24532,2025,289,0.49481,1
batter,24534,2025,52,0.538462,1
batter,24536,2025,95,0.389474,0
batter,24542,2025,1169,0.479042,1
batter,24543,2025,110,0.454545,1
batter,24545,2025,2068,0.46325,0
batter,24547,2025,138,0.449275,0
batter,24548,2025,1477,0.488152,1
batter,24551,2025,4,0.5,1
batter,24554,2025,100,0.45,1
batter,24558,2025,22,0.5,1
batter,24562,2025,38,0.394737,0
batter,24567,2025,424,0.502358,0
batter,24569,2025,1164,0.475945,1
batter,24574,2025,187,0.433155,0
batter,24575,2025,49,0.387755,0
batter,24578,2025,82,0.414634,0
batter,24581,2025,86,0.372093,0
batter,24582,2025,625,0.4752,1
batter,24583,2025,6,0.5,0
batter,24584,2025,32,0.4375,0
batter,24588,2025,38,0.421053,1
batter,24589,2025,52,0.384615,1
batter,24590,2025,108,0.518519,1
batter,24593,2025,136,0.441176,0
batter,24594,2025,37,0.432432,0
batter,24595,2025,8,0.375,0
batter,24601,2025,22,0.545455,1
batter,24603,2025,28,0.571429,0
batter,24612,2025,4,0.0,1
batter,24613,2025,22,0.5,1
batter,24616,2025,49,0.428571,0
batter,24620,2025,38,0.552632,1
batter,24628,2025,100,0.47,0
batter,24630,2025,684,0.494152,0
batter,24632,2025,465,0.432258,1
