match_season,inning,top_bottom,balls_before,strikes_before,pitcher_hand,batter_hand,tm_rel_speed_std,tm_spin_rate_std,tm_ivb_std,tm_hb_std,tm_extension_std
2019,1,B,0,0,1,1,9.265557695134412,186.04063039597216,23.38332813664364,18.795349838342133,0.1755765613450373
2019,1,B,0,0,1,2,9.634019736903184,277.6180383038548,22.686435806443004,18.23244948423791,0.17806342637086472
2019,1,B,0,0,2,1,9.779208876686242,298.77997983830466,22.55068846852511,19.01395191635182,0.13629682412688013
2019,1,B,0,0,2,2,9.823463143970898,266.98837995119374,24.087950100799958,21.090995551585262,0.13754847777509313
2019,1,B,0,1,1,1,11.068914428648556,203.32688976955174,28.89246623494597,22.097598690237763,0.18876607184247945
2019,1,B,0,1,1,2,9.559375863902975,308.3704779487854,22.91924351014962,18.962413146389892,0.16864154708241144
2019,1,B,0,1,2,1,10.58571608685467,390.82276549770836,25.969588250810254,22.183971968625006,0.14353847584380386
2019,1,B,0,1,2,2,10.62789405209422,313.04490318292244,26.314345759741894,23.614487841505447,0.1382731182253752
2019,1,B,0,2,1,1,9.341719433047716,256.9404532542166,27.312753875041086,20.238257453783298,0.15443457632971616
2019,1,B,0,2,1,2,8.72224384126965,320.7251545612413,23.275377196887348,19.24218010371072,0.15534461739008976
2019,1,B,0,2,2,1,10.15149825904512,461.78157957445444,25.61713292404119,23.258641362876688,0.1454529630805575
2019,1,B,0,2,2,2,8.996721276962772,390.79646727796114,24.68605484013661,21.890372315279095,0.13994893121257046
2019,1,B,1,0,1,1,8.267285243323553,184.87566743962182,21.335050072621097,18.441826527672717,0.1798885476827906
2019,1,B,1,0,1,2,8.010362092365833,277.8945850844125,17.5067518611224,17.38386226868296,0.1933355525170376
2019,1,B,1,0,2,1,9.343155168587986,325.08416742760335,20.801958313035104,18.6508246712686,0.13347265828575017
2019,1,B,1,0,2,2,9.205336022648863,298.2199388480009,22.285509423327237,20.361931878133817,0.14409402837554258
2019,1,B,1,1,1,1,9.3565114763962,199.72141937262145,25.06452682183286,19.014689338146468,0.19570354272015614
2019,1,B,1,1,1,2,8.848455838098992,326.0259998240623,21.24893442362192,19.5191973508316,0.19336704197729515
2019,1,B,1,1,2,1,10.451359302390516,380.3658585762839,25.500393791917986,22.848738705809478,0.14138188137493102
2019,1,B,1,1,2,2,10.105166677426629,304.21897312465717,25.945883751967276,23.568236939097652,0.14483458450122216
2019,1,B,1,2,1,1,8.54340749349079,248.16388724838612,26.577337828224675,19.60506175635041,0.15836090770100644
2019,1,B,1,2,1,2,9.3785896163066,370.236056672102,24.57469296154202,23.324448560608506,0.21342248481337103
2019,1,B,1,2,2,1,9.693572535512002,434.7123697574805,26.78338872674966,22.93106160189144,0.14924606967331366
2019,1,B,1,2,2,2,10.090526812915975,393.6751540627897,26.772451209732306,23.631806808845422,0.1415251035984676
2019,1,B,2,0,1,1,8.364453821804686,154.3257987213002,20.234319517190613,15.911364587620817,0.1851643059724255
2019,1,B,2,0,1,2,7.9230892792823635,242.04785066682672,17.09440390990022,15.925611727156618,0.18504935350164012
2019,1,B,2,0,2,1,7.974898992047625,262.01953846371146,18.828675032669057,16.329068959131025,0.1317619186727958
2019,1,B,2,0,2,2,8.609525108706732,258.1355232856777,20.55515905800207,20.162720016152473,0.13748292619295172
2019,1,B,2,1,1,1,7.96286036208336,168.68145094522336,20.88824518156017,17.733699301049388,0.1952911962091627
2019,1,B,2,1,1,2,8.063866531773849,311.3749724667509,17.5002158722381,17.781809891932014,0.18984724514695728
2019,1,B,2,1,2,1,9.243869392565705,325.7973005129981,20.539161212163272,18.974669751240487,0.1391429670743701
2019,1,B,2,1,2,2,8.88226075177363,322.4404853952058,20.93780308227265,21.022054923047687,0.13627329566894356
2019,1,B,2,2,1,1,9.155223729772104,194.1942612552877,24.204362970584878,20.114858441865746,0.19076734564677686
2019,1,B,2,2,1,2,9.722653132047506,335.2491096292807,25.526680257082532,21.391172965605477,0.20243124855458758
2019,1,B,2,2,2,1,9.67022041030145,394.40286868451807,25.132137647116835,21.453496096317277,0.12864985433787954
2019,1,B,2,2,2,2,9.664501604838243,388.1541786077692,25.249095698879746,23.543831017715718,0.13802068591151254
2019,1,B,3,0,1,1,7.5076009658148966,140.7031238326891,14.275409745002294,17.642917967736874,0.23042407819335078
2019,1,B,3,0,1,2,6.974575204828234,198.03829829039677,14.417121458487651,13.005411933898758,0.1928004433342363
2019,1,B,3,0,2,1,5.972607459815814,214.5681195387513,13.507718398314038,11.59502920662423,0.14044960909809798
2019,1,B,3,0,2,2,6.162452504117274,200.70475722437217,18.289774513289714,14.274678244831916,0.1333749627448101
2019,1,B,3,1,1,1,8.046579855046271,152.8337170709964,21.536680149471582,18.935410294554696,0.23573428697659496
2019,1,B,3,1,1,2,6.732122161400937,258.23127095188994,16.610938973465167,14.343278191876284,0.179430438765179
2019,1,B,3,1,2,1,7.3280553785039535,260.5129742129297,15.028396074325384,14.232030783979944,0.14039645048253038
2019,1,B,3,1,2,2,8.050547447330167,242.2006487933979,21.861241837690237,17.92626249115688,0.15889411570432782
2019,1,B,3,2,1,1,8.796801279212282,217.74180408101088,25.910056249959197,17.439247078010883,0.2049226552647422
2019,1,B,3,2,1,2,8.742024918539778,306.33756067681406,21.87133978627223,17.944586169520807,0.19103747962103682
2019,1,B,3,2,2,1,9.24121933140221,313.82779794813,19.815693526218322,17.560086559673422,0.12220099515347836
2019,1,B,3,2,2,2,9.761766969619782,364.00349194188993,21.964682125795605,21.01727116828767,0.138886056335115
2019,1,T,0,0,1,1,8.552144605889323,186.50806197409514,21.731344171738435,18.696349237117154,0.18572596052143703
2019,1,T,0,0,1,2,8.438320213103772,307.7802931460967,18.899154498459517,17.5756795696556,0.178852378171592
2019,1,T,0,0,2,1,8.994878687462323,312.0693326028309,22.447573180411144,18.85591625714775,0.14399392805207575
2019,1,T,0,0,2,2,9.96774182230989,264.3063008284183,24.710077370184163,21.60817821227361,0.14889604132460363
2019,1,T,0,1,1,1,11.030203836172614,206.36295540610163,27.626525276980242,21.10830937637923,0.18999099850580056
2019,1,T,0,1,1,2,9.41541300341568,314.0591817620071,22.880518175187536,20.77707727836882,0.20325486512294283
2019,1,T,0,1,2,1,10.365818718508132,391.39961298670084,26.871194895596755,22.490008532255477,0.15369069414463746
2019,1,T,0,1,2,2,10.620342728675999,355.78028275675797,26.740422642355437,24.928103703285434,0.1572937832441133
2019,1,T,0,2,1,1,10.239736557258071,301.26039759280235,30.89821211335137,22.512658166282332,0.2162455251458813
2019,1,T,0,2,1,2,9.96721367785401,369.8929302325818,27.69703665949156,24.248279070350073,0.22915994987941068
2019,1,T,0,2,2,1,9.246941564442054,460.15230130109603,26.025611671053714,21.360459674137132,0.15272930800065312
2019,1,T,0,2,2,2,9.683914544845981,434.33705383899155,26.504650268676127,23.12545194647665,0.1332190527965475
2019,1,T,1,0,1,1,7.966253605669225,183.20688039466535,21.044367839456648,19.590561510727145,0.17504565315186674
2019,1,T,1,0,1,2,8.630315470928382,285.6707800065893,18.169907122069997,18.10125982404659,0.17058310675545907
2019,1,T,1,0,2,1,8.585535657822364,325.1295534512403,21.97517225640406,18.258519522773348,0.13579981038798528
2019,1,T,1,0,2,2,9.042905424904554,284.7471272374715,22.87777951365303,20.735637544357285,0.14272441271507905
2019,1,T,1,1,1,1,10.242746094733105,193.3403483227311,26.598924261476213,20.17692651645198,0.17517616994097826
2019,1,T,1,1,1,2,10.699848405110055,383.91707596925454,25.423089067670684,22.075477888163757,0.20397001368216172
2019,1,T,1,1,2,1,10.66551978077545,378.49680408499347,25.668912141493834,23.252741276196883,0.15309712350432875
2019,1,T,1,1,2,2,10.162599301855876,347.9230157284689,25.329524001868197,23.455134195058328,0.15313000389199985
2019,1,T,1,2,1,1,11.109645595758424,282.49856609396954,28.084834939307726,18.941612399116917,0.2053743431368102
2019,1,T,1,2,1,2,10.097732720684975,376.06520274604935,23.651865508566633,23.028830295197128,0.18473232349060076
2019,1,T,1,2,2,1,9.726754423559901,451.41489152443177,25.03410343379285,23.169082034757302,0.15478150949415936
2019,1,T,1,2,2,2,9.69881290813142,378.60272226491423,25.662292089477184,24.222875199072785,0.15591905270521575
2019,1,T,2,0,1,1,6.786458545975604,212.9297270549521,16.57601150400472,17.07766203933996,0.1720119415563809
2019,1,T,2,0,1,2,8.006067389107024,254.3533995694024,12.920905301619543,16.985179437761126,0.14663507774176004
2019,1,T,2,0,2,1,7.192913760953335,264.3257783079757,19.67696012917037,15.962716588866284,0.13537286191205888
2019,1,T,2,0,2,2,8.305296846989288,293.04959478465423,18.90138371906614,19.315224767453827,0.14009372696976058
2019,1,T,2,1,1,1,8.01919007207214,180.0913310303493,19.508258998245193,19.153118208017137,0.19209178764183113
2019,1,T,2,1,1,2,8.0572660170289,319.2596861569416,16.32940779651481,16.74488616885757,0.1779474844037123
2019,1,T,2,1,2,1,8.600038467094262,314.36509914018563,20.979959289755374,18.73033783133406,0.15627431826706703
2019,1,T,2,1,2,2,9.191880851587413,294.162376053464,22.401433018363196,21.75543945334161,0.13990167324367364
2019,1,T,2,2,1,1,9.388720343617504,210.34169773834446,24.68256918874244,20.722152485189074,0.15671442033672825
2019,1,T,2,2,1,2,9.577258646387069,364.1325346058203,25.025672655097498,21.662512519821547,0.19629981964762136
2019,1,T,2,2,2,1,10.354736339864331,407.20892430131863,25.396392029574933,22.56437397861245,0.15323407641758863
2019,1,T,2,2,2,2,9.80798719926859,419.89640010757904,25.323621351354976,24.40818128202743,0.14435342885041919
2019,1,T,3,0,1,1,6.301701242332821,220.45946597957635,10.516926676274911,13.069184626899442,0.17659865292453936
2019,1,T,3,0,1,2,6.693232629756423,149.99500522765163,11.04878013791731,10.78863197834623,0.12973654341451826
2019,1,T,3,0,2,1,5.636147370050146,201.59899097206744,16.1879048361899,12.84363173633916,0.12920765977252582
2019,1,T,3,0,2,2,7.084017604766215,192.381050301658,23.28768495680308,14.738216989155882,0.14286348828117254
2019,1,T,3,1,1,1,7.086099754962547,195.80786822173238,16.91693994759822,16.383575570743115,0.2288449081880735
2019,1,T,3,1,1,2,6.670904926447163,206.4836313439273,15.04875759938328,15.229762263596733,0.1432672165208489
2019,1,T,3,1,2,1,6.970083476404187,245.87445284868764,17.403438818728358,16.19119011644295,0.1410017308497721
2019,1,T,3,1,2,2,7.988158750149997,303.4947342413658,21.14330493340513,19.635915915931477,0.13839509838546524
2019,1,T,3,2,1,1,8.991430075661926,161.1308389274428,23.185587987310917,19.740840195248452,0.23592440086875852
2019,1,T,3,2,1,2,8.079240621736234,336.7349792567763,19.173627708678136,18.03689433154533,0.16608627337056334
2019,1,T,3,2,2,1,8.933957376742981,375.19317521765083,21.38084998772183,19.31652703728927,0.15861083200091736
2019,1,T,3,2,2,2,9.1317183648772,362.8392741757237,22.231544523751506,22.341838221349857,0.1588721107287399
2019,2,B,0,0,1,1,9.760835942264343,195.1041536488514,25.545497659625322,18.95386160855848,0.16746833326804542
2019,2,B,0,0,1,2,9.4810953853525,291.0920064692382,21.100814670167253,18.31171797175652,0.1748611110675034
2019,2,B,0,0,2,1,9.764095372200373,379.50611882713883,23.268565940310307,20.896407360729523,0.1491916508995374
2019,2,B,0,0,2,2,10.376140680058455,270.0543521927057,25.332768802715233,22.034937762215833,0.14017637752249942
2019,2,B,0,1,1,1,10.122021148211704,222.15294950846916,28.252134392748317,21.575732136350513,0.1596196202581584
2019,2,B,0,1,1,2,10.45460602408765,371.4712898257288,25.431204060626918,21.008246096396242,0.17739313686784783
2019,2,B,0,1,2,1,10.643126625004884,395.1202039219719,27.771339711716866,23.760193553795393,0.15133197126578646
2019,2,B,0,1,2,2,10.715851464413145,320.62565180512973,27.733091234452587,24.700237276911853,0.14300050291424118
2019,2,B,0,2,1,1,10.494368205276254,295.44184669970144,28.68722677554696,20.224610984802244,0.1808987187917587
2019,2,B,0,2,1,2,9.598708161905686,351.95815520844315,25.6382932421732,21.1475403089572,0.1547467257485666
2019,2,B,0,2,2,1,10.247461403054245,483.98320152496694,27.803334318463403,22.525031631547684,0.15215770634648068
2019,2,B,0,2,2,2,10.08053686861718,429.8512770461255,27.224964063181055,23.08265644143785,0.13714221638233626
2019,2,B,1,0,1,1,8.518423559812984,181.40208852461626,21.33581636468903,18.60543099331256,0.1683482235370635
2019,2,B,1,0,1,2,7.90731963315128,275.5285328219968,18.62729174162532,17.26093577733672,0.1648616702942808
2019,2,B,1,0,2,1,8.344696893468383,344.811616883981,19.35692777298119,18.743291175255724,0.13801802595925222
2019,2,B,1,0,2,2,9.138621804705165,271.3612535155052,22.49958176359612,20.09566291573095,0.13159244960801764
2019,2,B,1,1,1,1,9.89789914284234,223.69160092188085,22.794357064336985,19.319920187684826,0.16789740409531959
2019,2,B,1,1,1,2,10.042132507016586,355.7603377661449,24.852653279220057,20.428255496815854,0.18098416446923685
2019,2,B,1,1,2,1,10.033055977661906,391.7379070083059,24.19965620421823,23.445983076364094,0.1519150380846766
2019,2,B,1,1,2,2,10.264254436179737,332.17255591671733,26.34645208636341,22.766285160992336,0.1418522025494069
2019,2,B,1,2,1,1,10.546599503287288,249.5277996690504,28.40759461185823,19.536800003515932,0.17983120113866402
2019,2,B,1,2,1,2,9.337797655749476,375.73419336096214,25.188534732574624,20.373126961600185,0.16967716963647775
2019,2,B,1,2,2,1,10.345726166912078,457.20997940357535,26.01749088748383,23.285039052956822,0.15192912788313007
2019,2,B,1,2,2,2,9.752625570235967,378.2181772005017,26.319280297683342,23.927834181287345,0.13693943960332117
2019,2,B,2,0,1,1,6.57364712005249,171.86478052396689,16.34204521098212,13.081085665315946,0.14111459197295048
2019,2,B,2,0,1,2,6.99934553221819,273.1179161736873,14.628542817029171,17.878935337267425,0.16134675763128917
2019,2,B,2,0,2,1,8.36711493026709,331.92101542733906,17.937318522242897,17.917512104566487,0.12339372280126856
2019,2,B,2,0,2,2,8.24980828109048,218.17570449316375,20.70662467876706,19.488206235238867,0.1331179809079227
2019,2,B,2,1,1,1,7.53337778711482,207.15051673641034,20.383827429758462,17.02795759141347,0.15702796099287564
2019,2,B,2,1,1,2,8.616392044015189,327.96235752340294,16.713716255036516,18.04038003794994,0.16283256393592513
2019,2,B,2,1,2,1,8.292760506111154,327.2670013423469,19.749026461672273,18.679127467405106,0.1286928382656193
2019,2,B,2,1,2,2,9.124222370096764,287.98936535770406,22.259996977617156,21.41606926279865,0.1278608869374464
2019,2,B,2,2,1,1,8.798343394450521,227.19015384429315,25.153662737409835,21.230050681009054,0.1756656750305452
2019,2,B,2,2,1,2,9.501277804634372,357.9349490757539,25.679983372046767,20.99857444200828,0.1653771410449989
2019,2,B,2,2,2,1,9.787067620760032,418.18598867687314,23.87259303112407,22.519071584423045,0.1474467740324627
2019,2,B,2,2,2,2,10.201205404184815,383.7054730820354,27.020024653738105,23.422569964494464,0.14464552972441666
2019,2,B,3,0,1,1,2.8781097517046006,149.21752896199507,8.458038864215006,8.100468117287331,0.1369022331551138
2019,2,B,3,0,1,2,5.01083926265142,169.7193646132671,11.876539802308017,12.330134918416917,0.14214036303022995
2019,2,B,3,0,2,1,6.077387982814429,263.15363095875114,9.863947895639692,14.09348314147074,0.11990533936329625
2019,2,B,3,0,2,2,5.98159123326847,166.0179743943377,13.691304386980686,13.13354824256329,0.12436419894558076
2019,2,B,3,1,1,1,6.9532959971955295,197.32374966575583,13.62279985974475,12.26996007036023,0.1850796886138093
2019,2,B,3,1,1,2,8.08116412453592,302.348439963188,15.882522420873373,14.370969385582585,0.1558043844210829
2019,2,B,3,1,2,1,7.58631437944416,341.91446162510266,17.41440867375408,15.214116615848695,0.11653577825244583
2019,2,B,3,1,2,2,7.837576748196545,210.20053079064976,18.448250581584634,16.468712602824336,0.12961718019524934
2019,2,B,3,2,1,1,8.139007635470302,233.88016525439508,23.50723244351568,19.183764301618954,0.1516295410901831
2019,2,B,3,2,1,2,7.643608528724631,284.4889164033682,17.767188828158613,19.271153595956537,0.17479551334598986
2019,2,B,3,2,2,1,7.906467438577553,300.0314752555362,21.44370952517287,20.30992270995644,0.1299141150724666
2019,2,B,3,2,2,2,9.190662673431634,309.9036752017593,23.661940865593312,21.41962702146653,0.13600877641178416
2019,2,T,0,0,1,1,9.22196057423718,200.92233963748652,24.515686933416116,18.935251328015756,0.18935322947748737
2019,2,T,0,0,1,2,9.280240685242159,287.7695518054117,21.137163314624736,18.99920847880988,0.17579134140598535
2019,2,T,0,0,2,1,9.628685046292636,324.20252005797624,23.680248148148838,20.584531564355355,0.14809662441785443
2019,2,T,0,0,2,2,10.0162763698935,264.3488098535283,25.35146069709593,22.50056279192798,0.14931992398255836
2019,2,T,0,1,1,1,10.017822242597418,249.3201427159963,27.186526047750238,20.23560026853857,0.20386766752000712
2019,2,T,0,1,1,2,9.678763859501235,343.373011926678,25.071840746802046,22.564251489161496,0.1761069282109311
2019,2,T,0,1,2,1,10.108352251699884,408.52996672440474,25.93791599530896,23.7840257923357,0.14764698234813392
2019,2,T,0,1,2,2,10.89843427870587,312.4541189958829,27.43361142014431,25.77283052846593,0.15353549325246393
2019,2,T,0,2,1,1,8.778005596816618,273.3074917662071,26.62691633343389,19.27598476725621,0.19682722018151708
2019,2,T,0,2,1,2,9.902260919466087,369.8904028433379,26.118335928843507,23.261009975449433,0.18360560678841448
2019,2,T,0,2,2,1,9.96794649912819,468.6422282854373,27.978751281622586,23.654112491421408,0.14034944137428934
2019,2,T,0,2,2,2,9.287963487934043,442.37976761956514,26.59782865387079,24.814715263791285,0.14606879521815339
2019,2,T,1,0,1,1,7.560914536124635,177.79523188539346,20.42518631385766,19.335024449492327,0.17572235928458824
2019,2,T,1,0,1,2,8.36374107194121,323.6148479681111,17.297922323149947,17.738015427307904,0.1694217360961164
2019,2,T,1,0,2,1,8.915405045367969,306.3997915060359,22.25887827300205,21.28315194214452,0.1470378922875273
2019,2,T,1,0,2,2,8.768545709649166,273.5007832143197,20.794995400336166,21.209881090976005,0.13997218183679253
2019,2,T,1,1,1,1,9.161935574070366,202.05789601900196,24.01223335832273,19.464802107687436,0.21471822907356394
2019,2,T,1,1,1,2,9.491825588177402,350.01536288899393,22.286054772260332,21.763772153826284,0.18776969848322247
2019,2,T,1,1,2,1,9.462673077506576,395.67677151916763,25.396082682357818,23.46551377494092,0.14652676975642634
2019,2,T,1,1,2,2,9.998806082937769,327.2022915934387,26.484677057243637,24.73684400283142,0.1486999517953928
2019,2,T,1,2,1,1,11.076949731783026,193.31813226965517,28.71308413476321,20.321777395440016,0.22592528124841754
2019,2,T,1,2,1,2,10.003855911124262,391.6461163827504,24.78411105509035,22.377012112229675,0.18527723263961265
2019,2,T,1,2,2,1,9.48077250955761,451.3070887623165,25.945879063532367,24.122827842004572,0.14353979185443064
2019,2,T,1,2,2,2,9.967884472696607,428.84140692802134,26.692823694914114,24.216015725162634,0.1512792864386465
2019,2,T,2,0,1,1,7.027220642496819,186.49106547510746,16.76331250817901,18.216399795190444,0.16425710643362001
2019,2,T,2,0,1,2,7.843004146078014,328.8068340066781,15.91901268543798,16.424194303575668,0.1769761550042071
2019,2,T,2,0,2,1,6.809320162940422,225.4500772231578,18.767325279066423,17.95892242649833,0.14398037972027797
2019,2,T,2,0,2,2,7.27809808065452,221.89797935831737,17.60166911783802,18.104530032301543,0.14049064113639648
2019,2,T,2,1,1,1,7.5819049341070555,231.85143728047666,19.23492967692344,17.675734163161042,0.17304741355887773
2019,2,T,2,1,1,2,8.25737787765876,274.9305570737335,18.206313490051283,17.568931901244433,0.18245222955517365
2019,2,T,2,1,2,1,8.601003623747964,316.455001417496,19.864926587081904,19.09420448334957,0.13970641283735274
2019,2,T,2,1,2,2,9.211959367609836,271.3821037111263,24.522918015175332,22.36222075004514,0.14607925423498178
2019,2,T,2,2,1,1,9.441845833667976,233.71769589993232,24.767167093071762,18.553279252282906,0.20451786221481588
2019,2,T,2,2,1,2,9.6725559526275,345.0432000136171,23.73524423277787,19.913407478073424,0.1953383925847864
2019,2,T,2,2,2,1,9.818223839530607,395.04760490986,25.254056168560417,22.782331479886476,0.14989044905687332
2019,2,T,2,2,2,2,10.36821764214944,362.6592614877752,25.892436984860815,23.991828746630542,0.1457941269506928
2019,2,T,3,0,1,1,6.284081036530655,173.36314516235794,11.134712740604918,11.566462087771608,0.14164407581487581
2019,2,T,3,0,1,2,7.620263611446556,207.27089384662486,12.867899479985992,13.86005194818599,0.11351506083326053
2019,2,T,3,0,2,1,4.547522217652632,192.0627083281482,17.28000983961282,11.765319943881302,0.1328956165784206
2019,2,T,3,0,2,2,4.857125219786087,185.41855912791945,11.466798245600584,12.956476621041817,0.14002700787916775
2019,2,T,3,1,1,1,7.422930028897177,189.69369213270534,15.07036747415867,13.236313005013816,0.1243512752748347
2019,2,T,3,1,1,2,7.1675605064266295,237.749593276659,14.685479699682396,14.182447240466646,0.12277061072935089
2019,2,T,3,1,2,1,6.930134211072211,257.4867148242417,16.948566300394955,16.567591055238072,0.12804323881110666
2019,2,T,3,1,2,2,7.0828739276268085,228.67222953952452,19.621947480928384,17.614828085360283,0.14241083685221317
2019,2,T,3,2,1,1,8.045493168034087,225.82548603683128,19.550450208613963,19.787424852710572,0.14466856982976958
2019,2,T,3,2,1,2,8.543305707954271,320.41985504844564,19.852365360223743,17.85505349787045,0.15680046499252173
2019,2,T,3,2,2,1,8.854125670401864,316.369598724434,22.580849485719654,19.655251865597208,0.15339611253028806
2019,2,T,3,2,2,2,9.340147912054725,355.3682786147233,23.63643563967852,21.86708346035159,0.1407649650155207
2019,3,B,0,0,1,1,9.463330499803474,181.9192129230651,24.920338030545633,19.658996427553106,0.17612383458647668
2019,3,B,0,0,1,2,9.15217844561945,303.96490695625414,22.044509348455406,19.05018816171734,0.17016081621000398
2019,3,B,0,0,2,1,10.124010465249556,358.50870704872824,24.87091272578028,21.451214915563813,0.14801638965185868
2019,3,B,0,0,2,2,10.348525807261579,262.92267566374636,25.136478838755803,22.575000271006818,0.14401293301473
2019,3,B,0,1,1,1,11.171361839213363,180.8893680311278,29.880964829938534,20.727938466880417,0.18959722330294643
2019,3,B,0,1,1,2,9.727551594292155,358.0677945501845,25.6934969406083,22.677094579468818,0.17485458089789124
2019,3,B,0,1,2,1,9.825884246138742,411.12051405306534,25.89144186299271,22.03232161860659,0.14190476893338996
2019,3,B,0,1,2,2,10.747042166720187,322.02775948306913,27.53604003668612,24.81844039943817,0.15113256483287787
2019,3,B,0,2,1,1,9.65620086851176,209.50043444747214,25.576053299953998,19.816874040736252,0.1926634110831706
2019,3,B,0,2,1,2,8.717151419550476,392.7818861352725,23.46832323998475,23.076186468967162,0.18290961840879472
2019,3,B,0,2,2,1,9.575180600438747,439.78519906532586,25.62266345688028,22.761439675251047,0.14809045769385856
2019,3,B,0,2,2,2,10.051279925426476,350.2782662840236,26.314050822208056,24.536943893403283,0.15488254547740218
2019,3,B,1,0,1,1,8.134502093646319,182.0082583572916,20.991910197657443,17.974413721345275,0.16221587197252832
2019,3,B,1,0,1,2,8.887994584708693,287.3419022005601,19.31899972073385,19.000394927161878,0.15869190400295674
2019,3,B,1,0,2,1,9.437558371893116,348.07825129693805,24.21543680751284,21.435613772331163,0.1372963835927047
2019,3,B,1,0,2,2,8.87613681727329,285.93326892831766,22.488500603219705,20.552107085380044,0.13736844708262239
2019,3,B,1,1,1,1,9.743643238110272,195.41903336042265,26.552440811384955,18.614882005114236,0.17715823238204545
2019,3,B,1,1,1,2,9.14845309282616,334.4524686198359,21.821982855445963,19.60427922589822,0.1636202037542159
2019,3,B,1,1,2,1,9.722350003278017,380.51131964965185,25.866551770888314,22.709181259687966,0.1359083697903743
2019,3,B,1,1,2,2,9.810432103861888,327.5449381684643,24.834200642806298,23.0216129064558,0.1458194463180725
2019,3,B,1,2,1,1,10.205706549791802,254.66855459354585,26.66227584383055,19.679401329268213,0.166484971547256
2019,3,B,1,2,1,2,9.544401814533684,357.08973086799534,25.064441198203088,21.151915573964434,0.17934205034344752
2019,3,B,1,2,2,1,9.349906254611737,413.1934913755067,25.20743548038848,23.338635064485334,0.1305644313846107
2019,3,B,1,2,2,2,9.650149047079843,405.82877828075453,25.185927197253974,23.09291279452267,0.14092475061340157
2019,3,B,2,0,1,1,7.75557353683827,181.5870260605373,17.610827461187586,16.10661439661219,0.1743838105092163
2019,3,B,2,0,1,2,7.229419377728086,205.17955420014977,16.096466497930283,15.844479976036109,0.15042474812108927
2019,3,B,2,0,2,1,7.883448047917725,276.8017438045088,18.317638564136587,16.731184439754035,0.12222713520536152
2019,3,B,2,0,2,2,8.2538751122073,244.41973480127925,19.89625818068453,19.493440493856014,0.13499887374564284
2019,3,B,2,1,1,1,9.068887300875003,201.25559209508535,21.511419060973378,18.92472029223599,0.17975340378447063
2019,3,B,2,1,1,2,8.329779638471093,262.9983706850368,17.22678263440011,16.46193574843376,0.13140157804267477
2019,3,B,2,1,2,1,8.867485944248832,362.51140489467923,19.551960035435393,19.40606179104439,0.13086800550175082
2019,3,B,2,1,2,2,9.031832452113646,267.7321065729157,20.816415002274837,21.12554566449566,0.14227003465779228
2019,3,B,2,2,1,1,8.884650687761809,238.15962148024906,27.788503544123238,21.214778179727634,0.16051943077732572
2019,3,B,2,2,1,2,9.684505900719085,321.0151334656474,24.498369052769394,19.657903464973845,0.18320023777006744
2019,3,B,2,2,2,1,9.20121153731258,416.5572759213553,23.62877984932945,23.765968364895773,0.14825276061249443
2019,3,B,2,2,2,2,10.094687204994356,370.45192969799666,25.15531497390431,23.418410296713848,0.15540299164219284
2019,3,B,3,0,1,1,4.395282386310492,176.34951797078483,9.022234404311494,11.09266058045301,0.14671570283672597
2019,3,B,3,0,1,2,5.675201653282346,185.45498464932345,12.321163727472467,11.128705036209311,0.1791372867769106
2019,3,B,3,0,2,1,6.380720197560516,215.03332322896307,15.612660669219865,14.802485265684538,0.13174827173677311
2019,3,B,3,0,2,2,6.449340485703388,251.99556194901376,13.481944240819816,14.067520075716903,0.12911071823385342
2019,3,B,3,1,1,1,6.8254140917463415,199.7740283315597,17.86452826543215,15.733139442008207,0.20396028190487345
2019,3,B,3,1,1,2,8.861324963440072,218.39288442010846,16.88792902854894,16.91565106985135,0.13878962111725301
2019,3,B,3,1,2,1,8.279704940794185,287.5210121402033,20.797007625353313,16.317809527726727,0.11592555864669452
2019,3,B,3,1,2,2,7.551157510022981,203.4552891483843,17.808410837942958,17.647417809485496,0.1360094806371462
2019,3,B,3,2,1,1,9.245086476967085,222.38157771552557,24.142620997122293,18.524253822519633,0.17472752717541962
2019,3,B,3,2,1,2,8.841191685542686,289.403000097783,22.50019715346281,20.072143950388632,0.14502530941174924
2019,3,B,3,2,2,1,9.316191314322104,400.8671249529213,23.74584759110481,23.027394639555702,0.14904770484989824
2019,3,B,3,2,2,2,9.703950223541705,338.3485374530032,21.323034435353094,22.223766780613992,0.14746743778581983
2019,3,T,0,0,1,1,9.581657271135592,182.1738940974177,23.72518019585443,19.478257768328234,0.18665078069092966
2019,3,T,0,0,1,2,9.600771777743482,305.62572716121656,22.076031002269794,20.17995287483615,0.1747263354185109
2019,3,T,0,0,2,1,9.681878603183279,364.1446107897572,24.48388534867203,21.84194463924865,0.14899680243893929
2019,3,T,0,0,2,2,9.83056466211799,295.195592307757,23.955559127250652,22.94268851353708,0.147503169745942
2019,3,T,0,1,1,1,10.970423847409954,218.47750007581234,28.408138644613587,21.318318190596575,0.17822383806248726
2019,3,T,0,1,1,2,11.43470246618673,374.8079883170839,27.837730494087676,22.969590440146177,0.1696753862971561
2019,3,T,0,1,2,1,9.985136084184465,405.3785803803635,25.84082366451004,23.35290623922674,0.15054990034838037
2019,3,T,0,1,2,2,10.995454990176166,314.09297547817494,26.84058893039275,25.032900722647078,0.1506525150558829
2019,3,T,0,2,1,1,10.32330816842873,228.15417865517873,31.295847371750902,22.92676513659428,0.19628228246358978
2019,3,T,0,2,1,2,8.41500544852891,380.2377353825063,23.38432134220532,20.11235762820305,0.16650547062102486
2019,3,T,0,2,2,1,9.48521146052818,463.0584475388079,24.121052167746733,22.140178268251542,0.14684964396152664
2019,3,T,0,2,2,2,10.059567308370495,426.35292513187613,25.325349535889735,24.08766975957298,0.15298095984027932
2019,3,T,1,0,1,1,8.738899555539566,202.61180843979938,22.318825138445554,20.176233969732454,0.1941049374983328
2019,3,T,1,0,1,2,8.419339460196182,292.70925572069797,17.09310500206696,17.90664241356099,0.17937284350619948
2019,3,T,1,0,2,1,8.774075581012681,336.6325295581344,21.745208257414994,20.782065817629995,0.14858744310459848
2019,3,T,1,0,2,2,9.21578403387408,287.34244424970865,22.37468294204891,21.837904960452594,0.14709805749105762
2019,3,T,1,1,1,1,10.282895036020912,225.2845258281299,26.926389830632296,21.95311929649122,0.19329737330618682
2019,3,T,1,1,1,2,9.739534744093108,354.4959475176757,21.890673476757005,20.17378293185601,0.16463790188681088
2019,3,T,1,1,2,1,10.109378856735928,410.1375998720166,25.339265700518887,24.756659323081877,0.15455360992417438
2019,3,T,1,1,2,2,9.768900808170272,353.7070273141638,24.669089747688343,23.708271618949873,0.15012668869770332
2019,3,T,1,2,1,1,9.6233212208876,221.20898037749805,29.181604249344648,19.70270210291884,0.1842236969253494
2019,3,T,1,2,1,2,9.571193197208018,381.88777581514995,24.345961410382223,22.697781600559196,0.16305936998920995
2019,3,T,1,2,2,1,9.852946546254909,435.0915783631907,24.97263264073941,23.307924163916425,0.13860332161799963
2019,3,T,1,2,2,2,9.648795943071153,429.9487418640042,25.76558718503424,24.69865919725137,0.14079026070596856
2019,3,T,2,0,1,1,6.915570949732524,180.97928513506724,17.36540891109257,18.983732189945673,0.18116609606743125
2019,3,T,2,0,1,2,8.996331870729863,283.45339443776203,17.18877973055235,15.788155932727216,0.20339341342537168
2019,3,T,2,0,2,1,8.486392859476252,312.4670431872561,17.738534434502622,17.68802715556706,0.13846939110600046
2019,3,T,2,0,2,2,7.700119808950659,303.1942333318181,18.078114532854173,19.40748687940156,0.13528806074369182
2019,3,T,2,1,1,1,8.324292325274062,194.18295899940813,21.720610917759565,19.776341456045373,0.1754432773023313
2019,3,T,2,1,1,2,8.295211988500323,260.42068639886764,19.56140316195676,19.374239530362388,0.17000895931832705
2019,3,T,2,1,2,1,8.264351629767075,305.17953105761205,20.097747360830425,20.16573475145712,0.1377810158482635
2019,3,T,2,1,2,2,9.265215588621329,319.16169288888005,23.715460842993632,22.69137117354568,0.14366646603859198
2019,3,T,2,2,1,1,9.119527652847543,248.1052686553422,25.30536463019046,20.95618215076195,0.1492851341652622
2019,3,T,2,2,1,2,10.491593679548918,356.8362624098712,24.29022354629743,20.782075228048708,0.1784475285803931
2019,3,T,2,2,2,1,9.533673635637161,405.4197010275282,24.75913665372438,23.083950731377875,0.14915794518639422
2019,3,T,2,2,2,2,9.270810483919195,403.70698416849166,23.734839762359446,23.846770310052626,0.14620900472413587
2019,3,T,3,0,1,1,4.447757757192564,163.04631612783274,15.622506031107111,12.164798782157007,0.2239410468936178
2019,3,T,3,0,1,2,5.06433203793711,169.0934162709787,9.32618603347075,10.919635573428415,0.21353481408470718
2019,3,T,3,0,2,1,5.964616427439818,207.082278520697,14.366954609079722,15.01443475649528,0.11873927965763004
2019,3,T,3,0,2,2,6.270239017450088,252.6709700105855,16.013852259181576,16.3040814681736,0.1370526760182354
2019,3,T,3,1,1,1,6.023402208608243,134.64076367371317,17.519835559219352,18.300030225893703,0.2403931226680309
2019,3,T,3,1,1,2,7.017062978086466,258.51127290179465,14.378806880993249,15.785671083745676,0.15781337312552093
2019,3,T,3,1,2,1,8.269421840511221,235.23694882134816,18.516834771091364,20.504295578522765,0.12577957331884076
2019,3,T,3,1,2,2,7.8088966077949165,300.9366090586033,20.016783080774992,19.205824409633593,0.13688293542938942
2019,3,T,3,2,1,1,7.110929845599842,170.188948225759,23.70696176701802,17.852238896925506,0.17011496513492902
2019,3,T,3,2,1,2,8.574099670867586,347.7011145916421,16.553037189633773,17.751883641301085,0.16877049864214497
2019,3,T,3,2,2,1,9.432480478166568,355.00350521138546,21.172049508290716,21.708340861322753,0.13891763877050436
2019,3,T,3,2,2,2,9.290064402864225,423.8078341928241,22.538671712572988,22.5026591348046,0.13489676138795054
2019,4,B,0,0,1,1,9.92408175436779,205.60407774257487,24.486515631564046,19.373515001981623,0.16712241770809202
2019,4,B,0,0,1,2,9.293611920919234,319.8245518279523,22.402306161666665,19.830517762159815,0.17240642268240786
2019,4,B,0,0,2,1,9.974729304053644,362.59692969893615,24.17771071674411,22.367051603075236,0.1469988529337514
2019,4,B,0,0,2,2,10.499469857121994,280.45132745513945,24.901681445147073,22.559525015040645,0.14274668252645903
2019,4,B,0,1,1,1,9.830967643591343,224.9545748972813,28.14161059480341,20.186943937346843,0.15530017175508662
2019,4,B,0,1,1,2,10.74618747182161,326.1853981522636,27.12327963101472,22.126147728237758,0.1544400266796271
2019,4,B,0,1,2,1,9.867152786690626,388.56856681384374,25.119525757517735,23.39389256663057,0.14582994838991448
2019,4,B,0,1,2,2,10.131156339165477,316.3927458825264,26.773724266387408,24.342196259255747,0.14755719412819382
2019,4,B,0,2,1,1,8.749738386585301,213.88463199470115,26.646837226243388,20.39048895024092,0.13151487966512887
2019,4,B,0,2,1,2,8.71508179865044,367.63601348531563,21.454626718304425,20.03647228829669,0.1524437781559726
2019,4,B,0,2,2,1,9.516132701708727,460.7209907653189,25.281277565444768,22.439942029315613,0.14588435852595935
2019,4,B,0,2,2,2,9.419432118235354,390.6590562987289,25.221028556113154,23.374875926302284,0.14926888964966317
2019,4,B,1,0,1,1,7.757770206197388,232.74214172442717,22.212009617460186,18.70002616823984,0.1551198225394721
2019,4,B,1,0,1,2,8.59327981914935,302.6714447944137,20.31185606107532,17.18502143712556,0.15939148108213091
2019,4,B,1,0,2,1,9.460643687267732,344.12271469356637,21.525274543451324,20.276741032061025,0.13906840711140778
2019,4,B,1,0,2,2,9.915956714736426,266.55608748201223,23.124631076700453,22.130750435104975,0.14408862360884753
2019,4,B,1,1,1,1,9.490180669147442,243.43564322941694,26.8054694746951,21.301994402388683,0.1493183556361425
2019,4,B,1,1,1,2,9.839967079927673,318.00963214118013,24.74195143987,20.585914901632467,0.1602649094111898
2019,4,B,1,1,2,1,10.003062121876,400.2616777527116,24.79932819787386,23.7219280044969,0.14373393190759157
2019,4,B,1,1,2,2,9.596595637319938,325.37492257529914,24.79165463272233,23.384774381404068,0.13801451393473368
2019,4,B,1,2,1,1,9.525173325667899,285.21802071111387,26.864589235925575,19.249433507155988,0.16911072477348088
2019,4,B,1,2,1,2,9.396172289146737,361.775923775922,24.635086696595557,22.183008936582645,0.16103282723400447
2019,4,B,1,2,2,1,9.949581805649776,433.9232516438626,25.571713195161866,23.720462781927687,0.15621601590901338
2019,4,B,1,2,2,2,9.537690141936352,376.12641624241104,26.546193953929397,23.598241137680763,0.14842553022587332
2019,4,B,2,0,1,1,6.98176592313085,195.17769242161737,17.225844967910767,16.97396847549371,0.1792338290639344
2019,4,B,2,0,1,2,8.558522897066696,322.3430190024354,18.979453992992912,19.209730372080276,0.1671461640255297
2019,4,B,2,0,2,1,7.879699869882003,292.33855336779556,20.22985275935578,17.438200957127655,0.13177301416776904
2019,4,B,2,0,2,2,8.198820482175687,251.50742738914937,19.773792493319796,20.775703076802557,0.1462150828224769
2019,4,B,2,1,1,1,8.47650541181859,178.3516438263889,22.90518161141636,20.423259045798176,0.16764156197039007
2019,4,B,2,1,1,2,8.605335454332497,354.3981840615742,19.590409511139647,18.579172386855856,0.16628200026576093
2019,4,B,2,1,2,1,9.551720512367396,325.59881894110026,23.00592899770835,20.19707725265085,0.13472581819776813
2019,4,B,2,1,2,2,9.701217931821448,306.3462944916673,23.645917558077116,21.93439372404744,0.13870575060177762
2019,4,B,2,2,1,1,9.741956466836266,280.1543362414285,27.22821388957755,20.706569253957323,0.1730227225529145
2019,4,B,2,2,1,2,9.711397565144406,326.3590613428543,24.198797190344923,19.707705559245014,0.16775563265381163
2019,4,B,2,2,2,1,9.428556448063057,462.9199875361877,23.2482093419084,22.3729260655344,0.15373253591943511
2019,4,B,2,2,2,2,9.599889795402134,370.3462054558776,25.22368723518727,22.91497549733073,0.12859843025095732
2019,4,B,3,0,1,1,3.5951848353040115,129.6103289902172,9.676974112367388,11.518044774409207,0.12684295826692457
2019,4,B,3,0,1,2,7.1132287287573535,179.86586964417995,11.561479179866051,11.737940761933704,0.15306117410711192
2019,4,B,3,0,2,1,6.2071139247497955,296.83779592629577,13.183401447592459,12.020295249874165,0.10888879139186056
2019,4,B,3,0,2,2,6.078391485794366,231.4528586804951,13.64350513083197,14.442866373051693,0.12874457789933558
2019,4,B,3,1,1,1,7.308253527566523,184.86288206260528,12.412835905747944,14.53951323664604,0.12283483281216592
2019,4,B,3,1,1,2,9.409300883575096,302.88104702255515,20.335095955944055,17.484823134077804,0.1454472820860334
2019,4,B,3,1,2,1,7.179918393192129,257.3825432666224,17.550381687178895,17.7105950857348,0.1274009202705935
2019,4,B,3,1,2,2,7.441007350009647,247.97214641608974,17.522867321764487,17.60352928417101,0.13808644601710088
2019,4,B,3,2,1,1,7.7929872527840836,224.91071738934752,25.078442675689747,20.37200178283074,0.122651921031457
2019,4,B,3,2,1,2,8.245412916611844,282.14605530760764,19.142387466038937,18.209145098675076,0.16028871114552296
2019,4,B,3,2,2,1,9.274905000948749,383.20541798420425,21.39633796879121,22.22675781280488,0.12975383254140585
2019,4,B,3,2,2,2,8.994779647997257,331.88463376595394,23.636394770279264,21.559875683623574,0.12703433352357812
2019,4,T,0,0,1,1,10.097309635247344,206.14466003299214,26.57539848471755,20.948486686894363,0.17671578850700348
2019,4,T,0,0,1,2,9.867267491518739,340.89533895666784,23.80171644444401,20.33695863516591,0.17516548905871113
2019,4,T,0,0,2,1,9.496294612626174,363.5528135031013,24.244167909585826,20.98825637301035,0.1440456412761918
2019,4,T,0,0,2,2,9.939180987275805,304.9864175834791,24.6858063238465,23.292726273844064,0.14791484769177324
2019,4,T,0,1,1,1,11.223495546895174,273.16204900010484,28.15267615108195,21.88093076303067,0.16697157783067917
2019,4,T,0,1,1,2,10.774196242173872,356.4199422089323,25.846975510765958,22.633376850517287,0.18920068134684442
2019,4,T,0,1,2,1,9.69794438431552,403.5392056378495,25.758480775079597,23.4291963076296,0.14711849681894829
2019,4,T,0,1,2,2,10.279162032960626,338.4927661439793,26.815367799107673,25.982391588656725,0.1504230508598623
2019,4,T,0,2,1,1,9.549801017476533,328.5734718608355,29.058928929987868,23.033548431330356,0.1472949766977385
2019,4,T,0,2,1,2,10.172777646302615,368.2974040968883,28.71912346726572,22.285717574532455,0.19886192205960446
2019,4,T,0,2,2,1,9.529595524063325,490.66707428808286,24.503513247364463,22.37532346210969,0.14699408897480254
2019,4,T,0,2,2,2,9.967061525225134,437.0095078587504,26.275916101859412,24.53336347938382,0.1603145830041326
2019,4,T,1,0,1,1,8.197425996774985,191.66010044444823,20.144436872799027,18.929490347343627,0.16458742626673697
2019,4,T,1,0,1,2,8.67059429567881,317.69794231968115,20.404015795691265,18.57346076885862,0.16883508690340968
2019,4,T,1,0,2,1,8.887178112871078,361.7441735576993,21.283939160329368,20.92667066732864,0.1478571410429919
2019,4,T,1,0,2,2,9.301187519991212,304.4331091911906,22.778922056234155,21.748725683918828,0.14021048476453798
2019,4,T,1,1,1,1,10.154561933719283,220.31320346170529,26.051847205329313,20.765740319910496,0.17175868404458522
2019,4,T,1,1,1,2,9.421505992312817,346.5369176166907,24.341976785979785,21.76655417340934,0.1673717684112174
2019,4,T,1,1,2,1,9.830431242147169,418.13017488197335,22.987929389095758,23.362930142283243,0.14306893942332713
2019,4,T,1,1,2,2,9.857581868237286,384.54429520013474,24.504975131977798,24.455263099474347,0.1461302088287028
2019,4,T,1,2,1,1,9.923629007026282,273.2556700312589,29.169374667276553,20.576203377018455,0.17781353589026047
2019,4,T,1,2,1,2,10.374150895553585,362.2621629618712,28.233942599407147,23.07906495466552,0.19570463744845296
2019,4,T,1,2,2,1,9.794633976934696,443.01427889611205,26.301439032195397,25.060853570277857,0.14769111373681454
2019,4,T,1,2,2,2,9.99214175728547,410.1603366821252,26.644103190089723,24.57428892990418,0.1438111429342994
2019,4,T,2,0,1,1,5.373725379243964,158.8946779942549,15.510414266214163,15.676899195720438,0.18341619106436005
2019,4,T,2,0,1,2,7.367867805516174,259.96795967889057,15.840320374105332,17.239851296646076,0.15436303014905559
2019,4,T,2,0,2,1,8.304150594016852,267.0267616733804,19.22802430098959,18.008236894651525,0.1324785558439273
2019,4,T,2,0,2,2,7.952327096839289,264.3369824797854,18.528322286303805,19.030348701688705,0.11961350592240731
2019,4,T,2,1,1,1,7.642522898449536,181.28878775310378,18.43619038316383,19.335397115538576,0.15688883029184802
2019,4,T,2,1,1,2,8.451810230359506,315.01928072014243,17.39340235586357,18.20789533434432,0.18125595571687264
2019,4,T,2,1,2,1,8.937314311859213,356.6472465464553,21.03976615366556,20.000229426939608,0.1327306593743477
2019,4,T,2,1,2,2,9.269754298876538,345.51540027465205,20.773190060964914,21.232619540926134,0.13934706295649057
2019,4,T,2,2,1,1,9.932589269108352,226.89749066008017,29.52301582970728,22.9502589928513,0.14597261840406514
2019,4,T,2,2,1,2,10.064277521290604,383.35747197214647,24.050084808046343,21.75120287376274,0.20620153703840385
2019,4,T,2,2,2,1,9.744799369798088,464.04935259276175,24.830044029730676,22.832080311623393,0.14458229686772092
2019,4,T,2,2,2,2,9.3872849311806,394.7302408720525,23.136277013853974,22.821036621468963,0.13991606487927283
2019,4,T,3,0,1,1,3.9915536743596607,134.1580162903705,12.385633050887703,8.873406041976844,0.177593967410094
2019,4,T,3,0,1,2,4.906726521199866,140.03549435991852,9.448431335861525,13.074061767162764,0.13104798154148295
2019,4,T,3,0,2,1,6.245204506207193,203.38764060158738,18.66713280788373,14.620999399122978,0.12736998408002362
2019,4,T,3,0,2,2,5.729262221095104,164.78574544374064,15.312878992117877,14.51249084292082,0.12798753214867162
2019,4,T,3,1,1,1,5.651069719563675,138.8010097373232,16.734427008943282,14.364339316017642,0.19038882339865215
2019,4,T,3,1,1,2,5.909051530383009,217.32114770737832,15.97099208230207,16.722511973351605,0.14092534543563445
2019,4,T,3,1,2,1,7.445408941400281,209.235997659312,19.778562390298752,17.549872965058263,0.13688710825913514
2019,4,T,3,1,2,2,7.09287714375489,272.50654716284953,18.85834754286538,20.041728485672547,0.13049189039268422
2019,4,T,3,2,1,1,8.658134636456086,192.1494749577978,21.286318187912546,22.146162351036335,0.21575283975124665
2019,4,T,3,2,1,2,8.98987275162562,253.04345851968833,20.852463746077525,20.500510613648103,0.15771573713295084
2019,4,T,3,2,2,1,10.124859680355845,375.46178806045214,22.60918540395736,22.74255880359218,0.14111516025658205
2019,4,T,3,2,2,2,8.739606262434481,345.4349903877849,20.422818967406492,22.182109365517757,0.1454723201839773
2019,5,B,0,0,1,1,10.224198548332476,210.44488108965797,25.340490473967492,19.7970831001103,0.1606237260952317
2019,5,B,0,0,1,2,9.795805292426007,327.1039964179692,23.551386075930704,20.62876709196205,0.17078700871752106
2019,5,B,0,0,2,1,9.49059707024405,351.9951785988176,23.026803189546385,21.091903017580115,0.15606685237361068
2019,5,B,0,0,2,2,10.216810445552115,284.64276278305726,25.160551784580296,23.304966408868143,0.14198984177219148
2019,5,B,0,1,1,1,10.407106789024821,235.65164186638202,28.142621239885283,20.279287227913397,0.16518172407039666
2019,5,B,0,1,1,2,10.20615441790329,333.34743652019506,25.971266272763682,22.27647399717295,0.18327865058146361
2019,5,B,0,1,2,1,10.206615941446714,375.91764088482586,24.72046539538861,21.865639419076327,0.15323516145969862
2019,5,B,0,1,2,2,10.663035585955866,322.39811574994997,27.07235407739536,25.13735072436601,0.14967682024531484
2019,5,B,0,2,1,1,9.710118197317536,268.81117089326483,29.887360140062622,21.25757791643123,0.17761578280874465
2019,5,B,0,2,1,2,8.996717980764945,377.34168028797825,23.682536567113335,23.58234008384191,0.18419305128926988
2019,5,B,0,2,2,1,9.051381258120246,457.21759428684385,23.3844148932168,21.949202529480463,0.14595618660492166
2019,5,B,0,2,2,2,9.791019159942657,397.07917521141826,25.534252468468612,24.830794520484496,0.14393048700701644
2019,5,B,1,0,1,1,8.691246807249003,178.30152026064158,22.71993825636931,18.049160559604502,0.1503418638124316
2019,5,B,1,0,1,2,8.280427818178321,317.1478196218042,18.924452785959442,16.731046139129667,0.14341575385953886
2019,5,B,1,0,2,1,8.865829287894758,350.08901087278383,21.81543277947989,19.925981715319214,0.14257641231510926
2019,5,B,1,0,2,2,9.118595765464606,322.9757613234073,22.635779757323448,22.350512702363698,0.13983955480404808
2019,5,B,1,1,1,1,9.741596236750029,222.51108480762508,26.568961933556427,19.417760138479508,0.16589109510860142
2019,5,B,1,1,1,2,9.649349256397766,345.62676701914586,23.448178783552514,20.950431471769015,0.166967258033146
2019,5,B,1,1,2,1,9.827157454070356,382.0725578813248,24.276257052411367,22.97420774866592,0.1413416479437026
2019,5,B,1,1,2,2,10.400708137420393,332.1164724550237,25.992053012361072,24.048092703688702,0.13655166892708515
2019,5,B,1,2,1,1,9.87811157299041,257.21586740969747,27.406882127118504,19.48282880082567,0.17839889235447048
2019,5,B,1,2,1,2,10.30716733343551,373.55513012752124,29.16205350777447,23.05563968859004,0.17689895207329406
2019,5,B,1,2,2,1,9.404705245955562,461.93569266889756,24.763023882433227,22.333697443607498,0.14475478267869477
2019,5,B,1,2,2,2,9.540582189273934,425.67305353524654,26.02839205630749,24.14623526284237,0.14422508971755021
2019,5,B,2,0,1,1,6.842432596961504,150.9128227959812,20.647110284557066,18.608898182191382,0.1267894878801401
2019,5,B,2,0,1,2,7.2257976734069285,295.8152088710328,14.412818751530404,13.446916623824555,0.14267673849833232
2019,5,B,2,0,2,1,8.061297280521364,272.3147113288146,19.608733804582776,17.26809767407285,0.14938328069361825
2019,5,B,2,0,2,2,8.61172837876812,299.9643203647957,20.080241445627113,20.432500621105945,0.1413120879294952
2019,5,B,2,1,1,1,9.793114366473214,201.80959588773288,22.32745461090158,16.56838037376593,0.1485259815317821
2019,5,B,2,1,1,2,7.873414102851682,355.36138159835457,17.68637859310949,18.060959046428934,0.13927060610851302
2019,5,B,2,1,2,1,8.472870450138437,325.13670002622894,19.812708170604495,19.03656856090326,0.13527175584665016
2019,5,B,2,1,2,2,9.347537660329232,313.0793774539484,22.11207057396626,21.47042623630554,0.13661773236987576
2019,5,B,2,2,1,1,9.429052451355572,257.4782180553158,26.683692466775778,21.661538345794778,0.16081005873660695
2019,5,B,2,2,1,2,9.673995015934794,333.1496339606137,25.932898006310193,20.93899342639117,0.1595522665245777
2019,5,B,2,2,2,1,9.458477817496275,417.2521679263738,25.220788214835938,22.394542232329428,0.14051315908451315
2019,5,B,2,2,2,2,9.925264551173056,373.3142656405792,23.76062562726802,24.60042976256348,0.14010043230298466
2019,5,B,3,0,1,1,5.160456661224953,186.80616603721577,12.06212938106385,14.509106385949416,0.1268272498697492
2019,5,B,3,0,1,2,5.062143918999801,133.0854742674797,10.653167023499003,11.908934050727066,0.15268046968751448
2019,5,B,3,0,2,1,5.265460098285299,198.73589400861607,11.887558345243656,11.391062414052161,0.1487267557545031
2019,5,B,3,0,2,2,5.583565472097735,190.29606807032528,16.13301805116124,17.83457772809889,0.1252265448759939
2019,5,B,3,1,1,1,7.757694148850705,192.5388752979401,19.555232502108385,14.700269395318548,0.1534871684667028
2019,5,B,3,1,1,2,7.618313554797928,230.22781648400596,16.63630665407978,17.704472033744985,0.1580697211258998
2019,5,B,3,1,2,1,7.437640671928212,244.16386513145778,18.986932811593476,17.24250944796599,0.14202022628624186
2019,5,B,3,1,2,2,7.9654535565576845,286.6863595835943,18.878293024750665,19.186617295706597,0.144697004169759
2019,5,B,3,2,1,1,8.270613386869968,250.70929913661405,24.42223553398283,18.36090430860148,0.15467807594009098
2019,5,B,3,2,1,2,7.949229027253255,326.2746342023463,18.71733724475531,19.693839484510857,0.1419959932408683
2019,5,B,3,2,2,1,8.550815609824884,409.5488355774724,21.893350790227643,21.24387100092632,0.1428994307376644
2019,5,B,3,2,2,2,9.377074921171442,394.6873273505319,22.824917615890392,22.883302643582013,0.15628953907053997
2019,5,T,0,0,1,1,9.947045073756431,217.54603163946356,26.79243568891202,20.783855185207056,0.1881474007172636
2019,5,T,0,0,1,2,9.811821817194769,334.03901360036093,23.978807741485348,21.553484763893355,0.17708498415637045
2019,5,T,0,0,2,1,9.368251055040618,367.10186163903626,23.440755343604458,21.305017104738145,0.1466332608513315
2019,5,T,0,0,2,2,9.633782582897242,291.5372724745131,23.376353848592835,23.134280834983972,0.1461547310815531
2019,5,T,0,1,1,1,11.221997887166673,260.54072861346987,28.748163875893415,21.605017378556116,0.17982595790361006
2019,5,T,0,1,1,2,9.507556309176486,365.1657883475454,26.3472632735474,23.21385607911292,0.1707102919041139
2019,5,T,0,1,2,1,9.68957694141965,394.7919687667346,26.089633607971773,23.391686286581646,0.148125436613368
2019,5,T,0,1,2,2,9.819373411577107,358.80607596798626,25.78764223548239,25.03778083194372,0.15022137714764458
2019,5,T,0,2,1,1,9.039549709260193,196.18078205098828,23.412512949077986,21.368909355609524,0.16927257429826348
2019,5,T,0,2,1,2,9.086940889128885,391.4471158836254,25.852605147925765,23.312034401430868,0.15034288587972414
2019,5,T,0,2,2,1,9.392626355020475,428.42533747578847,24.030200375547732,23.798828330743373,0.15224219412073933
2019,5,T,0,2,2,2,9.753271742609886,426.18860701049425,23.886616411954538,23.04957564379421,0.14108703498307373
2019,5,T,1,0,1,1,8.935539615613346,194.3899733697091,22.39417039219158,19.565636147356496,0.19710706293928815
2019,5,T,1,0,1,2,8.51493126594991,332.2603041006937,19.538420555142395,19.463202107222077,0.14743635898130728
2019,5,T,1,0,2,1,8.701425377400511,362.39053898841314,20.86060470592707,19.24288193475211,0.14021742120491376
2019,5,T,1,0,2,2,8.93105858748377,293.82111708298515,22.21728000736909,21.74150040370974,0.14571065944542988
2019,5,T,1,1,1,1,9.949569147546356,249.0868264464078,26.759728352167507,21.33243925422953,0.1784029196223168
2019,5,T,1,1,1,2,8.760336323403656,386.8072913642555,22.836351067336597,22.057768298737795,0.17903087409518775
2019,5,T,1,1,2,1,9.158309860313917,420.709906694279,22.432435466036353,22.53111916154038,0.14736400782244416
2019,5,T,1,1,2,2,9.366127096552269,351.905791224288,23.228186550224983,23.933676515863528,0.14718400721589553
2019,5,T,1,2,1,1,10.339850060670178,282.21244690554283,28.326182956311012,20.65537092235263,0.19557793043991228
2019,5,T,1,2,1,2,9.340945438294247,367.1630742667884,23.83850697594715,22.045419133200312,0.1479126315367251
2019,5,T,1,2,2,1,9.305869655093014,464.4618137501875,23.599856713855146,23.815747960574036,0.14514020634035693
2019,5,T,1,2,2,2,9.695528918117791,432.7518340042932,25.656386965927812,25.143704095566235,0.1495105501353509
2019,5,T,2,0,1,1,6.799340595033668,179.49396959848605,19.0659449579128,18.25401996519521,0.23154874972626818
2019,5,T,2,0,1,2,7.598034106163317,314.7940696574648,13.501856157257055,13.667078591474416,0.1447825156359607
2019,5,T,2,0,2,1,7.480894190410317,263.98006987241,19.262902547015436,17.300343487166714,0.14996411486516042
2019,5,T,2,0,2,2,8.23431510346028,273.9839469490917,20.93256638070722,19.78245124501755,0.14190109072474014
2019,5,T,2,1,1,1,8.481880507845363,205.1048454636267,20.45590559392436,16.53718220294178,0.19964426327085397
2019,5,T,2,1,1,2,8.502987263178639,319.15796039804695,19.980248558851947,17.89243810912278,0.16248873093990768
2019,5,T,2,1,2,1,8.419286828907453,379.07216685064566,22.082864998133207,21.275804697170095,0.14778612251633613
2019,5,T,2,1,2,2,8.610743370129144,326.24824291149054,21.827182298162914,23.208068664106026,0.14476746853934613
2019,5,T,2,2,1,1,9.105761693464673,240.90083130863994,27.07033812839629,20.509886603071255,0.18822565013138154
2019,5,T,2,2,1,2,9.374479151842854,367.6440117845992,24.270515487191524,22.517649982907592,0.16126608250467567
2019,5,T,2,2,2,1,8.964909207447933,445.63674282220006,24.137062077679886,24.604222385311576,0.15059213797902424
2019,5,T,2,2,2,2,9.31194473248591,387.33511233432006,24.302174646086844,24.027067574084395,0.15031618251844844
2019,5,T,3,0,1,1,4.587106635620067,175.59515533853028,15.360183641340685,15.861849473337026,0.21500773835795114
2019,5,T,3,0,1,2,5.801147500402709,181.7452775352064,11.06662217214891,14.209698101708167,0.169649732648863
2019,5,T,3,0,2,1,7.011159686237909,221.96808382765795,14.044944211307145,15.198713373343805,0.14567757900130077
2019,5,T,3,0,2,2,6.446940027641013,203.10337354085416,17.994336599690165,14.624793705118956,0.12198770927056982
2019,5,T,3,1,1,1,7.020968094871514,169.42690897508177,17.078034385348527,16.149740434843764,0.19470171669177966
2019,5,T,3,1,1,2,6.139088285265481,287.0089845930138,15.1928958872417,15.041878739087363,0.18387361599375993
2019,5,T,3,1,2,1,6.428636596471391,284.4245758524845,17.373245780603085,16.16461017164999,0.14251073112850354
2019,5,T,3,1,2,2,7.8022329544288045,272.89893654064593,20.050932470743334,19.16061937419222,0.1489005198900872
2019,5,T,3,2,1,1,8.48358829776415,221.37304575015403,22.619705681830705,20.57875265785174,0.23837881789366544
2019,5,T,3,2,1,2,8.251467850009057,311.9210074789945,21.38903558957118,19.914705006469354,0.16843910148903574
2019,5,T,3,2,2,1,8.268115157295878,390.10151521270376,20.02822626344758,22.440309878728524,0.1500275176484694
2019,5,T,3,2,2,2,9.95941380898154,379.30013695400277,23.292170943049047,24.307649907702253,0.1459757772841911
2019,6,B,0,0,1,1,9.89663989377487,201.11822123621727,26.111003900757385,20.499003738132412,0.16324302063847299
2019,6,B,0,0,1,2,9.174706704919902,326.52556596975813,22.712159491995013,20.52341749545757,0.1603785210793047
2019,6,B,0,0,2,1,9.334884251055596,356.77092210378004,22.62855981024507,20.859011362485226,0.1453411885007559
2019,6,B,0,0,2,2,10.219259905498738,291.6757328204419,24.09613040141009,24.573609882005968,0.1448486958041857
2019,6,B,0,1,1,1,10.556802154756653,226.24094600082137,28.884759945382545,20.977177600269904,0.1632653680864693
2019,6,B,0,1,1,2,10.165578719514349,360.19842556601026,27.086561100519198,21.4132930632185,0.17090071869818105
2019,6,B,0,1,2,1,9.489812826409514,415.54545963396254,24.496715314942616,22.13789921559536,0.14245149201544305
2019,6,B,0,1,2,2,9.990059629280609,352.8185718962656,24.45567352472296,25.57173900353905,0.1488635086116772
2019,6,B,0,2,1,1,8.691306836286007,238.3960080169267,25.79568560236699,18.82670853760021,0.1600021315535683
2019,6,B,0,2,1,2,9.291034803195352,312.2010940615851,25.45698879772674,22.050657316000926,0.17277538848978508
2019,6,B,0,2,2,1,8.323312176460217,469.03987865965695,22.442870552208756,21.07046532195187,0.12604708379698618
2019,6,B,0,2,2,2,9.167229130672272,415.08624324142295,25.27573373128466,23.50334069602223,0.15082735810967848
2019,6,B,1,0,1,1,8.74210678989598,187.62733775898528,23.906574986372274,19.72122146025916,0.16016612630656232
2019,6,B,1,0,1,2,8.150550073966,302.51276953345143,18.674579331548834,17.911174331137808,0.14302645120935126
2019,6,B,1,0,2,1,8.57057963735497,351.0468985687954,20.916067380936536,20.168020536644,0.1441852457563134
2019,6,B,1,0,2,2,9.078473874006212,272.9806578633357,21.617472111342874,23.346392271844827,0.1367828094735152
2019,6,B,1,1,1,1,9.187627808383036,203.34353010883623,24.655167283934762,20.645702677637452,0.1690940896197772
2019,6,B,1,1,1,2,9.06615664031118,341.2411059459217,23.269811942811828,21.171747412299183,0.16436716201900994
2019,6,B,1,1,2,1,8.897269329768417,381.72255814272916,21.76570599172659,21.37418736423131,0.14933760025832316
2019,6,B,1,1,2,2,9.669458396717753,343.50530258445457,22.621177405257296,25.419823065100537,0.14199975425343267
2019,6,B,1,2,1,1,9.91759736597194,229.38908365438837,28.994617904255968,20.493694948200737,0.18127441335567632
2019,6,B,1,2,1,2,9.127935984356803,352.05572014866107,26.438248683094947,22.112604746825,0.15376702140210044
2019,6,B,1,2,2,1,9.180513995219508,465.3952037141046,24.533992292422155,21.413372854793558,0.1425868673087623
2019,6,B,1,2,2,2,9.495994105097079,427.21076684425833,24.685961274671566,25.818297417188443,0.13961416304223562
2019,6,B,2,0,1,1,5.797967014352264,196.5826817466516,17.523214266554948,14.75461990562356,0.1357180731465011
2019,6,B,2,0,1,2,9.115912391685363,291.38763955044476,20.62612487016103,18.564908292608564,0.14838727855225514
2019,6,B,2,0,2,1,7.827178649245993,282.08323449710434,18.961825515117315,19.23045010467398,0.13016790507251821
2019,6,B,2,0,2,2,8.307816935428201,280.17741568602605,20.407746642025916,21.18164661367874,0.1401057086855835
2019,6,B,2,1,1,1,8.005013470041328,170.37300903052164,18.742681771897047,19.080875048880035,0.14337779284021376
2019,6,B,2,1,1,2,8.575813337643156,294.838300250604,19.139114748089654,19.084903386524466,0.14435237914678714
2019,6,B,2,1,2,1,8.865853745918434,340.40653384666206,20.823542957405746,21.354663171028793,0.14009024745134774
2019,6,B,2,1,2,2,8.729530583438295,299.1423135723107,20.593941046822746,23.21395760557519,0.14201756617852945
2019,6,B,2,2,1,1,9.20092722940738,215.79304972072714,27.2310259359058,20.32134413534016,0.15804760636550635
2019,6,B,2,2,1,2,9.724182107002983,345.26691978041123,25.90795194149784,22.13425140281201,0.15352015423582382
2019,6,B,2,2,2,1,9.118850294837758,416.3828666235527,22.833184414055573,22.75804912161606,0.1416072342052512
2019,6,B,2,2,2,2,9.771878817478123,388.4533803292724,24.19745180042767,25.368824623489466,0.14178309272806927
2019,6,B,3,0,1,1,2.3452728121982713,171.79101637004925,6.271258292124911,11.408245362983184,0.10225740882694026
2019,6,B,3,0,1,2,9.474004102070591,155.68136755792548,22.148031662862497,17.17558081473355,0.11367050715248228
2019,6,B,3,0,2,1,4.8438726101674865,231.25550274609333,11.49437484102747,13.251631181259889,0.13465378574301023
2019,6,B,3,0,2,2,7.726311230410444,214.12604158676046,14.751774728756448,15.911044850617238,0.12579526793374946
2019,6,B,3,1,1,1,7.250790041716508,124.86106297317613,23.386119810088214,20.468595000018926,0.16232724011521432
2019,6,B,3,1,1,2,8.671352063036451,320.2487304141086,19.848331799031516,18.05265179241628,0.1292590026019891
2019,6,B,3,1,2,1,7.28898851854679,273.00079869558203,16.246065528561775,15.96005406159915,0.1408717298500265
2019,6,B,3,1,2,2,8.68054095889748,250.07053150939942,21.75931905200511,20.269860345406126,0.13957831452097474
2019,6,B,3,2,1,1,8.237700003745601,182.95908628588907,22.427094253927805,19.7460023855614,0.132798110484485
2019,6,B,3,2,1,2,9.643995042598172,269.9160035367314,23.387502602111276,21.067645929675592,0.15111039484147082
2019,6,B,3,2,2,1,8.931409124080993,338.6759994750374,21.34744001467017,21.887510581642776,0.15080267187097993
2019,6,B,3,2,2,2,9.546231843147737,320.67780976160134,22.447901107054754,22.917794430406712,0.14378865857986772
2019,6,T,0,0,1,1,9.693480305058818,209.32760344333482,22.822007970175857,20.366923362798293,0.16537112774363572
2019,6,T,0,0,1,2,9.226583545989259,305.4880179403127,22.605827442684316,20.45689106529647,0.16561499049717748
2019,6,T,0,0,2,1,9.249095905635006,351.2768880396169,23.67618706948144,21.06504012562754,0.14822249903596854
2019,6,T,0,0,2,2,9.765114684581517,309.97969061411385,23.81187864023444,23.520885117647204,0.1420241479841571
2019,6,T,0,1,1,1,10.757146581606602,225.78053002959697,26.925519434255506,21.534860277435914,0.162705979761027
2019,6,T,0,1,1,2,10.23002579193009,335.21645735717107,25.641006026433725,22.04671008520584,0.16705065469222014
2019,6,T,0,1,2,1,9.633222577318818,389.53611727621507,24.009293827032142,21.885366071341526,0.15198567047267242
2019,6,T,0,1,2,2,9.763812719147499,353.62178162202423,25.064778744288667,24.113532237837486,0.1420738015390468
2019,6,T,0,2,1,1,10.39662871045277,298.02931801873007,27.084761809498204,22.40748948778604,0.14410445633603644
2019,6,T,0,2,1,2,8.79139717580899,416.4853388973682,25.244405311387773,23.642796896308656,0.15000290375999467
2019,6,T,0,2,2,1,8.809764650749601,487.8288730493767,24.28051019711466,21.312764550903122,0.1597418446603573
2019,6,T,0,2,2,2,8.919781990195728,394.42822249168995,24.160547524255296,23.71581815068199,0.13754102771233323
2019,6,T,1,0,1,1,8.629483504445318,170.68259656228935,20.156433824474462,19.482407247535722,0.13828624274674764
2019,6,T,1,0,1,2,8.75675293489833,336.30152417194535,19.91672693305678,20.25469987359484,0.1599258194479165
2019,6,T,1,0,2,1,8.57080064847746,333.2449264601703,20.627086506293807,18.94897068449649,0.1419455746267076
2019,6,T,1,0,2,2,8.348457430628681,311.14583343985356,20.634641213862476,21.826165800496764,0.13503883759249682
2019,6,T,1,1,1,1,9.830193034262006,249.32035558237274,25.46971401820774,22.491734957756968,0.15464832691048555
2019,6,T,1,1,1,2,9.49579207222211,343.9284752677159,23.328341861386843,21.79274707434363,0.16946838800822522
2019,6,T,1,1,2,1,8.962271185841852,406.7002767023184,23.576035725016766,21.961720089732005,0.15191297112258098
2019,6,T,1,1,2,2,9.550596364837745,357.6850006467003,23.608563012262696,23.22883624055841,0.13809922124089993
2019,6,T,1,2,1,1,9.808615033238189,263.2470184648729,26.322349981344004,21.608896486181674,0.16943863308740179
2019,6,T,1,2,1,2,9.567264376068884,366.2302630536213,25.59881910963592,23.202340427917992,0.1602456495048009
2019,6,T,1,2,2,1,8.595253797894166,456.94030423918247,22.31536330660428,21.402171757642833,0.15336404998297987
2019,6,T,1,2,2,2,9.281186019276637,432.40198846649065,23.72778268935044,22.58439922377593,0.13951845619577327
2019,6,T,2,0,1,1,8.664945598051649,181.762991998319,20.96547798763693,20.02297899668005,0.14592277437900525
2019,6,T,2,0,1,2,7.980067768732938,261.8232220000649,17.045130286804316,17.081529130827363,0.17018784873861104
2019,6,T,2,0,2,1,7.067783133967335,246.90926012651727,17.17730867494255,16.280932097701562,0.11589582348006548
2019,6,T,2,0,2,2,7.5765789215872195,272.63086396847086,19.147261095234825,18.904750809053965,0.13988138106050016
2019,6,T,2,1,1,1,8.516468756379982,198.26719965392076,19.424400102057465,19.098032869746437,0.1540512074774339
2019,6,T,2,1,1,2,8.425062267931805,295.1017186972932,20.74197155119311,17.928732078275313,0.16548179093612791
2019,6,T,2,1,2,1,8.580313468906887,322.162944118937,20.94121144486087,20.281727025690675,0.13495394073008657
2019,6,T,2,1,2,2,8.202969883135756,310.19550709126736,19.35031112247151,20.971041653116416,0.14037502070668814
2019,6,T,2,2,1,1,9.306662403506326,225.3441544219739,26.92010385946442,21.418907524945826,0.15457626530556018
2019,6,T,2,2,1,2,9.265676677331776,297.0568078464202,23.892306547689948,22.719058930277694,0.1635295715573563
2019,6,T,2,2,2,1,9.066230229988184,439.8738073134576,24.194165798759812,20.90479770931263,0.1515877840981121
2019,6,T,2,2,2,2,9.520182767649603,383.7715890080215,24.297340630033183,23.984949489592285,0.14321097345701972
2019,6,T,3,0,1,1,6.487957594448999,108.49880597936254,11.072916646703439,13.903675215926212,0.12980982860667653
2019,6,T,3,0,1,2,5.472833846539464,182.09675384965172,10.728844164975207,10.235563493115697,0.15874451328830164
2019,6,T,3,0,2,1,5.501753263514832,214.4570588302361,15.917642818809956,14.180374459456642,0.1278290631673423
2019,6,T,3,0,2,2,5.559429440410107,273.3013538130174,12.560899174987519,11.209535717237783,0.12359800646512549
2019,6,T,3,1,1,1,7.354797751277397,139.29795770568782,14.715805411427867,17.728408374373846,0.1346253260462116
2019,6,T,3,1,1,2,6.445287061705785,207.04825325216518,13.650599814334766,15.10692945229913,0.17784483938089288
2019,6,T,3,1,2,1,7.1816836264258965,260.302433445883,19.8857103680187,17.041033110039095,0.1341445849721964
2019,6,T,3,1,2,2,6.890025106527603,231.7973207822968,16.883723470328135,17.310616124412753,0.13268999589512048
2019,6,T,3,2,1,1,8.700029437064588,194.85681540509097,21.547752004433832,18.690237116279334,0.15596691045320626
2019,6,T,3,2,1,2,8.23918778903083,325.35201527674394,18.82965522651773,19.971194319296202,0.18417845198006952
2019,6,T,3,2,2,1,8.376082397121815,343.6525965174154,20.650449029803486,20.710901230537623,0.14828729533577112
2019,6,T,3,2,2,2,8.301575341773347,330.5783802816379,19.528652226408585,20.559087230425142,0.13228103115806436
2019,7,B,0,0,1,1,9.63825953747287,219.97696785253171,23.26979627616249,21.6942512165516,0.1430575102621784
2019,7,B,0,0,1,2,8.805033891474451,294.0805294876932,20.864027967687647,18.43040447555951,0.14907185066958417
2019,7,B,0,0,2,1,8.939994386636485,357.8068497048962,22.79169747253341,20.65987917378582,0.14792218222093514
2019,7,B,0,0,2,2,9.608603888810404,309.9365840584852,23.31997628467581,24.097870108653225,0.14200473921550247
2019,7,B,0,1,1,1,9.649264637555655,257.3996739523252,25.471871429956952,21.380080726796365,0.15059012243323022
2019,7,B,0,1,1,2,9.565910633741154,361.2226389191025,24.377415226666255,21.03815107002632,0.14935254658792943
2019,7,B,0,1,2,1,9.87800713396789,426.76291361737276,24.909844156591014,23.528948658216184,0.1422041193214476
2019,7,B,0,1,2,2,10.050352662305995,356.1747340237944,24.95358873251605,25.931884541591675,0.14142369825833054
2019,7,B,0,2,1,1,10.41652161723011,257.07153253703103,26.06046752944258,23.998106721703937,0.1434399991922068
2019,7,B,0,2,1,2,8.44026569210182,423.0983965476977,23.456787144807254,20.183481777457207,0.163597694451145
2019,7,B,0,2,2,1,8.264574920249476,485.4021030813505,24.446657773709585,21.084685954113365,0.12332934354903309
2019,7,B,0,2,2,2,9.060331604623686,432.27022227308396,22.710471711112085,25.050806940776525,0.1388673319449445
2019,7,B,1,0,1,1,8.453130675056972,204.7828538241855,19.693345184119984,19.46633339088253,0.1442002754330911
2019,7,B,1,0,1,2,7.835172693824472,279.64971152361903,18.650911747485228,16.629968971121233,0.14784875237638806
2019,7,B,1,0,2,1,8.727192386679011,349.41930058598626,20.156502220341256,20.41089779879094,0.15170070683483242
2019,7,B,1,0,2,2,8.800644216999933,286.70378260574176,20.7712823943346,21.72035302013753,0.14142903439040255
2019,7,B,1,1,1,1,8.694119418263638,237.4210406460665,23.14555329022292,20.776809466345775,0.15158799010004578
2019,7,B,1,1,1,2,9.020089530460394,313.2476042184914,24.453121873616706,20.068393613368357,0.1687734997643044
2019,7,B,1,1,2,1,9.861323559139283,436.80636264387283,23.765861798734033,23.84361389395091,0.15087021704123776
2019,7,B,1,1,2,2,9.840568015301967,348.8242143841009,23.424324858974682,24.36401547783291,0.14446656188864565
2019,7,B,1,2,1,1,9.769500974816077,259.0039475540163,23.473139449227826,21.792375580408333,0.1419517959346167
2019,7,B,1,2,1,2,9.283113370205038,375.9615138505917,26.214253015482413,20.93050081857139,0.16210900883670812
2019,7,B,1,2,2,1,8.486370672496765,487.79257018298546,22.57244866015151,22.167475927944565,0.13387737129694335
2019,7,B,1,2,2,2,8.88690099481763,462.38364063848286,23.317496261309618,24.38013600140395,0.14219768198348065
2019,7,B,2,0,1,1,6.3669229132336795,177.3729208300141,15.304284380207493,15.51784895850511,0.14851832576222074
2019,7,B,2,0,1,2,7.060580816316632,263.8978695106837,16.351873189551277,13.514133026523135,0.12995672722937657
2019,7,B,2,0,2,1,6.669229706707594,296.8935507220367,17.373148218327856,18.501927969547584,0.14042428293967515
2019,7,B,2,0,2,2,7.255699795993527,254.97714822463522,19.04340045136968,19.290178683918626,0.13975541186535598
2019,7,B,2,1,1,1,8.411216304912987,182.4125004549269,19.034468372545792,18.092472712734892,0.13503235047724996
2019,7,B,2,1,1,2,7.8705335324107715,256.2859453799225,19.07669850621365,17.71107539480986,0.1393025761049056
2019,7,B,2,1,2,1,7.73242167499399,372.1173415880067,21.031556184696562,18.39315678349681,0.14557561801499896
2019,7,B,2,1,2,2,7.862467698032127,293.3822476255525,20.531760730888877,21.391746214098287,0.15092041591761546
2019,7,B,2,2,1,1,8.735826294496649,249.29984088690512,24.348785355035066,20.219594914661535,0.14233499479945835
2019,7,B,2,2,1,2,8.971857051217423,361.6354205013827,25.86915977346192,19.789267781342954,0.17088336520707503
2019,7,B,2,2,2,1,8.675133542891647,433.7025781663313,23.809458615890463,21.449049577325223,0.1327298130501422
2019,7,B,2,2,2,2,8.699573943225797,428.2775621478547,22.757461368571935,23.131176307393844,0.14196788992963508
2019,7,B,3,0,1,1,4.666059576407936,171.89299961150593,7.8239138523954805,13.419502791391217,0.12785276450058156
2019,7,B,3,0,1,2,4.476483229340199,209.94986468758714,10.882973509202085,10.662143236553124,0.11683298095463646
2019,7,B,3,0,2,1,5.228391212596012,229.37411309963443,14.67241373642545,16.180105550727344,0.1450428799506899
2019,7,B,3,0,2,2,5.090772772969862,193.46629232716552,15.487740913931354,14.134144718856705,0.125382268147847
2019,7,B,3,1,1,1,7.641387742137693,189.7214119116844,16.884375976434683,16.444988244326616,0.11931847340492198
2019,7,B,3,1,1,2,6.711592098499025,243.51307499231234,18.553005493846644,15.344499892646633,0.1274141587148368
2019,7,B,3,1,2,1,7.160356655769766,310.0842026939719,19.204671248181203,19.21282885081059,0.15719706764795577
2019,7,B,3,1,2,2,7.184582116247706,259.50207446910514,19.2462631481458,19.708430402614656,0.14364131884144837
2019,7,B,3,2,1,1,9.465273483726678,190.23481097970938,21.20173958900429,20.462606136595046,0.14327563247928388
2019,7,B,3,2,1,2,8.865282641947214,300.00648620681017,22.40611821758945,18.76204414004457,0.1480546022334013
2019,7,B,3,2,2,1,7.798435937452971,382.1398851361752,21.69162437467448,21.29865589161763,0.14728598839901202
2019,7,B,3,2,2,2,8.47094163332818,344.1114128703458,22.111396937758602,23.354670394385852,0.13645958814253106
2019,7,T,0,0,1,1,9.608816278864246,220.64744457042005,24.75034365769052,19.86287082483672,0.14340181135882507
2019,7,T,0,0,1,2,9.398054212756108,329.1453641268804,21.081751083755744,18.977177120492776,0.1444607526650874
2019,7,T,0,0,2,1,9.279252124270664,359.29354934595983,23.395778434866216,21.801249828711235,0.1549598766390581
2019,7,T,0,0,2,2,9.201804201692108,282.7188219947995,22.384019364388365,22.6375055627559,0.14756533498613314
2019,7,T,0,1,1,1,10.50789442132324,234.0421332302047,27.2794019155634,22.47217701680128,0.14694438083190473
2019,7,T,0,1,1,2,9.551847687644468,363.07285019548414,24.231383158661927,21.722363218492767,0.15062735440586625
2019,7,T,0,1,2,1,8.962530427837214,440.24107870595674,24.053679359855927,21.82935700397792,0.15116293439180148
2019,7,T,0,1,2,2,9.220666096800661,353.7583748187415,24.048355645860035,24.48374734240809,0.14668571403403197
2019,7,T,0,2,1,1,9.400449544546223,269.03732776952364,27.898943945124255,20.168057122704,0.15408267684104407
2019,7,T,0,2,1,2,8.257796562449572,313.69156008920066,25.688235566521584,22.412809368666164,0.1323650214447983
2019,7,T,0,2,2,1,8.924494530896066,479.9516643425168,22.369442319792643,21.43551834142891,0.14601387015542255
2019,7,T,0,2,2,2,8.538035872227784,385.6592409616347,23.06589119918329,22.622395981309403,0.14397247998498253
2019,7,T,1,0,1,1,9.36233434297563,206.78159943889767,22.339916000877164,19.874439134997957,0.12567231372063395
2019,7,T,1,0,1,2,8.468790519055357,300.0438675739644,16.740330394438217,17.224965958098647,0.13743354845300232
2019,7,T,1,0,2,1,8.487760676752679,328.29122888530947,19.739514218187836,20.06265594424627,0.14981347214046
2019,7,T,1,0,2,2,8.053738008783508,280.1452953254486,20.36446119709688,21.822384195017964,0.144534515516136
2019,7,T,1,1,1,1,10.627574716678218,251.74228218756662,27.028643573825534,22.087045844272478,0.13571489501681172
2019,7,T,1,1,1,2,9.09127699701337,334.3819050350657,23.085175020888087,21.50632521053378,0.15154090401529247
2019,7,T,1,1,2,1,9.091239777797613,410.6195213786725,23.84196184768708,22.445300673734497,0.15149777699666592
2019,7,T,1,1,2,2,8.74265634739049,329.27239647476966,22.805344360183607,24.0926124302191,0.1438863474777445
2019,7,T,1,2,1,1,10.46947247606559,239.10539869767152,27.22716141187205,22.01938762799363,0.13449807573196756
2019,7,T,1,2,1,2,9.313514990561721,381.6439029089929,25.38255327809474,22.4865374199149,0.14862940829448498
2019,7,T,1,2,2,1,8.649533519892417,455.9917035540481,24.34014679952593,21.826780955135646,0.1496032637940509
2019,7,T,1,2,2,2,8.859719969226555,417.0124692445247,23.717573829054405,23.353082246387846,0.14421651469037422
2019,7,T,2,0,1,1,8.253908183763485,160.29239654532694,18.262276743040253,16.78287346572846,0.1343766772839363
2019,7,T,2,0,1,2,7.48610698302985,274.403125371197,17.276369890116342,16.64071983277109,0.14279670651295034
2019,7,T,2,0,2,1,7.41065716361782,293.0600587776249,15.899205843524973,17.917486120344794,0.14011300729049345
2019,7,T,2,0,2,2,7.304827892532425,243.79194683053495,17.858917020086544,19.905245257917088,0.14984129282677788
2019,7,T,2,1,1,1,9.147142279302281,233.55228263341027,19.76169087090328,18.225388618850587,0.14001805727616962
2019,7,T,2,1,1,2,8.9033761309688,272.73437861566214,20.415898747995374,18.55896604616314,0.1639000220027894
2019,7,T,2,1,2,1,8.256670238486176,331.596158853292,19.913304422000884,21.388948882928034,0.14258560174995094
2019,7,T,2,1,2,2,8.32037164857042,302.3543925380041,20.461314824605946,20.982445723100348,0.14724795367586296
2019,7,T,2,2,1,1,9.872435122417066,219.24589098855841,23.804062445626233,20.560988106410374,0.1521589269292354
2019,7,T,2,2,1,2,8.854938462657977,328.4052531287202,24.905820444578367,19.615482357683003,0.16057529445845292
2019,7,T,2,2,2,1,8.217480665457462,433.06726189313684,22.999513643298233,21.11056100630028,0.1541861402372088
2019,7,T,2,2,2,2,8.807852921504171,371.5340626920812,22.200986024218857,22.90543500282483,0.1437690549926934
2019,7,T,3,0,1,1,5.12561368403151,180.00603384043967,8.398275902938948,10.91740636504154,0.13107749093570567
2019,7,T,3,0,1,2,5.333268123160296,230.1570313474176,16.144813275573085,16.110215304416982,0.15642141406047905
2019,7,T,3,0,2,1,5.397707830452828,179.00881156503016,18.767057998514456,16.5591760146167,0.11920467269920115
2019,7,T,3,0,2,2,4.78219906662302,200.28913335241026,15.547034756489287,15.060911906533232,0.16194455416178172
2019,7,T,3,1,1,1,6.821915545453066,183.78176557176815,19.419431357604665,16.438800422098254,0.1376980556421841
2019,7,T,3,1,1,2,6.922946654104604,238.69892661540203,22.19584189236519,16.944714642003877,0.16243024925170324
2019,7,T,3,1,2,1,7.15457148606732,271.099055450645,18.20469102728951,19.674668506824883,0.13906627338620645
2019,7,T,3,1,2,2,7.50476685591474,285.5099769371284,20.097197864973104,19.508124658462933,0.14414512171297011
2019,7,T,3,2,1,1,8.817549609642866,181.64432500409825,20.122276249107937,17.646529386723277,0.12763814571682316
2019,7,T,3,2,1,2,7.949366591130573,325.94653970276005,20.394024263801434,21.112053959449906,0.15724431336438885
2019,7,T,3,2,2,1,7.9504252676338805,344.4141123734217,20.48883033715026,19.112294690998535,0.13764056877185923
2019,7,T,3,2,2,2,8.224914662954411,350.82189400735075,21.179119268577427,21.065914996011713,0.1499250285132545
2019,8,B,0,0,1,1,9.267539270887129,209.73160467536187,23.485187001908663,19.93402184515814,0.13646530080970432
2019,8,B,0,0,1,2,8.631111444126027,272.88620231601317,21.77095194474586,17.542632877895322,0.13645699457975816
2019,8,B,0,0,2,1,8.80559374474142,340.40181489234004,22.101794983693363,19.543085090293282,0.14208239699747627
2019,8,B,0,0,2,2,9.027088451390153,296.0099926317066,22.887276535462874,22.649863624799572,0.14166592059796204
2019,8,B,0,1,1,1,9.859764784629544,218.83000109988294,25.064509101918574,21.699877755926003,0.15145742594297626
2019,8,B,0,1,1,2,9.211935986215968,340.9666701685309,23.93458472716915,20.085853771696154,0.14098656390497483
2019,8,B,0,1,2,1,8.827114719954238,399.0499196385647,22.30606355424814,20.07738791184854,0.141180404773523
2019,8,B,0,1,2,2,9.627478312419852,327.2901965022002,25.131627399728057,23.733182297362244,0.14707291892876648
2019,8,B,0,2,1,1,9.126084206883368,302.805287732963,26.16905538383991,22.929080675743,0.14663553859467052
2019,8,B,0,2,1,2,8.437723946791152,349.8084914234017,23.7976987743991,19.935020336961106,0.1482528261655104
2019,8,B,0,2,2,1,8.384267398097888,449.95552520607515,22.9453737662971,18.71530320201566,0.13756181116697241
2019,8,B,0,2,2,2,8.834396013465378,414.3964784134496,24.346591126423984,23.74126813576249,0.142145498960248
2019,8,B,1,0,1,1,7.868803810027836,191.4379382535622,22.10353345309051,17.991660967985432,0.12626833733510942
2019,8,B,1,0,1,2,8.062678423251743,280.9044025823597,19.06876267594429,17.31698385495349,0.12469546432016791
2019,8,B,1,0,2,1,8.541196515491684,351.7806787111472,21.053228340068802,19.992462756098313,0.13889614672025413
2019,8,B,1,0,2,2,8.408947016800232,300.9368142120327,21.178751036957042,21.7481718007611,0.13964876575791144
2019,8,B,1,1,1,1,9.501880345453579,211.08792264972297,26.27611944876672,20.943286099446198,0.1283893960953189
2019,8,B,1,1,1,2,8.860756544079006,328.1161427338928,22.500872400005147,19.731345729279184,0.13901318225840018
2019,8,B,1,1,2,1,9.409002940736634,415.2980899341279,23.06202785783289,21.061265447366278,0.15006753610249407
2019,8,B,1,1,2,2,9.308426081285491,365.9160559501603,23.21996133674263,23.116200107591375,0.1341080710269005
2019,8,B,1,2,1,1,9.709614882972499,253.24217940129535,24.79521260897991,22.449643587278057,0.1419924292151703
2019,8,B,1,2,1,2,8.266816778383543,384.88072906272333,24.51795115770233,20.917624316653825,0.15923520968564395
2019,8,B,1,2,2,1,8.634518304634769,467.86591116341566,23.982719779764874,22.234871129907912,0.14405807565593054
2019,8,B,1,2,2,2,8.83356069123542,423.69600020244616,24.806491399812302,23.660890313206885,0.14166777043213966
2019,8,B,2,0,1,1,7.934804588496628,173.7322146080777,18.412047584171816,16.966794745408457,0.13149823867212088
2019,8,B,2,0,1,2,7.616741169649835,209.827288579349,17.476752135479114,18.36101982084178,0.11949755066123778
2019,8,B,2,0,2,1,6.948503039704269,321.00153395498364,18.327638078179508,16.156186705542193,0.1499882496033475
2019,8,B,2,0,2,2,7.068517375807913,255.20593753471894,19.718159230947737,17.883517754771173,0.14478481266074028
2019,8,B,2,1,1,1,8.747318033532803,190.3859574570828,21.94048802160538,19.082834711540478,0.1205941851762756
2019,8,B,2,1,1,2,7.998881281313578,251.61009034242144,20.912847956951584,18.157536766840717,0.13602387175667424
2019,8,B,2,1,2,1,8.397221806656693,348.01977229116847,20.596875469414982,19.726278689559088,0.1431533808128418
2019,8,B,2,1,2,2,7.809616127731614,293.3709297099002,21.019728234693947,20.776735678873077,0.13273284420435763
2019,8,B,2,2,1,1,8.868027460982017,241.3113100525662,25.80116164970784,20.117635795640695,0.1423874828779006
2019,8,B,2,2,1,2,9.257992358303433,384.503211249473,25.05314958419887,20.263887311811214,0.15491938845225617
2019,8,B,2,2,2,1,8.924436749506842,449.9489172429092,25.203912409621108,21.32810296101778,0.13343037326334556
2019,8,B,2,2,2,2,8.477830518151606,409.22421492111494,23.637234420237384,22.2651806541615,0.13695761805378243
2019,8,B,3,0,1,1,2.869519041479216,198.93012680150977,9.417461431306585,12.488887034208387,0.09084726563999987
2019,8,B,3,0,1,2,6.36876442742315,187.4908029123551,13.436217250352414,14.06233925064944,0.12335023502968408
2019,8,B,3,0,2,1,5.913984346660801,168.62731677037536,15.78890128455559,15.26868761393378,0.1434530036126473
2019,8,B,3,0,2,2,5.41643169410474,207.54165889492074,17.486946135691714,14.917306163113636,0.13214281343622297
2019,8,B,3,1,1,1,7.6639262030480255,148.81336042685246,13.791019612121886,18.979342454929412,0.1238837586691491
2019,8,B,3,1,1,2,6.222976832411851,237.30019337857735,15.640306590501925,14.121847525231397,0.12204214340170218
2019,8,B,3,1,2,1,5.767628079785091,231.74406780561375,14.25085936353993,15.56127318947484,0.14954700989743894
2019,8,B,3,1,2,2,6.3733350726019395,284.73536836193534,20.701693776796226,18.250225591122252,0.13692315836403807
2019,8,B,3,2,1,1,9.493004554427193,217.26321166788094,21.652886938344984,19.520522689932925,0.10719905310185338
2019,8,B,3,2,1,2,8.252520173739766,285.849911171033,19.863602092601973,18.44405258754652,0.1379300923455603
2019,8,B,3,2,2,1,8.45786764561877,400.0262937188053,20.374140882326888,18.826341709931388,0.15208213090329287
2019,8,B,3,2,2,2,7.654007463787938,311.73055880780714,21.459502259037986,21.472276543610043,0.1273224922772622
2019,8,T,0,0,1,1,9.500828280770797,229.63219824160157,25.58367542250233,20.45854638363902,0.1371332281068091
2019,8,T,0,0,1,2,8.747488144820545,329.8427601655514,22.585250946815293,18.62254261656494,0.12981452821088327
2019,8,T,0,0,2,1,8.930929163186558,323.848645673806,21.72798605661015,19.65174150245661,0.15142042717046694
2019,8,T,0,0,2,2,9.193759819477878,296.9465346521261,21.89416785053221,22.336859890220744,0.1437134151502215
2019,8,T,0,1,1,1,10.03398771175391,256.92245986096384,29.54632750902636,22.260088534889885,0.14341167188210674
2019,8,T,0,1,1,2,8.724407069733859,361.6230641333757,24.739999920157413,20.209638611278717,0.13927388150148648
2019,8,T,0,1,2,1,9.276159889850673,400.7160739981508,24.55409170244791,22.592576649837582,0.15269731818430762
2019,8,T,0,1,2,2,9.50950947698822,339.8936425734573,24.026698122973126,23.621501803841614,0.14104012041898897
2019,8,T,0,2,1,1,9.233818975444963,222.4847331450732,26.862060590893208,20.876745323069112,0.12843746401021952
2019,8,T,0,2,1,2,8.689910154739408,434.6918354329764,24.549683359132477,18.768487435541864,0.12785645459757058
2019,8,T,0,2,2,1,8.170706531140537,430.7099283476599,23.304254683876355,20.28840689132089,0.16173278252879092
2019,8,T,0,2,2,2,8.948801680929378,404.26677601852845,23.622562280658364,23.38250506639987,0.1439526083783194
2019,8,T,1,0,1,1,8.214768323675912,204.067665271402,21.491627819683288,19.107683967633445,0.11507497051003832
2019,8,T,1,0,1,2,8.665761458827909,295.020593645346,20.695218323447712,17.199655715158542,0.11842226159410252
2019,8,T,1,0,2,1,7.624629211290646,350.596928483064,18.8933643771473,17.928960504675718,0.14906174631288768
2019,8,T,1,0,2,2,7.9273519412294595,291.44382682886385,19.937044466328043,20.724178854501133,0.14352180350232924
2019,8,T,1,1,1,1,9.263647394698106,234.2927126903974,22.91929209213988,20.462538078171523,0.14127134238453318
2019,8,T,1,1,1,2,8.807881704303675,351.0979368274345,24.92456533829556,20.089154785162094,0.12274897442902355
2019,8,T,1,1,2,1,8.814510844110718,407.705966487037,23.402379452096536,21.685220980664262,0.15398038379484605
2019,8,T,1,1,2,2,8.883780677553986,381.05713964925826,21.533516501785623,22.387243079758957,0.14493558327171888
2019,8,T,1,2,1,1,9.195523705754434,283.56351238619305,26.36981848228354,22.83591367486151,0.13359077239144182
2019,8,T,1,2,1,2,9.083736041582824,413.77133387184796,27.15371010124647,22.316814351351102,0.12357223243320647
2019,8,T,1,2,2,1,7.937734884103263,455.3858656581226,20.724759030383872,20.820632784939427,0.15753995553415223
2019,8,T,1,2,2,2,8.88963430391257,461.7614100702464,24.140777113101365,23.236930167039706,0.14709965813147843
2019,8,T,2,0,1,1,6.681791516405814,169.65839536974693,16.132236503880932,14.113250201075063,0.12289688018205557
2019,8,T,2,0,1,2,7.065250272949557,262.99724629684556,16.04331537454053,13.219830813469894,0.11020747168281567
2019,8,T,2,0,2,1,6.540845923695713,238.47385034910525,16.77013344056171,15.056808068214512,0.1467418817413404
2019,8,T,2,0,2,2,6.451920214671201,224.08669273753526,18.56934306339784,16.86667680231023,0.15022649925581108
2019,8,T,2,1,1,1,8.179100723408752,206.4270254728762,19.729093968603504,17.676889885290983,0.11490573414189666
2019,8,T,2,1,1,2,8.68962342041624,271.84543334856295,20.687856047586365,18.81901164955137,0.1312404117930456
2019,8,T,2,1,2,1,8.012312703973171,299.95872089956794,19.647543862889886,19.525660454527934,0.1596911921317341
2019,8,T,2,1,2,2,7.98956569198503,270.1594817844204,19.606525048575488,20.210775547950256,0.14029037583835774
2019,8,T,2,2,1,1,9.05410744324258,319.0617879118562,24.395078037253157,20.341058311181513,0.14389972147365973
2019,8,T,2,2,1,2,8.349962264319826,390.1342258405074,23.016624712534476,19.39686862518119,0.11862382542914139
2019,8,T,2,2,2,1,8.297205694852618,465.9146988890545,22.909096150293784,19.989726757259948,0.15123688673729152
2019,8,T,2,2,2,2,8.75303263441218,435.3231258620129,22.332361268204707,22.51982938352543,0.1567134355753056
2019,8,T,3,0,1,1,5.563899352073141,172.49438089929214,11.314710883583594,11.733495268825052,0.1129973642717074
2019,8,T,3,0,1,2,5.777946498465554,201.04192648342456,14.464383834626245,12.060508069545504,0.08876507837516547
2019,8,T,3,0,2,1,5.447825587756586,183.30262908368317,15.375023536324061,11.837404403317754,0.13191534804235105
2019,8,T,3,0,2,2,5.067046191746198,183.18493462705098,15.04987014789102,16.083661381884045,0.1601946474670855
2019,8,T,3,1,1,1,7.6195985488661915,188.7000465286616,18.775707036156238,19.25098118086006,0.1325008919232577
2019,8,T,3,1,1,2,6.5862682477316135,240.75246729912627,17.28514722373311,14.482828059325298,0.12971822286057294
2019,8,T,3,1,2,1,6.920284753532328,265.8115638336794,15.719618611028942,16.361074200911492,0.1539999110279441
2019,8,T,3,1,2,2,6.431893449345943,210.86425693106233,16.72492231911366,17.16065744665059,0.14771342707445553
2019,8,T,3,2,1,1,7.705606735193294,241.5958371230028,20.991300452173217,19.37723444547329,0.14013705795984277
2019,8,T,3,2,1,2,7.981115263409364,304.2627085041489,21.11842394198558,16.40049799332475,0.11913711806562106
2019,8,T,3,2,2,1,7.947270769007078,355.8157265182454,20.807583888733213,18.289712609565953,0.14807149958134394
2019,8,T,3,2,2,2,7.694538455030063,302.70589115492993,21.22355856233044,20.422216726334177,0.16687323727367095
2019,9,B,0,0,1,1,8.314798704243637,257.4145705468317,22.093855329001272,19.616250700512012,0.13676698741482268
2019,9,B,0,0,1,2,8.08556910497946,346.9184544505647,20.27893810209975,16.995988344614165,0.13755211828466365
2019,9,B,0,0,2,1,9.396420979670179,365.6286118441718,20.775532745228258,19.631345054783548,0.14422319629705155
2019,9,B,0,0,2,2,9.205980456741912,279.4162888940855,21.945441025878395,21.533695562247875,0.15225263975819234
2019,9,B,0,1,1,1,10.097996405491633,282.76821720226593,28.291169118272826,22.931188300795615,0.12096358485792601
2019,9,B,0,1,1,2,8.411719685846956,376.6681458852078,22.929896889945102,19.224354068180553,0.13579994393676428
2019,9,B,0,1,2,1,9.810819645415652,470.81176823934493,23.499671639662047,21.10792980521163,0.1522202152652681
2019,9,B,0,1,2,2,9.437280029716346,351.3882458309494,24.2460415727343,22.800992500639193,0.14569741179075654
2019,9,B,0,2,1,1,9.355799648416525,230.54411890866385,28.48119301305468,22.387637788961985,0.11876213895517036
2019,9,B,0,2,1,2,8.57681141070799,366.9938715773036,28.551219425196788,19.34302314185642,0.1181027149611813
2019,9,B,0,2,2,1,8.951133478758695,505.1433682562595,23.060529524642288,19.969650042839056,0.1431014443840506
2019,9,B,0,2,2,2,8.791457189087978,396.45114353148364,25.750725731843033,21.575496704545753,0.15118357792389608
2019,9,B,1,0,1,1,7.302174975627929,230.2406141160458,19.014447695870576,18.701258726534448,0.14067393805644407
2019,9,B,1,0,1,2,8.145126944513253,372.706427813927,19.08020526498149,13.741181648932862,0.13726720473466225
2019,9,B,1,0,2,1,8.406728591314936,314.4912103731366,18.386642073619445,18.652327631154396,0.14230651152030224
2019,9,B,1,0,2,2,8.495761011929398,259.1843757822629,18.968443312125782,20.84801369298302,0.15411283411282217
2019,9,B,1,1,1,1,9.306986254122549,295.5122406265251,20.406139276407334,20.23610374215553,0.1533029365789052
2019,9,B,1,1,1,2,7.823564447560904,336.8677461327456,20.36234396878386,17.267275659569556,0.144462509729027
2019,9,B,1,1,2,1,10.221452400843576,394.6723568390395,23.004367707609507,20.74032151251994,0.14412464357175467
2019,9,B,1,1,2,2,10.341249832451629,308.3046996989663,25.89782888680524,22.948011562323142,0.1507555153479455
2019,9,B,1,2,1,1,8.133923267533046,308.9603788275131,25.496221749972683,17.665395185255132,0.11466866925411492
2019,9,B,1,2,1,2,7.929474984144655,401.4167425247708,26.16814386564796,20.147616376752545,0.13942550941292958
2019,9,B,1,2,2,1,8.958489006416208,540.0566750038497,23.951294535599686,19.4240832561749,0.15709081613602663
2019,9,B,1,2,2,2,8.930853362581104,403.7573975076938,24.087243007761227,22.522668688024805,0.1460844329650858
2019,9,B,2,0,1,1,7.510703815222648,286.47508919916,15.756165278925145,14.724404682612187,0.134109147312615
2019,9,B,2,0,1,2,7.259127720158657,259.770618749562,14.926503189523256,13.869486507519603,0.10420810567354243
2019,9,B,2,0,2,1,6.798154369966861,306.3192956014427,17.70350568812094,15.607824007942577,0.13616305720304522
2019,9,B,2,0,2,2,8.448410407480818,265.5326898254054,19.862986918244136,17.594552749851317,0.16711440534778038
2019,9,B,2,1,1,1,6.5176365950355235,200.44460363568447,20.30045293482881,19.1926134622584,0.11971777178013293
2019,9,B,2,1,1,2,8.137471986401122,327.29321363231435,13.99667179670631,12.336685541887338,0.12223048813157232
2019,9,B,2,1,2,1,8.258946017299463,324.4281020314791,18.259311474393414,18.184414440941552,0.1397536649549739
2019,9,B,2,1,2,2,8.129631274592642,273.3458752752692,21.388411292344784,19.703850484035176,0.1592291362295469
2019,9,B,2,2,1,1,8.301246112615996,353.611369559603,19.598866375651717,19.379963490467695,0.11455376220867483
2019,9,B,2,2,1,2,7.853470177509854,369.7374265572134,18.499389019872385,17.163826008698774,0.13083347886736527
2019,9,B,2,2,2,1,8.947076037032272,453.25654661628346,22.777211661379354,20.39422523675362,0.15424371227092395
2019,9,B,2,2,2,2,9.353745232619296,365.17870708257465,22.87440603391077,21.768051568364115,0.16184423525361746
2019,9,B,3,0,1,1,1.443912047182921,9.277240969167426,3.307067704931364,10.477908283622261,0.016199816356983792
2019,9,B,3,0,1,2,3.1799137741629293,135.06104416151996,6.8224531372723805,9.684629146181994,0.10187378057893236
2019,9,B,3,0,2,1,4.117657349756049,182.7347802028652,9.381295546200315,9.684112683131817,0.13393960339999283
2019,9,B,3,0,2,2,6.33319945472534,245.719801545978,15.127173098692479,12.677894173671033,0.17813898828525285
2019,9,B,3,1,1,1,4.868309203409329,191.83432360010846,11.50421000606348,17.761618637301893,0.1470091061332974
2019,9,B,3,1,1,2,4.719908233993415,188.64625114679362,9.855781936264584,11.80112604191073,0.10537231336166254
2019,9,B,3,1,2,1,6.438420198451,207.91647268206188,11.12691363904516,15.052220549317019,0.15649840114949476
2019,9,B,3,1,2,2,7.432330668917463,182.136404175732,15.494353878612259,15.591465697656433,0.16642650978620407
2019,9,B,3,2,1,1,7.168792533647222,266.6039432548732,21.298767012324358,18.473061219231536,0.14792570763731372
2019,9,B,3,2,1,2,8.26724954926658,313.8680847155861,13.43794617786617,17.402946220778578,0.11379580927736703
2019,9,B,3,2,2,1,7.570709858368897,344.300118518627,20.210292337447505,21.239891889258896,0.13260661654974942
2019,9,B,3,2,2,2,7.650166705522676,291.22278417140683,20.125027644470773,19.59618522774288,0.15844740792428416
2019,9,T,0,0,1,1,8.889628078407974,198.94340856679847,22.779121571461715,19.950939925520366,0.1376203236889718
2019,9,T,0,0,1,2,7.988193512657383,323.7520723890141,17.814901515267515,14.678233522826863,0.14305339591221428
2019,9,T,0,0,2,1,9.079394074561346,310.15191059514933,21.522836672373096,18.904826497820572,0.1365334903624074
2019,9,T,0,0,2,2,9.109221203502212,271.3555094967908,22.63044814507175,20.864028583120483,0.13574450979009736
2019,9,T,0,1,1,1,10.313364770057996,230.57063475562518,27.734026052373142,21.489427407530435,0.13618601327896065
2019,9,T,0,1,1,2,8.787800875278547,379.83459622481774,21.59273718885429,18.285263069540804,0.1333778293224239
2019,9,T,0,1,2,1,9.50500514806287,400.3400376715618,23.356328771456784,20.946001431867767,0.13681980725801074
2019,9,T,0,1,2,2,9.600012449422065,335.2828565591767,24.776926505347067,22.85848423875355,0.1478540266541941
2019,9,T,0,2,1,1,8.85894447980517,194.3881354303392,27.429611330592362,21.317516394956918,0.12646564568668858
2019,9,T,0,2,1,2,7.848366819991218,430.6230172445676,22.64272612204633,18.367762675571342,0.13730273017377426
2019,9,T,0,2,2,1,8.833615823008401,474.68945430625433,23.427310043161636,19.937085530137598,0.13977145600820412
2019,9,T,0,2,2,2,9.193851572357435,406.17435532822515,24.744149805125442,22.262105841659253,0.1408288728420144
2019,9,T,1,0,1,1,7.628547972297925,200.27161749427069,18.594252596323724,18.431163108257014,0.13772868515839495
2019,9,T,1,0,1,2,7.546212497117711,285.69912294553643,17.403527141555113,15.248778020848922,0.13888229016227763
2019,9,T,1,0,2,1,7.6765575639809045,293.5489192198337,19.66608452612124,17.94532518518683,0.12955268599782882
2019,9,T,1,0,2,2,8.45625474640094,240.7329286920837,21.13617801733598,19.2916609742539,0.1370342537249142
2019,9,T,1,1,1,1,8.987165558463118,251.1933544010923,23.340335452605835,21.34249197589075,0.1346383912376814
2019,9,T,1,1,1,2,8.25568807746229,327.4168754169903,20.917392011945175,18.46689640041992,0.13270169930636164
2019,9,T,1,1,2,1,8.554055240647557,396.4319089737009,22.538899119815337,20.437373388921486,0.1366652455857217
2019,9,T,1,1,2,2,9.096813188684227,327.85907561243636,23.649190872321075,21.6335868443232,0.1387849383244904
2019,9,T,1,2,1,1,8.391097205591057,272.77757909886657,24.387284665554354,19.959093598914993,0.14857088145634045
2019,9,T,1,2,1,2,8.275749896185333,421.8155469078696,23.322219540554563,20.10407087075419,0.1383821715106281
2019,9,T,1,2,2,1,8.746251014763198,435.47177958402403,24.508072245376134,21.76747089137483,0.13210912022465818
2019,9,T,1,2,2,2,8.991115741347368,404.82357012696514,25.670781167366997,22.43577017217645,0.1512612865378024
2019,9,T,2,0,1,1,6.0006398048585865,236.1475452882498,15.138438244958152,16.680344819577876,0.13955070436263595
2019,9,T,2,0,1,2,5.512420670016257,266.3078210536593,12.778530162982992,12.663022918523954,0.14400801603949598
2019,9,T,2,0,2,1,6.959402940233306,277.31327092944395,18.502575182294475,17.074409499393404,0.132227493686236
2019,9,T,2,0,2,2,7.432067880423446,209.27485010442388,19.448246359234723,17.927210717498692,0.1353127215483092
2019,9,T,2,1,1,1,8.752235639399657,238.7385763995931,19.990697046799536,18.68556954976631,0.13962935399507065
2019,9,T,2,1,1,2,8.241937021305784,300.7543779888555,17.461841789227787,16.07762233727285,0.13531222598747453
2019,9,T,2,1,2,1,8.02376173784268,297.26597826813367,19.404461983682978,18.516411369060624,0.1322525285262603
2019,9,T,2,1,2,2,8.545333097314744,238.20762861752485,19.385951215464186,19.17269625900792,0.13640321992993618
2019,9,T,2,2,1,1,10.594056901539782,294.022380938976,25.314182510132984,25.711054241731727,0.1561867689349798
2019,9,T,2,2,1,2,8.369792595122313,372.4478769239184,20.436702374234137,17.601192531508115,0.14824431371580102
2019,9,T,2,2,2,1,9.180281168626614,412.09828057573213,23.761898309149515,21.138021818563892,0.13003319720133708
2019,9,T,2,2,2,2,8.827712165993502,347.0399121055599,24.46648768943732,21.502087174131525,0.14445760936996446
2019,9,T,3,0,1,1,2.973879497670786,160.14416879669176,10.15793774852742,13.61690435159559,0.09348169666660239
2019,9,T,3,0,1,2,4.473314427528257,256.25750289132077,12.22637036342143,14.777056848517688,0.1291173768496923
2019,9,T,3,0,2,1,5.625592338450362,203.68271251505416,12.064194834499219,15.864171671527432,0.14528648604523597
2019,9,T,3,0,2,2,6.057894131910264,193.26556999496438,15.559632534980095,15.21075741013722,0.12315012815323075
2019,9,T,3,1,1,1,6.745701224428726,143.6813533961753,18.67987016129078,18.18782140257404,0.15260419748946
2019,9,T,3,1,1,2,6.546635629243328,261.8973364643074,15.062412609570373,15.242565836433867,0.11062299981463718
2019,9,T,3,1,2,1,6.49903259679906,236.61551859154247,15.215742884277129,14.89388019066888,0.12308152583834284
2019,9,T,3,1,2,2,7.298616514609181,223.5879767649904,16.92715237454363,17.61193901433104,0.1503495941878454
2019,9,T,3,2,1,1,8.178652345621318,212.60164400169876,20.013816606898065,20.875654895796853,0.1157124299461056
2019,9,T,3,2,1,2,8.761244346229963,314.9729583520383,18.07810914830365,17.34188004592191,0.13688756721296974
2019,9,T,3,2,2,1,8.030551939342594,368.22965619814636,20.902121221901897,18.833578746242996,0.13910736831749054
2019,9,T,3,2,2,2,7.721316027972208,271.8940359787807,21.16643937862903,19.093352687846217,0.15348784556624764
2019,10,B,0,0,1,1,6.082450888199539,251.2690589768948,22.104662979916736,16.26523118074266,0.09395830391894412
2019,10,B,0,0,1,2,5.896167648882023,346.19392243753214,15.158403613820765,11.676854725419416,0.08879441669101633
2019,10,B,0,0,2,1,6.777013691729166,357.48849884337324,18.808590001205445,19.53309274041866,0.15929861285219843
2019,10,B,0,0,2,2,8.115009330437948,252.4233542861485,24.14284905440632,20.98868007322804,0.14229477478146296
2019,10,B,0,1,1,1,6.507372406115094,428.87538400770705,28.74423861406348,21.26574888443448,0.107836126826315
2019,10,B,0,1,1,2,11.011274560396922,440.18957288309315,33.59679362219473,28.027551955015817,0.09035120820996255
2019,10,B,0,1,2,1,10.579171006718527,330.3882940927006,23.569001903653124,20.4549459274737,0.1576904956566963
2019,10,B,0,1,2,2,8.760661663148074,386.27447924767154,24.924612263211866,19.249783424794625,0.15013435908299155
2019,10,B,0,2,1,1,6.386370037039823,476.5110238931169,34.31674793632149,19.906618301677753,0.1345365728157217
2019,10,B,0,2,1,2,5.118843296725199,561.2008221752835,27.28050962375307,16.97806128783765,0.08001136526412088
2019,10,B,0,2,2,1,8.15565856181602,474.9522286045306,19.127403499711477,18.616756403816876,0.1819190567756217
2019,10,B,0,2,2,2,8.416003202039501,419.5584010545743,26.483454694203242,18.62081561421261,0.15352822544631858
2019,10,B,1,0,1,1,6.2725828658953455,242.53633487239262,11.987462245533676,12.66669754452488,0.12837109133475572
2019,10,B,1,0,1,2,7.379681515670395,370.4568273705514,14.88400422104824,12.704923399475497,0.12203220028858261
2019,10,B,1,0,2,1,7.08505498167328,401.0063402042416,18.7768885098935,15.517596803637971,0.16437657564973582
2019,10,B,1,0,2,2,6.752441594611271,184.78165102941696,17.813219127861277,21.388014445875942,0.13985027356190952
2019,10,B,1,1,1,1,5.197184396819631,161.35607193127535,22.066216454738843,15.608877905546459,0.10984530441406301
2019,10,B,1,1,1,2,5.843238484106472,354.9993932389182,15.089079760897093,5.025118766453614,0.09455834728394645
2019,10,B,1,1,2,1,7.887823673424148,516.8343219432395,20.825812222064457,24.30475977795954,0.0962464845121752
2019,10,B,1,1,2,2,8.93808661034521,413.22195198222477,22.869481152064044,22.88456959040065,0.1643870196853396
2019,10,B,1,2,1,1,6.401580570452888,312.0503631947893,12.754336505165606,6.802077707362655,0.07632209031466577
2019,10,B,1,2,1,2,7.28351242266471,448.1405403875986,19.400602994099867,3.685653377263431,0.0946737498289081
2019,10,B,1,2,2,1,11.719618246768963,591.6154876856955,27.413487572572308,31.81739276087435,0.1572095238832029
2019,10,B,1,2,2,2,9.003261547488917,386.01584325127254,23.651879911992136,22.958660352450956,0.13876573851976914
2019,10,B,2,0,1,1,5.438878331053198,309.74333079180275,20.579505434849498,20.159771893465955,0.07683793119286852
2019,10,B,2,0,1,2,5.711136336141866,408.2491022647814,15.138643613613471,23.353143421226328,0.09917228056938765
2019,10,B,2,0,2,1,6.1456570597803895,327.14360289099346,24.834199510119934,17.356507345221452,0.2125485936665844
2019,10,B,2,0,2,2,5.980292347673012,223.88283758599172,19.938666463768563,14.136579483513943,0.11718532778156457
2019,10,B,2,1,1,1,2.183627028592556,174.82379729316034,11.455474062211483,17.607555145602507,0.08082885870776597
2019,10,B,2,1,1,2,7.0221906838251025,297.3696303004057,21.22411071203907,15.957706221559537,0.10856776144417822
2019,10,B,2,1,2,1,6.262933159184304,307.68308805177594,20.11613529035196,24.51402425000821,0.1112151781573185
2019,10,B,2,1,2,2,9.088109415604546,508.1093199540157,24.639782803620086,19.92356738801314,0.14798412588507795
2019,10,B,2,2,1,1,4.609111953511215,318.3580795739289,22.059543063929723,21.03436896352538,0.07213189135188391
2019,10,B,2,2,1,2,5.887976070310197,389.02996833616345,19.760709221369495,18.562916795135756,0.11191853802560092
2019,10,B,2,2,2,1,8.928741437282532,634.6577117861805,27.11176855518416,27.284502540093158,0.20675256502654307
2019,10,B,2,2,2,2,9.307572705419322,411.97019527237404,28.60429270529208,22.82542592418263,0.14323622780126138
2019,10,B,3,0,1,1,4.616689939772867,383.94473847156706,2.603162828016461,5.229265612556574,0.11509496119147289
2019,10,B,3,0,1,2,,,,,
2019,10,B,3,0,2,1,6.094212325367948,195.1418460932115,12.452589994214053,15.47932052512728,0.18927968072845722
2019,10,B,3,0,2,2,3.190744375011362,103.56892692791612,5.590124637847231,21.02051627944074,0.09552001688127983
2019,10,B,3,1,1,1,4.270087743048532,592.7636681117809,19.248052387016546,22.64106316018162,0.1822550916526979
2019,10,B,3,1,1,2,,,,,
2019,10,B,3,1,2,1,6.326845838793383,227.73701502500643,26.876362225236935,10.332739668534101,0.1526217161516388
2019,10,B,3,1,2,2,9.138630568453173,164.19118011229062,26.809370580588983,20.831722252717768,0.14983275551983505
2019,10,B,3,2,1,1,2.0739441892201387,40.82834554571126,4.581457972392631,6.4126099772245615,0.06475683902106402
2019,10,B,3,2,1,2,,,,,
2019,10,B,3,2,2,1,6.121330335549879,425.9504374279419,12.672956878964705,17.153508652289986,0.18155652433793262
2019,10,B,3,2,2,2,6.012463384591893,373.3056754870339,17.796770352517814,13.819603199071883,0.15663770301332625
2019,10,T,0,0,1,1,10.35919984395014,214.41684086076995,15.889909197520803,25.155963485744408,0.11744561773507095
2019,10,T,0,0,1,2,6.511832146442984,322.7742825567118,14.267911483747152,11.368639800642057,0.12361009666382995
2019,10,T,0,0,2,1,9.261407453926738,392.5997579326089,22.042889053754347,20.45259005619827,0.1251332444343741
2019,10,T,0,0,2,2,8.653787368417241,302.5936646406098,22.719122314366878,21.46932204910691,0.1483182024010363
2019,10,T,0,1,1,1,10.54288030894742,252.40908163160427,21.60480069266247,25.632939993551464,0.14543856879214564
2019,10,T,0,1,1,2,7.763383747408325,446.12075341203735,17.219224727744223,14.94226530176437,0.10346213502441134
2019,10,T,0,1,2,1,8.585268385811263,508.07433519579973,20.717786758146072,21.911436766052365,0.1494587954917929
2019,10,T,0,1,2,2,8.670725651828754,399.7350712581846,19.68459133400521,24.512936047528523,0.13588949497828948
2019,10,T,0,2,1,1,11.215619019920377,193.1461270126844,18.344812183211907,27.931389084474777,0.14807640774275962
2019,10,T,0,2,1,2,5.9662751226611865,395.6981945674362,24.455214419392238,14.40769753430998,0.13521662613720462
2019,10,T,0,2,2,1,6.641328171812791,429.1008870384013,18.816420195975255,15.92801061953118,0.12536133853024717
2019,10,T,0,2,2,2,7.125201424053454,366.5769252205517,18.277400475593037,21.966137155628914,0.10085856778118461
2019,10,T,1,0,1,1,9.056599808058944,110.62419395357767,15.04983732412585,26.200037012484998,0.12888623890387943
2019,10,T,1,0,1,2,8.503167137228132,392.4797701561422,18.291073531721644,13.146655441249548,0.12624534900523876
2019,10,T,1,0,2,1,7.846072106474681,211.51070203656363,20.618760780281942,17.705940177950676,0.14851561062393412
2019,10,T,1,0,2,2,8.124219740677892,208.26178396492645,23.972820989737176,21.118830082252728,0.14517432836954194
2019,10,T,1,1,1,1,9.296245030476918,235.6999544760245,23.877640998823804,23.883167724187736,0.15040969321284098
2019,10,T,1,1,1,2,9.195814543101182,316.10024738118193,26.796044230752678,25.677922364704663,0.10285454827084703
2019,10,T,1,1,2,1,10.031885179428983,524.5766845514972,25.555498952733423,18.109351368566962,0.14263208169093367
2019,10,T,1,1,2,2,9.112045971173586,329.5416828045201,21.15872774823968,19.777314088336347,0.1316277767597506
2019,10,T,1,2,1,1,13.30802331302437,116.52370029311636,29.09115502447436,37.69109700636213,0.14535439012977905
2019,10,T,1,2,1,2,7.279336525838755,446.6785357717905,18.312609614124096,17.12439434576225,0.10821703043848081
2019,10,T,1,2,2,1,8.954364424883728,449.3725371899052,27.541999697758406,20.020958209102183,0.18213198257132743
2019,10,T,1,2,2,2,8.63335714160688,473.8636252385006,27.521145213166207,26.766647579134766,0.13841053933533773
2019,10,T,2,0,1,1,2.272103192345516,199.45593072155074,5.659154342817779,6.096577998899602,0.07427400734218308
2019,10,T,2,0,1,2,4.848093740499115,238.34747846718813,5.60963089962254,6.389395811290247,0.03138866993040634
2019,10,T,2,0,2,1,4.380659406902776,381.87596738946905,16.6545623955308,9.977035410094807,0.09142484423206375
2019,10,T,2,0,2,2,4.480555474615963,199.04220877743484,17.089605881179,16.96531415413577,0.15493282237795844
2019,10,T,2,1,1,1,6.343172189730583,278.3416065576101,14.392941997357097,19.098174987740883,0.10038397510132208
2019,10,T,2,1,1,2,8.819337458108741,387.4626173194002,18.94959873961715,15.475990911788356,0.04261913807199762
2019,10,T,2,1,2,1,7.726016789021516,468.47092076951407,23.453630383616716,19.1719378101629,0.12587515070858543
2019,10,T,2,1,2,2,10.158486695602688,363.73533976625225,17.876132534432394,18.98970485197129,0.1451800861217399
2019,10,T,2,2,1,1,12.989082552419601,174.03224840221012,35.987653360222524,32.397193139397565,0.13027603588836165
2019,10,T,2,2,1,2,8.776223367337833,403.7303738284357,25.8666222564571,25.819749835065842,0.11012083633969476
2019,10,T,2,2,2,1,8.765470951084263,427.8469830588983,25.682041633698063,23.035941026687137,0.1374186539743202
2019,10,T,2,2,2,2,8.515645957052984,396.71864832896915,21.54833809668625,24.49506282404752,0.11447828798510225
2019,10,T,3,0,1,1,4.28435998720928,258.7374423039695,3.0460038813172887,4.545211678789009,0.029394428893924855
2019,10,T,3,0,2,1,,,,,
2019,10,T,3,0,2,2,4.125520185382692,58.01692149709411,13.535080866141877,15.788134342378772,0.17282250105238028
2019,10,T,3,1,1,1,1.5803836559519333,236.38579695066298,3.200718845040914,8.145304433844078,0.03623922253581057
2019,10,T,3,1,1,2,,,,,
2019,10,T,3,1,2,1,8.319301673417879,117.18979648416497,28.85981245785911,34.065392620517386,0.2105578163672232
2019,10,T,3,1,2,2,6.811364672107093,191.34964227821297,17.560409998761774,14.43524199127756,0.1600522966095769
2019,10,T,3,2,1,1,3.677164219884665,154.05320726943668,17.14715739159118,21.81919537415805,0.05794997955133377
2019,10,T,3,2,1,2,3.0772618239814076,158.9563507172122,14.608297117163705,4.86109552707343,0.09875262173734921
2019,10,T,3,2,2,1,4.4940482227688,311.15532096794783,23.092966437482186,12.192659890557033,0.0731880737259445
2019,10,T,3,2,2,2,9.026561022661582,364.16946663092165,14.663650776710316,25.844968259475152,0.1620158128792269
2019,11,B,0,0,1,1,8.963154478992632,209.22525239815448,24.84830543006792,19.430157105796674,0.12446813441887157
2019,11,B,0,0,1,2,7.17614476975,349.3320191277616,28.619052222437713,11.897899115611406,0.08615806476679345
2019,11,B,0,0,2,1,10.303638661930558,431.71988173803067,23.53981837698902,20.205069086162638,0.14607888156688473
2019,11,B,0,0,2,2,8.716682372969995,310.08644284511723,24.687646295792394,21.88077307718903,0.12804238063726892
2019,11,B,0,1,1,1,5.950002016806381,126.73692845155007,16.706586483280578,16.570607058913083,0.0866181911224964
2019,11,B,0,1,1,2,7.852982775747725,385.0944228677034,42.25221037049423,19.130493713764444,0.07633869480027497
2019,11,B,0,1,2,1,6.504024935522984,525.5380134702536,25.279804307557285,18.762212982631507,0.17946682627398622
2019,11,B,0,1,2,2,8.18114508967179,355.712064852157,28.107199306769783,20.877332657623022,0.1096551290261387
2019,11,B,0,2,1,1,,,,,
2019,11,B,0,2,1,2,7.225266756321177,529.9151506892402,19.564530228886152,5.297339912446624,0.10061749087509583
2019,11,B,0,2,2,1,8.586666291407859,498.39679027921017,18.930418557272077,15.057928256957178,0.14475130685458806
2019,11,B,0,2,2,2,8.293155006608544,389.535798909705,33.508838256224415,18.542979730619496,0.15939681179086013
2019,11,B,1,0,1,1,14.782522969146136,72.4156504723485,38.30204540399899,32.95561724628039,0.0598933209965853
2019,11,B,1,0,1,2,10.393245564628343,136.57573685199986,31.0424328804987,20.552589890270927,0.16250590763620462
2019,11,B,1,0,2,1,5.533969719337602,419.4522483538393,17.18304032232443,17.209057658673366,0.17722361481780843
2019,11,B,1,0,2,2,9.091022929709107,346.53639690005224,26.03568438351582,25.45170302977459,0.1433194026620672
2019,11,B,1,1,1,1,7.615790635252524,299.597182952933,51.95437991606995,28.911978636083234,0.19025715965503118
2019,11,B,1,1,1,2,8.736625675854489,185.66754904039283,26.400644974246212,24.975901506412136,0.06751507327997215
2019,11,B,1,1,2,1,9.888442405283772,383.47585845565396,26.33855386898788,23.46825587747602,0.17592836907602943
2019,11,B,1,1,2,2,9.664302326086448,439.02375663842685,23.371359779759846,27.761281500023852,0.13745253095766063
2019,11,B,1,2,1,1,5.992022863774796,127.27214954576654,13.950509686029395,15.313599428122703,0.05487148622007601
2019,11,B,1,2,1,2,9.167667627773891,460.82656172119437,32.618744579212844,14.803004067791855,0.10062415869075483
2019,11,B,1,2,2,1,10.247908119871747,384.5542507054187,31.06045089842157,22.20359745300297,0.18775271109722752
2019,11,B,1,2,2,2,11.388151873558686,587.7024110461437,24.164501209838484,24.444752803854428,0.09917823030618497
2019,11,B,2,0,1,1,19.256638972053256,58.76764458441373,53.088375049957975,31.37651991226879,0.0892368757857422
2019,11,B,2,0,1,2,5.902927409345308,155.88168991257444,12.004763956238373,4.501512479711682,0.14331640241088944
2019,11,B,2,0,2,1,1.3795653300949395,187.21359138695024,1.7655749219446881,8.084776093374508,0.07063996744053601
2019,11,B,2,0,2,2,4.131650114260249,102.95660310931736,21.681357420422934,19.74343675006782,0.1614460619643896
2019,11,B,2,1,1,1,2.3129462812612074,194.6099283181618,16.55690528148301,20.03983044289547,0.1660286722226013
2019,11,B,2,1,1,2,1.5704841610152944,3.1890515831514836,11.448129498088324,8.039945523447281,0.1346402022057305
2019,11,B,2,1,2,1,9.463747902449162,524.4340428367624,32.19971033153637,25.032162983391988,0.07480668577146773
2019,11,B,2,1,2,2,9.945163885024717,458.1144134602186,27.138800388970527,25.84311507195292,0.08518079284674444
2019,11,B,2,2,1,2,9.496390511662831,460.93698577221784,32.641164366202844,13.982307120908192,0.07915660865931813
2019,11,B,2,2,2,1,9.71163142006973,427.6790865135577,21.47852729734652,21.176358999791713,0.10861369328792234
2019,11,B,2,2,2,2,9.074662615752917,363.3453514784876,20.244417440402973,19.339467318583893,0.10318313871026878
2019,11,B,3,0,1,1,,,,,
2019,11,B,3,0,2,1,,,,,
2019,11,B,3,0,2,2,2.4366899679688516,130.26321123018596,33.638483794606444,6.953193111441676,0.23996375726346678
2019,11,B,3,1,1,1,17.907479233549317,125.2215398803258,56.6951146087562,39.152926738367846,0.08255471670352951
2019,11,B,3,1,2,1,4.298767672252132,168.53417077851006,10.723330569122012,19.110020567309707,0.0757678171125445
2019,11,B,3,1,2,2,3.794334987847014,159.7778482769123,14.942439078677884,15.256960174949661,0.04685289532142055
2019,11,B,3,2,1,2,8.524770378139227,506.4603350016663,37.71595484274699,16.22950006698666,0.056978960853985385
2019,11,B,3,2,2,1,4.27965462391534,200.50722213925357,18.620061199749586,11.792541881728466,0.07153617147988843
2019,11,B,3,2,2,2,8.175581474393388,302.0386679236801,20.69006792608003,20.56934696650078,0.11625654153637976
2019,11,T,0,0,1,1,8.159609060376717,244.77305984783698,25.635847417058937,25.31569312159253,0.08752095291985791
2019,11,T,0,0,1,2,7.6049002736017925,303.39206065670834,15.420541860878238,14.08222938401445,0.08263503334081793
2019,11,T,0,0,2,1,9.118638881121287,383.3810650090732,24.026546643637563,20.23008482511367,0.1049193129626673
2019,11,T,0,0,2,2,9.348304427071369,361.88765961117326,27.197437271166418,22.487876017136458,0.1321213625783615
2019,11,T,0,1,1,1,3.850434698403113,301.1320158612608,12.63303335122712,16.721292279293987,0.0524972424672636
2019,11,T,0,1,1,2,12.375782884326958,530.308872686475,25.110068906715487,8.14905209978437,0.024395183950935873
2019,11,T,0,1,2,1,8.11557272946726,442.8590464195927,27.21107480088956,17.544872485648426,0.09730127790767984
2019,11,T,0,1,2,2,8.52259932365012,440.41619188942707,23.16183602313515,21.915604832021934,0.08657544269466823
2019,11,T,0,2,1,1,0.5473006486383885,100.86171126844906,20.28781279105759,30.154674749717497,0.07564628345133691
2019,11,T,0,2,2,1,9.981951202044609,753.8609496882033,40.98002096830869,25.84738260317667,0.09013199958949097
2019,11,T,0,2,2,2,6.876957753574212,384.692069705686,16.58236923591397,15.223564745081951,0.1386878440058825
2019,11,T,1,0,1,1,3.7852516032623176,204.60689680458,15.929592349406812,20.303544865857294,0.09969123040669123
2019,11,T,1,0,1,2,7.254484148797319,279.6407046212347,13.452840489749795,13.864132318288629,0.08118343484468875
2019,11,T,1,0,2,1,7.190941968178148,224.51164225102,21.366111053407685,16.848052890182625,0.09577986930057535
2019,11,T,1,0,2,2,6.161738796800782,428.16512039258606,16.591769474993004,18.342101202209033,0.09487616610546509
2019,11,T,1,1,1,1,6.646007247463204,257.9257694247191,15.806584815672021,28.904320256149138,0.034232523034876276
2019,11,T,1,1,1,2,8.19420096775763,376.949381522241,15.579311955121767,6.109330099118886,0.07978144991161797
2019,11,T,1,1,2,1,9.628253899561008,582.5061348972358,24.599012549734567,26.29947593053413,0.12267374443728661
2019,11,T,1,1,2,2,7.697724212039254,570.1691945387614,23.152885330153488,17.203022033274216,0.09960093016325004
2019,11,T,1,2,1,1,13.524680304293087,412.9637037722969,9.946813299913359,9.19090133356535,0.043187961671434794
2019,11,T,1,2,1,2,7.805661938618657,295.5234217113762,24.035672659979376,15.09341543167086,0.08324951032889016
2019,11,T,1,2,2,1,7.477555891977477,474.99118688865775,28.09690948345409,16.42674930761176,0.12148284406837524
2019,11,T,1,2,2,2,7.909898385800177,648.3769153679281,22.17390004216239,19.535770270999965,0.10884879846597012
2019,11,T,2,0,1,1,8.012317267807111,99.6941404162419,14.960212081718627,25.405835429635058,0.1655950450144367
2019,11,T,2,0,1,2,6.679610503329548,269.3890730806246,12.319104767914638,4.360605414552956,0.06935017993590824
2019,11,T,2,0,2,1,7.911180105816488,498.7934990521294,20.61610487295187,9.865983822542313,0.09898943204537881
2019,11,T,2,0,2,2,5.931210643449592,452.44251811803923,14.916330128724388,16.727319351523267,0.13803289828274035
2019,11,T,2,1,1,1,8.100042854824903,95.39813777881973,15.699617883539927,23.33085974343191,0.17027722572323056
2019,11,T,2,1,1,2,2.1453619741200094,65.58415395505229,3.001031890033821,2.5046429296408697,0.12583672277995783
2019,11,T,2,1,2,1,10.510688511327066,516.2202351000838,28.466770238762816,29.575256689910688,0.06993203076406199
2019,11,T,2,1,2,2,5.475910365713936,450.3857977172858,19.132932452286227,21.19507857137102,0.11211923951414747
2019,11,T,2,2,1,1,6.68799140250643,152.17062216472664,25.493549729295147,22.935622006557836,0.08351906234507189
2019,11,T,2,2,1,2,7.113918915290891,261.4432869667914,6.9554007497771115,4.673977574115364,0.08579357571131617
2019,11,T,2,2,2,1,7.245018957877189,570.8400769480012,24.47835837885059,23.838109545195064,0.10454932457935824
2019,11,T,2,2,2,2,7.938376606064101,629.3265029754089,26.50600744107815,18.33140560711602,0.12255591510192639
2019,11,T,3,0,1,1,,,,,
2019,11,T,3,0,1,2,7.425863586142704,392.14905353279477,14.084874645330238,5.156975316759492,0.05212927737845592
2019,11,T,3,0,2,1,,,,,
2019,11,T,3,0,2,2,2.308710606955031,174.02343951318736,5.163180539809415,14.317438487973039,0.07365294155700766
2019,11,T,3,1,1,1,,,,,
2019,11,T,3,1,1,2,7.931186050438278,316.0609170028251,15.949111756408778,3.108258429195788,0.06372520621125262
2019,11,T,3,1,2,1,7.239976887624239,181.87402077628724,26.500395813868515,9.512541064932387,0.09871638212576467
2019,11,T,3,1,2,2,5.334147100417171,418.7278543716273,19.901158381561935,21.96970048389678,0.15574594410984402
2019,11,T,3,2,1,1,6.240390933266922,371.30898171199675,16.380312288537112,16.616714646988232,0.0261061084805836
2019,11,T,3,2,1,2,7.706982306108313,329.6561999063064,4.823178703303453,4.701323304666463,0.06108803046969727
2019,11,T,3,2,2,1,0.336582827844796,186.21657082547705,4.336332335626503,18.561835848859342,0.011242997820866203
2019,11,T,3,2,2,2,5.029867273385925,589.1184028942135,19.01020290975038,15.446396755316483,0.09994061264980417
2019,12,B,0,0,1,1,12.806575993085216,170.70160307292562,28.01772691363396,21.23423233773141,0.056025192175782265
2019,12,B,0,0,1,2,7.238706431400577,153.44022333722606,22.009576909856516,13.677256521432373,0.11075748446698555
2019,12,B,0,0,2,1,7.917471799459596,455.435767874396,25.126079376203034,20.80331782872443,0.11546965640168773
2019,12,B,0,0,2,2,7.722486737558358,422.8392812799945,26.365852084465782,19.442660782264113,0.12329371413059806
2019,12,B,0,1,1,1,,,,,
2019,12,B,0,1,1,2,,,,,
2019,12,B,0,1,2,1,9.13071261914059,583.5023255252146,25.070336906670512,25.04228965247498,0.16645231878161912
2019,12,B,0,1,2,2,9.08242599749648,481.4060936984491,22.20605226486689,30.859488593689104,0.19128670663721292
2019,12,B,0,2,1,2,,,,,
2019,12,B,0,2,2,1,6.4529842863592926,651.8934075215058,26.16931987640718,15.327764410196291,0.15679806494341691
2019,12,B,0,2,2,2,9.852843193718243,896.5208970085417,23.58265032878267,11.817096784038513,0.0811469414087801
2019,12,B,1,0,1,1,8.883771046126768,452.7222378383166,8.837605675181484,18.53586060708539,0.08264759786789544
2019,12,B,1,0,1,2,7.304961558952777,325.1372984243222,31.455156231298883,20.42458858216964,0.11369593218561315
2019,12,B,1,0,2,1,0.8291527302011298,700.6769970238306,14.911668817421909,20.316257125703338,0.08792610344298606
2019,12,B,1,0,2,2,8.718381088798761,282.0406460913374,21.352073741085373,18.82231889030667,0.1465245009903674
2019,12,B,1,1,1,1,3.3891522047064595,353.47321674821893,22.48319422310898,23.631357465027087,0.11158074934772569
2019,12,B,1,1,1,2,4.8453793762718,380.9354605332336,18.0244456400448,25.74444247134282,0.10575360996202449
2019,12,B,1,1,2,1,5.902431049999655,533.8012608640036,16.72399906867613,20.426114682980707,0.17448805770023343
2019,12,B,1,1,2,2,8.935330366024528,464.4728843568566,29.02340101709357,18.740361605308227,0.1611091896130627
2019,12,B,1,2,1,1,20.424779374573422,282.72957538962925,69.4410678930343,1.5408351736801704,0.10531648398992444
2019,12,B,1,2,1,2,0.40014622327345106,118.67373108653823,7.21556616731494,4.5500385174193845,0.017198341005263667
2019,12,B,1,2,2,1,9.530491163078834,622.618626758521,29.766750961560245,14.491528227045686,0.21561137817842546
2019,12,B,1,2,2,2,8.82954783460831,598.7253022286413,28.17745979566437,27.73743022593848,0.11463681625820825
2019,12,B,2,0,1,2,9.044833812735314,331.9618002571983,22.26803229907169,23.10185786632279,0.1299040978183521
2019,12,B,2,0,2,1,0.20718228688766294,21.701107114615343,4.74560574057728,1.5586825488373182,0.045629600589967734
2019,12,B,2,0,2,2,11.058442950976424,332.04320230957893,28.717579211905207,14.479694258933785,0.10197186891491207
2019,12,B,2,1,1,1,2.246478243829646,50.444997769848406,32.31424957013934,6.672860628040271,0.1167645427773346
2019,12,B,2,1,1,2,1.2501233272495051,245.7283454006341,1.7658491186961576,11.245807118431532,0.10187866574181942
2019,12,B,2,1,2,1,0.4249711754931144,199.79302102425913,21.906238791837364,15.741328320062445,0.1038386308172446
2019,12,B,2,1,2,2,9.100485245304231,132.15417522727023,17.319448108557037,16.61817892766833,0.1468005290521801
2019,12,B,2,2,1,2,11.147538405405943,98.52118782272161,40.090657103345166,18.99847428624204,0.1228032346886677
2019,12,B,2,2,2,1,2.679216552153514,198.7044021488535,2.6706248838052855,5.298733490498774,0.057448175776085394
2019,12,B,2,2,2,2,8.596371048943336,430.0115687022592,22.161933446970032,28.831004452709585,0.2052277189990561
2019,12,B,3,0,1,2,6.907726145411386,73.23504932749069,27.41472789650118,6.399296570748382,0.11472807524751742
2019,12,B,3,0,2,1,0.3698168465605717,132.42695798061644,5.778547326534585,0.19325228329828273,0.20153250370597806
2019,12,B,3,1,1,1,,,,,
2019,12,B,3,1,1,2,0.5904341622907577,,24.153381716041338,38.84781016228585,0.0795707260869222
2019,12,B,3,1,2,1,0.5267945519839711,38.982796846814445,4.767172497403465,1.6478416428771285,0.22138099105388423
2019,12,B,3,2,1,1,,,,,
2019,12,B,3,2,1,2,,,,,
2019,12,B,3,2,2,1,3.0108606742923363,46.12457533679851,14.928721207122864,6.490957408580032,0.14755197203019696
2019,12,B,3,2,2,2,,,,,
2019,12,T,0,0,1,1,7.770227684741756,233.55079127559077,17.49377826504976,12.616288740974358,0.19083283799274067
2019,12,T,0,0,1,2,7.789343505713416,183.47504562383054,21.7195723754651,20.6270635146321,0.11371436643332862
2019,12,T,0,0,2,1,9.41143238124073,372.4469783959187,28.525756055443416,23.77892491720624,0.1211899949390763
2019,12,T,0,0,2,2,8.427547969330242,368.80339150390495,16.809632585311906,24.513630174705842,0.07572869448191206
2019,12,T,0,1,1,1,10.695605441800232,185.74376723504523,27.548686561268216,28.873088398896307,0.13850407079456778
2019,12,T,0,1,1,2,6.058490901206337,363.382174851767,10.95683170651991,8.22598531757746,0.11754236023663987
2019,12,T,0,1,2,1,7.922054675758952,456.0994492432544,21.871849746208568,20.46727658960273,0.13290967464517295
2019,12,T,0,1,2,2,9.863409667948389,162.98367257182537,19.03446339959373,28.5643547014826,0.14816660513309557
2019,12,T,0,2,1,1,,,,,
2019,12,T,0,2,1,2,6.973487076061738,441.55990057975157,23.97353617731435,5.32345340216292,0.06646803743153545
2019,12,T,0,2,2,1,8.44002654024263,930.6020215161794,44.06491470455832,42.60728478582037,0.17225828296485476
2019,12,T,0,2,2,2,10.21653673963838,616.8715963094211,26.326971828185652,26.934615443752993,0.09811920757546964
2019,12,T,1,0,1,1,3.4609098514696903,186.6003776344875,8.51020905168218,0.9168940524037307,0.16466929474960806
2019,12,T,1,0,1,2,,,,,
2019,12,T,1,0,2,1,7.090422121503844,184.48991581143704,17.11461949220737,20.218330915131062,0.12415861669654674
2019,12,T,1,0,2,2,6.3470049443526,169.1821239428628,13.68735705739225,20.893467258162215,0.08109631308736324
2019,12,T,1,1,1,1,8.617058638731285,149.92405596945852,16.62067762911283,16.109066558130134,0.13345902779505028
2019,12,T,1,1,1,2,0.5557859300126273,52.94108470743674,1.8879751057680831,1.4388915890365057,0.008421641763931764
2019,12,T,1,1,2,1,5.142126978854825,383.96877286657906,19.546128713357454,22.587446592586556,0.06384585418542585
2019,12,T,1,1,2,2,11.511396665913312,395.3641207418802,11.919035594669563,30.462085922388834,0.04310642272330192
2019,12,T,1,2,1,1,11.32688808985063,205.57996273956266,9.01815599970415,24.424276631857087,0.18400782714330385
2019,12,T,1,2,1,2,2.267180738273866,209.87183548537428,16.09934955780264,22.637971173483724,0.05815646851382912
2019,12,T,1,2,2,1,3.300378059152209,129.15035075445994,18.895268445830556,19.862459993729377,0.14035573815606303
2019,12,T,1,2,2,2,3.7603938623500532,517.0506205392272,18.116669703695543,30.290410967434067,0.16337702179315186
2019,12,T,2,0,2,1,0.9260534541806965,189.62544634093817,1.993807172221024,11.210326671034167,0.1228505836371973
2019,12,T,2,0,2,2,4.014532064886269,208.42207625393235,12.661993266938662,17.515600638952694,0.13163166081912056
2019,12,T,2,1,2,1,12.050556128245697,813.110617751361,28.89760693382816,22.178465285565487,0.15650404850993463
2019,12,T,2,1,2,2,6.524979894148928,390.05090786179386,16.53362629834409,22.18885891254266,0.08615626942889743
2019,12,T,2,2,1,1,,,,,
2019,12,T,2,2,1,2,9.202393094552448,358.52961080641575,31.343370199825888,21.747999477612495,0.09601248438788221
2019,12,T,2,2,2,1,13.123023717878436,697.5097421521797,42.18650880101932,24.49145875735049,0.09735717143590407
2019,12,T,2,2,2,2,3.4315417331961195,67.62599623419023,4.453374797742344,33.30621392358089,0.017891372921047755
2019,12,T,3,0,2,1,,,,,
2019,12,T,3,0,2,2,3.406667041748191,168.19151653199796,16.93763102414266,23.78695544356472,0.08773715005629029
2019,12,T,3,1,2,1,4.805497684943772,213.10784171400178,12.769712072125982,35.30176369983722,0.05506240505099661
2019,12,T,3,1,2,2,6.7294305851238265,544.7043677812765,15.505529330532386,17.59877294350376,0.08178960508524288
2019,12,T,3,2,1,1,,,,,
2019,12,T,3,2,1,2,,,,,
2019,12,T,3,2,2,1,12.400298800163387,900.2394733810183,42.648232150911404,27.838385041042404,0.12973488749497306
2019,12,T,3,2,2,2,3.231778040026899,109.24197261126308,11.302340760214227,20.875733424938147,0.03257329151314007
2020,1,B,0,0,1,1,9.551858842612106,189.20470300351448,25.05560029661363,17.334488622917444,0.14294589871803975
2020,1,B,0,0,1,2,9.040758261239858,272.60239244864067,20.473110389794602,16.524326093460783,0.1633311974769183
2020,1,B,0,0,2,1,8.873667502638208,292.193592309601,21.318667368947953,19.673845853580588,0.1399110394117642
2020,1,B,0,0,2,2,9.82069354412322,249.92076116227204,23.812192512626922,22.627673066638526,0.14817378423053074
2020,1,B,0,1,1,1,11.078701649708718,238.59184516578412,29.11233329523351,20.08724968097581,0.1575083065272692
2020,1,B,0,1,1,2,9.641342702891025,324.67454253624464,24.012966007962387,19.409089981831393,0.17075529502132422
2020,1,B,0,1,2,1,10.406398945953367,352.1593554391366,25.836770954419478,23.961007168203487,0.1479732118520246
2020,1,B,0,1,2,2,10.85328757822714,276.8589974555881,25.959920967941496,24.223417510417022,0.14989163047449322
2020,1,B,0,2,1,1,8.749605340893782,209.33253730983319,24.74349264970778,17.086167031610156,0.16041332901779923
2020,1,B,0,2,1,2,9.40455182030715,313.0907602821972,20.63096017076007,17.47554410471812,0.15606956311033426
2020,1,B,0,2,2,1,10.193664353394057,419.03868115942447,25.872738495281617,23.16022952582364,0.1521009759367587
2020,1,B,0,2,2,2,10.252137508569168,381.0855098754594,25.906720424320294,24.62423169701221,0.15801299420274356
2020,1,B,1,0,1,1,7.666807680055195,178.9576948280482,19.7812421868496,16.364684484769075,0.1394125313693572
2020,1,B,1,0,1,2,8.266220049408346,285.1507877370513,17.802811365374957,15.87087091241493,0.14915277750408756
2020,1,B,1,0,2,1,8.500906252141101,280.3571374336906,20.332234630871557,19.410643626187653,0.13797901248896377
2020,1,B,1,0,2,2,8.721328558947526,254.4763124307748,21.83090227093019,21.654456211447012,0.14865115589762248
2020,1,B,1,1,1,1,9.665104539409084,208.15756951439695,26.63353366501005,18.543216303456816,0.1332268739513588
2020,1,B,1,1,1,2,9.041517678368555,304.4681230373717,21.94960492338779,18.306236943653328,0.16391459434465747
2020,1,B,1,1,2,1,9.832816078285097,346.773942978158,24.103619788762657,22.50010485963419,0.14129281278723024
2020,1,B,1,1,2,2,9.735064699762464,288.70563392656373,23.687079179862398,23.98305335692973,0.1521978167312733
2020,1,B,1,2,1,1,9.35549966253235,256.7707471667936,26.303362706951162,19.845250388972907,0.14949668595061652
2020,1,B,1,2,1,2,8.962668212201432,331.8429139253235,22.413666701154,18.75811537601969,0.1636184856328426
2020,1,B,1,2,2,1,9.655187421859116,408.40486154018623,25.43545545802694,23.263904812504595,0.14561801468296534
2020,1,B,1,2,2,2,10.193110722225118,414.99035995135097,26.06929891578612,24.146383969331534,0.15083250547866392
2020,1,B,2,0,1,1,6.6159272597459795,156.79791363022528,19.56759943667616,16.521951691848745,0.13904749210113576
2020,1,B,2,0,1,2,7.391996269585748,239.91203575624166,18.114315905546412,16.708986949442963,0.13785918551290552
2020,1,B,2,0,2,1,7.117846700128487,265.70251158017595,18.592397885491373,17.46412844818416,0.1403635668256388
2020,1,B,2,0,2,2,7.7818188609464665,223.55973657882694,19.335501406344946,19.658391865545752,0.14197971614069502
2020,1,B,2,1,1,1,8.167946388135318,187.9672241716689,20.99049391205476,17.29131130348258,0.14973274673168344
2020,1,B,2,1,1,2,8.355482069013506,299.5487164513195,20.635845457606393,16.711755296153306,0.177006201328144
2020,1,B,2,1,2,1,8.118430346975584,293.3531506757626,20.717673572146907,20.461838894330082,0.13772061936686306
2020,1,B,2,1,2,2,8.932733905543328,279.12791295627494,21.746052560429778,20.634393169158646,0.13000765204143566
2020,1,B,2,2,1,1,9.280174951326183,238.61411265979388,25.44419975139716,19.052329911139225,0.14864513256993378
2020,1,B,2,2,1,2,9.040142875580761,299.08725692018163,23.385148175194537,18.93492460402096,0.17532311888054442
2020,1,B,2,2,2,1,9.533736964354718,372.7820404506249,22.87468427504124,22.86249425105922,0.13977564496506864
2020,1,B,2,2,2,2,10.312841057762917,374.4531296192232,25.85735119124941,24.11607269851134,0.14721743740129628
2020,1,B,3,0,1,1,4.680088486367524,164.0051949278843,9.974748879968699,9.087099467695545,0.08616212286269931
2020,1,B,3,0,1,2,5.565402183736043,160.6887133556654,9.961746632847897,11.511886896180258,0.11241822174470614
2020,1,B,3,0,2,1,6.209551589263137,179.2852783166629,13.711457690403808,11.861272958191234,0.13107607176284655
2020,1,B,3,0,2,2,5.841600843100819,160.86875007571481,18.631453676514436,16.48369104634717,0.14886856457341036
2020,1,B,3,1,1,1,5.728316181568378,142.18220475986814,14.05004058045379,13.823427858006557,0.1169336558717288
2020,1,B,3,1,1,2,6.210590256116176,275.1981690278566,15.93110703514025,15.979627388753025,0.1411042553094819
2020,1,B,3,1,2,1,7.40120212606326,254.64085977231053,19.019534872420184,17.311933275269276,0.13544197996628143
2020,1,B,3,1,2,2,8.323791904752058,226.51928979696487,19.153110308000045,18.23941611775684,0.15000826995779337
2020,1,B,3,2,1,1,6.776557482878016,181.35792841343522,19.921127491268475,15.443944359995792,0.13299983593830253
2020,1,B,3,2,1,2,8.794388744210067,332.91719189806395,21.07897395156265,18.16336571763097,0.19785527564033858
2020,1,B,3,2,2,1,8.488620026660291,315.1610410702049,20.945564481639458,22.52075594725357,0.14187920689418113
2020,1,B,3,2,2,2,9.841275605049319,313.5133785936413,22.938296654246926,22.84728342242531,0.16414326808820023
2020,1,T,0,0,1,1,9.291191619391794,182.0925899940353,24.825082919107324,17.86574666277095,0.1638995101490917
2020,1,T,0,0,1,2,8.798009094749448,303.7632995637117,21.487461277626558,17.023066570815924,0.1568357194652222
2020,1,T,0,0,2,1,9.3324499227738,290.2932430195469,22.92311535860912,20.038212959302882,0.1497560215382437
2020,1,T,0,0,2,2,10.019941006265977,239.46437638557177,23.44003911431242,22.520914041830245,0.15165216469525292
2020,1,T,0,1,1,1,9.875742949056589,195.36524351462222,27.169212069664002,19.34606732440082,0.16713449547957793
2020,1,T,0,1,1,2,9.166645698302514,342.7016311520024,24.636873966753864,19.072038844954193,0.16123328042985643
2020,1,T,0,1,2,1,10.416769173466346,381.65350845385194,26.028183482425636,22.14579265944282,0.1454159004145572
2020,1,T,0,1,2,2,10.466121012200654,269.9642484444914,27.192903746260242,24.143120657723934,0.16479728446988895
2020,1,T,0,2,1,1,8.75170708885516,253.3877823204298,25.537905704444626,18.52905820132108,0.16554299605647568
2020,1,T,0,2,1,2,9.80276832224034,336.82948206304224,27.27751546481996,20.900638952015903,0.1753054830819738
2020,1,T,0,2,2,1,10.199722221814108,435.5358025249313,25.798293181049615,22.18741194750918,0.1510112143127234
2020,1,T,0,2,2,2,10.163579480719338,305.8653666446698,25.918177335126636,23.51641502552522,0.15865260043688126
2020,1,T,1,0,1,1,8.271532374808043,175.6054222828148,21.121847097265228,16.16410985713054,0.14891291391506098
2020,1,T,1,0,1,2,9.330723785758716,304.1165095874385,22.49589075475884,16.292732663165935,0.15084996062489292
2020,1,T,1,0,2,1,8.857972913416578,322.83269085327584,20.67484741345973,19.22133388816018,0.15370846008989272
2020,1,T,1,0,2,2,9.535031275457346,249.99266330118866,22.636607768150164,22.42030133398676,0.15265196641198842
2020,1,T,1,1,1,1,10.13771129328081,196.6459868943766,26.04393463864211,18.385430178338662,0.16380279257855135
2020,1,T,1,1,1,2,9.33076459172512,314.7314554727618,24.0358645611705,18.10570085288531,0.15303532430930056
2020,1,T,1,1,2,1,10.441608568850604,370.99358192487205,24.70507061228331,23.38802248447696,0.15572592666350363
2020,1,T,1,1,2,2,10.884142113236932,251.53364843765564,25.770037712283866,24.36132239075016,0.15303416765180286
2020,1,T,1,2,1,1,10.118294162042739,219.41144600911466,29.440240799068935,19.12527674041748,0.15922142398200714
2020,1,T,1,2,1,2,9.145466281085382,356.8180434612726,25.59583975038428,20.055189511259883,0.14427668531563628
2020,1,T,1,2,2,1,10.29443935434839,417.18192688954207,25.75072573110648,24.83543095221998,0.15388487217526073
2020,1,T,1,2,2,2,10.020603666271466,373.97708800300654,27.019630804539677,24.021424335575198,0.15569442926023735
2020,1,T,2,0,1,1,6.202934802989972,212.50793463826196,18.15525857781558,16.58718889023656,0.15043468721024636
2020,1,T,2,0,1,2,7.240555692176945,223.60023135693172,15.715927652275816,14.231434637587599,0.14491298633392066
2020,1,T,2,0,2,1,7.2796929687723555,287.1699235341992,19.90666187996287,19.461129316366993,0.13709128236011842
2020,1,T,2,0,2,2,8.348843387833849,222.4394800217032,18.21134365678925,20.700233358059425,0.14673186467694677
2020,1,T,2,1,1,1,8.005078857476223,212.75573523181856,22.48733789053244,18.206005560994985,0.17237991904122793
2020,1,T,2,1,1,2,8.594155327142415,293.4748028995867,20.031502305335263,16.310978340071884,0.14336603787052102
2020,1,T,2,1,2,1,8.637727795296648,313.2979755332365,20.674808442874976,20.652148973074834,0.14433661476277324
2020,1,T,2,1,2,2,9.061552699397613,228.79451377727827,21.80146290146343,21.457733519131697,0.14026759284211912
2020,1,T,2,2,1,1,8.917204008984289,203.11215951700277,24.869120849216795,17.536753198642344,0.1627347641318542
2020,1,T,2,2,1,2,8.812596799774694,317.16718096587005,22.958666065556308,17.520889284592027,0.14715639953176607
2020,1,T,2,2,2,1,10.044472012748981,400.4752664178657,26.123365916337413,23.014213190887446,0.152638288916751
2020,1,T,2,2,2,2,10.73292135636095,311.50271373019234,26.63115116791221,23.489914560040305,0.14251904010608452
2020,1,T,3,0,1,1,4.687802042813979,154.39471234628658,7.2595286514963595,7.588567731526776,0.1792916978302048
2020,1,T,3,0,1,2,4.953741881535609,231.60802500495018,11.949990525060755,11.17021118894177,0.16834183608915448
2020,1,T,3,0,2,1,5.327519623766198,175.56088519943586,16.361993889886975,12.171624204579842,0.14106576448049032
2020,1,T,3,0,2,2,5.619875977091112,166.73812706097965,16.762545604645513,16.532280879974643,0.1371934358546217
2020,1,T,3,1,1,1,5.722875424726529,188.2197193364766,11.43420581384778,12.430645390095188,0.16147149411975262
2020,1,T,3,1,1,2,7.916163463844173,223.8108911791116,18.868203359600187,16.240988361094395,0.15987543680338945
2020,1,T,3,1,2,1,7.734284845407622,266.04499759474055,17.683090997368215,16.46535752455254,0.1417839640905686
2020,1,T,3,1,2,2,7.832167954896918,226.00347155621373,18.483884773275616,18.41857665464472,0.14463977859279037
2020,1,T,3,2,1,1,8.031156563075445,203.94560143579358,21.68840941515371,17.229006921317467,0.17203595321165793
2020,1,T,3,2,1,2,8.375147490507166,285.4494159945154,20.134828925019498,17.799156116047715,0.15629028890669242
2020,1,T,3,2,2,1,9.152047776491527,334.4722892490532,21.865271138275162,21.090306562562304,0.14636820621175947
2020,1,T,3,2,2,2,9.716175587953234,269.8753698839522,22.599374058869127,22.5175288431685,0.1400430966881267
2020,2,B,0,0,1,1,10.009154692404554,178.79434852792022,27.0444565613893,19.111940210342024,0.1634770773880874
2020,2,B,0,0,1,2,9.52933930462933,269.2504039750477,22.627298994776993,17.637064631097516,0.14693982813361958
2020,2,B,0,0,2,1,9.288546011546453,309.3151250896487,21.63829144267465,21.700297314440835,0.1437163904622816
2020,2,B,0,0,2,2,9.907375352298898,249.20567629332282,23.57941055291907,22.457164701165592,0.14462836977166807
2020,2,B,0,1,1,1,10.553756203404882,190.10726911291843,29.244875644011316,19.562863042650058,0.15680652415819404
2020,2,B,0,1,1,2,10.201975194980271,293.84031128619716,26.466014398670463,20.632825834660945,0.16033017027263433
2020,2,B,0,1,2,1,10.321947971594119,362.41688370434724,25.43294040091651,24.283885088661897,0.15266399316215543
2020,2,B,0,1,2,2,10.994450506043451,285.42186768447556,26.639905907327332,24.96894195584449,0.1533482622729511
2020,2,B,0,2,1,1,9.05727585724937,154.81800392711665,27.707993862943187,19.10422395319857,0.17501787219481058
2020,2,B,0,2,1,2,8.896316640040673,327.71559315693486,24.517940548486198,19.490476301758495,0.15086215873301684
2020,2,B,0,2,2,1,9.252868120217006,433.04213301128374,23.014192760123414,22.412237755506304,0.14247139825139696
2020,2,B,0,2,2,2,9.654866156139915,404.81659343317386,25.23087905110206,23.932945932047225,0.1564057191708635
2020,2,B,1,0,1,1,8.793195780909404,174.36481963119547,22.866977882236014,17.242603249933502,0.1597212657145557
2020,2,B,1,0,1,2,9.014977771393214,262.3257045047756,19.736144506105838,15.7986707510989,0.13945178504926198
2020,2,B,1,0,2,1,8.340176066155525,310.3563821107842,21.09194306596715,20.36516224843358,0.14060321453665156
2020,2,B,1,0,2,2,8.431594215495396,254.6265686238206,20.627515264043172,21.135168548380893,0.13437457782534418
2020,2,B,1,1,1,1,10.185706494773566,224.64231184103258,26.79919306159962,20.4695272257893,0.15615305544527455
2020,2,B,1,1,1,2,9.261783001638435,320.11172171916274,22.325107976194833,18.645069165546833,0.13735581795040816
2020,2,B,1,1,2,1,9.624397435753174,372.698156938239,23.449560352507945,22.430731032788966,0.15131584783454366
2020,2,B,1,1,2,2,9.84752897621499,290.1053965971809,24.491292051674225,24.64516818340677,0.14699026232966036
2020,2,B,1,2,1,1,9.684072371932404,246.51083714198742,26.898872764332893,18.161388076750637,0.17575105863560284
2020,2,B,1,2,1,2,9.131682570841562,343.94148235637226,23.42463621817698,19.523816531211267,0.14372399227368016
2020,2,B,1,2,2,1,9.60404887658733,430.66490270461935,25.330635957925686,23.788562499181797,0.1529148415266507
2020,2,B,1,2,2,2,9.886034223652675,319.542195097242,25.24166834702416,24.77639909453454,0.15236984225460348
2020,2,B,2,0,1,1,7.233078500399252,179.72122151455454,15.947734227546194,15.657135961001579,0.1450091852130691
2020,2,B,2,0,1,2,6.811519504929617,215.02586718504887,14.31321754139884,13.482546143196837,0.13210361679898786
2020,2,B,2,0,2,1,6.9184570892457975,231.39039490016364,16.141430720225394,16.94138224410449,0.13907518037159358
2020,2,B,2,0,2,2,7.845139501474933,229.972306954297,19.22470195049328,18.827672067770084,0.1306761023092364
2020,2,B,2,1,1,1,7.501256645259686,207.09094705728256,17.86404445198664,15.356691060537404,0.14448514972020648
2020,2,B,2,1,1,2,8.189537559310928,276.0763036775878,14.497818101711081,13.840269677239986,0.1372678573151929
2020,2,B,2,1,2,1,8.671353353088271,307.5249338312767,21.2424916951744,20.880437868060277,0.15706556278375905
2020,2,B,2,1,2,2,8.84174600584706,286.3709034999965,20.806983614103757,21.257773002533966,0.14452946297195798
2020,2,B,2,2,1,1,8.654576648864122,277.9345045714072,27.789858622809728,18.339252414603955,0.17715086193709634
2020,2,B,2,2,1,2,8.131735398838813,332.51856593620863,20.710464820030598,18.18037014770172,0.1310116768817839
2020,2,B,2,2,2,1,10.07457328761754,392.7419243372718,24.253864570836427,24.29926587694721,0.1560887974167658
2020,2,B,2,2,2,2,9.804033094230029,381.98972109190794,23.80172399421637,24.287822903876044,0.1475660990549265
2020,2,B,3,0,1,1,4.835268209781781,153.44711289836022,8.871749816502113,10.416771102179647,0.11139523689500701
2020,2,B,3,0,1,2,5.917888111864356,134.86933605163037,12.475407228883475,9.540913488281586,0.12049938564378787
2020,2,B,3,0,2,1,6.120245097422593,180.70608897775514,15.98445744739125,13.597683425065211,0.13206786576597576
2020,2,B,3,0,2,2,4.80249087243019,154.23409587567463,13.726781632415264,14.734715712402052,0.14547288619958856
2020,2,B,3,1,1,1,6.879794684603522,134.4623393499024,13.945362276005914,16.87667028818306,0.12224646234168687
2020,2,B,3,1,1,2,6.997145014337079,223.37314549264977,12.005588059979566,12.044285987916718,0.12409106602122101
2020,2,B,3,1,2,1,7.442841418249646,246.7453735960207,19.37316691824271,15.029348463698213,0.15114407168994895
2020,2,B,3,1,2,2,7.9489540434441714,237.5966201607413,20.24973426831784,19.43734921034565,0.15487896602991844
2020,2,B,3,2,1,1,8.800921339435945,200.40304732825436,22.839022865728005,18.134830500326846,0.17112731850065552
2020,2,B,3,2,1,2,8.18755476654814,274.89142052385,20.860811971523425,16.507067414452937,0.1314944195101786
2020,2,B,3,2,2,1,9.47980269657841,328.4993430199121,22.420855393131905,22.525039639219216,0.15982235760543295
2020,2,B,3,2,2,2,8.999789648365413,286.0990238331683,20.933409958537744,22.070443375654346,0.13170482190478103
2020,2,T,0,0,1,1,9.342152790462094,195.74772080562965,24.878803099996933,18.67826783935607,0.15982052175583733
2020,2,T,0,0,1,2,9.49438014274991,300.41815553478216,22.437962722319526,17.631611262801023,0.1627407547138371
2020,2,T,0,0,2,1,9.59059675204037,314.5724790139373,21.817848665915832,21.001931843842243,0.14819763655337306
2020,2,T,0,0,2,2,9.998453808269126,228.5108295622851,24.012907530232866,22.052228780024777,0.15133135271083414
2020,2,T,0,1,1,1,10.058558363081849,211.39352816288434,28.557036732108475,19.260266491914425,0.1662509978858759
2020,2,T,0,1,1,2,9.588401228627689,335.04697484799493,27.31420321856868,20.97656227626479,0.16058109172690674
2020,2,T,0,1,2,1,10.352049258777516,383.67073296847076,24.754735279215474,23.204611590306065,0.16049133768934476
2020,2,T,0,1,2,2,10.833381005607507,295.27406369107297,26.846965573567104,25.332261902011545,0.15339721405355025
2020,2,T,0,2,1,1,7.793323158781743,155.53439352264482,27.501118603262444,17.40579083047988,0.14704142210486343
2020,2,T,0,2,1,2,9.174247979039231,361.6868989856536,24.565239337930066,17.892183058303228,0.16309922995242315
2020,2,T,0,2,2,1,9.64484530055629,408.4702279496997,24.28722355586255,23.616039150807822,0.16052043069142474
2020,2,T,0,2,2,2,10.00625572404064,380.03926367337294,25.816815995604987,23.712712339295887,0.15675650968115434
2020,2,T,1,0,1,1,7.673295694867121,189.3639389301534,21.555128605962363,17.317297863641976,0.16439849847500854
2020,2,T,1,0,1,2,7.592434187383786,305.0655144219976,17.210853447576742,16.286014601929917,0.15188630526428584
2020,2,T,1,0,2,1,9.217211741497811,324.7125752830418,21.055542545757678,20.801853893646488,0.14704007385981033
2020,2,T,1,0,2,2,8.932745264809109,231.35797086409178,22.508289186821887,21.27669307703648,0.14580877069880702
2020,2,T,1,1,1,1,9.729419571261733,201.66122690751723,27.469500381714976,20.342927574488325,0.16578820718426096
2020,2,T,1,1,1,2,8.72801499796891,344.4282251478939,23.635967196056946,18.605913218658465,0.1529797073137482
2020,2,T,1,1,2,1,9.838248131128593,396.2042991229896,24.843388255281234,23.26711879249639,0.15611055810264346
2020,2,T,1,1,2,2,10.612654268439266,288.6031391633723,26.28924355879633,24.63596245771974,0.1503944608862194
2020,2,T,1,2,1,1,9.656215677799478,211.72844355010295,28.406503967802472,21.07744913717848,0.16091402433377722
2020,2,T,1,2,1,2,9.002845678537351,349.481491852235,25.731218612262474,19.576476637740125,0.1560376326540364
2020,2,T,1,2,2,1,10.210061727707636,456.9373680980008,24.35454459637851,23.878402980529568,0.14933664377432243
2020,2,T,1,2,2,2,10.195467711342939,353.7249895024304,25.822435118705833,23.217818550455064,0.15648410143170804
2020,2,T,2,0,1,1,7.221233500187322,180.8723572787201,20.741611884791222,16.553636216109886,0.14950558807082046
2020,2,T,2,0,1,2,7.046292007667499,248.3945208753389,18.253700809244243,16.84550168325735,0.16384947496662883
2020,2,T,2,0,2,1,7.668509100350705,276.5211057331418,19.714137190718805,16.01362636795045,0.1480125453847568
2020,2,T,2,0,2,2,7.545686528691834,192.340284621113,19.25380899585368,18.898033731083263,0.13666781421862853
2020,2,T,2,1,1,1,7.744976492727928,198.68557220082502,20.593489732183848,15.703148382882935,0.15196582336874073
2020,2,T,2,1,1,2,8.24843789518768,265.70762141033134,19.891740615306148,17.90010010070564,0.15820165078858844
2020,2,T,2,1,2,1,8.376499568279476,293.80304429843204,21.186906437863307,20.50790447265191,0.14325350283478847
2020,2,T,2,1,2,2,8.767586264764326,265.1718648011421,20.571692153541377,21.54982800871457,0.14252080141996812
2020,2,T,2,2,1,1,9.59554999242639,210.57982208944472,25.662124474318794,18.926175180820234,0.1606649692365411
2020,2,T,2,2,1,2,8.641167658975485,362.5025023308645,24.092704389293385,18.98206216552227,0.1662103517758042
2020,2,T,2,2,2,1,9.724343074899584,417.4733294159254,23.17481152092033,23.244288416219934,0.15226755287315238
2020,2,T,2,2,2,2,9.86097151899684,347.6661942764714,25.50935872518916,23.586981853419513,0.15508828699401017
2020,2,T,3,0,1,1,3.737652458631643,248.8559040571288,11.370076149287923,7.016990082066991,0.1386390245030292
2020,2,T,3,0,1,2,4.614653491494334,128.3319459845645,12.662558285064952,15.067060135928475,0.17444953502177124
2020,2,T,3,0,2,1,5.197140004086667,176.36032649059743,22.874230900686907,10.300276758019672,0.15327704483127202
2020,2,T,3,0,2,2,6.099248955480138,162.8718621486184,18.20040462308237,13.33957339333215,0.15130204407518086
2020,2,T,3,1,1,1,6.042214257243339,231.45737134043947,18.217039203711597,9.912642889805495,0.14457906943990437
2020,2,T,3,1,1,2,6.165010135167493,230.2385707045893,15.969154648947637,14.791138829164135,0.13453307305328788
2020,2,T,3,1,2,1,8.33509456175937,252.56601728950656,23.375169811714024,19.440613905948926,0.14780057393530782
2020,2,T,3,1,2,2,7.788484666937521,234.85260836155894,19.635695487287116,18.635529391143272,0.13843245844645966
2020,2,T,3,2,1,1,7.75900950068919,189.10434526316882,20.576398755965585,19.142592827326645,0.17755263387312234
2020,2,T,3,2,1,2,7.7446445689416,297.05983134844945,16.906681409673787,14.742895063072421,0.1369590502512314
2020,2,T,3,2,2,1,9.223813348631936,308.379909207135,23.07107235095158,20.44804574464459,0.1494637082906472
2020,2,T,3,2,2,2,9.499949322618225,276.32681712696893,22.908422995755366,21.941049649146812,0.14655349085848096
2020,3,B,0,0,1,1,8.964389701206475,187.2882759736849,25.218830541577088,18.304103182698213,0.14887954212347862
2020,3,B,0,0,1,2,9.176981577520833,299.7464487761119,22.426528961889584,18.178023981301166,0.16075121935846814
2020,3,B,0,0,2,1,9.628401728333897,343.5018841396405,22.662043906808425,21.873390057554595,0.15222842266505646
2020,3,B,0,0,2,2,9.98000438378337,261.0762217097119,24.443316679107696,23.249906390405123,0.15198883464766405
2020,3,B,0,1,1,1,10.843489685786766,243.66683232982905,27.77917005016753,20.64064381586934,0.1618899816777757
2020,3,B,0,1,1,2,9.375957415514318,324.23076185330723,23.956657444340216,18.86366938276312,0.15527226201957253
2020,3,B,0,1,2,1,10.40612992968368,354.684489235173,25.5330318754678,23.880285018063084,0.15395656396760193
2020,3,B,0,1,2,2,10.3468900306105,308.25566631113736,25.70150165719717,25.335348774785153,0.1552542182866213
2020,3,B,0,2,1,1,9.016810118963441,218.0227684260157,28.070824131887253,18.629990637279228,0.15685942603008118
2020,3,B,0,2,1,2,10.320537761080038,354.347468272397,26.04471502048136,21.832552867464685,0.1670262159649971
2020,3,B,0,2,2,1,9.906732128893351,417.1503971176665,24.28303383556686,22.63963957813413,0.1362134870733907
2020,3,B,0,2,2,2,9.894825483316142,376.6344374684467,25.900457086755313,24.711122044657234,0.15438118882675753
2020,3,B,1,0,1,1,7.772549858584136,185.51401762877126,21.856016063209292,16.86378845555972,0.13888995689407374
2020,3,B,1,0,1,2,8.112863069285329,270.08569693633905,20.101675175978343,16.392030272115175,0.15155889127804564
2020,3,B,1,0,2,1,8.801167202919356,342.01230641521335,21.445211633822108,20.530052660082944,0.1439705341883859
2020,3,B,1,0,2,2,9.168602940212619,257.4201238474281,22.07561295960295,21.92710330967776,0.15115739600435282
2020,3,B,1,1,1,1,10.193546834148606,219.03282256761497,24.577296873294728,18.45909009556318,0.1368583674596729
2020,3,B,1,1,1,2,8.555842457699203,330.05979041972734,22.868768150328236,19.1005214539093,0.16300605184077163
2020,3,B,1,1,2,1,9.670284124171447,358.70802543901175,22.87782562660547,23.655774460451607,0.1524260123299526
2020,3,B,1,1,2,2,9.90149628397979,314.4556209143392,24.815765128996293,23.69507771781022,0.15575821289000236
2020,3,B,1,2,1,1,9.395647114846696,232.9299816236098,24.666908660039397,19.914622823698195,0.13333207029699448
2020,3,B,1,2,1,2,9.408484179928653,314.2803495705074,22.897544241133165,17.92342672636725,0.17127488595876014
2020,3,B,1,2,2,1,9.867373038986392,405.61002839399305,25.483692826024672,24.572542181783433,0.14766174019645167
2020,3,B,1,2,2,2,9.942886647863247,368.43661781896276,26.042225893201103,23.762928762164822,0.15103429028648296
2020,3,B,2,0,1,1,7.592792007220548,189.31036394530645,21.085677708733524,15.953991042003604,0.15127794130962946
2020,3,B,2,0,1,2,7.729451278859816,214.1933598466592,15.159387820055366,12.494963835264665,0.15122799306018128
2020,3,B,2,0,2,1,7.849014908986365,256.64333034935004,20.955933297036296,17.086655488017534,0.1331922490556079
2020,3,B,2,0,2,2,7.95270070295904,254.19086633752303,20.358273457691734,19.962394655426007,0.14721917298795326
2020,3,B,2,1,1,1,8.065732583361083,184.00992841942082,22.26520580708296,16.120054892205626,0.15021600327696835
2020,3,B,2,1,1,2,7.388957504192907,294.22052899774,17.396814922803006,16.8632511154006,0.17099818662643942
2020,3,B,2,1,2,1,7.922915484128796,344.8865399132891,18.862614632117754,17.656776718131304,0.13983016926802
2020,3,B,2,1,2,2,8.321114844974934,264.3170665679587,21.19769545792821,21.381621949045975,0.14257766524842266
2020,3,B,2,2,1,1,10.185985652224627,226.0556858299076,27.18491436417708,18.334303742364547,0.13636315340198246
2020,3,B,2,2,1,2,9.353060920637988,307.12764849534864,22.942741847092783,20.223720518340404,0.16224803365509496
2020,3,B,2,2,2,1,9.072589419373879,430.44677792755624,23.71479047687464,23.501108871286927,0.15868300474062674
2020,3,B,2,2,2,2,10.022452004056476,308.4005126950919,25.022946427700685,24.441606099511194,0.1627507890970632
2020,3,B,3,0,1,1,5.74640413188715,109.31019293180242,6.9231090667416195,13.532890384444519,0.12763687420498113
2020,3,B,3,0,1,2,6.300134115952744,151.83187293790434,9.05502430894101,11.300202764599701,0.14746658461148002
2020,3,B,3,0,2,1,5.625241811790751,173.01979897085621,18.27173173755351,12.675509719660452,0.13348649137635124
2020,3,B,3,0,2,2,5.677001351701636,237.18596766812723,13.638508942009606,13.000552766654081,0.1236106854037701
2020,3,B,3,1,1,1,6.518374283679876,174.4958637587,16.210627392528963,15.000918762667414,0.15794130981076965
2020,3,B,3,1,1,2,6.921982181380369,200.491446822197,13.771323638627717,13.98771752455539,0.14616446403477634
2020,3,B,3,1,2,1,7.334688438947073,253.4802982453623,19.27682477106291,17.319438702114542,0.1414216659265762
2020,3,B,3,1,2,2,7.163460017879688,271.2116584362782,20.213911159549856,18.178173612353444,0.15235755438881743
2020,3,B,3,2,1,1,7.807447574611836,172.9712032641389,21.780925842047562,17.036057781578908,0.13758253424988065
2020,3,B,3,2,1,2,8.998243033509926,295.10656480972654,21.027578954181703,16.4829811008263,0.17188496413879936
2020,3,B,3,2,2,1,8.72443815451055,343.4939880696706,21.136019630824432,21.79914505020379,0.15052438523306694
2020,3,B,3,2,2,2,8.60663338651568,304.0784149301944,22.012484550737465,21.981649025583376,0.15606464947314636
2020,3,T,0,0,1,1,9.79178119012642,216.01701315548058,25.45028527757945,18.142863662504798,0.16142616566506346
2020,3,T,0,0,1,2,8.885511519945727,299.85434450415266,23.118259580177074,18.05939383438235,0.1552193503231635
2020,3,T,0,0,2,1,9.687969836234458,323.791470130514,23.227663427291127,21.426869944744876,0.15032339975030484
2020,3,T,0,0,2,2,10.39123206732954,252.49263151888195,24.104921713419408,23.123974039547754,0.15097265180152505
2020,3,T,0,1,1,1,10.649784573881028,238.91924888937143,27.915902280399354,18.98109345488681,0.16640981802426524
2020,3,T,0,1,1,2,9.674902458172177,323.1507558813034,26.441151236785405,21.0141305451808,0.15851490290517062
2020,3,T,0,1,2,1,10.654955958824536,379.44236345536495,27.531872014208428,23.763599978927573,0.15145522341480733
2020,3,T,0,1,2,2,10.849000685920307,275.69118899526427,25.960539215771945,24.730943978127215,0.15249019292328045
2020,3,T,0,2,1,1,9.475035295802224,263.4867168147,27.52392903447907,18.87880367110618,0.16085094750736995
2020,3,T,0,2,1,2,8.307697489314174,365.33203577154353,24.272096559282357,19.436171725534926,0.12512926581796724
2020,3,T,0,2,2,1,10.363575863062797,438.59177056773234,25.42263522869003,23.57958840110693,0.15416016277891692
2020,3,T,0,2,2,2,9.98975715755427,371.318379788585,25.02968150678987,22.782441554210166,0.15033999887559985
2020,3,T,1,0,1,1,8.028514636034267,175.64074153747637,21.651555003846735,17.87905946837717,0.15282895972431954
2020,3,T,1,0,1,2,7.8639334725208405,312.249632082941,18.58220200976654,16.37047489534147,0.16048484064273094
2020,3,T,1,0,2,1,8.55206457905319,315.38628808153334,21.309309149494794,19.967027505224227,0.1459928969988053
2020,3,T,1,0,2,2,9.325431465708805,255.13655851862583,22.265063780468864,21.844986222780435,0.14857850164477698
2020,3,T,1,1,1,1,9.024648737826626,224.83033751044135,24.332444469269067,19.476592790212077,0.16323827834817983
2020,3,T,1,1,1,2,9.63649574173763,312.078520346146,23.13121655673498,18.485155777832944,0.15320086614064757
2020,3,T,1,1,2,1,10.291792469019938,372.2113131796586,24.894456453403283,23.648664905741157,0.15186383392642727
2020,3,T,1,1,2,2,10.238216081076107,308.0324622600325,24.666899223934113,23.460919660648003,0.15717246552233288
2020,3,T,1,2,1,1,8.933080790281311,243.35317523160182,25.474098794675783,18.07589198448664,0.1550328815663582
2020,3,T,1,2,1,2,8.980185398065,341.77767349192686,24.06899171264787,18.39935217638456,0.14958365888070993
2020,3,T,1,2,2,1,10.372886883805453,428.20043327008887,26.61544431500351,23.984049122757085,0.16601547037964978
2020,3,T,1,2,2,2,10.569280256977027,356.7380767869332,24.969808010347066,23.481193647910924,0.1533633546670186
2020,3,T,2,0,1,1,8.081877292509484,158.12052136514347,18.52131284848462,17.191855571129583,0.1674813923316741
2020,3,T,2,0,1,2,7.397920921535158,204.30319383204136,16.62262492262572,14.954568745288615,0.15613094164729066
2020,3,T,2,0,2,1,6.987345560814808,260.3526448698793,18.17959209977425,19.12543601270236,0.14463652172969874
2020,3,T,2,0,2,2,7.8698598563610345,252.9122704302651,19.02776828103891,18.319415874490343,0.15457797606392046
2020,3,T,2,1,1,1,8.107186085255922,203.3827241316579,22.256765120837358,19.328603492458562,0.16131161875095482
2020,3,T,2,1,1,2,8.231582429500811,291.62888072922743,19.04564620427767,15.583471024418115,0.15017284098052333
2020,3,T,2,1,2,1,8.465100774400995,303.0586872898171,20.280496180890264,20.29161379987498,0.14738370744404222
2020,3,T,2,1,2,2,8.860965589431544,304.4488990694792,21.86601779732415,21.686645175518585,0.14475339521391964
2020,3,T,2,2,1,1,10.048754961553882,275.6752978612464,25.95928448113932,20.44584940276914,0.15551438517213156
2020,3,T,2,2,1,2,8.785704017600207,267.032506145554,23.324070556838674,18.003807732768987,0.1611077719408355
2020,3,T,2,2,2,1,9.918421560065948,383.984212726981,25.846260404997537,25.069835411960526,0.1520690602455328
2020,3,T,2,2,2,2,10.267891433287978,369.76770382605173,26.91953356552673,24.534370709511816,0.1527281933531004
2020,3,T,3,0,1,1,4.726453044933896,118.22066313634704,13.050338773097558,10.58854492120524,0.11438103220152099
2020,3,T,3,0,1,2,5.883065613513356,165.41986352881702,12.110995859127625,12.243566799325928,0.13086241469820564
2020,3,T,3,0,2,1,6.115156238149377,188.38841068306058,15.01789890781531,16.114133780231263,0.1458872850232305
2020,3,T,3,0,2,2,6.3156727307087905,204.04232207823534,17.1439119145782,15.993944643220434,0.1691370305189196
2020,3,T,3,1,1,1,6.363695132097834,132.82140028041033,17.04174238925643,15.261195869624519,0.13194525461860063
2020,3,T,3,1,1,2,7.282878392053946,281.91121531848404,15.742423574505603,14.061340749757928,0.14215593752034464
2020,3,T,3,1,2,1,6.222226580922105,243.8778391398257,16.843957597411134,15.193750243562578,0.14439693469383275
2020,3,T,3,1,2,2,8.260985136934044,196.9328238574703,18.93288544551559,17.37837808897195,0.1379660033637553
2020,3,T,3,2,1,1,8.275982702065887,215.0279505935335,22.343965135106803,19.67613264585069,0.17175145702882139
2020,3,T,3,2,1,2,7.571158302089375,273.56508772954567,18.523402854116004,16.095812272448587,0.14179096229287072
2020,3,T,3,2,2,1,9.172548006091816,329.6991597034396,23.003799482774074,23.26292304602529,0.14793963781759775
2020,3,T,3,2,2,2,9.044505397082947,297.90716123725514,21.64040843122297,22.24200893880896,0.1313775361940521
2020,4,B,0,0,1,1,9.983306340572337,195.70884662061005,25.92893936668144,19.428166258183587,0.15119670577378544
2020,4,B,0,0,1,2,9.397850394130373,285.45159311738865,22.33552650795009,17.60926183352963,0.1613475436262174
2020,4,B,0,0,2,1,9.749771121021055,351.0504374765462,23.31516830811188,23.348056225554558,0.15033929071850718
2020,4,B,0,0,2,2,10.11782488744812,262.769488688607,24.02366819057949,23.880435971006975,0.14756102780556926
2020,4,B,0,1,1,1,10.54658515000781,269.5894419826575,29.38510767053551,20.93695339779168,0.15470694085770464
2020,4,B,0,1,1,2,10.222293134729135,333.3414182749812,24.99671554788365,19.98035036450854,0.15460382763467112
2020,4,B,0,1,2,1,10.010569497165454,389.73299508844804,24.133519764205058,24.434538043056342,0.15099293548397622
2020,4,B,0,1,2,2,10.42432853485301,305.5127017370463,25.383551040860375,24.348745994573967,0.1492165484077613
2020,4,B,0,2,1,1,8.32664037005257,211.1380203064331,28.99719955724651,18.125804744788812,0.1635165709215485
2020,4,B,0,2,1,2,9.112893912988781,303.19644733684254,23.47097457022515,17.19923198464068,0.15504729918512325
2020,4,B,0,2,2,1,9.679547977964772,412.8887362089352,23.71450079497529,23.65632143455206,0.1618328581572686
2020,4,B,0,2,2,2,9.645835306382505,369.5612272631158,25.177071415746326,23.466828376168827,0.14554797296164285
2020,4,B,1,0,1,1,8.61675869668954,185.97865033420103,18.864219574631413,18.33756188509897,0.14564040230132907
2020,4,B,1,0,1,2,8.233392606796702,279.8566850155932,20.454155377617884,15.587260055642595,0.1589373159209851
2020,4,B,1,0,2,1,8.349777785810208,347.51950954041683,20.325562666212054,20.17591493253911,0.1465542137646453
2020,4,B,1,0,2,2,8.542433280172013,273.13722688450537,21.355863079407083,23.035986561426068,0.14358854878716176
2020,4,B,1,1,1,1,9.244493937171143,188.52905145585092,26.31364857614687,19.327519487233907,0.1502239429885607
2020,4,B,1,1,1,2,8.90475098179438,306.87214418496603,23.02405234848176,18.16389134457208,0.16110403499461973
2020,4,B,1,1,2,1,9.333904892924775,366.0193939245373,23.41611053323129,22.725288562818637,0.15104983944773573
2020,4,B,1,1,2,2,9.88392317799103,304.6056683167805,24.42035393878509,23.507273548410396,0.15093403580594172
2020,4,B,1,2,1,1,10.509566615548653,274.3594097154771,27.54134886902177,19.62693304448131,0.1880386012583291
2020,4,B,1,2,1,2,9.626069472301998,308.87992304268323,24.05487944484248,19.093308937622325,0.17069659286284458
2020,4,B,1,2,2,1,9.823427204040808,408.99544440374825,24.733443424014215,24.011958690576275,0.16370584695394447
2020,4,B,1,2,2,2,9.746208955943688,409.79435110340506,25.737447342774168,25.409631222492536,0.15739468616762595
2020,4,B,2,0,1,1,7.082147753219458,202.4731833560349,16.59612888448223,15.336617244065113,0.11325753348617718
2020,4,B,2,0,1,2,7.347147977465212,262.732818078895,17.0583017778687,14.717337750923692,0.15182195125061992
2020,4,B,2,0,2,1,7.634324638131927,266.64249105147655,17.829815368667006,18.155499301996034,0.15393722968686002
2020,4,B,2,0,2,2,7.797391782782631,253.54130870917305,19.608428358268934,19.07266407676303,0.13856253099415103
2020,4,B,2,1,1,1,8.441424542510905,215.02556132653788,18.667617885751714,16.68188188491113,0.12322288939877096
2020,4,B,2,1,1,2,7.1981744072528215,280.4255980379459,16.316339831685344,15.532676612950185,0.15913752589259045
2020,4,B,2,1,2,1,8.732722621695302,320.34798329138187,22.23765135229297,21.4685423013928,0.14256241471570624
2020,4,B,2,1,2,2,9.086785959183132,247.98279000877423,21.07513977550212,22.11422526986111,0.14078777659528974
2020,4,B,2,2,1,1,8.239543099538944,219.0164152721021,26.026131090318167,17.867470637332925,0.14408515390236334
2020,4,B,2,2,1,2,9.321259970654674,311.7295014517464,24.304500952832157,19.29862416473043,0.1641834416192925
2020,4,B,2,2,2,1,9.461914619766812,421.00635838196223,23.49869044882752,23.49792513388482,0.16572005847437343
2020,4,B,2,2,2,2,9.506447950812309,375.6036001544829,22.938934029562507,24.488978650798057,0.1518414699920633
2020,4,B,3,0,1,1,6.393767858514367,178.80347924067758,8.468254913572103,8.056080594665008,0.1262449158806575
2020,4,B,3,0,1,2,5.90516126555342,144.52298129368316,10.505676367356074,10.763890699550442,0.12766504654682861
2020,4,B,3,0,2,1,5.67330553788641,171.3696357399066,13.294533982944145,16.834097275931658,0.1510114954579919
2020,4,B,3,0,2,2,5.907041605302693,164.78266124001757,13.802457931349183,13.173764410107488,0.14396032827588157
2020,4,B,3,1,1,1,6.071553369734838,211.43822021464908,14.479077588111007,12.99500360631957,0.12846242650734038
2020,4,B,3,1,1,2,7.128894779119076,240.01503538520024,14.637381902128421,12.15579058233879,0.15643681824556288
2020,4,B,3,1,2,1,8.139311553611758,346.4679810363576,17.777056617943117,17.191593194170967,0.15091172765831218
2020,4,B,3,1,2,2,8.031994137615937,244.83303368118965,17.35545596786197,18.67734916777025,0.14137838520447427
2020,4,B,3,2,1,1,7.936397530856705,217.7418702947856,19.77043982243205,16.773492888387615,0.1714893311994668
2020,4,B,3,2,1,2,7.410619419174799,236.8803418014322,17.372856312149487,11.82765254947384,0.15546469164478605
2020,4,B,3,2,2,1,8.86179866624875,364.1671169018788,21.193193044071243,21.850504036640466,0.14517326479508322
2020,4,B,3,2,2,2,9.36027098506468,312.03702826026364,19.860772252435545,24.177386380866647,0.15109566743673197
2020,4,T,0,0,1,1,9.673418149086046,201.895063661097,25.027176065444678,18.639198065912883,0.16181328543559942
2020,4,T,0,0,1,2,9.407997207507783,317.9678214866971,23.84148153106933,18.580594864919505,0.16152064381296702
2020,4,T,0,0,2,1,9.89746458891088,339.38706655142505,23.154954613636157,22.324661086180882,0.14813833782458638
2020,4,T,0,0,2,2,10.363463336259988,260.5394900044845,24.093946747637307,23.60851572119082,0.15028672547163235
2020,4,T,0,1,1,1,10.160742117799295,234.82745722522063,28.383594314120256,18.964050096976866,0.16523387466176614
2020,4,T,0,1,1,2,10.13494109293319,350.8088254320433,27.32201926170162,20.171807069124643,0.17226428007343655
2020,4,T,0,1,2,1,10.623600806125767,380.85084409511455,26.626148221011086,24.275775402589943,0.14772340994530103
2020,4,T,0,1,2,2,10.808371903947005,305.9428929868933,26.500212566950253,24.790460044097014,0.1522656946961756
2020,4,T,0,2,1,1,8.452199922731934,200.18202646724353,27.931907503965032,18.626114156560252,0.17158110097378637
2020,4,T,0,2,1,2,8.733448435433745,338.32690362748656,26.47853850386869,20.446389205852533,0.16529946267663606
2020,4,T,0,2,2,1,9.610086633397666,428.60674095016526,26.7968229073374,23.321783690706763,0.1546602805709165
2020,4,T,0,2,2,2,9.792741638620782,360.98915519954755,24.637140362144798,23.500802188322673,0.14227708938204686
2020,4,T,1,0,1,1,8.183338867701092,184.03206937315014,21.107571325230488,17.489479607653482,0.14793597958257865
2020,4,T,1,0,1,2,8.741268087124876,282.99028235335606,20.021490398240857,17.107128618850343,0.15260432090458173
2020,4,T,1,0,2,1,8.633919645299025,321.68101414301236,20.77154832767186,19.22743557339356,0.1450507433124273
2020,4,T,1,0,2,2,9.444583907564626,271.699496560608,22.68429560676312,22.844025044259272,0.14584701938457292
2020,4,T,1,1,1,1,9.871458601646198,204.23102365343672,27.323274284003798,18.223854759312818,0.16315768647372045
2020,4,T,1,1,1,2,9.23142856417174,331.40319849760135,23.556541379582455,18.649291473700217,0.15756467278087233
2020,4,T,1,1,2,1,9.807871751656915,377.5133493310032,24.35823185164219,23.188470862114777,0.14877004517679174
2020,4,T,1,1,2,2,9.744715770155167,298.36807628469313,24.78663393994651,24.5177040804194,0.1585099300158006
2020,4,T,1,2,1,1,9.497852742248261,243.35542087214898,27.297255247572945,18.76781292838677,0.16346081862173784
2020,4,T,1,2,1,2,8.849415747154897,330.7466966370586,24.871862560435066,19.26125779284397,0.15677889557238592
2020,4,T,1,2,2,1,10.12150994044518,433.25790248500357,26.131544054032847,25.275685103947325,0.15372284434256675
2020,4,T,1,2,2,2,10.137340340646526,391.1757384630488,26.43793563679117,25.543552302090347,0.15870480018298583
2020,4,T,2,0,1,1,8.043966492448822,184.22734404208555,19.696292108559845,17.582381340261723,0.1501744457085147
2020,4,T,2,0,1,2,7.621509122754024,242.49907397056285,15.698109762068038,13.884292031393874,0.134727588458825
2020,4,T,2,0,2,1,7.428903200780526,249.0719228722371,17.82768772338183,16.127433035583152,0.13984064578384847
2020,4,T,2,0,2,2,8.406420451846706,228.56048193632034,20.47617519145808,20.823543757368515,0.13940855865857965
2020,4,T,2,1,1,1,8.032267071029876,171.27829359347888,19.634270673468745,17.394522804487913,0.15025774567184866
2020,4,T,2,1,1,2,7.944437571312713,332.1236201147464,19.788959335281614,16.019994770332545,0.14143687869628296
2020,4,T,2,1,2,1,8.374766088990018,341.4513108402445,20.18805328946188,18.964546636918698,0.13768763297946196
2020,4,T,2,1,2,2,9.174121194295738,282.1044474664704,21.862993584396385,22.488910191441352,0.14264070941966864
2020,4,T,2,2,1,1,9.691638857300605,210.86442332931418,28.701614599435647,18.025406599344784,0.14321907599080644
2020,4,T,2,2,1,2,9.513534204106897,352.3209599141688,23.780836358764827,17.91866005795016,0.1703328047914954
2020,4,T,2,2,2,1,10.129806225982527,383.19048131153744,25.151334633801305,25.063600801467622,0.15184914896101506
2020,4,T,2,2,2,2,10.138731188230192,360.53326470444443,26.035725918372115,24.952181721886447,0.15480498718910093
2020,4,T,3,0,1,1,5.174428894317991,157.44163551859864,13.79973398913362,12.6974722875874,0.13157829210375535
2020,4,T,3,0,1,2,4.4042687622726175,172.5675054526145,9.643658498993535,9.41794959896029,0.13926261514447041
2020,4,T,3,0,2,1,5.9140111058435965,163.83174199429772,14.09930931944987,13.057443270206129,0.15294071033821496
2020,4,T,3,0,2,2,5.869959450786171,149.5651559968302,15.68561317532027,14.772805927607564,0.14601277104800497
2020,4,T,3,1,1,1,7.793932237035743,172.21435239544206,18.4987492967793,17.837907491740634,0.15543990741852243
2020,4,T,3,1,1,2,6.797336189125677,292.941494785898,16.577434701438793,15.68687178660138,0.1408152820281301
2020,4,T,3,1,2,1,7.571316465167814,217.1430629596271,18.087612066807537,18.199914657724737,0.14579059380581919
2020,4,T,3,1,2,2,7.620284383017302,239.5864486978759,19.452531945344884,18.637675727194104,0.14000635917396004
2020,4,T,3,2,1,1,7.981011142210533,184.26829735116033,18.609875700216413,15.100435488595803,0.15885479491188217
2020,4,T,3,2,1,2,9.786988873274506,334.86895610896164,21.077962154200673,17.24171873167097,0.1705873797335761
2020,4,T,3,2,2,1,9.078924171754805,372.51120940285665,23.598890362916215,21.439042362365203,0.1495518483537546
2020,4,T,3,2,2,2,9.371643450224717,297.7849440659585,21.675250747266844,21.403679582591835,0.15220094099657822
2020,5,B,0,0,1,1,8.734682802456954,205.1972166997892,25.356851526602956,18.45700499093751,0.15699676466988988
2020,5,B,0,0,1,2,9.893106392079789,277.3993895461309,24.071548267363013,18.945755373398832,0.1522220949558056
2020,5,B,0,0,2,1,9.464284990325902,328.82595921680496,23.25638143276635,22.56108193251802,0.1487802509564424
2020,5,B,0,0,2,2,9.825670701239103,267.9921152662742,24.054644486633528,23.03040806919828,0.14786405346886758
2020,5,B,0,1,1,1,10.469383144705017,225.04364445859042,28.487434653259168,19.40208267865414,0.14050397150950164
2020,5,B,0,1,1,2,9.86366982652035,333.86951295775475,26.44253558386662,20.726094037949032,0.15240474473997284
2020,5,B,0,1,2,1,10.35619070720445,395.9027353390946,24.879882028387346,24.97535592861929,0.15479956163576258
2020,5,B,0,1,2,2,10.283870198744165,310.37328535457254,25.72846815640257,25.16874792807885,0.14794070027813755
2020,5,B,0,2,1,1,9.276529486217024,194.19282209128858,27.683283908196678,20.634055693529735,0.14907476174015707
2020,5,B,0,2,1,2,9.27894613699651,312.8842084088359,22.674322783831798,20.214860565558453,0.14646651547316022
2020,5,B,0,2,2,1,10.201642779177257,444.85757971233824,23.77504453349058,24.11043742424057,0.15424986917709932
2020,5,B,0,2,2,2,10.12069509833289,403.6476739195541,25.649870363760744,23.794083127883543,0.14759104646662788
2020,5,B,1,0,1,1,8.186766614850896,202.19372352457663,22.5188759814366,17.299648087731082,0.15754485464474682
2020,5,B,1,0,1,2,8.419757982580528,289.66425440884774,18.222270399877893,15.869173974510268,0.15471489959394275
2020,5,B,1,0,2,1,8.795126029069435,318.8218648145186,20.662434818186913,21.98893288518244,0.13973026657363133
2020,5,B,1,0,2,2,8.955628848862077,270.456511099866,21.77965036068119,22.247084333042118,0.14640902077850987
2020,5,B,1,1,1,1,8.93502723852817,239.88552027365287,25.276483980752047,18.819053741930677,0.15973190873267987
2020,5,B,1,1,1,2,9.46310802485171,313.4621116624889,24.256241975996844,18.793028937685417,0.14410164084195165
2020,5,B,1,1,2,1,10.006194465602618,358.5358353324183,23.855243310246433,23.631928046609996,0.15609261435641697
2020,5,B,1,1,2,2,9.766971428011392,329.2565453910698,24.26518970125708,24.42230937589703,0.15478806919655425
2020,5,B,1,2,1,1,8.365591304387111,247.84623750614352,26.243836854854013,19.25542126308098,0.15044383633537
2020,5,B,1,2,1,2,9.989042388984634,352.1968672282551,26.708870024625227,21.302042434471623,0.1424045560676147
2020,5,B,1,2,2,1,9.472836012710966,425.9067760303912,23.77771982760912,23.6832769326897,0.16113450808688418
2020,5,B,1,2,2,2,9.666948208604714,385.7761447601664,25.074185981651382,24.42917263560026,0.15310819498169612
2020,5,B,2,0,1,1,8.085453893204212,148.73425582705963,22.19576460959394,16.599975610935424,0.13769030304947544
2020,5,B,2,0,1,2,7.066836591744179,250.9539031456495,19.872126078836896,16.587679471025364,0.14283847201432603
2020,5,B,2,0,2,1,7.923299189206599,297.720240036578,16.023798375885583,18.615677405389373,0.14192344543678753
2020,5,B,2,0,2,2,7.743656388659236,218.61041648427468,21.236618922355404,20.008731362334544,0.13467832782500141
2020,5,B,2,1,1,1,8.097707822155643,169.84724697631717,22.230337406885983,16.025365880413027,0.1421301432340133
2020,5,B,2,1,1,2,8.01762910955942,283.275673256687,18.38389539473771,17.399003609246122,0.1747671065869144
2020,5,B,2,1,2,1,8.523434053411165,329.7303245517463,18.603896407695043,21.402743700475277,0.14318017505222125
2020,5,B,2,1,2,2,8.46291526344718,285.49257430831955,21.790116046532226,21.08595569607821,0.14052435229334076
2020,5,B,2,2,1,1,8.704118028787747,237.26063644755186,23.530495647858597,18.58288624313986,0.16521543487428494
2020,5,B,2,2,1,2,8.871512579720429,335.93715749624937,23.336429265378918,19.129572831824813,0.1443342572124011
2020,5,B,2,2,2,1,9.366217512062203,422.0469829143042,21.72044652019211,25.065732259881262,0.1562495645970595
2020,5,B,2,2,2,2,9.162541817961841,390.36471766760843,23.55469577312982,23.7293386576911,0.14798674489225996
2020,5,B,3,0,1,1,7.6688475416875415,161.3881972186026,24.9116335230469,16.782083227324808,0.13547864270039464
2020,5,B,3,0,1,2,7.439149985458946,201.1655111975823,11.769538668052569,12.144256794763033,0.11210190365295047
2020,5,B,3,0,2,1,5.31446228472751,219.62444247603995,12.896922676000854,12.076530083378897,0.13394802191876284
2020,5,B,3,0,2,2,5.477846992147252,237.87767485700513,17.051218645126344,14.281588551076307,0.13235466145204303
2020,5,B,3,1,1,1,4.971618772771524,211.83781535056488,14.436705470684139,11.350066603899627,0.10770934823298393
2020,5,B,3,1,1,2,7.114130972057558,216.50955359236272,16.556444215380814,13.89643295675454,0.14902022342169705
2020,5,B,3,1,2,1,7.286966321109558,255.40622474485184,16.919656611130478,17.953767708429186,0.13743144963944756
2020,5,B,3,1,2,2,7.686769482670901,232.97605942124002,19.41775607613186,18.876638458913334,0.1463054987414065
2020,5,B,3,2,1,1,8.428893266804202,216.49630288056463,23.46675964786482,16.505196739095165,0.16322081854100562
2020,5,B,3,2,1,2,8.579918991425965,296.0592440220331,19.09441615001957,15.758762139920128,0.17630168145790118
2020,5,B,3,2,2,1,8.444638729938816,303.4538537749306,22.0722712126931,21.992798737341797,0.15480280132443444
2020,5,B,3,2,2,2,9.243851739737261,319.98261755001965,22.7226197200872,23.357183489887767,0.1437267608879225
2020,5,T,0,0,1,1,9.305463584063425,207.7629898103119,24.989074061335028,18.45286335915169,0.16551358068213723
2020,5,T,0,0,1,2,8.781632911070758,314.75040691043034,23.08795883360798,17.581294596134025,0.15824524709876667
2020,5,T,0,0,2,1,9.327553998182452,342.9020442671832,23.123077183524604,21.152773437424095,0.15081997787257692
2020,5,T,0,0,2,2,10.303853119657424,277.44164961861304,24.56237177240656,23.579956032027102,0.15152249861205958
2020,5,T,0,1,1,1,10.147636795619363,227.29551838488743,28.388290566471987,19.162559970852012,0.15866801554355472
2020,5,T,0,1,1,2,9.823593919512687,315.62804856877267,26.669700770190815,20.058163835594815,0.16734809576190568
2020,5,T,0,1,2,1,10.216680923046415,382.35947278234534,26.11907969349632,23.730339813855398,0.1585276199060812
2020,5,T,0,1,2,2,10.407749338392962,324.12729847324033,25.693334751312754,24.375079071929463,0.1479527246415051
2020,5,T,0,2,1,1,8.196696628544704,240.4827638155308,24.507465265986248,17.953325003246935,0.1486233341150217
2020,5,T,0,2,1,2,7.513244118400897,362.3221245493089,21.864749502159054,18.09287129201943,0.16362728659519377
2020,5,T,0,2,2,1,9.834490950133796,464.17294751820936,23.85251178996409,22.361218054690795,0.16146227092934357
2020,5,T,0,2,2,2,10.020648425077152,392.95990106867066,24.76182645655019,24.132781761020585,0.15361018834894702
2020,5,T,1,0,1,1,7.191161250263454,169.09122581143302,20.072719820964114,17.376595215775463,0.1576669488610908
2020,5,T,1,0,1,2,8.90056807385845,282.13686301040167,20.27646395959401,17.48136829197039,0.15775258769454503
2020,5,T,1,0,2,1,8.42217338397667,346.1820767898304,22.539581763824877,19.646396398106358,0.147177290795002
2020,5,T,1,0,2,2,8.857762885320861,263.40817606271025,22.2569183459013,21.82945282854397,0.15241509181912175
2020,5,T,1,1,1,1,9.622460461049632,215.84157084427616,24.735151878066247,17.70063617942369,0.17417064180818725
2020,5,T,1,1,1,2,8.655659346845551,332.45462993221486,24.087147313276027,18.946160456630487,0.1585477183809939
2020,5,T,1,1,2,1,9.763596141367188,375.0783880428704,24.040038707472057,22.132276330525873,0.15515700176128253
2020,5,T,1,1,2,2,10.037232497987548,316.8963563730451,25.234370184567382,23.47813803185843,0.14969183154595417
2020,5,T,1,2,1,1,9.72542837677562,255.67109470918967,29.10667797266302,19.540656297466118,0.17161556410261924
2020,5,T,1,2,1,2,9.143419711885043,369.86412569846095,25.730545411592175,20.56264433200554,0.1732511549486018
2020,5,T,1,2,2,1,9.774037914827835,425.681561578364,25.349207510694022,22.264484037110652,0.15867372574500482
2020,5,T,1,2,2,2,9.753360380775147,402.3257174619865,25.330980810210967,23.8353625431863,0.15418051809793645
2020,5,T,2,0,1,1,6.448107303381232,185.87982477440426,17.2333964709381,15.685529414772132,0.16769077566114582
2020,5,T,2,0,1,2,7.4080039583676704,271.74055877143104,15.256561054838832,13.813632838123706,0.15568099411180691
2020,5,T,2,0,2,1,7.414239219417135,271.8603713293528,18.246430671454647,16.20903605479909,0.1356948262742211
2020,5,T,2,0,2,2,7.829439191270291,225.05289318645865,18.901478471046346,19.435415108276455,0.14971020604197607
2020,5,T,2,1,1,1,8.357197949891425,187.51987558432205,23.67572097727989,16.511116414535472,0.17417004422479235
2020,5,T,2,1,1,2,7.76588803865515,296.419308600337,17.835584146573428,15.807740120640698,0.1626317979785197
2020,5,T,2,1,2,1,7.967370810832152,328.43116858976833,21.104047818687008,19.379151446498863,0.14291658379979308
2020,5,T,2,1,2,2,8.964568888770218,278.4942952124551,20.733255112975,20.87835148590056,0.1594975655171623
2020,5,T,2,2,1,1,9.061611519389286,253.37402796918133,27.372540943234927,19.69333887895991,0.17499830261902302
2020,5,T,2,2,1,2,9.073271635825392,304.7461892676526,25.388370437552588,18.327387973350014,0.17735438352133123
2020,5,T,2,2,2,1,9.450533375680017,437.8441876246493,24.52230428386769,22.995391469295022,0.14982022669254397
2020,5,T,2,2,2,2,9.795750555625986,384.6104273823901,24.116791314737284,23.653031805132425,0.14318711767087183
2020,5,T,3,0,1,1,4.469818407944558,88.60390569833812,10.301377637592541,11.172108603653713,0.16335260648746933
2020,5,T,3,0,1,2,3.4081621016659205,193.74639847985048,8.688298186382022,10.748087048977162,0.15501005552177033
2020,5,T,3,0,2,1,5.953226200218109,228.259006316554,19.769906989252817,12.506133808850564,0.13619227269135165
2020,5,T,3,0,2,2,5.6511444689668515,209.56654682022565,15.32339144757073,13.838932106774335,0.13071980672084324
2020,5,T,3,1,1,1,6.097108136824554,177.7498785671333,16.49555653279958,13.822908487512368,0.17780981265674578
2020,5,T,3,1,1,2,7.17728827597814,256.9353590603604,17.474763242601888,14.333615258275335,0.1354346240489914
2020,5,T,3,1,2,1,7.078486454496223,305.82445706938637,18.68403471266335,15.412597340484545,0.14671288635587942
2020,5,T,3,1,2,2,8.190056156623335,198.9725718382298,18.951947124596277,19.69462309041515,0.1380315536488837
2020,5,T,3,2,1,1,7.450621994562884,185.10232790270354,22.145992439274995,18.93911416907718,0.18060711296550466
2020,5,T,3,2,1,2,7.406206615109211,319.6810463654212,19.249028025653246,15.650832201853424,0.16625104367613658
2020,5,T,3,2,2,1,8.831041337565981,330.3569117071261,22.258694723315546,20.673809187452242,0.1312582785117148
2020,5,T,3,2,2,2,8.172218937004663,324.65742807269595,20.44036977685357,19.956868332618864,0.12615354825803543
2020,6,B,0,0,1,1,9.410144978741512,230.20197188244347,25.010544593232733,19.344430525848882,0.14317314526204306
2020,6,B,0,0,1,2,9.12338637274224,309.69797095964014,20.91665906277725,17.090161392837945,0.14918320291782744
2020,6,B,0,0,2,1,9.406399989531932,348.15014015360936,22.79863726828455,21.310450325524243,0.1487540597503863
2020,6,B,0,0,2,2,9.590307982780693,290.59200488804294,23.398683925961322,23.285652717934017,0.14577479416497874
2020,6,B,0,1,1,1,10.43003630228252,269.5097300548902,28.088175060939943,21.24842574821462,0.14520301776328273
2020,6,B,0,1,1,2,10.072897879994473,349.84533641560193,25.331559814103052,19.74229528153606,0.1578411733662738
2020,6,B,0,1,2,1,9.6995201473809,415.5245776940045,23.943416539108796,23.22615872794864,0.1451934021324561
2020,6,B,0,1,2,2,9.972011410159219,331.05757604780933,25.36259690444007,24.94461488419558,0.150497218978666
2020,6,B,0,2,1,1,9.377712146617878,329.0381573199015,24.670297288836203,20.779829094344695,0.13909707606497182
2020,6,B,0,2,1,2,9.528471764413084,365.53931177457554,23.82792548030728,18.261804075198032,0.14766427358990755
2020,6,B,0,2,2,1,9.120683333973382,456.6812343293817,23.11966660730465,23.779670601730203,0.1397720497583415
2020,6,B,0,2,2,2,9.350164987054463,395.98373903255975,23.95526122426675,24.933020291025212,0.1441105984559229
2020,6,B,1,0,1,1,7.989124125612039,215.84804733655204,21.16234448690595,18.221383019828284,0.12992416385051422
2020,6,B,1,0,1,2,7.9628130953901115,285.90384358915,18.282135845124028,16.584407079786736,0.1496217548148659
2020,6,B,1,0,2,1,8.411739531822583,348.1500832815966,19.865942743037092,19.20460620737211,0.13744421009058222
2020,6,B,1,0,2,2,8.830347222560949,312.76834343269485,21.503735387936178,22.263242591044715,0.14566637697881366
2020,6,B,1,1,1,1,8.90235862628973,231.95333805810463,25.959464091449632,19.123114838481115,0.14667816067453024
2020,6,B,1,1,1,2,8.981170556260379,350.0485346135756,22.50554298041165,19.39595396327656,0.15520526546441335
2020,6,B,1,1,2,1,9.537549460977091,412.5690250258934,22.53332926610809,21.555546402168186,0.14369945321695438
2020,6,B,1,1,2,2,9.409047862259287,360.13673003649944,23.05322152377782,24.457596911067682,0.14798378170183482
2020,6,B,1,2,1,1,9.500121003922692,351.01675154381445,27.585368155568414,20.400058621889908,0.1439894703716069
2020,6,B,1,2,1,2,9.889960536616018,381.1428674410711,25.389522807252444,18.903331139458036,0.17938046599793203
2020,6,B,1,2,2,1,9.05090692091908,455.51310751886814,23.041726025470442,22.844525918028804,0.1464247763433953
2020,6,B,1,2,2,2,9.62030831425086,428.9652599874817,23.71065350149688,24.19114539632402,0.1547524843890215
2020,6,B,2,0,1,1,6.613155759668322,169.80439533745678,18.54352098715793,16.45258293915436,0.12045773747955152
2020,6,B,2,0,1,2,6.34057013794954,246.29638410867895,15.50016298428641,11.66345354261209,0.13584972810367182
2020,6,B,2,0,2,1,7.78202468117701,278.258914954534,19.76419064076009,16.913116152032863,0.13052228703981342
2020,6,B,2,0,2,2,8.208211928399137,278.4778160426628,18.48046287968962,20.883892710866654,0.14353584262360028
2020,6,B,2,1,1,1,9.430332051539242,202.98240464406683,23.07741290566812,18.351335068000594,0.1345407695047002
2020,6,B,2,1,1,2,7.821370051466862,278.06632716482227,20.334602720786766,15.70115013596834,0.14067954131979482
2020,6,B,2,1,2,1,8.524482940723018,320.9583887702462,21.82033436413175,19.3027178056285,0.12857766305106988
2020,6,B,2,1,2,2,9.163522702479229,296.88310443392925,20.78160948284363,22.320782543682594,0.1411482990961879
2020,6,B,2,2,1,1,9.237541104876248,253.69677696309358,27.110223801786127,20.342125062864337,0.1507032720250117
2020,6,B,2,2,1,2,8.675470285805337,348.02557127390514,22.307740967720438,18.910569191173085,0.16514960275212526
2020,6,B,2,2,2,1,9.199955207904603,434.52757941599543,23.39615790169917,23.189940144877472,0.14696848270563476
2020,6,B,2,2,2,2,9.05041271138805,390.8783947726925,23.010001775369343,24.730869313339536,0.15447763201287185
2020,6,B,3,0,1,1,4.480000997501166,125.70129945710583,12.970475638717554,13.665878670749294,0.08857928784392889
2020,6,B,3,0,1,2,4.4271341711876016,161.17517148330822,7.733798891169542,10.106805993931102,0.12444732789152388
2020,6,B,3,0,2,1,5.566897257716025,183.35551023321165,17.55970529802854,14.641248364586142,0.12646398945196755
2020,6,B,3,0,2,2,6.548760816666858,185.70576029345733,17.401589687129114,15.660263230150687,0.12703192530198879
2020,6,B,3,1,1,1,8.013801963443369,174.33395574288934,18.433370275004886,17.30959034281981,0.12512278490997733
2020,6,B,3,1,1,2,6.801155185279781,235.35669564917086,16.028173661238384,12.717657877504436,0.1285352380556201
2020,6,B,3,1,2,1,7.62308834048624,265.7429222009436,19.808657728945555,18.80073284803859,0.12429716209149748
2020,6,B,3,1,2,2,8.24476920834026,260.86127639627273,18.064104471717165,21.69501161186002,0.14595563562335945
2020,6,B,3,2,1,1,9.82384859608959,227.44089419655032,23.362326431153534,19.348990447173755,0.1194021333212379
2020,6,B,3,2,1,2,8.952753105426108,330.6844946063161,20.334008013004244,17.80555203670228,0.15453126578453316
2020,6,B,3,2,2,1,8.233494475870662,364.55775146063587,21.2252792863249,21.042559198534928,0.14516549157571057
2020,6,B,3,2,2,2,8.907184465632092,349.5544075531498,20.866864940277395,22.55989202962935,0.14684479271499068
2020,6,T,0,0,1,1,10.168717923096528,214.13667176306538,25.278799992235243,19.30724761065254,0.1538169278011347
2020,6,T,0,0,1,2,8.674201531309278,314.00941580019855,22.572707192570924,18.235451070600043,0.15193604904255006
2020,6,T,0,0,2,1,9.050738042109694,345.69186280345383,22.116558857229748,20.518145719327826,0.14142285924308495
2020,6,T,0,0,2,2,9.179405057667104,294.92667273236714,22.497639113467404,22.23559431844474,0.14650551006509957
2020,6,T,0,1,1,1,10.400392046270337,280.77261644687167,26.6542322051308,19.433165912559456,0.14475277851590557
2020,6,T,0,1,1,2,9.512551516243537,357.30507301880334,27.26437463909485,20.832945811182313,0.1488343373019502
2020,6,T,0,1,2,1,9.98230327018481,418.5734698047491,24.23927058472259,22.650814288945405,0.1432671601923803
2020,6,T,0,1,2,2,9.972874991807505,357.3815153342749,24.871780957505432,23.611693466556424,0.14956131641939696
2020,6,T,0,2,1,1,8.671668695817697,346.1767981967863,29.019343795580795,19.158590536464867,0.14846445163615185
2020,6,T,0,2,1,2,9.236828187564186,409.9723247049723,25.914361981377706,19.30324897298078,0.14161711593908768
2020,6,T,0,2,2,1,8.716136325279992,463.7898047284137,24.076803516146757,21.32081541376807,0.14938710370465325
2020,6,T,0,2,2,2,8.870826063437224,404.73940298463725,24.054529653519552,23.02591807243013,0.13700784532898
2020,6,T,1,0,1,1,8.990361690484688,214.76646907374717,22.794920381771345,17.95022472606306,0.1552482752585092
2020,6,T,1,0,1,2,8.199015488519233,307.43581777028686,19.93659326674691,16.919033385006664,0.15794282991159722
2020,6,T,1,0,2,1,8.277531637114409,355.08325848865013,20.168504607562355,20.31530252905418,0.140196871467485
2020,6,T,1,0,2,2,8.37331058611968,300.8730192311443,20.78748650886396,21.016120035953797,0.13707549856084214
2020,6,T,1,1,1,1,9.334270973395329,225.93094368700253,23.306580788677437,19.934381273103487,0.1575810498461728
2020,6,T,1,1,1,2,9.16140367614093,345.6735782325314,24.084618530577472,20.354540007809213,0.155054271816529
2020,6,T,1,1,2,1,8.843200860915033,419.1705329079262,21.911097396665802,22.339246963704547,0.13861925905598196
2020,6,T,1,1,2,2,9.238428719982808,332.225516573348,23.998171236915695,23.605860561152674,0.14349331775530444
2020,6,T,1,2,1,1,9.976379274500985,297.5566974288261,27.478906005709355,19.348787039499477,0.15688678637673134
2020,6,T,1,2,1,2,9.125108745928383,349.25218860005714,24.460779007810547,20.03562987414476,0.14331201255335113
2020,6,T,1,2,2,1,8.89666809599151,468.247907295959,24.50858673671863,22.542206005014844,0.14266184326485826
2020,6,T,1,2,2,2,9.101503559169679,413.8099507788771,23.873751106054343,23.382727147594725,0.14193579527865585
2020,6,T,2,0,1,1,7.681987957652844,293.20385348177,17.33386893867634,13.67176202304609,0.13292938025604578
2020,6,T,2,0,1,2,6.845617797057659,261.73156899480347,17.070327549589695,15.003085759278946,0.14050930251399207
2020,6,T,2,0,2,1,7.454858738034366,291.7360395248248,17.772332096854672,18.385576104415183,0.13791124080742653
2020,6,T,2,0,2,2,7.40465222880483,239.15223576684807,17.482596449742537,17.800835460190925,0.13687761042485433
2020,6,T,2,1,1,1,7.66680922737783,209.90171827326822,19.146107892310475,18.079065132764292,0.13883142334073026
2020,6,T,2,1,1,2,7.805125500480395,307.17828899714806,20.015471816966905,18.33817059274072,0.1637572399485242
2020,6,T,2,1,2,1,8.17433215353458,315.432017111286,19.282436671887893,19.143834523288497,0.13546857927482123
2020,6,T,2,1,2,2,8.832946984880442,283.67080854313565,22.052673723883704,20.6354489052391,0.14189662176826234
2020,6,T,2,2,1,1,9.692293315768554,256.9567133747535,25.499349962214662,19.277516159464792,0.15706923876825757
2020,6,T,2,2,1,2,9.332424979164134,321.4468780877714,26.91415659371229,20.560422013930317,0.1744641718211131
2020,6,T,2,2,2,1,8.933283130699257,420.82996717016584,23.034578463379198,23.093702495482923,0.15152666393270317
2020,6,T,2,2,2,2,9.032021087887365,365.6775648183346,23.069705783856318,21.628768413701415,0.1469320397034646
2020,6,T,3,0,1,1,3.635389497862585,191.9455257183007,8.757105962918883,7.946452251601759,0.14022206971683357
2020,6,T,3,0,1,2,4.4780086009634905,149.47938843033845,9.318360036142726,10.635981423011717,0.1402326519543623
2020,6,T,3,0,2,1,5.983285625807948,196.57327768792226,15.321652203797521,12.971773947196773,0.142543682450028
2020,6,T,3,0,2,2,6.0009435366312855,157.29324097704557,15.232031281409473,15.014101945981649,0.14335423575054346
2020,6,T,3,1,1,1,6.6419724148596195,222.34028891763094,19.018155276553692,16.261160680697248,0.13755365869538985
2020,6,T,3,1,1,2,6.513980137925515,240.50600698953627,15.906913738710255,16.3553088116792,0.11934419157970594
2020,6,T,3,1,2,1,7.574222712150341,287.8169841456196,15.835036939375861,15.923080836448554,0.14054031869612965
2020,6,T,3,1,2,2,7.447538504533958,233.43966802421735,17.821863131272462,19.453872880026946,0.13972988690406946
2020,6,T,3,2,1,1,7.911036394551013,226.56643032400828,22.75104201685504,18.0506277098442,0.14238572408728933
2020,6,T,3,2,1,2,8.781128794128215,322.37964975886433,24.296143589139785,20.325095580816562,0.16027452880047552
2020,6,T,3,2,2,1,8.416083884794318,346.32365161050177,20.382741640221543,20.61551972333789,0.15111435944636065
2020,6,T,3,2,2,2,8.632092504244184,341.47197836395463,20.91193967648937,20.53780069062595,0.1427157871266183
2020,7,B,0,0,1,1,9.576423130298318,243.0432980833053,24.102686047100377,20.048231592554192,0.13022970362468628
2020,7,B,0,0,1,2,8.341173853740711,300.1354131986384,21.455478399549044,17.508590032390835,0.1338861153399948
2020,7,B,0,0,2,1,8.800033459875689,353.27199014791813,21.717550771609506,19.26488237165246,0.14726932718256963
2020,7,B,0,0,2,2,9.091168085760025,278.3741238597593,22.798659842103177,22.444270017065694,0.14829898357811494
2020,7,B,0,1,1,1,10.001288389783378,293.2582362251568,26.15399959257503,21.22064189021515,0.12936133121093865
2020,7,B,0,1,1,2,10.36966425214048,341.7099950674591,26.554086156272355,21.831029374322107,0.13157093042626009
2020,7,B,0,1,2,1,9.298964036107272,451.63087320040137,23.737763500210097,20.8523533295694,0.14504426660910386
2020,7,B,0,1,2,2,9.648936508131541,373.71271455575635,25.459560610403653,24.225431348388213,0.15179228127555863
2020,7,B,0,2,1,1,9.858628011596956,271.18512041498934,27.47032413169588,20.983523203994448,0.1324487823882024
2020,7,B,0,2,1,2,7.77978633724332,418.2272917100167,24.760984323149035,18.419260626990884,0.14251054442951408
2020,7,B,0,2,2,1,9.319112674421158,483.62862341425557,25.523541938782955,22.28498238788024,0.15651158640944104
2020,7,B,0,2,2,2,8.890975269451557,453.94602760154186,24.50540111210733,23.38545749404233,0.15123681714749382
2020,7,B,1,0,1,1,7.828878013837645,234.43244854440408,21.211813000388894,18.906455524339346,0.11794330308746305
2020,7,B,1,0,1,2,6.823092498857115,267.1440462755627,18.521058456637252,16.4434716179101,0.13548624796774797
2020,7,B,1,0,2,1,8.35411257511448,332.9686044901825,20.103162848327536,19.076721370828974,0.14149296117020177
2020,7,B,1,0,2,2,8.09810751151855,274.20981315116796,21.295224223971807,21.678028963294114,0.14335818332247013
2020,7,B,1,1,1,1,9.286871271838978,248.33112329306496,23.086191671915905,19.352296281490027,0.1288408166218814
2020,7,B,1,1,1,2,8.641730370989247,344.83223199116895,23.146759291043356,20.14297171944721,0.13232359348699446
2020,7,B,1,1,2,1,8.731207017059612,427.00295326599996,22.136427549079734,20.81412829507486,0.14876601619774793
2020,7,B,1,1,2,2,9.216739715749394,363.7121199078404,23.65333600149407,23.412974266326238,0.15085407822989985
2020,7,B,1,2,1,1,9.43317557243921,402.6720362963108,26.431443067562203,20.732226523554623,0.12854098852127874
2020,7,B,1,2,1,2,8.82939193321017,365.4923058055779,23.322641206547495,21.2816315243057,0.12092481083295172
2020,7,B,1,2,2,1,8.62902448002294,484.66107184436476,25.297719561429144,22.430693316155892,0.14119380496852418
2020,7,B,1,2,2,2,9.082472043104636,444.9076665487158,25.96165922785403,23.650437715771094,0.1463652536953976
2020,7,B,2,0,1,1,6.81141024024171,222.41015986687364,22.09305790991164,17.432165875951558,0.12368512752598028
2020,7,B,2,0,1,2,7.063239385624628,217.6261234478542,16.775615794881922,14.529147393531193,0.11656875192978575
2020,7,B,2,0,2,1,7.108286616486671,261.51940295818576,17.959573738195456,17.193218546835983,0.15136121157999427
2020,7,B,2,0,2,2,8.015622039230122,255.25606880661869,19.747026112332257,20.703230006030676,0.13540544104043775
2020,7,B,2,1,1,1,8.502610030721678,245.74593334025093,21.297485763413157,19.62987206018541,0.12263705459352194
2020,7,B,2,1,1,2,8.094359875016337,264.1714671230804,21.100682172567122,18.816427131757766,0.12347880849951291
2020,7,B,2,1,2,1,7.6033065466315595,351.0292278316659,17.997092407281475,18.171437089898415,0.14191368624144007
2020,7,B,2,1,2,2,8.196687200636482,295.3552673583794,19.883751536191596,20.02920472024735,0.1464349952885894
2020,7,B,2,2,1,1,9.26922954409714,292.8573911656423,24.74765358542634,21.37982059614571,0.12199725627853249
2020,7,B,2,2,1,2,8.317748177186942,355.6920694140647,23.771323295481558,22.14011064810683,0.12919201282736906
2020,7,B,2,2,2,1,9.104744660651091,464.1444582493123,24.515759725689698,21.509523062325457,0.1518442064275743
2020,7,B,2,2,2,2,8.776571762612635,435.77692514558436,24.199083430019886,23.140686755698862,0.143103661822913
2020,7,B,3,0,1,1,4.474180249104618,165.58063696484774,10.400795707070577,9.532291969287535,0.10999730286885963
2020,7,B,3,0,1,2,4.775881620261414,153.8680782910055,11.934023520113978,11.72655837120436,0.1183410556520975
2020,7,B,3,0,2,1,6.063355502484778,202.99764348568917,14.419080900522651,15.447402204961861,0.14567686160092486
2020,7,B,3,0,2,2,5.7598604115056915,180.53759798952157,17.624311483384645,16.8398005429316,0.12291724709572974
2020,7,B,3,1,1,1,6.344052911618247,230.68198740709104,19.019462922673746,16.92893790791465,0.1211580305709421
2020,7,B,3,1,1,2,6.331169628697911,237.1708321460153,13.959399151499175,14.188777701890066,0.11352351986482802
2020,7,B,3,1,2,1,6.081881767305107,213.5794735066973,16.095168934206956,15.571601495170983,0.14744097279268
2020,7,B,3,1,2,2,7.231439172878525,248.15506644004273,19.12469178605828,20.022018645328526,0.13325758415198535
2020,7,B,3,2,1,1,8.043699798887769,267.05720036325675,22.80552630378175,18.673719919527635,0.12590213946159257
2020,7,B,3,2,1,2,7.578781187966629,324.58614470238234,17.770302702466168,17.4481718553983,0.13421184910532047
2020,7,B,3,2,2,1,7.91537063113965,318.5219006404212,19.91341672345818,19.32304705330571,0.1512943148108638
2020,7,B,3,2,2,2,8.616938054473744,348.077953943109,21.261601027594608,22.33671758407286,0.1412781973312898
2020,7,T,0,0,1,1,9.789674900849533,221.87074516443178,24.27083818121031,20.14147714098,0.14349517740649986
2020,7,T,0,0,1,2,9.542947496355573,298.7574521569998,22.572745855886716,18.462274598719052,0.14163213301927943
2020,7,T,0,0,2,1,8.863770676892203,362.6319778685748,20.900046936417667,19.89248338257871,0.1375182254583028
2020,7,T,0,0,2,2,9.069600054199187,285.2300162885168,22.31707361212967,21.642946833369173,0.14160258635167844
2020,7,T,0,1,1,1,9.911954381093276,280.7372034865586,26.095937449237756,21.58301092428266,0.15165192489475682
2020,7,T,0,1,1,2,9.79756140312312,332.1245396397946,26.291622255976954,21.097498488304723,0.15204548749552751
2020,7,T,0,1,2,1,9.472512042669852,435.4825077404078,23.076424285759593,21.873543514204506,0.1457399941222439
2020,7,T,0,1,2,2,9.533914820934445,355.10533108679147,23.000068289745926,22.99215182170207,0.14111740624504787
2020,7,T,0,2,1,1,8.49403430635108,420.5442732179303,25.729190944287634,20.714870386208833,0.1313410918959621
2020,7,T,0,2,1,2,8.684484962109563,390.08856065325233,27.591326437072034,20.7856272397146,0.14341956819109214
2020,7,T,0,2,2,1,8.153232529671955,476.77345154955,22.640090801229757,19.044344320868124,0.1444243737678332
2020,7,T,0,2,2,2,8.599862119226817,425.52476874101853,24.21168097210472,23.285065609576286,0.13947691705726467
2020,7,T,1,0,1,1,8.680805474312775,208.64533053667563,22.24547287182787,19.617623630059082,0.14025222438750246
2020,7,T,1,0,1,2,7.8667822304183685,274.1135910713513,18.3090509258359,16.475221992559092,0.13203254391888658
2020,7,T,1,0,2,1,8.44447004636662,371.78729191596324,20.971649269672234,19.92229310641457,0.13771937572178053
2020,7,T,1,0,2,2,8.437702319101572,288.6532539605343,20.614585485753977,21.62363858071581,0.1334041287839765
2020,7,T,1,1,1,1,9.36099674097126,238.66238918059472,23.662849274182946,19.978114081879724,0.1457280169792794
2020,7,T,1,1,1,2,9.377113756447343,319.9552211961543,23.385812241058655,20.4125769142493,0.1532689206341975
2020,7,T,1,1,2,1,8.722531580975303,421.16671505144865,21.09904104032026,20.40535190245542,0.14921016837425824
2020,7,T,1,1,2,2,9.160306437783063,340.4422429335192,22.737896414148516,23.281793237005367,0.14453663903166078
2020,7,T,1,2,1,1,9.387169368773199,370.7727608478868,24.131752668967195,22.38347540859929,0.16149470910537891
2020,7,T,1,2,1,2,8.72688467056174,360.5705592463892,26.251040087664666,23.49983275207485,0.13504775995740786
2020,7,T,1,2,2,1,8.575978515776645,459.87590835995024,22.010458403907283,21.37668199230889,0.14781796699970576
2020,7,T,1,2,2,2,9.124961848432458,433.7217733809314,24.122984464961366,23.772888775288436,0.14090352411611265
2020,7,T,2,0,1,1,6.768851156684068,209.9824947172658,21.547695634284338,16.91337154084376,0.1426660887311231
2020,7,T,2,0,1,2,6.0992352039031035,212.3366237112781,15.274537808923498,14.915435197171107,0.1254938865872422
2020,7,T,2,0,2,1,7.024658485950549,305.8503444941141,18.13971259356546,17.343061979712438,0.12480469521399043
2020,7,T,2,0,2,2,7.796581834322607,277.9007136830584,18.54734055009384,19.272688648462626,0.12003707114385263
2020,7,T,2,1,1,1,7.475187221530615,226.28770377934842,22.38500953866379,17.360164362985614,0.14025149818687344
2020,7,T,2,1,1,2,7.151663776550829,278.46246982328245,17.748668687293705,16.075525612458,0.14228730459400604
2020,7,T,2,1,2,1,8.369462701952923,384.0815335890498,19.91086044189379,19.357284349619032,0.13765485308994163
2020,7,T,2,1,2,2,8.497285269988192,316.1668233599346,20.74161091489396,21.48302738118778,0.1346549444369736
2020,7,T,2,2,1,1,9.154480126455095,330.47775758345125,25.613267171831666,22.06198976885943,0.158052508678536
2020,7,T,2,2,1,2,9.630645931009706,399.6891885333208,26.894850891767195,22.064324584041245,0.16085423216104788
2020,7,T,2,2,2,1,8.617493223406633,434.7403391401953,22.759032548890822,22.692309437223766,0.1403829582557748
2020,7,T,2,2,2,2,8.921179659109985,393.91119643332576,23.168533252111263,24.073450082831656,0.1519883123112218
2020,7,T,3,0,1,1,6.8121721512613815,180.98795504775583,20.168139979103643,12.957130158834302,0.1444201120452339
2020,7,T,3,0,1,2,4.348775869885963,192.11762811558597,15.273036641865302,10.073242583198745,0.11779752017700641
2020,7,T,3,0,2,1,4.666687184877295,199.64570011641922,15.064656239356355,12.89931712888414,0.13211145690968892
2020,7,T,3,0,2,2,6.1364050894916975,221.808242141929,15.729351837299694,15.841354837748913,0.12444918723496304
2020,7,T,3,1,1,1,6.315406915285749,193.22319796734362,18.114262741377345,19.224711430510077,0.12546545775146425
2020,7,T,3,1,1,2,7.587505145298543,199.69099117289267,19.238798702037045,13.234477784932643,0.1234859859795165
2020,7,T,3,1,2,1,7.621041197008151,345.81101196764644,17.92645079115873,17.955177725615965,0.13018083062381586
2020,7,T,3,1,2,2,7.770900638834442,252.43232020922486,17.449888585997126,19.101658094361778,0.12977317356905468
2020,7,T,3,2,1,1,9.215041158909491,205.87628778633152,22.088022486914724,20.65742726402636,0.13766923489909771
2020,7,T,3,2,1,2,8.844747252139596,241.11107296654478,23.654819317243216,18.37586471222414,0.1377385158535604
2020,7,T,3,2,2,1,8.959388260514343,392.09660193322776,19.29825522007758,20.52217753333411,0.12584901397974904
2020,7,T,3,2,2,2,9.037245377678403,339.2118136793727,20.838132399194624,23.15461245334397,0.1385946603353209
2020,8,B,0,0,1,1,8.876411578921745,243.8256929561225,23.039132403863455,20.16253521331937,0.13663670185528745
2020,8,B,0,0,1,2,8.612108365333608,283.8704401598938,18.258122526653146,17.441214901642468,0.12587785783384695
2020,8,B,0,0,2,1,8.609763868308757,372.864688655513,21.32294053723982,18.718079878772297,0.1539956802534703
2020,8,B,0,0,2,2,8.71279986014981,280.625952286106,22.36569034912,21.370160250117994,0.15181110592828917
2020,8,B,0,1,1,1,9.921977738712947,291.33853167205206,25.22238087273708,20.8689105451921,0.13757637060901012
2020,8,B,0,1,1,2,9.052504325602264,343.93824589391085,22.922649145753194,20.295901388523934,0.1330747262224974
2020,8,B,0,1,2,1,8.980847240733118,457.5979630221062,23.401708671983144,20.325666638326588,0.15547077771399057
2020,8,B,0,1,2,2,9.261166861230434,354.99305126375293,24.178350515194964,22.533722913523796,0.15969778541459131
2020,8,B,0,2,1,1,9.471877383109012,258.054565624013,27.322174537615922,22.14330808663806,0.11634138735383061
2020,8,B,0,2,1,2,7.938313476482842,341.2352608783727,23.532852606601626,20.32320192837719,0.1483943402571797
2020,8,B,0,2,2,1,8.008109410878953,456.9461801319968,24.09230553467094,18.96979885539747,0.15969218784679007
2020,8,B,0,2,2,2,8.644521695422185,439.4987506402492,24.90390929006135,21.093902177656727,0.14945002943161942
2020,8,B,1,0,1,1,8.480961668511142,259.3347317984451,21.345379677449326,21.240760711576463,0.12697201968441685
2020,8,B,1,0,1,2,8.236100711273547,289.74286279046345,16.8257530512028,17.03779920090411,0.12086391427490958
2020,8,B,1,0,2,1,7.629596979902625,327.41564437800383,19.538011958681047,17.053904936819634,0.14992792549952283
2020,8,B,1,0,2,2,8.273706414554441,288.841619808688,21.23618704186914,21.080054116377962,0.14508883989205404
2020,8,B,1,1,1,1,8.989270294567163,290.3523917438096,23.347288724524045,20.140646918940174,0.13804580053527996
2020,8,B,1,1,1,2,9.751409176377903,310.33266829416704,20.823341139085112,21.158245339781544,0.13338801481198223
2020,8,B,1,1,2,1,9.128681983956378,427.3988693178831,23.362301134039924,20.88082036688071,0.14862680277534962
2020,8,B,1,1,2,2,9.263698895514304,316.68544200892376,22.937593743998878,21.67661696121145,0.15803112726644356
2020,8,B,1,2,1,1,10.04879372640671,302.7320860088994,26.92050105777672,20.832215252430764,0.14998911018376018
2020,8,B,1,2,1,2,8.488800421102063,408.6925913874545,20.67834987432596,20.989107406197657,0.12746997783507086
2020,8,B,1,2,2,1,8.450724650316005,522.1166787074592,23.105049807111318,20.46082933036551,0.15153290331538988
2020,8,B,1,2,2,2,9.161610431288347,442.6646280254926,24.344855358879933,23.96609812760151,0.156657401243761
2020,8,B,2,0,1,1,6.728349367420285,223.41151974674878,19.440372537608734,18.620955874839225,0.12719409774131527
2020,8,B,2,0,1,2,6.8651311931043875,270.78199222394863,16.420534203476493,14.607375364525666,0.13068542953440038
2020,8,B,2,0,2,1,6.740168171767144,295.34970241038917,16.133503351820867,16.38813690926531,0.15929602316923042
2020,8,B,2,0,2,2,7.259492421177685,275.61205155735587,19.031148034477265,19.5076256201442,0.1443855296256675
2020,8,B,2,1,1,1,7.573655028736026,297.05728111569437,18.363692868316917,18.24710958841444,0.11264668553362106
2020,8,B,2,1,1,2,8.770201404206983,288.0420443771748,18.418287354035268,18.370489226338997,0.13404880799120222
2020,8,B,2,1,2,1,7.913250512032409,358.4960774488894,20.71443395268649,18.8020786959605,0.1437854844877623
2020,8,B,2,1,2,2,8.00622022123247,326.1599459017038,21.63425570384735,20.908147445154448,0.14041654291162614
2020,8,B,2,2,1,1,9.724404258204297,333.05110140629466,25.6406845595537,22.26359671737531,0.1354581547335546
2020,8,B,2,2,1,2,8.959427584945814,318.883596891259,20.749509026044144,19.38698076564239,0.13316908712644043
2020,8,B,2,2,2,1,8.246691206598756,451.30268065913515,23.037237684825907,21.55676463822765,0.15103724099670932
2020,8,B,2,2,2,2,8.88677308057519,392.11372698789455,23.40566535354075,22.37921100464825,0.15777760098935745
2020,8,B,3,0,1,1,5.837822317461922,156.6378593464133,11.218277408730293,11.037809312369774,0.11323737653588299
2020,8,B,3,0,1,2,3.1363142738914647,180.95756301536986,7.5710068087509885,8.74222117962658,0.09857883135612062
2020,8,B,3,0,2,1,5.730004105125321,190.48321516934251,13.183072643085303,15.235121954961471,0.1619064456312485
2020,8,B,3,0,2,2,4.017491666509853,159.02241592628005,18.259871589229846,14.888787278007467,0.14325486795205528
2020,8,B,3,1,1,1,7.234467578472141,217.69233539773313,17.496238569284255,18.456784029966304,0.1302906468393667
2020,8,B,3,1,1,2,6.627535145130625,232.07073513193262,13.005560576358853,14.115142678671807,0.13018686293938733
2020,8,B,3,1,2,1,5.740536929149134,321.00859707226334,16.256120883309773,15.219136284801499,0.13502148342310072
2020,8,B,3,1,2,2,7.04817210035635,269.7496156634381,19.894773909006854,19.984926010295663,0.14306598256461395
2020,8,B,3,2,1,1,7.4266681541673005,260.22501395273434,21.93653191166199,19.825648029208857,0.15446470018043904
2020,8,B,3,2,1,2,9.087237319293786,229.01138682049088,19.502489141916765,19.170743418100663,0.10404609692339836
2020,8,B,3,2,2,1,7.586365457357571,382.56821403402404,20.796194365287207,18.505534708224893,0.15268072491268003
2020,8,B,3,2,2,2,8.46665270398893,376.6526566611259,22.824080103161972,22.46941041273462,0.14631368122752283
2020,8,T,0,0,1,1,9.070393080147955,225.21347638598053,23.720109490854693,18.975706983546313,0.14001547196940473
2020,8,T,0,0,1,2,8.864522811274592,302.6047270849867,19.561638026225765,17.07472644695327,0.13733457798056734
2020,8,T,0,0,2,1,8.721125636764832,362.57445848347504,20.94841450311989,18.56326754789454,0.15157263021536957
2020,8,T,0,0,2,2,8.94384096195175,282.9407445676282,23.11284043760737,21.028809904764227,0.15456095974607795
2020,8,T,0,1,1,1,10.461119657052972,279.00687273176885,27.231919675505807,20.331931156831086,0.14187416665965927
2020,8,T,0,1,1,2,9.737545618789767,365.54716978989313,24.54469844306636,20.468250284986606,0.1384090257843124
2020,8,T,0,1,2,1,9.452635832016886,456.48020775753344,23.70600270310889,20.733906652621904,0.16173918964042644
2020,8,T,0,1,2,2,9.481270052394898,358.6617486905267,24.660064078360232,22.731792900992634,0.16048579211754005
2020,8,T,0,2,1,1,9.654325362966233,275.7248027192456,28.586799531518768,19.96528614460854,0.14492748345801382
2020,8,T,0,2,1,2,8.413394973585987,410.81984150480224,22.86707900930909,18.726068366843204,0.13112819973245035
2020,8,T,0,2,2,1,8.781295829330448,477.4160662334187,23.353073735582864,19.89644282306028,0.16105488103489454
2020,8,T,0,2,2,2,9.259758005051474,440.0909143272069,25.670060063625552,21.937262147090543,0.15891947976525794
2020,8,T,1,0,1,1,7.821818587229868,234.68020657924225,20.33045510756811,18.87119302290047,0.13063335573398888
2020,8,T,1,0,1,2,8.794544988280496,263.10120719326943,19.49742326217939,16.889933951284817,0.1398888020142787
2020,8,T,1,0,2,1,8.672478953959095,327.70590348160465,21.2899056904199,19.395205078750035,0.15290365581147009
2020,8,T,1,0,2,2,7.889181112950218,280.69770183350056,20.490802178538463,19.623900493344493,0.15721416643212383
2020,8,T,1,1,1,1,9.07921876947749,248.89308155982266,23.352886354955626,20.856739675773188,0.13062974406312505
2020,8,T,1,1,1,2,9.832229589385786,311.88514224797683,25.032737877404937,20.95635532425438,0.14845040498393433
2020,8,T,1,1,2,1,8.84508754699246,435.7796663539349,21.349515698068394,20.93695723376668,0.15380079484581335
2020,8,T,1,1,2,2,8.884419057380494,359.4224045415544,21.889142112161995,22.252202672499894,0.1488435284086629
2020,8,T,1,2,1,1,9.108019852936513,374.653735269193,24.95317616437746,19.71084424599937,0.1495313832534578
2020,8,T,1,2,1,2,8.102688758507028,433.9776039597207,22.530402593520535,19.46872444934596,0.15646499348114756
2020,8,T,1,2,2,1,8.970167747770333,478.7419322308908,21.625365406412897,21.08807016819663,0.15197303832717607
2020,8,T,1,2,2,2,8.824259116920773,449.59520410029194,24.13097853019043,21.64905190346429,0.15905468837400033
2020,8,T,2,0,1,1,7.290842611889669,247.22254136767677,17.5239531203141,16.723219070824072,0.12453723410204866
2020,8,T,2,0,1,2,8.795922516450808,286.0560259596216,16.733907223678273,19.190884326920298,0.11608442281893158
2020,8,T,2,0,2,1,6.94036172276152,273.4400954523845,17.104553867701693,16.734198610168566,0.16518557340394813
2020,8,T,2,0,2,2,7.477593585517714,262.7232630424879,19.577280810023957,18.312069080522868,0.15401231502544782
2020,8,T,2,1,1,1,7.121470332332937,234.06556135992497,17.54025770044831,19.363823662130088,0.11662819270366144
2020,8,T,2,1,1,2,9.410763202214422,258.52817009518196,17.311899211975426,19.571613135886878,0.12147676494951286
2020,8,T,2,1,2,1,7.819420713545178,321.996028897541,20.858549289593057,18.4562508580551,0.15609728152912725
2020,8,T,2,1,2,2,8.296453254950817,299.38254396174665,21.076186790660753,19.405707497324457,0.14836417039007924
2020,8,T,2,2,1,1,9.7703486783847,299.3077058118856,26.142662453301554,21.432425944844347,0.13376320721662543
2020,8,T,2,2,1,2,9.178973051749132,408.9606402108186,23.740982201693374,20.50452452638431,0.13709604021501895
2020,8,T,2,2,2,1,8.7627518034426,444.5108194823758,23.30059509711441,20.310500768877507,0.15905383198570974
2020,8,T,2,2,2,2,8.896020366367223,413.50266181935655,22.082372598806767,22.341342441928788,0.1489485305665571
2020,8,T,3,0,1,1,6.887492319242106,225.43205409359405,13.626468949911594,13.681858836978709,0.130338735076832
2020,8,T,3,0,1,2,5.3722063195888055,161.499431478662,11.537697567183045,10.938453562724954,0.13080300470247389
2020,8,T,3,0,2,1,4.506904207320813,147.85212960608402,14.03625246193465,12.59279367087148,0.15782126634716223
2020,8,T,3,0,2,2,6.049399493426468,153.0937419567168,17.39887484710646,12.98641962337606,0.15989666425339116
2020,8,T,3,1,1,1,6.849562941278693,214.00168936800864,17.733634583738322,18.58976857801234,0.14005581763107056
2020,8,T,3,1,1,2,7.324803567628821,284.14402586453417,16.11860076289363,14.52411332316941,0.11808225315741062
2020,8,T,3,1,2,1,7.397170107796057,313.4089591017237,19.037724532256057,15.536824680137393,0.15926194814066996
2020,8,T,3,1,2,2,6.444009637541391,259.58858049379205,19.544644860840982,16.989558273426184,0.1577883968599722
2020,8,T,3,2,1,1,7.431377491207549,218.49025108904144,20.80638248773031,17.46280815092927,0.1339327442601754
2020,8,T,3,2,1,2,7.525111670816966,308.8743655459092,19.420326747422905,17.32901649129315,0.11948013372295552
2020,8,T,3,2,2,1,7.78856069298351,401.2970573838755,22.525526653253348,19.085394124845198,0.15489546080637834
2020,8,T,3,2,2,2,8.717045157345957,334.88661879096503,22.157910407919726,22.083227189258665,0.14824026455053074
2020,9,B,0,0,1,1,8.571347331495343,241.272559497405,24.02479594216496,19.543869429537462,0.14383476691749444
2020,9,B,0,0,1,2,8.19294829094661,302.6287573586681,21.2760423229825,16.858272363158207,0.14362773780589222
2020,9,B,0,0,2,1,8.72860742363248,329.86193931957877,21.94335147859522,19.081923056861893,0.14460551505386732
2020,9,B,0,0,2,2,8.947127342498927,270.95116311991313,22.079049039774294,21.38158693071249,0.14461939438002006
2020,9,B,0,1,1,1,10.544360565554062,326.66579289782027,28.124599291307092,23.214974350095172,0.14592100747053405
2020,9,B,0,1,1,2,8.230089879321927,342.9615623439661,20.782841070095035,16.00799270538049,0.12702827319104573
2020,9,B,0,1,2,1,9.621487109068225,437.81054454999276,23.08421163392934,21.494754480031364,0.14218091491984175
2020,9,B,0,1,2,2,9.65745682440376,344.4474432446202,25.23551236168933,22.231386579339574,0.1528878894205207
2020,9,B,0,2,1,1,7.202271203389899,172.94727187252232,22.27952134244119,18.439981044022062,0.13875769112432595
2020,9,B,0,2,1,2,7.27196435087579,368.1154833075831,15.018353169495072,12.453476069689046,0.14317938939651614
2020,9,B,0,2,2,1,7.766266287720254,504.29436458761194,21.099323660536726,18.055995682523115,0.14291391704917814
2020,9,B,0,2,2,2,9.066341718827793,445.2061588124217,25.52697679407337,22.948765950498533,0.15724813319063963
2020,9,B,1,0,1,1,8.741026790720722,261.5305814995871,20.938022228621477,21.501354156739946,0.11995573825323261
2020,9,B,1,0,1,2,6.684924674569258,278.6073449118291,14.260993053502624,12.44493234256219,0.1587540196542643
2020,9,B,1,0,2,1,7.625454106414415,327.7186243217017,19.630820481425996,17.378943105106085,0.14764715130283768
2020,9,B,1,0,2,2,7.763884895357776,244.3132335063641,21.377538534615617,20.12370784891426,0.15325984820527558
2020,9,B,1,1,1,1,9.450270896713835,236.75262436103168,24.35819082426952,21.761792351763315,0.13028168012725636
2020,9,B,1,1,1,2,8.39618854181228,355.89955708456154,20.208585929802414,17.769226904712003,0.10637088040562874
2020,9,B,1,1,2,1,9.142104890802388,401.17201042690596,22.967717253162125,21.890200109091225,0.14376566829554052
2020,9,B,1,1,2,2,8.751143309087121,284.52704278847847,23.282031530296067,22.140911133058133,0.1499194810449653
2020,9,B,1,2,1,1,9.418212190240062,279.40994234010793,23.486385318564512,20.854319334560667,0.13192971428365258
2020,9,B,1,2,1,2,7.932354508724272,390.23525069940274,23.120499918599354,21.647666490677825,0.12874032723326273
2020,9,B,1,2,2,1,8.649777414859297,496.4770121988711,22.723722279596124,21.384149192818956,0.15212015187143077
2020,9,B,1,2,2,2,8.41358662189786,426.88220999697967,23.336222029784096,22.31154183117801,0.13710266326988793
2020,9,B,2,0,1,1,5.523326080600989,221.07792969568305,16.459225904808854,13.731965492459608,0.10788459637978637
2020,9,B,2,0,1,2,4.981809028187784,225.46240531627436,9.185094778620053,11.869272305243037,0.17251551993757933
2020,9,B,2,0,2,1,6.391445483884243,219.46803835922185,18.600906827807613,15.933833992245605,0.1467452794432794
2020,9,B,2,0,2,2,7.442237203486842,248.1999509180302,20.730536481057054,18.79913506789487,0.1562400522132125
2020,9,B,2,1,1,1,9.06305745467095,169.47980846500076,18.857424899146046,20.247403766116122,0.14470722271423314
2020,9,B,2,1,1,2,6.900739240005998,335.9967212928119,15.54012935371931,13.589039078054794,0.14143156030073042
2020,9,B,2,1,2,1,8.185176441623373,323.45466560432027,20.74955806484401,19.365758608279894,0.13412533692527517
2020,9,B,2,1,2,2,8.340718791112963,267.18605608812015,21.74943465089451,20.41171885325165,0.15912355753068624
2020,9,B,2,2,1,1,10.028619190090351,364.48612677651306,27.626473850662016,22.593060151656736,0.14255066240559086
2020,9,B,2,2,1,2,8.432579848066023,348.28794988489483,23.111724002620857,20.205464978007875,0.11496392969682469
2020,9,B,2,2,2,1,8.118267308175707,445.9935393546232,21.123975516994232,19.26758506207598,0.13091758909950152
2020,9,B,2,2,2,2,8.638789874687673,417.7937366869491,21.966099074669014,23.449324455336107,0.15941828118632692
2020,9,B,3,0,1,1,3.6012510742795993,241.27672736921815,11.424939447235593,13.384386331094902,0.119248626323325
2020,9,B,3,0,1,2,2.508016083028031,244.75728350198855,9.904333117002146,7.959113524427658,0.15434893340032568
2020,9,B,3,0,2,1,5.260786298508198,173.30555491880307,14.29879096788519,12.03689813292115,0.15176346290532475
2020,9,B,3,0,2,2,4.768170670804304,296.6306020635973,17.106693580790544,13.913656432423513,0.12585293838073316
2020,9,B,3,1,1,1,4.479988461932419,195.49834453080604,5.443981065010283,14.527639323787879,0.14560087530807012
2020,9,B,3,1,1,2,4.6990182345274025,216.53514923375414,10.215080504279985,8.415768943086151,0.13716538941615053
2020,9,B,3,1,2,1,6.360167319883365,329.01003379620045,17.679425845416134,14.570534407143622,0.14816015943741612
2020,9,B,3,1,2,2,6.825765838219056,229.77785068481543,15.678253377075308,18.215391167774484,0.14087356998860123
2020,9,B,3,2,1,1,7.595418081109157,139.82814945527457,18.844364123095517,17.141462399574092,0.14651966044517614
2020,9,B,3,2,1,2,6.833888307544981,319.3234953500613,16.960575287842072,12.591933305538046,0.13053812849743512
2020,9,B,3,2,2,1,7.574133869061166,392.1027659976322,18.499120303251825,18.246647025267716,0.14780294813325137
2020,9,B,3,2,2,2,7.637978181695185,287.38044358766183,19.53119758481851,21.40495759924919,0.16074969682030976
2020,9,T,0,0,1,1,8.623326477167678,206.8809983042159,22.2522305636426,18.926564102314334,0.14816384253864995
2020,9,T,0,0,1,2,8.708902425385423,319.29241190647383,20.00609232355718,16.161368085103916,0.15340027042118487
2020,9,T,0,0,2,1,8.657830225777108,325.55771260571714,21.292578150068923,18.3581429673134,0.1472543318150935
2020,9,T,0,0,2,2,8.966132561263056,264.7361096948741,22.386092823366432,20.875731628708348,0.15042400586935287
2020,9,T,0,1,1,1,10.179123054142513,300.7623594422608,26.72660308096483,23.6428117626027,0.1564169733107262
2020,9,T,0,1,1,2,9.524541912694652,399.60771217552656,23.95388646478304,20.02707938131672,0.15724227758682052
2020,9,T,0,1,2,1,9.38809433972859,433.5770992194737,23.214114553482702,20.246169706978584,0.1537022364146961
2020,9,T,0,1,2,2,9.737778394854171,326.60588200441595,24.7476609971137,22.831398633145167,0.15547051729629616
2020,9,T,0,2,1,1,8.894869927010976,256.1257429214975,25.113061682336024,23.20415927272319,0.1537777966163643
2020,9,T,0,2,1,2,8.791893172255545,401.2377693473067,22.724526704504665,16.399629981298986,0.16872603274463674
2020,9,T,0,2,2,1,8.714146254077441,487.44352933925927,21.86369133221347,18.52030581993426,0.14568234147408077
2020,9,T,0,2,2,2,8.704646029406181,415.0215065190943,24.848653580419416,22.688862307352547,0.15837342237327043
2020,9,T,1,0,1,1,7.778064909691765,203.0737609269532,20.39782871082187,17.71566046757092,0.14720386263151675
2020,9,T,1,0,1,2,7.307756737227535,291.41210116505965,17.313019458438426,13.814274819670901,0.1475083585942341
2020,9,T,1,0,2,1,7.737372814507747,313.59671613669485,19.5182143583578,17.33812328764032,0.14459163730334101
2020,9,T,1,0,2,2,7.767834269809807,256.0918492907668,20.291454128737545,19.071820943624314,0.15484115948912489
2020,9,T,1,1,1,1,9.53499959248131,249.84085512705053,23.481229586855555,20.326416922583693,0.14311611767757879
2020,9,T,1,1,1,2,8.15124230617631,311.96267480196167,19.103174118142114,15.427292365382065,0.14874898966422292
2020,9,T,1,1,2,1,9.404103421556231,397.9292782826541,24.570451263630826,20.825617413822968,0.15039106715734293
2020,9,T,1,1,2,2,8.846076090332975,342.9657660862209,23.601804529718073,21.815482447760928,0.1593404624047297
2020,9,T,1,2,1,1,9.001969799254464,279.89392919986403,25.240084387009997,22.93121905576607,0.1479217192589961
2020,9,T,1,2,1,2,7.955908013670462,390.4355605428415,24.686240542175625,20.176672638227544,0.15031590487863652
2020,9,T,1,2,2,1,8.649775341507796,481.4941104586538,23.69827679619622,20.344963929474176,0.15106254301955493
2020,9,T,1,2,2,2,9.43285356985718,438.87318223054143,24.027802845244974,22.731953444133964,0.1558600135119307
2020,9,T,2,0,1,1,6.558050305551972,191.62080150617814,15.253387248201454,15.58115658744897,0.16992739958954717
2020,9,T,2,0,1,2,7.0434505780657,251.9704318618761,15.252990401233133,13.140679131785527,0.1584482661842793
2020,9,T,2,0,2,1,6.771535192656434,311.5853395559284,18.06413395601422,14.7225966141289,0.15074018417647195
2020,9,T,2,0,2,2,7.292686540360949,219.9766670461721,18.078629983929048,17.688162652605907,0.14702342592414192
2020,9,T,2,1,1,1,7.666665753868615,224.1479713474986,18.659938518511723,15.66547231557743,0.14050041030671945
2020,9,T,2,1,1,2,7.557629810615985,268.01072945224223,12.643222081593834,13.654626859299677,0.14052183018245792
2020,9,T,2,1,2,1,7.8933569786284545,301.11030084287046,19.36787844783578,16.967881178480184,0.14831948669686107
2020,9,T,2,1,2,2,8.516901849758584,319.6342037763423,20.995156339256255,19.980840159801186,0.15781336673736993
2020,9,T,2,2,1,1,9.361214219625419,232.54210346620982,21.835450793050807,19.301103104143053,0.15184543186710006
2020,9,T,2,2,1,2,8.60905271207987,324.4037224512855,20.380427001416745,18.230440809277987,0.1529989164879661
2020,9,T,2,2,2,1,8.558034445336064,454.52740252365754,23.572772822876875,20.312853071344847,0.15293892684239202
2020,9,T,2,2,2,2,8.592434809414259,378.6217021996749,22.2075298249375,22.039784184181837,0.15026052072376994
2020,9,T,3,0,1,1,5.7557331809437144,139.013048913337,16.662164452090447,13.925943895261273,0.16105405264029052
2020,9,T,3,0,1,2,3.954200041023072,172.94285161778652,14.718942592367343,10.931110742351727,0.14032246817774427
2020,9,T,3,0,2,1,4.911707585856284,184.7666394219954,15.546623622910436,11.522068655622084,0.14497002657814975
2020,9,T,3,0,2,2,4.882021574944935,174.3381344935432,13.716927990356183,13.878695306292016,0.14153598990376826
2020,9,T,3,1,1,1,5.7904522488500065,232.08559790908646,14.258354516869941,10.009601739637409,0.10858580677489366
2020,9,T,3,1,1,2,6.095007686830346,226.30174324070393,11.295008370565416,10.394434610648013,0.13905804795543658
2020,9,T,3,1,2,1,6.9312757030283345,286.3159046083848,17.39572729386004,14.290757132855509,0.1428364162389952
2020,9,T,3,1,2,2,7.169788853835365,228.1614713789374,17.053660944413128,17.301950645277916,0.155822848834272
2020,9,T,3,2,1,1,6.705966001447397,243.25712597327126,18.659324825744722,16.02927878857007,0.12205484323135028
2020,9,T,3,2,1,2,7.403441524902358,343.23304528433334,15.236102247099204,14.120966919745129,0.13844931217331785
2020,9,T,3,2,2,1,7.827847623091406,360.5319185499312,21.27826517799998,17.653026735040907,0.14934853498720452
2020,9,T,3,2,2,2,8.332392163671544,289.16556830660704,21.141769173889873,20.172726645593766,0.13751999548600444
2020,10,B,0,0,1,1,9.598855284151426,130.01624644545794,19.629740384725295,18.94568034876637,0.09278620859407477
2020,10,B,0,0,1,2,4.787821471655396,304.3728307930915,16.718831648001338,10.049679668158584,0.07268394139086783
2020,10,B,0,0,2,1,8.462164270357347,446.65997802678527,17.841563649001206,17.03356750151473,0.1325272506306759
2020,10,B,0,0,2,2,8.648398371918695,307.8619497414356,19.09170859613261,18.352742434451823,0.10354697445006482
2020,10,B,0,1,1,1,14.204615346428778,304.8390432306497,32.071692915990965,31.73299628245027,0.12139316383141181
2020,10,B,0,1,1,2,6.976657243981522,357.50122899089456,23.787993226107158,17.48931777285781,0.0862430172825603
2020,10,B,0,1,2,1,9.336792755820886,550.3702030411804,23.208711059751558,22.71618156117291,0.1553742143645546
2020,10,B,0,1,2,2,9.132706504671251,299.8155220343492,21.999873771435634,18.97572039282203,0.12157243758672508
2020,10,B,0,2,1,1,4.931585289404077,42.82240986524083,23.921778881126432,13.940131362635505,0.06224515801784642
2020,10,B,0,2,2,1,7.480480092181504,454.88527270699177,17.01955366582486,23.892664058976305,0.1396015565918129
2020,10,B,0,2,2,2,7.079307102225405,306.80332819979924,21.35373929190634,21.012948466792476,0.1506542238751658
2020,10,B,1,0,1,1,7.875798542229087,199.223314928527,19.215745606084177,19.984502192523557,0.12728915029700424
2020,10,B,1,0,1,2,4.2167225424492845,101.99225330059782,2.5660938388921024,0.7029410857248278,0.06402516458393526
2020,10,B,1,0,2,1,8.977827974100402,404.0405497058275,15.420745434034693,16.63951996854682,0.11830465714343365
2020,10,B,1,0,2,2,7.519453814759716,295.8630885240456,18.123942083062648,17.40976402155631,0.1075572735779609
2020,10,B,1,1,1,1,8.800719523141275,102.80173309232543,19.776664854280693,15.747150762353295,0.07366788143660132
2020,10,B,1,1,1,2,6.760805684236155,367.26904283735456,19.83395968267599,12.135264396221451,0.06328065001773188
2020,10,B,1,1,2,1,8.970450057169044,547.7676618141707,17.143883513683765,13.223660547216282,0.12118636041164761
2020,10,B,1,1,2,2,8.33368689790373,292.83040140773966,20.11847005265936,19.621074509378868,0.13231713553902844
2020,10,B,1,2,1,1,9.542298720912106,240.9396548828252,26.717423112825358,28.197650697254478,0.0972826585435282
2020,10,B,1,2,1,2,6.262137654188061,618.1739613167152,14.298547643729416,19.372979250761873,0.02631851439576332
2020,10,B,1,2,2,1,8.070433019007453,629.2966337699039,21.70104206061188,19.46845852974095,0.13655834372472575
2020,10,B,1,2,2,2,9.049505681791963,480.47834539847787,20.500039030956334,19.79423406701675,0.11884054635353808
2020,10,B,2,0,1,1,8.584224343721061,314.2687470409151,25.825948301625505,27.964696620973143,0.15363120830959656
2020,10,B,2,0,2,1,4.320774688535711,412.5946495736683,12.424506235256365,15.49842125510228,0.1531478784071332
2020,10,B,2,0,2,2,7.581103307064281,314.7411121556135,18.99877102547383,16.841746675692036,0.10881314671096898
2020,10,B,2,1,1,1,9.258027768734914,275.3698812446027,23.95146896926401,18.6474307418965,0.10266942668909122
2020,10,B,2,1,1,2,2.935193406461191,162.64243798385888,11.966451919010916,8.433251231927102,0.11164996775637691
2020,10,B,2,1,2,1,5.995286942972076,349.7032419849178,16.0188854324958,18.694204454556928,0.14657855365931652
2020,10,B,2,1,2,2,7.824261746482566,360.3107513510115,16.984853844445933,17.40359635156643,0.1062073113797437
2020,10,B,2,2,1,1,7.687230801623944,250.8547358736854,29.80118005203285,20.588577344557127,0.08860153078639389
2020,10,B,2,2,1,2,2.033639102692524,13.152186130069559,5.72347997173612,1.561892813623906,0.031395541084682704
2020,10,B,2,2,2,1,8.492657136629038,498.386226766713,22.202717568710657,21.773681254652523,0.11613204088667427
2020,10,B,2,2,2,2,7.238969046217898,252.80034712938888,18.642211724399186,17.335662779901178,0.1001553569026766
2020,10,B,3,0,1,1,,,,,
2020,10,B,3,0,2,1,4.331530936054845,106.17570229733971,6.995707986746827,7.1507103062096755,0.03414375040423456
2020,10,B,3,0,2,2,9.377829477016526,191.21627302612112,16.95449909985547,17.30461752099711,0.048634941451594214
2020,10,B,3,1,1,1,3.8565603845914356,88.17621561396284,0.36423070298919086,3.6530550529659402,0.09036824663564079
2020,10,B,3,1,1,2,,,,,
2020,10,B,3,1,2,1,8.55146639471851,487.6529610286397,20.57056050064428,24.733015308934736,0.060049035851266336
2020,10,B,3,1,2,2,6.3919727749385435,376.7234422933265,12.938900864365909,24.50693197206093,0.09279084296296573
2020,10,B,3,2,1,1,12.759383499997165,184.34127598017753,31.586308828164853,33.02768824579341,0.08432663132130919
2020,10,B,3,2,1,2,8.63306669150656,182.96387963201917,32.30473191286456,14.44215395992059,0.03213093213711674
2020,10,B,3,2,2,1,9.981756102454565,648.5865546113504,24.067839151873283,18.235510156029818,0.12776425299485505
2020,10,B,3,2,2,2,9.106236145454474,296.25965437704997,14.098167481974729,20.462118972903394,0.10344314963513436
2020,10,T,0,0,1,1,8.931913050565221,245.68443858700041,23.005564998574602,23.505219649232277,0.12422497671946803
2020,10,T,0,0,1,2,9.302772588007072,435.52534474452256,27.090469049023813,25.99878334031279,0.12515722507055935
2020,10,T,0,0,2,1,8.373732282290362,374.7018001480095,19.22430042222331,18.57541187010715,0.14784135086425432
2020,10,T,0,0,2,2,7.611903864238092,335.8953135049999,20.688091845916706,20.090015595446648,0.1402609822045048
2020,10,T,0,1,1,1,7.502192409714701,399.4607807198765,15.633243144038559,21.907837669253375,0.09854678478000274
2020,10,T,0,1,1,2,7.451289418617419,552.9269715819422,20.534307462988483,25.97956693761678,0.1427883472525371
2020,10,T,0,1,2,1,8.174217307433617,432.6732134923009,16.953425044981778,13.562722724049097,0.13725191538703072
2020,10,T,0,1,2,2,8.621262256605766,340.7087504686993,22.511563837603966,21.635594411742375,0.14262718728359397
2020,10,T,0,2,1,1,2.9737522313288633,265.8879205605247,21.774110382197783,24.868371568655235,0.1054840329149393
2020,10,T,0,2,1,2,11.030865786510148,621.1438097976992,14.006017568352538,17.70057271830632,0.04945504827618714
2020,10,T,0,2,2,1,6.21549429977022,411.5676549198084,22.241629777251518,19.196703761474758,0.11879622494603344
2020,10,T,0,2,2,2,9.665665885231398,241.60575610537768,20.261624256537477,22.88768584121457,0.14527823566481587
2020,10,T,1,0,1,1,6.417256252443398,355.06903713691133,21.21053879276818,26.203131904457436,0.12561630772581503
2020,10,T,1,0,1,2,2.5410590311915175,148.09806052072386,16.928193398647124,5.213463842494739,0.06021434397217989
2020,10,T,1,0,2,1,6.966048126091385,334.22348942075143,17.01670039442394,13.090824821136962,0.13851155288485748
2020,10,T,1,0,2,2,7.513965452833573,275.5395702970786,20.15657264007825,20.67788208188016,0.1549791209524229
2020,10,T,1,1,1,1,5.563012458291923,198.9464542143047,17.548617860274003,22.644442436399267,0.10954735271156077
2020,10,T,1,1,1,2,11.780943746303667,433.69734354731753,16.337819659387804,25.49305861692155,0.07874030983465297
2020,10,T,1,1,2,1,8.767120925698801,351.93543443029375,22.026093965041508,19.98817451935903,0.12226681391892848
2020,10,T,1,1,2,2,6.303855120965463,213.90470324174453,20.364608783383865,17.77336612407806,0.143135283033719
2020,10,T,1,2,1,1,4.504084424164369,298.89772284177747,19.254477074321443,24.68963016549519,0.17639170295113096
2020,10,T,1,2,1,2,6.762612696006662,661.4859708622844,20.97233083829774,26.152932103214503,0.11282507355995615
2020,10,T,1,2,2,1,8.323722305547665,458.8286984710316,20.83436763554797,16.888769104125746,0.13712742393809277
2020,10,T,1,2,2,2,7.2733103276767395,199.70885709141086,22.623152425988216,20.7579938923501,0.14829932323717815
2020,10,T,2,0,1,1,,,,,
2020,10,T,2,0,1,2,7.795338371958815,341.7642930929639,21.823179633667806,32.917469139197195,0.1165252114351225
2020,10,T,2,0,2,1,7.562045895378412,286.3914291365178,20.442209798991886,13.847962760764624,0.1200925336801347
2020,10,T,2,0,2,2,6.099815185312874,328.0260596451892,14.06655513315771,16.574280328621597,0.1518879004393296
2020,10,T,2,1,1,1,8.12015323541782,369.9302835940849,26.299368863413182,32.39303015934138,0.13042689345632166
2020,10,T,2,1,1,2,8.012336883415065,71.39329030097986,18.874303465558672,18.051381786722033,0.03366121853607402
2020,10,T,2,1,2,1,9.244304102783337,434.710382249691,23.114334775580392,21.333536751876792,0.12773926997475826
2020,10,T,2,1,2,2,7.32031327054501,271.7734679860041,21.51117529539258,21.11087408813433,0.13035501332898558
2020,10,T,2,2,1,1,7.830219268960492,233.4300977380597,11.814523083109194,28.081183887261236,0.1819791285559967
2020,10,T,2,2,1,2,6.845773193892869,345.229212889382,13.046782218786532,12.102448076889054,0.09235836174019828
2020,10,T,2,2,2,1,7.45575933880525,355.45847542052337,20.141112890533513,15.270224389482424,0.11855081817132646
2020,10,T,2,2,2,2,8.026862272259008,360.05420962111015,18.88670693568889,19.767263034017887,0.1413786852761765
2020,10,T,3,0,1,2,,,,,
2020,10,T,3,0,2,1,7.490472694993586,295.79723485861064,22.810938197959132,10.923938948790404,0.10908811137995031
2020,10,T,3,0,2,2,2.3588986366051827,213.43390732131672,9.287684202450277,8.767642409751769,0.16598702927069656
2020,10,T,3,1,1,1,,,,,
2020,10,T,3,1,1,2,,,,,
2020,10,T,3,1,2,1,7.5207763340406935,158.52007663594753,26.269241549950898,20.70953572726986,0.08103075605390009
2020,10,T,3,1,2,2,3.846472517638384,145.06142285615647,15.892765238653322,16.66601620739383,0.13919166117926066
2020,10,T,3,2,1,1,7.541118771994874,146.4837333403724,20.280985597975754,27.66486820895954,0.01961458980792965
2020,10,T,3,2,1,2,9.280667847735955,399.0531868936772,15.694632939097367,18.396579505126763,0.09446890424896434
2020,10,T,3,2,2,1,7.844353285681888,400.4696805487285,20.04792984948983,19.1927745877303,0.09962423732086838
2020,10,T,3,2,2,2,6.664941442576299,208.27212287062378,19.33160206462577,22.69976571162019,0.08957993602590812
2020,11,B,0,0,1,1,4.349159321064248,49.76045086210525,8.26106285625524,10.41224286851781,0.10889184138400816
2020,11,B,0,0,1,2,,,,,
2020,11,B,0,0,2,1,8.694046974076942,341.9521283609628,19.883767771523342,15.974679340783261,0.12245353004578362
2020,11,B,0,0,2,2,9.750695547133144,284.4328680667954,25.55865510270535,22.25880745296444,0.16034010145280947
2020,11,B,0,1,1,1,24.329423020285542,66.17105258343706,59.42864800346715,25.312584288847315,0.0941724811184243
2020,11,B,0,1,1,2,,,,,
2020,11,B,0,1,2,1,7.560564661452206,377.81364622726517,15.534653064603864,17.459417572278817,0.136337319255813
2020,11,B,0,1,2,2,9.721262890447171,369.5276198887853,29.148604130205367,22.300091553473973,0.14192008154602975
2020,11,B,0,2,2,1,8.463866862442453,545.0385250940496,16.110946582773522,13.327773195550888,0.13218206563297463
2020,11,B,0,2,2,2,11.458097772816783,190.92158193252817,17.603269467128573,20.2806571929465,0.13048075024281766
2020,11,B,1,0,1,1,0.13435028842544242,120.78090929447431,3.6425898726043777,1.0712667734976198,0.036748339418265004
2020,11,B,1,0,2,1,6.881728368706474,423.7912312271091,16.43163492790735,15.229806943180877,0.13898463051244658
2020,11,B,1,0,2,2,8.522825786905386,224.90429459114634,25.067223661445453,19.886063400285956,0.1453184241059338
2020,11,B,1,1,1,1,23.905158951573608,23.143604948235552,61.530240067831684,27.444723366159113,0.03313502376640163
2020,11,B,1,1,1,2,,,,,
2020,11,B,1,1,2,1,8.479580630160827,314.47122577150884,18.931060670069208,19.162130735619108,0.10966231895100724
2020,11,B,1,1,2,2,10.33733020469355,489.41640364769427,28.29643188939137,26.05933580059858,0.13912129901258574
2020,11,B,1,2,1,1,,,,,
2020,11,B,1,2,2,1,7.991894874882707,435.5159924378411,15.892156215293756,13.84738445980591,0.1012476755252421
2020,11,B,1,2,2,2,7.3555206552829455,275.9190278428353,22.28101858316865,25.960419657708282,0.16104147225034557
2020,11,B,2,0,1,1,11.867373108653837,318.4808942464208,10.240461826499816,5.042732010031866,0.061214234047319446
2020,11,B,2,0,2,1,3.483955132699995,170.64287965416753,7.171626522182162,14.395013697654825,0.12172039122513531
2020,11,B,2,0,2,2,9.234584735552286,388.10787211804916,18.60942762112028,10.229927002741935,0.1787803576885283
2020,11,B,2,1,1,1,,,,,
2020,11,B,2,1,2,1,6.956769814360689,455.79373129922135,21.713228888358206,5.559953656281678,0.09484192357110156
2020,11,B,2,1,2,2,9.017225030714581,376.74541243270755,21.838367911446174,18.098448795462154,0.18725605546222726
2020,11,B,2,2,1,1,,,,,
2020,11,B,2,2,2,1,4.917808090824791,407.6789793029002,15.945813061849865,18.948937585839623,0.060571496116722925
2020,11,B,2,2,2,2,10.044409429019588,445.7343298403369,23.281013505577885,20.498646337651447,0.1252932292663893
2020,11,B,3,0,1,1,,,,,
2020,11,B,3,0,2,1,0.8711555544218361,227.91465771204795,2.7694544191952337,12.558951824925519,0.0637810316630267
2020,11,B,3,0,2,2,,,,,
2020,11,B,3,1,1,1,,,,,
2020,11,B,3,1,2,1,,,,,
2020,11,B,3,1,2,2,8.326111535404742,224.6019732103884,14.384985194361516,20.012192609556806,0.19240309722039306
2020,11,B,3,2,1,1,,,,,
2020,11,B,3,2,2,1,5.304540938353351,348.8488079956701,13.900786771498463,14.870095596325756,0.08685785138182193
2020,11,B,3,2,2,2,7.954975244641379,210.36787441034951,20.358975700874495,11.407674361884634,0.19186630775099633
2020,11,T,0,0,1,1,8.606917410819433,213.94701854664868,24.844516352840078,17.437898003897896,0.13349089392008476
2020,11,T,0,0,1,2,6.63772721142812,309.6766970002748,18.35128363358341,18.617312591939747,0.10632873212942019
2020,11,T,0,0,2,1,10.38191446835437,471.3241874863333,22.886281378925137,21.13108760700301,0.1584767890351872
2020,11,T,0,0,2,2,7.424535112801647,240.60682701402106,25.743321749720263,18.67635429577137,0.17831625389087075
2020,11,T,0,1,1,1,7.001353583415142,193.6766927639979,25.77989593107128,12.582684338977417,0.14715739972980657
2020,11,T,0,1,1,2,6.158558816801215,275.61755018503436,16.346755261121395,12.43758259482123,0.10972477742059901
2020,11,T,0,1,2,1,11.18823559491276,598.9393991236054,33.224830536990126,23.17303429400405,0.11584596358435578
2020,11,T,0,1,2,2,9.413676216902012,394.71112481720087,24.673078386110923,20.78137752188322,0.14805362426274246
2020,11,T,0,2,1,1,12.990934522453209,187.82681882521473,43.1765419145937,35.10552898484606,0.15120454196220423
2020,11,T,0,2,1,2,8.5353443349795,366.0279875797295,17.888107659174715,25.88814076451481,0.05800216799109022
2020,11,T,0,2,2,1,7.90108759843195,307.44014999438747,15.735087229122541,17.43907800219736,0.1255750173819466
2020,11,T,0,2,2,2,4.785280932191966,392.778487954725,25.998812581148137,23.91344199879362,0.13336166891827148
2020,11,T,1,0,1,1,3.7141092509211138,135.22267765718064,10.143315115604192,11.70910277563939,0.11734003536730328
2020,11,T,1,0,1,2,4.798820896845388,321.1340509602044,14.907476497130562,14.562393063011752,0.09966651616488077
2020,11,T,1,0,2,1,11.341658615080311,438.1051255589526,14.520889596062315,17.475441924965704,0.18651038329176495
2020,11,T,1,0,2,2,6.609411409230822,227.3900080704108,18.894317041782973,18.53087001351406,0.2151122301675269
2020,11,T,1,1,1,1,7.4954036582428305,174.8603922861783,22.391763036664077,8.915699246132926,0.11134375371109145
2020,11,T,1,1,1,2,4.945973129728869,105.96788725835758,21.350715599422422,21.480772632507893,0.05868628093515544
2020,11,T,1,1,2,1,9.89289964353944,154.82373257883575,17.153020882444334,24.353227018783326,0.13074789187046737
2020,11,T,1,1,2,2,8.975316231571446,429.246649073899,25.500087208217952,18.6895765590232,0.15608931937151074
2020,11,T,1,2,1,1,7.864913985543645,362.0101690659296,30.400216851760284,21.652094251002563,0.14056346522250068
2020,11,T,1,2,1,2,5.144674353153948,290.8400406237079,14.188939931580512,14.027790127325115,0.07257677638198048
2020,11,T,1,2,2,1,7.304712412071873,459.6347172818534,26.710927832297592,18.01886115046622,0.14769318220293975
2020,11,T,1,2,2,2,4.523828406841435,327.1329222002468,25.445008366861373,28.86565106795524,0.09171283501927487
2020,11,T,2,0,1,1,1.4132605327162255,148.29002708656208,6.303796600726687,7.185227252031305,0.1606600716834563
2020,11,T,2,0,1,2,9.013600630898477,144.24667448506418,34.988493769952434,8.683129052058364,0.1419962953742104
2020,11,T,2,0,2,1,9.962284577344699,247.7292735561679,9.727537726766556,18.414546810977093,0.23375155389144833
2020,11,T,2,0,2,2,6.445896617228674,249.31513341552298,17.582396609512593,20.173343487729955,0.2395779185150418
2020,11,T,2,1,1,1,9.647289338634618,265.34289794842203,30.943059157440977,23.222414427785786,0.16211323581065185
2020,11,T,2,1,1,2,10.90958121331887,404.1181275320373,27.34134448429628,15.185053464509107,0.1191816374279192
2020,11,T,2,1,2,1,7.3319820194360386,200.1996774056673,18.56552913582948,18.94673002543271,0.13979139541950833
2020,11,T,2,1,2,2,7.014335162920138,296.96821648115815,17.946591289526175,24.041298200383984,0.17071766002509653
2020,11,T,2,2,1,1,5.73709921725008,284.6430456353561,26.626180360554404,12.918285738328718,0.10770510684768593
2020,11,T,2,2,1,2,12.549884713945904,595.8022791441244,40.824205883560474,40.000651643817,0.0776054806913361
2020,11,T,2,2,2,1,9.34418255446195,232.4084704662126,24.21965352416664,18.525188156126106,0.1483556263678597
2020,11,T,2,2,2,2,6.557304790406325,330.7692373083142,17.206453525200722,20.240755366526546,0.15429057832544413
2020,11,T,3,0,1,1,,,,,
2020,11,T,3,0,1,2,,,,,
2020,11,T,3,0,2,1,4.820400908292448,161.19034359001364,18.30158157566239,5.888449673937954,0.18678462398798595
2020,11,T,3,0,2,2,3.6511979312731593,109.2734112215776,3.307995662532425,1.9806871560142976,0.10925825613349927
2020,11,T,3,1,1,1,,,,,
2020,11,T,3,1,1,2,8.64940144364529,57.69814901710452,37.740288256583305,10.293385286930633,0.17882845532334418
2020,11,T,3,1,2,1,3.715861981649296,189.30295000342707,17.02583304281076,8.165738134526887,0.1823737928267108
2020,11,T,3,1,2,2,9.042012110144501,486.68536766580513,31.66775647231739,31.71664064656491,0.1768573436417046
2020,11,T,3,2,1,1,11.96419902598302,354.7103810152729,32.52092122914878,23.95010969673486,0.17927345118561203
2020,11,T,3,2,1,2,4.5297260402810275,20.074761517885833,3.784435492910405,10.18240128869659,0.017536248173426333
2020,11,T,3,2,2,1,6.883872237494164,244.43786613370696,20.415760931337722,21.545495451656603,0.13193500791785973
2020,11,T,3,2,2,2,7.940513110281062,195.05681643725336,21.655603406224422,21.326025692400027,0.22362870161917672
2020,12,B,0,0,1,1,7.574088735066854,392.0512592718797,23.163816062068587,33.493389946628376,0.07711643130142028
2020,12,B,0,0,1,2,5.446447037595547,201.772921622303,20.271034168480405,23.204642561708063,0.04995340362110807
2020,12,B,0,0,2,1,8.05729731749425,410.099102274885,20.785214429604682,19.892568076230898,0.14422824920792504
2020,12,B,0,0,2,2,7.023793361792014,241.01986427278985,18.714004141003798,18.23251592506282,0.19375133588718502
2020,12,B,0,1,1,1,20.13062295359982,202.2749658262239,7.826611407563302,25.814516966404774,0.15038747022275484
2020,12,B,0,1,1,2,,,,,
2020,12,B,0,1,2,1,8.848080452530054,375.8851186348178,20.47648758363547,31.268499331672903,0.16773500298917263
2020,12,B,0,1,2,2,7.997688407353164,504.6787765252269,19.98412675485791,40.09061872225422,0.1923694359891347
2020,12,B,0,2,2,1,5.132910379761821,148.78681492883237,16.415531872792506,14.2228445130595,0.15385082718876317
2020,12,B,0,2,2,2,5.04379267020366,21.87788380991166,4.504418688582357,33.68847624403633,0.0270326922447617
2020,12,B,1,0,1,1,5.6098561775978935,330.39008989374975,18.455405986325523,26.541404582023667,0.0934947671886864
2020,12,B,1,0,1,2,0.19445436482629452,517.6375191676123,8.26459334783025,42.278465990433006,0.06991871852372596
2020,12,B,1,0,2,1,7.159466593259576,330.4660479988828,19.505743214516762,16.49101944438245,0.07121247599028332
2020,12,B,1,0,2,2,7.51906682193524,170.48293265682847,16.708495249379745,18.0079798304401,0.15587376131169273
2020,12,B,1,1,1,1,15.387925721162036,223.31907949538635,24.910386177255457,14.261391515139454,0.13510893012676845
2020,12,B,1,1,1,2,,,,,
2020,12,B,1,1,2,1,8.229373345927785,621.7426961275863,13.547290320388623,23.491467052379132,0.09857127276385205
2020,12,B,1,1,2,2,6.719348829832375,120.72368144074329,19.333388024966894,22.478185534558055,0.211849850235248
2020,12,B,1,2,1,1,7.715242089526406,12.650140315427567,9.572953025059716,14.813356735772281,0.08819035774958617
2020,12,B,1,2,2,1,7.534663871362268,512.6971138145451,19.90698538836931,23.350265705623645,0.09742592878317703
2020,12,B,1,2,2,2,9.699116553742249,448.10840123820077,23.907528516394912,30.770611544544185,0.1544718280347917
2020,12,B,2,0,1,1,7.843228416921175,95.94024807139074,26.428540210915926,21.457155275105784,0.04702967201671709
2020,12,B,2,0,1,2,6.829237292699657,95.92610593576701,27.106917243582863,26.17787085698529,0.01194303353424076
2020,12,B,2,0,2,1,,,,,
2020,12,B,2,0,2,2,10.22746343593236,224.3313429579854,18.100147721474542,21.653893071474084,0.1076895960620153
2020,12,B,2,1,1,1,0.8890236217334156,26.474077887624297,5.9711709980985574,35.02805258372638,0.04305247999051081
2020,12,B,2,1,1,2,,,,,
2020,12,B,2,1,2,1,5.889470477046305,457.46180641666695,16.843158701472834,18.099466957422255,0.15575579244445456
2020,12,B,2,1,2,2,4.9946195350596945,190.05559428756638,7.372961477113521,16.150732831509675,0.2716216212307114
2020,12,B,2,2,1,1,,,,,
2020,12,B,2,2,2,1,8.510960169099608,478.66163772021673,25.525734517710422,9.89994441141801,0.13944322548382673
2020,12,B,2,2,2,2,1.2448234145184216,307.4331450901154,13.572070914934093,6.556112910355751,0.10153166944357812
2020,12,B,3,0,2,2,,,,,
2020,12,B,3,1,1,1,,,,,
2020,12,B,3,1,1,2,,,,,
2020,12,B,3,1,2,1,,,,,
2020,12,B,3,1,2,2,0.4695189027078887,21.41119333432864,8.220540595362326,24.919008654438883,0.4488077450869137
2020,12,B,3,2,1,1,8.862169288611002,394.78478700426155,4.503170645113563,47.28111918810721,0.029889403640755464
2020,12,B,3,2,2,1,1.712413379804472,67.24527213864198,4.401465228288566,8.725234310273086,0.11421853392364412
2020,12,B,3,2,2,2,0.30325764623500556,192.68744881283786,10.300476864932032,6.234532653535471,0.12851834238738066
2020,12,T,0,0,2,1,8.825187147617669,450.190147155304,15.535966219900073,28.80786900086054,0.16005918413125164
2020,12,T,0,0,2,2,9.81471219844614,375.1569688220194,19.283898513467108,24.86835697946727,0.17916954819663738
2020,12,T,0,1,2,1,14.009409770166782,277.10295551774016,24.82030963515002,30.86546095702518,0.21230275916980235
2020,12,T,0,1,2,2,8.561851184621373,408.90064265266227,13.222321657575588,23.68083402219066,0.13689053225498332
2020,12,T,0,2,2,1,9.427886631336492,406.4205981902654,19.782387520300308,28.000903149779532,0.20675713361332915
2020,12,T,0,2,2,2,10.070087574925386,261.5554675143816,18.0612357091553,21.350665652689848,0.1049627142846449
2020,12,T,1,0,2,1,5.585215375051737,612.7097169790112,20.075822295706136,11.37783866691109,0.20253229814737486
2020,12,T,1,0,2,2,7.514713866531005,521.6547485667605,18.723761409085515,18.647891021191956,0.19839223744474815
2020,12,T,1,1,2,1,10.634352230442204,469.3199786491917,26.404613315301553,30.965518129866823,0.1799035171819729
2020,12,T,1,1,2,2,8.271999583552578,410.76260132981355,15.808549049688297,27.922408374495593,0.17606169635536686
2020,12,T,1,2,2,1,10.874494237281409,545.70597214373,11.916331339664346,5.092910642173752,0.1188847302712449
2020,12,T,1,2,2,2,8.24120472882168,411.3253232227073,17.708735150724618,24.744516320658835,0.12158657541874775
2020,12,T,2,0,2,1,5.870400497410712,446.0924550471574,4.529938172315379,5.015255254728516,0.22274570714157435
2020,12,T,2,0,2,2,8.64839292874695,625.5351938382445,21.21569788564335,8.914855076052717,0.16722877284327198
2020,12,T,2,1,2,1,7.585399837846383,193.17869420996374,10.095481064515946,22.79170817652511,0.17401755950669653
2020,12,T,2,1,2,2,9.074720530132037,189.3232544353704,20.738223378446303,29.262431527020958,0.1447171089747166
2020,12,T,2,2,2,1,7.288947693336161,535.0473278014535,18.441414139816626,19.11690043051498,0.21113771393954953
2020,12,T,2,2,2,2,11.847664626883686,196.34858605155395,13.399229547217237,35.708281083002205,0.13787801263959548
2020,12,T,3,0,2,1,,,,,
2020,12,T,3,0,2,2,4.867015974906994,97.446385515318,8.186599469865374,4.676238565342875,0.2571110967072405
2020,12,T,3,1,2,1,,,,,
2020,12,T,3,1,2,2,9.028001927336962,652.0893665969414,16.71973607579139,20.593830601167188,0.17186182260758207
2020,12,T,3,2,2,1,4.485885419847453,187.47522089598934,27.230399300781468,12.363217596825272,0.14718427650397983
2020,12,T,3,2,2,2,10.959687883329524,791.3723412856934,10.377301076901935,28.414500228976053,0.09787435593657816
2020,13,B,0,0,2,1,8.945723983185108,503.74062618243,18.069067611615235,6.791255935576276,0.1390901978333965
2020,13,B,0,0,2,2,7.718779199674869,549.6009610617508,20.44632194772448,21.56984825887053,0.1313325355728731
2020,13,B,0,1,2,1,7.4224998821152,662.8418966842697,25.73394921975638,23.78544577351873,0.008266078272070647
2020,13,B,0,1,2,2,8.993691149911694,813.2272455866811,20.634061768601207,33.79977485139509,0.08531243315015691
2020,13,B,0,2,2,1,,,,,
2020,13,B,1,0,2,1,0.3959797974644682,52.84916082588265,5.897482687130158,5.615134949402376,0.04492956487659326
2020,13,B,1,0,2,2,,,,,
2020,13,B,1,1,2,1,0.527501658765161,31.50160710186058,10.129863254854431,1.3645039556556824,0.0006010407640086562
2020,13,B,1,1,2,2,7.066825171178346,830.3625642151749,39.31808566924959,28.028227881994255,0.059128269042819204
2020,13,B,1,2,2,1,,,,,
2020,13,B,2,0,2,1,,,,,
2020,13,B,2,1,2,1,18.62165708254772,241.78809275892795,44.06576323269574,32.200864997776065,0.2960161118081245
2020,13,B,3,1,2,1,,,,,
2020,13,B,3,2,2,1,,,,,
2020,13,T,0,0,2,1,0.924895669791999,57.23322286923895,2.9886575213630637,10.534618247473418,0.04348706704297252
2020,13,T,0,0,2,2,15.76799472560372,158.6326032850751,35.973823505154414,38.035243230281395,0.10986032658941682
2020,13,T,0,1,2,2,8.857705515538427,359.31640972825045,18.285662732953746,5.084824840968794,0.05217317414150681
2020,13,T,1,0,2,1,1.7076628765655166,113.78055216072741,2.5057035898126485,7.574386418714059,0.010344972208759292
2020,13,T,1,0,2,2,,,,,
2020,13,T,1,1,2,2,1.2331942263893287,31.070271965336776,0.9139355146836079,0.11264211024301828,0.008068088373338451
2020,13,T,1,2,2,2,21.138957223571825,83.78508250279386,55.157086648997335,40.36363496911545,0.16676406327503565
2020,13,T,2,0,2,1,,,,,
2020,13,T,2,1,2,1,,,,,
2021,1,B,0,0,1,1,8.987444075985712,201.78593082912616,22.461610632863056,17.290726456400268,0.14863246854927867
2021,1,B,0,0,1,2,8.959607752229902,261.70187339287526,21.14489048822175,17.235421933899154,0.1550050036826881
2021,1,B,0,0,2,1,8.842865283943908,276.5053344640971,22.188650521120575,19.770715967283852,0.14522206404437263
2021,1,B,0,0,2,2,9.700804272007003,220.87333725227924,24.344876101815387,22.758569470392406,0.14673555109276976
2021,1,B,0,1,1,1,11.220458119383897,271.6374746810327,29.173509197096596,20.212334584746728,0.16983982436747996
2021,1,B,0,1,1,2,9.837001623053528,357.76325104091046,25.3744547792688,20.525467718839845,0.1684634724583385
2021,1,B,0,1,2,1,10.473541960403772,352.8313872598095,26.838328343246303,24.480208353059204,0.14976027456478674
2021,1,B,0,1,2,2,10.203429507792471,277.41510037048215,25.370163918022325,23.726129580622498,0.14189458908762884
2021,1,B,0,2,1,1,9.551128027356663,340.3884005727668,25.016935859079787,19.454886785189263,0.15927069768092597
2021,1,B,0,2,1,2,9.579317699325694,368.09324817631506,26.588000943106366,18.92836932495495,0.15912859073730393
2021,1,B,0,2,2,1,9.490950501682445,439.3712626859888,24.952648561377245,23.49528104213394,0.1511197099308948
2021,1,B,0,2,2,2,9.40252170599135,324.74991815878934,26.2854917972974,24.629536313288977,0.14047208581111825
2021,1,B,1,0,1,1,8.34727620105852,193.4535432538756,20.823718346894314,16.595545915476627,0.15106884320369926
2021,1,B,1,0,1,2,7.981860814898852,302.2312830625027,17.865685312170204,15.774220374379947,0.14687231367234851
2021,1,B,1,0,2,1,7.968112142057153,264.09025090496704,19.896433840108845,18.45494066096099,0.14287282832582734
2021,1,B,1,0,2,2,8.17552616650851,244.7020679488012,21.63705850095763,21.130662237583124,0.1483500206005881
2021,1,B,1,1,1,1,9.814871853102472,250.14974965784475,24.130938486280687,19.541827006787422,0.16705497075006015
2021,1,B,1,1,1,2,9.30017481051342,327.25777862636227,23.860893373207514,18.29701747863421,0.16533566239815692
2021,1,B,1,1,2,1,9.342880373130036,332.85059924459404,23.76687961720702,22.425478344079526,0.14848112002886324
2021,1,B,1,1,2,2,9.04319764367345,271.5997906979296,23.53353502839734,23.3610321744127,0.14291372719807763
2021,1,B,1,2,1,1,9.365155438552181,292.14145282898437,27.93459319242082,19.454399254099073,0.17604307588190474
2021,1,B,1,2,1,2,8.901777951513107,425.53913683671885,24.880127556580508,20.285944269813616,0.15515768194442955
2021,1,B,1,2,2,1,9.56696992795081,433.3994960576529,25.638722913435288,23.97390836982545,0.14686640300256637
2021,1,B,1,2,2,2,9.579650600128327,377.58022087958284,26.502167270417083,24.643771507973575,0.1543948754349874
2021,1,B,2,0,1,1,5.454639578634939,195.98461403050328,16.156651549232166,13.213993827720474,0.14188625187411447
2021,1,B,2,0,1,2,7.888171859211383,271.7380903829456,16.859219086307103,16.07047690851946,0.1594911143969009
2021,1,B,2,0,2,1,6.88550125951766,227.81316001429707,17.386598134781643,16.11434144108351,0.14431767523771044
2021,1,B,2,0,2,2,7.6423880072920625,187.83597965793606,18.267612468498083,19.26609483620052,0.14100547478938108
2021,1,B,2,1,1,1,8.458852236707505,192.0377972931083,21.71341382687888,17.641584704746617,0.15317201932664604
2021,1,B,2,1,1,2,8.124221787469866,293.18197630651434,16.71018377522293,16.367822311678268,0.1630982997790377
2021,1,B,2,1,2,1,8.157505881825632,296.6579794583696,20.112007709862322,19.26289722375201,0.135244929684765
2021,1,B,2,1,2,2,8.078020263408938,205.2691550484205,20.570900151024755,21.241532878970133,0.1387322236061674
2021,1,B,2,2,1,1,9.995986959773935,305.95544908496623,24.709004049423275,19.850031189333727,0.15627795560635047
2021,1,B,2,2,1,2,8.584501046552191,355.44191627388733,23.69839293044079,19.826879079702646,0.1658288151358412
2021,1,B,2,2,2,1,9.27934912363722,395.8242162693216,24.79015725669605,22.781868741482995,0.1361944460328789
2021,1,B,2,2,2,2,9.38437204425773,349.0387466942854,24.988110586028718,24.69372759396509,0.14848682432954427
2021,1,B,3,0,1,1,5.8504135014390695,183.4854043225866,11.06761015798827,10.042417656321852,0.1430832522925117
2021,1,B,3,0,1,2,4.24864614118816,183.64970287987916,8.666477172372247,10.187937991618268,0.1490000283919799
2021,1,B,3,0,2,1,5.1430910358743755,188.11238278014966,15.945877253526211,13.916142634477707,0.14444143984764082
2021,1,B,3,0,2,2,3.5607997101891256,148.487739186691,11.25086816751948,13.457268322228256,0.1485627409116765
2021,1,B,3,1,1,1,6.092084694389713,185.45792691342797,13.212590804844268,11.127497604408061,0.15089562262727454
2021,1,B,3,1,1,2,6.304567087313093,198.03071494049382,10.704770588468909,11.514583656767066,0.18028023869803267
2021,1,B,3,1,2,1,7.089203566775332,225.92454587039,17.65819155393486,17.498817084945376,0.14228331965041952
2021,1,B,3,1,2,2,7.35627845874882,211.6677679759662,17.127514257747162,18.068034536689755,0.13831598709996892
2021,1,B,3,2,1,1,8.67482883786161,228.93870120091023,19.370608968947856,17.463331268398672,0.15616969160219685
2021,1,B,3,2,1,2,7.840465179879517,317.53565519934955,19.29803413784419,17.697411033141808,0.16942493182653695
2021,1,B,3,2,2,1,8.78289864317456,287.5193882577826,20.215974822253852,21.75151262722663,0.14328018923307173
2021,1,B,3,2,2,2,8.041933211148335,287.2295707144664,21.044999079965795,21.322812858311494,0.14135592382209772
2021,1,T,0,0,1,1,9.094243577257274,182.02523221479743,21.388438129728062,16.226276142379092,0.14700831583013155
2021,1,T,0,0,1,2,9.411535596064283,253.08552573753082,22.345144001813896,17.14542888426162,0.15075109997031616
2021,1,T,0,0,2,1,8.970083563490759,278.38590048444877,22.381386746677112,19.804593832765228,0.14524679089303624
2021,1,T,0,0,2,2,9.541640164689396,236.01850599504687,23.501174996967478,22.811146004796964,0.14970993346554756
2021,1,T,0,1,1,1,11.832104085185735,250.43082993487536,27.72259252078333,20.097020480363533,0.16524821032870024
2021,1,T,0,1,1,2,9.973848177472698,314.1661557815657,26.240714021396233,20.717424713205855,0.14762386456186122
2021,1,T,0,1,2,1,10.606721261822834,368.09879416247594,26.51733160431837,23.704687176021007,0.14411861310930627
2021,1,T,0,1,2,2,10.135132856812705,299.7134509994817,26.481096749559743,25.082195178707284,0.1504641246330047
2021,1,T,0,2,1,1,10.78215179883631,325.15277109526977,30.096600954355814,21.645249214567436,0.15885241789495266
2021,1,T,0,2,1,2,10.109765629412022,387.3978185371109,28.041229115738005,20.00445518541614,0.15125866594215784
2021,1,T,0,2,2,1,9.995771139179322,430.5023847631026,26.875162806638084,24.665932509477162,0.14156380080138828
2021,1,T,0,2,2,2,9.684101780581308,366.93048485257225,26.2584716539956,23.66331929155476,0.14788218722381907
2021,1,T,1,0,1,1,7.703075447139889,199.73201877029467,18.801357482713293,14.98208608346567,0.14192917084475803
2021,1,T,1,0,1,2,7.788309997237337,278.1521948814121,18.70206552678562,16.490634315619378,0.14253987123555903
2021,1,T,1,0,2,1,7.936469884898201,291.1943864456126,20.067856143613685,19.18123428109778,0.13924303342946856
2021,1,T,1,0,2,2,8.171194657299742,260.8349889473747,20.565412211541833,21.2629369456166,0.14374386232119815
2021,1,T,1,1,1,1,10.819853154729513,227.0640659895716,24.37981703860074,18.447277791560534,0.14126479100120548
2021,1,T,1,1,1,2,9.141495927451407,319.8825454947222,21.713164999563503,19.677416428262735,0.16367589358971357
2021,1,T,1,1,2,1,9.145826502099002,366.73036392756075,23.266479065437174,22.46339669705052,0.14568605081721925
2021,1,T,1,1,2,2,9.464079623244004,301.2426948166943,23.976750056227818,23.908589888591173,0.1485690150551497
2021,1,T,1,2,1,1,9.852644779369617,378.33147208976146,29.256403295677234,21.95348589459558,0.14550318922448172
2021,1,T,1,2,1,2,9.718466740625491,406.6091835182437,24.43591215767188,19.391496578163522,0.16191952451791622
2021,1,T,1,2,2,1,9.973186549512409,444.1078862194964,26.48476437894419,24.046584787888698,0.1471584602165061
2021,1,T,1,2,2,2,9.711389130798528,383.84545272137944,25.83731586526748,25.501125357635992,0.14193916961617395
2021,1,T,2,0,1,1,8.227826139585725,152.50217560618432,18.29827623210039,13.09094607209487,0.13811777261789945
2021,1,T,2,0,1,2,7.499988169173062,239.23791937099656,17.766610174829275,15.818210246599781,0.12043838051004832
2021,1,T,2,0,2,1,6.94658153319522,251.93088465142645,16.982515902849784,16.647938272599237,0.14166947347308487
2021,1,T,2,0,2,2,6.7661205378184475,237.89462388898966,17.57687630348114,18.862045959646604,0.12936248144716095
2021,1,T,2,1,1,1,7.785744389498259,206.54235173891408,20.068792448146162,16.003524536947456,0.14413518153039534
2021,1,T,2,1,1,2,7.703947750894187,308.5684740696419,18.639416646930684,17.80542017034613,0.15821237855260484
2021,1,T,2,1,2,1,8.14747038892929,304.90049884870064,19.26862358166144,18.706035088032166,0.13499275614249814
2021,1,T,2,1,2,2,8.383264391113205,274.40746983179275,22.01043021484217,21.930218732310937,0.14753908105948507
2021,1,T,2,2,1,1,8.623776180138481,303.2221032093986,24.75663055821462,19.133711034243124,0.16204177087887806
2021,1,T,2,2,1,2,8.343170969072691,300.2662574555219,19.649750764895924,17.346262827550422,0.15712537034386745
2021,1,T,2,2,2,1,9.225534937034876,400.56797149704073,23.806854898374542,22.904822283601977,0.14084381633747292
2021,1,T,2,2,2,2,9.385433900482175,313.1400792162255,25.489292878584454,24.7290746639821,0.13879572424770623
2021,1,T,3,0,1,1,5.372598885369402,152.6327235730734,10.094035018253589,7.2234600855715625,0.13270148484774605
2021,1,T,3,0,1,2,5.254503203574651,156.5123162293467,11.102638283804648,7.761302981292418,0.08640847933130422
2021,1,T,3,0,2,1,4.92935571877778,197.09062878497383,13.98938548505095,13.921299507513336,0.13602093465816537
2021,1,T,3,0,2,2,5.338081364055384,155.0275313654415,13.605674317807129,15.200207248122172,0.1558963165264049
2021,1,T,3,1,1,1,7.004147347748003,202.8527499312203,17.5386851744707,13.651705433968779,0.12435060140815027
2021,1,T,3,1,1,2,6.88803737525126,214.26585075776714,16.46323761956913,14.752628214922384,0.12139532976307552
2021,1,T,3,1,2,1,6.302715023281342,191.48469700400733,15.755744241629376,15.566483740089348,0.14423572311478433
2021,1,T,3,1,2,2,7.458291355912019,288.0235305530602,17.916864214788717,18.32240372543607,0.12910116148810982
2021,1,T,3,2,1,1,8.4356592300714,275.0115766079201,20.203385892470465,17.444241716279294,0.14488531568599164
2021,1,T,3,2,1,2,7.763702391178984,298.1285257227364,18.779482627852687,16.08901031427544,0.13683746886270043
2021,1,T,3,2,2,1,7.926256499134649,345.1421538772072,21.817926024041277,19.722912999604276,0.13739559649258967
2021,1,T,3,2,2,2,8.605125866057582,311.8853356301684,22.181559904934115,23.297449281968444,0.14680317780836588
2021,2,B,0,0,1,1,9.507834675161204,206.1203886929197,24.77187646553378,17.654246982265146,0.1577172569882263
2021,2,B,0,0,1,2,9.214195540069845,297.20629854075236,21.85836770675845,18.123402973905424,0.14887663462078157
2021,2,B,0,0,2,1,9.301986639362175,298.73700458122966,22.4655856695195,21.19337611626713,0.150301771098734
2021,2,B,0,0,2,2,9.81407206376368,235.2489738203287,24.100480807980148,22.879923956346726,0.14907540751095155
2021,2,B,0,1,1,1,11.087297442262052,293.96721971554234,30.17901778721726,20.50842567432082,0.1571085369068743
2021,2,B,0,1,1,2,10.128183919540247,362.1028415327237,26.55518745048125,22.21793345343767,0.16179466145513619
2021,2,B,0,1,2,1,10.229007431734798,359.3461912861096,26.52876250978565,24.677448765278385,0.14522916801968266
2021,2,B,0,1,2,2,10.857881024148117,305.5088045297264,27.1292434658654,25.488695494792026,0.1540275758364442
2021,2,B,0,2,1,1,8.14735169965568,281.35434122892974,25.427634416496804,20.03113390632266,0.1787507660676982
2021,2,B,0,2,1,2,9.608640503325521,423.7151857834719,25.52545616570554,19.710364283663466,0.15379948918874975
2021,2,B,0,2,2,1,9.779432227965202,452.6383592451872,25.680668767929806,21.787260994661498,0.14841248342751825
2021,2,B,0,2,2,2,10.014795740410612,334.861738306722,27.309383826226906,25.736818579785606,0.14819480645994773
2021,2,B,1,0,1,1,8.109165798667497,181.37119870953285,21.249032509547085,17.492366893054108,0.15002562679450734
2021,2,B,1,0,1,2,8.05579849110121,302.67367083687435,18.81788149251975,16.949211667476213,0.1448936811103097
2021,2,B,1,0,2,1,7.978097854629684,289.23098026002594,19.382343505886457,18.91108791803928,0.15097876335301405
2021,2,B,1,0,2,2,8.2910625198057,241.5976969468755,21.25081441951773,21.87278588781417,0.14065084318433094
2021,2,B,1,1,1,1,9.506442752272063,218.51909639244573,24.85125530959408,18.603349694202375,0.15628957966287665
2021,2,B,1,1,1,2,9.48205867462837,315.40107050740795,24.67542154883501,20.05307072690566,0.16371099859045365
2021,2,B,1,1,2,1,9.290396209878182,347.08460239576067,23.440861203757304,22.96541675034939,0.15498088924071016
2021,2,B,1,1,2,2,9.802462193056813,291.03748979674145,24.326436527884677,24.29958729334213,0.154516201289233
2021,2,B,1,2,1,1,8.620581641210228,285.3253748436641,26.151181706939894,20.19151868292993,0.14445763122689306
2021,2,B,1,2,1,2,9.160004431607598,343.87612563176015,25.031451302459697,20.34281693647451,0.14898221088765223
2021,2,B,1,2,2,1,10.133919802443666,391.2859549326214,25.84480300457378,24.548627221896083,0.15300262679362428
2021,2,B,1,2,2,2,9.845024871339545,358.1861311119748,25.874265321562103,25.486320983961324,0.15671519477900678
2021,2,B,2,0,1,1,6.679562509213658,205.5811217146794,20.380160039900893,15.689486354040703,0.15275628885340528
2021,2,B,2,0,1,2,6.838242461631578,201.10612176159879,16.08489552986862,15.111056655794592,0.13217274060320622
2021,2,B,2,0,2,1,8.216537773207119,274.1621752852262,19.951750779033475,18.819917723296502,0.15392096251689708
2021,2,B,2,0,2,2,7.956899856049851,210.14942901352987,17.68949216296161,18.929708137274197,0.13834320117636184
2021,2,B,2,1,1,1,8.006937409216304,170.5627437726262,20.48734697706808,16.90845863525075,0.15653183068567675
2021,2,B,2,1,1,2,7.980405477640054,292.26856563833525,17.654084349186693,15.688905885349152,0.14634567447022656
2021,2,B,2,1,2,1,8.161713467285908,305.72115604016835,19.327776067819585,20.167526339364663,0.14363688818051268
2021,2,B,2,1,2,2,8.562036866977676,258.85090906411403,20.102781370655947,20.863409174234498,0.14477486551724897
2021,2,B,2,2,1,1,9.238777399806667,250.57142337789273,24.213930616459066,19.18359353128159,0.1633342088793632
2021,2,B,2,2,1,2,8.869773250196006,343.5384368572127,23.64830660156051,21.127002586057184,0.16656740792144728
2021,2,B,2,2,2,1,8.724115380497743,380.6062557282977,22.74203665033769,22.970206446186967,0.16086599825558287
2021,2,B,2,2,2,2,9.472950285510317,344.83752806851453,24.413987633994083,24.597035734347443,0.15014095171536054
2021,2,B,3,0,1,1,5.008606606071925,133.6168500075078,7.617006923370358,13.110249787433299,0.1485165758212729
2021,2,B,3,0,1,2,4.9434393485565495,139.18566606178774,11.556963757595375,9.357323462017941,0.12125871475898134
2021,2,B,3,0,2,1,5.535687499853507,191.54924805072557,12.643228365445054,14.072259826083151,0.1482063185743466
2021,2,B,3,0,2,2,5.703956735931486,151.54769555511967,13.775741592750835,13.668003885366863,0.13862562813783988
2021,2,B,3,1,1,1,5.60687702777805,189.58828269252172,19.0495162401661,16.919811160627958,0.1703760490984076
2021,2,B,3,1,1,2,6.5968207918769854,235.1044704163352,16.26098549037905,14.414210946698722,0.1351885564404381
2021,2,B,3,1,2,1,7.095830567803319,240.2242279883058,16.047015509754136,17.38702013072016,0.13659276289129654
2021,2,B,3,1,2,2,6.747520902118569,209.6615294041847,18.11175343731709,17.03387038001109,0.1399397780523768
2021,2,B,3,2,1,1,7.835351556945322,272.6592487196319,20.902106641877303,20.622400211851474,0.16361758149774452
2021,2,B,3,2,1,2,8.167817189817022,272.4997021173544,18.566818065352113,17.595916476018672,0.13678694412576714
2021,2,B,3,2,2,1,8.063978936668756,301.7995025208053,20.013652275609488,20.824725540187096,0.14510758854985922
2021,2,B,3,2,2,2,8.809377932615039,266.15789783078236,19.771614561137557,22.76691906011101,0.14390055347791378
2021,2,T,0,0,1,1,9.755241937878793,201.0146914287864,24.895343061749482,17.752570406997382,0.14131034986617685
2021,2,T,0,0,1,2,9.141878468585595,283.7393911748161,21.19137593555316,17.128355747675823,0.14929794418143777
2021,2,T,0,0,2,1,9.406754513153595,318.29964638031976,23.16826970931855,21.029154274982464,0.1493105414290894
2021,2,T,0,0,2,2,9.65395572192183,244.29222956702407,22.849224432037364,22.54504064667727,0.1486181607175974
2021,2,T,0,1,1,1,11.253301776707206,249.23372663296732,30.51282361987366,20.122133679275976,0.14639434619417194
2021,2,T,0,1,1,2,10.365265693994454,372.31106951803173,27.071054978754386,20.276729267204065,0.16888166605042784
2021,2,T,0,1,2,1,9.851757732587801,390.1025480982214,24.551851413239884,23.883269262993018,0.14896713283802895
2021,2,T,0,1,2,2,10.67615315468555,306.2658140205825,27.450164189806223,24.808550446327754,0.15519776521224976
2021,2,T,0,2,1,1,9.41945532615718,394.8353295045085,24.492056345428242,18.76810916644133,0.14213442464082204
2021,2,T,0,2,1,2,8.137185378793749,386.78988909703355,24.035296082062473,18.032676676426416,0.15892229174925104
2021,2,T,0,2,2,1,9.452703448401895,440.64480834215954,24.804546779676524,25.03317198040084,0.14908923204874394
2021,2,T,0,2,2,2,10.071264131867078,350.1016596122888,25.83016751607011,25.122741466050005,0.14513427302031173
2021,2,T,1,0,1,1,7.979395008071444,202.16056565592166,20.25370395824475,15.352263282416361,0.1484527716687272
2021,2,T,1,0,1,2,7.742436828275729,264.5066685663201,16.518922538843142,15.744196804956117,0.14466107858535374
2021,2,T,1,0,2,1,7.927890581776479,322.5573622199626,21.294754249400075,19.03200157008281,0.1469446408863038
2021,2,T,1,0,2,2,8.524983881082958,270.10611311004226,19.21295131216075,20.26678915242703,0.1373208119116477
2021,2,T,1,1,1,1,9.740246595584138,251.02702088273645,25.88397253729931,18.38969236767031,0.13409489222360088
2021,2,T,1,1,1,2,8.400805190974406,347.12675322672175,21.857168222282766,18.598487978116925,0.14997592889601308
2021,2,T,1,1,2,1,8.753123981486112,382.218695876973,24.14084463973243,22.262482588190117,0.14626582335195706
2021,2,T,1,1,2,2,9.075102019732004,299.3465352693249,22.71797774223702,23.090893273446248,0.14571529716431514
2021,2,T,1,2,1,1,8.734758119398954,310.79427587282885,24.580644656584408,18.780894613404097,0.14215517409886616
2021,2,T,1,2,1,2,9.222863106135087,402.31185999256326,30.038616142710165,21.887318688078956,0.15584436709131158
2021,2,T,1,2,2,1,9.534185501018273,429.2328575003651,26.613673307024158,25.426824607050396,0.14371578514210015
2021,2,T,1,2,2,2,9.563208202458508,369.6258358013136,25.564634771424934,25.262825661809206,0.1476823426901911
2021,2,T,2,0,1,1,6.805099597335882,206.35147734724336,14.72438548771608,11.81475982934028,0.1315667935244493
2021,2,T,2,0,1,2,7.249652836429252,221.85265835628857,17.292032618171714,14.593441719103868,0.13697030960977752
2021,2,T,2,0,2,1,6.549640665964271,240.73133516459498,15.033924436534946,16.824411503772083,0.14575206182013659
2021,2,T,2,0,2,2,7.667301775592206,269.2840862119701,17.629336763627908,18.151238935664875,0.13544313039029723
2021,2,T,2,1,1,1,7.579015455188963,189.39071961751068,21.64070098264048,16.55135656636178,0.13471202549609448
2021,2,T,2,1,1,2,7.633948126490406,273.7248285084057,21.65211857942117,17.57527765041647,0.1493817035501028
2021,2,T,2,1,2,1,8.328760864251208,309.08128012228616,19.060473211365842,19.98051672427085,0.14194495516737718
2021,2,T,2,1,2,2,8.743352594575429,291.3685719406883,19.819283075542625,21.19625693670118,0.1374466895092707
2021,2,T,2,2,1,1,8.81925411058921,285.6328128512572,24.107704670765667,18.360434826648063,0.13360302616953956
2021,2,T,2,2,1,2,8.103327821266372,411.8476999661197,23.55462520651915,19.644061183072488,0.14646061427905313
2021,2,T,2,2,2,1,9.426343563972313,384.62787087821613,25.729412283016174,23.554777219653147,0.1472995237154521
2021,2,T,2,2,2,2,9.248973189443253,335.51756311766997,24.834803331501288,23.774123029202375,0.14234267559257668
2021,2,T,3,0,1,1,4.438161992046597,134.5116312759956,9.983730692349075,9.676479998557676,0.1522089900626187
2021,2,T,3,0,1,2,5.377887823679036,146.80739631934156,11.014902779438737,8.726161794217193,0.14240101715281825
2021,2,T,3,0,2,1,4.631182432636556,146.58581505987493,14.864828613920793,12.294350581472253,0.1533211226449015
2021,2,T,3,0,2,2,6.652564657208401,185.38178552248704,18.1973824807367,14.985260179861191,0.1255954573119723
2021,2,T,3,1,1,1,6.00113391352518,161.23230843224954,17.165130435482844,14.665608341233078,0.14117442909554848
2021,2,T,3,1,1,2,7.3394720902278765,198.4368299596433,14.842836319278891,11.225753689030316,0.15263319579540113
2021,2,T,3,1,2,1,6.992444980666112,225.20414373353628,16.9259040979082,15.68220775372883,0.13786264794509354
2021,2,T,3,1,2,2,7.451192739258616,234.27646600052063,19.511689501818612,18.04830046980125,0.12760532261238824
2021,2,T,3,2,1,1,7.251309370960172,208.8979211202554,19.026959779539634,15.353874916033035,0.10909374704541937
2021,2,T,3,2,1,2,8.081470227057553,354.311197025414,21.56039555707445,18.440045438153277,0.16001845060184444
2021,2,T,3,2,2,1,8.50913146567571,323.3967249813509,23.578401975382818,20.769258970832013,0.14842899623769737
2021,2,T,3,2,2,2,9.088148943224605,322.45222702671896,21.92790458807677,22.309096933385444,0.1431102418224301
2021,3,B,0,0,1,1,9.7691782427234,223.2692716208787,25.313050097520183,18.797625221391257,0.15370060423981285
2021,3,B,0,0,1,2,9.13421253178292,294.3304471477328,22.930690148874458,18.671575500718514,0.15859755184232824
2021,3,B,0,0,2,1,9.763658538382318,310.94813184887647,23.94380539311106,22.238920011271873,0.14939768289163463
2021,3,B,0,0,2,2,9.886640534971548,228.85431686648664,24.177502324346126,22.72719978400335,0.15240838773137028
2021,3,B,0,1,1,1,10.342329168280203,287.03872412289496,28.533477294313464,20.65097684378876,0.16929657638479287
2021,3,B,0,1,1,2,9.14236536631443,369.2331628427998,27.385844753370442,20.45687231822404,0.15718738019687814
2021,3,B,0,1,2,1,10.844860923994784,369.4271878940642,27.93720089753354,24.287100071241863,0.15534124542520308
2021,3,B,0,1,2,2,10.290407104209857,290.83771220164795,25.748670060383326,25.067365654947974,0.15462076621936194
2021,3,B,0,2,1,1,8.2502811207293,275.7535586876309,26.517488726866215,20.153772703919614,0.1633964786977496
2021,3,B,0,2,1,2,8.960810547470036,377.2535675505951,22.66020765068464,18.537170412643924,0.13995297783205082
2021,3,B,0,2,2,1,9.312080897444435,424.16146208663235,24.497404876474675,22.785990857093253,0.14604175428818442
2021,3,B,0,2,2,2,10.063177943398967,366.6609029633146,26.72766421802137,24.855978032575635,0.15222926746729204
2021,3,B,1,0,1,1,7.68472857237424,207.11658356903038,20.51690764069721,17.240932443554886,0.1504450453342488
2021,3,B,1,0,1,2,7.781139747360317,297.95774124808827,16.086279914194055,15.73807225265118,0.15437255788842272
2021,3,B,1,0,2,1,8.017622544085722,318.79646329087603,20.214183895286716,19.73641252003822,0.14620330032523918
2021,3,B,1,0,2,2,8.90630107503324,250.50780390353898,21.530199350148127,21.212903224435046,0.14608476235507467
2021,3,B,1,1,1,1,9.651944929884266,240.81789240261693,25.035110119125157,19.863739742084388,0.16807005871223202
2021,3,B,1,1,1,2,9.053236442962737,334.54046684551076,22.20577565302065,19.664482574848062,0.16264223760130406
2021,3,B,1,1,2,1,9.327190891496603,361.06459700418577,23.372578754821397,22.606710905496747,0.14916164352780156
2021,3,B,1,1,2,2,9.651208491392477,285.07735389284386,24.779205672573102,24.092543538035596,0.14803634669927737
2021,3,B,1,2,1,1,8.737000646600803,281.4944847023065,27.742407785986696,19.262511841179357,0.16659313752273763
2021,3,B,1,2,1,2,8.839273590739698,404.8575706943632,26.09133927561459,21.960818885036478,0.17108446055464108
2021,3,B,1,2,2,1,9.974808770318479,438.8879816018538,25.96806516141385,23.824299257091944,0.15370028203021785
2021,3,B,1,2,2,2,9.486216072983614,336.90990837012123,25.748425408397836,24.793778817525226,0.1597556318600891
2021,3,B,2,0,1,1,8.660598549512487,190.12635564118816,19.406288634510812,16.362709690173293,0.15860475139442112
2021,3,B,2,0,1,2,7.234990873474766,245.24981178111094,16.082950083854417,13.43596921577876,0.14898863355971004
2021,3,B,2,0,2,1,7.092100670355112,274.4312335019525,17.77756686831718,16.50643486072427,0.13698713259440068
2021,3,B,2,0,2,2,7.661959505809332,220.60188379273066,20.314492220392413,19.394898714386795,0.1483130236496815
2021,3,B,2,1,1,1,8.453485614451896,220.91281435355285,20.26630659272796,18.76082300619557,0.16685213760400786
2021,3,B,2,1,1,2,8.833641533376824,263.54043736282773,20.287826607778097,17.043984969895888,0.151459769038057
2021,3,B,2,1,2,1,8.628830288706482,327.7887672539174,20.502731943736247,20.423065423800093,0.1501109357001031
2021,3,B,2,1,2,2,8.860972329332888,267.2235751909495,22.33320111770062,21.663647715764355,0.14434774401154066
2021,3,B,2,2,1,1,9.39033875982771,280.5789438877738,23.98980037708721,20.124277457399877,0.16880028356063037
2021,3,B,2,2,1,2,9.579520417487558,358.3295101404851,24.819447139345897,20.035525282011697,0.14817220688185614
2021,3,B,2,2,2,1,8.685391551382706,400.41100427120153,23.300162325277725,23.919211200647982,0.15308638353495352
2021,3,B,2,2,2,2,9.456341378273262,337.5976427160806,24.433497431351554,24.424804469089366,0.1563419720629049
2021,3,B,3,0,1,1,4.532116885755909,142.75113959830713,9.400115562085066,8.922927033859722,0.14352439775013326
2021,3,B,3,0,1,2,5.019494208166804,214.23198619115539,12.280110169142745,11.199222741949331,0.15817272532594565
2021,3,B,3,0,2,1,5.416291370677841,179.19543372287336,13.965854501635395,13.956753990296908,0.13918393420034206
2021,3,B,3,0,2,2,5.139790915823336,154.44622677041804,13.251821752606292,13.531827140849016,0.15451741688304427
2021,3,B,3,1,1,1,6.863516286477625,241.4805448080015,19.910216291075084,16.317852237961684,0.1697554313552747
2021,3,B,3,1,1,2,6.119386384424961,195.8316620034841,14.064479897666251,14.406779650800297,0.12992387759333887
2021,3,B,3,1,2,1,6.823033457841947,254.82213848264047,16.36398052011213,17.994192415846417,0.14750487384357777
2021,3,B,3,1,2,2,8.005029962252298,203.41058110999788,19.238409682584997,19.76767241792263,0.14502348735207143
2021,3,B,3,2,1,1,9.087481583216471,280.44128753695895,19.024662865083325,18.905036083531847,0.14421182711717412
2021,3,B,3,2,1,2,8.722562142965481,290.8751372377595,20.13793510816191,16.21150819699829,0.158156026264106
2021,3,B,3,2,2,1,8.283656943786678,357.20838585157094,20.997759186000884,20.99944166973245,0.15921224661348451
2021,3,B,3,2,2,2,8.657318293784636,295.40651787063985,20.089186266099976,23.057961113400687,0.1451773050341655
2021,3,T,0,0,1,1,9.733391353764333,231.21473975305432,24.352760044428383,18.17820811358904,0.15035851930143462
2021,3,T,0,0,1,2,9.169022103387926,315.1185330332195,23.389270467217084,18.840145528602548,0.1580689677517206
2021,3,T,0,0,2,1,9.736202908606716,324.51797252353197,24.295858430002763,22.45939237712974,0.14604825478259312
2021,3,T,0,0,2,2,9.397229408779229,236.91298656472492,23.498850253371458,22.692745710524097,0.15052758255848012
2021,3,T,0,1,1,1,10.427161622104645,314.3107970596219,27.28718828614031,20.84333602924365,0.16095875076144758
2021,3,T,0,1,1,2,10.989773386889274,357.7663435707148,26.878557007964446,19.995322597971256,0.15833250452084321
2021,3,T,0,1,2,1,10.166968476115517,382.6846823680525,26.585117502114695,24.603006852055255,0.15374624429334252
2021,3,T,0,1,2,2,10.061906535557565,307.3501639021364,26.48905410720143,24.863498403895505,0.14847417196313414
2021,3,T,0,2,1,1,9.443844028658345,321.3249304861577,27.14176543835798,20.1854364676911,0.16524444739436678
2021,3,T,0,2,1,2,8.375913692850604,422.71410042601065,27.453662474491047,20.933629889375453,0.1646389423994957
2021,3,T,0,2,2,1,9.504488997832269,400.80973013917355,25.21837062520766,23.91154423255582,0.15408623495179616
2021,3,T,0,2,2,2,9.506219346627637,356.15056657591293,26.776131798550058,25.00570693201095,0.15222064815685957
2021,3,T,1,0,1,1,8.421103751690833,217.70621276970576,21.883281108350797,18.01122096045077,0.1423580671825268
2021,3,T,1,0,1,2,7.584031107591685,308.9279092704945,18.921006907411627,16.485507002878386,0.15703470234516376
2021,3,T,1,0,2,1,8.039592852322459,334.5396860231756,21.01820428461559,19.878316287027918,0.13461660848421708
2021,3,T,1,0,2,2,8.530694375023998,242.266738117942,21.612443955862805,21.233735741910397,0.14953223120002127
2021,3,T,1,1,1,1,9.437124303670462,276.1746635770916,24.859114062064418,18.924163567109115,0.15894203936671816
2021,3,T,1,1,1,2,9.512861698522123,340.4024658925258,23.479227610307316,19.444003695917704,0.16857921739834475
2021,3,T,1,1,2,1,9.39415068719615,381.73253929043216,24.055525522386883,22.454658789879122,0.14140686084536566
2021,3,T,1,1,2,2,9.470795026283058,282.31157048110055,24.91942332554925,23.956271249104834,0.15301437015886382
2021,3,T,1,2,1,1,9.26360602478935,335.5303715164811,25.511640554693404,18.044290825110746,0.16471325436289944
2021,3,T,1,2,1,2,8.983140829951562,407.8104024928025,26.01884852803893,19.484959436343424,0.16988429965962884
2021,3,T,1,2,2,1,9.332406610687343,429.36034850019877,25.77030072891134,25.229952511645653,0.14404376547883066
2021,3,T,1,2,2,2,9.78446718807763,361.71302758826056,26.345593098640588,24.765126415622763,0.15375676504883573
2021,3,T,2,0,1,1,7.5613138741335515,224.3749055662155,20.72023595360123,14.886636300340802,0.15622134527402032
2021,3,T,2,0,1,2,7.293212825490944,265.80406484963265,18.116161846686683,14.726099821154309,0.16189283508344585
2021,3,T,2,0,2,1,7.059559712969764,244.9108713330057,16.900337030972402,16.669604934440734,0.12849012007272698
2021,3,T,2,0,2,2,7.34359799154943,242.31898952946906,18.471980639829454,18.981059224468755,0.1442637689698213
2021,3,T,2,1,1,1,7.777810874503336,159.76939040049047,20.61826712964846,15.946235883790544,0.157216793568044
2021,3,T,2,1,1,2,7.655179239628426,282.7340668227444,21.802494815558315,17.501032472568433,0.15524289598861596
2021,3,T,2,1,2,1,8.197927926798632,338.68287543283645,20.829869524178516,20.65122656282198,0.1345354998648444
2021,3,T,2,1,2,2,8.247466284421481,268.7943368495736,20.621122076582026,21.08762753198663,0.13919703320254637
2021,3,T,2,2,1,1,8.086740152512101,350.91325211285357,23.910377020017723,19.517102334095988,0.16826071470429413
2021,3,T,2,2,1,2,8.440955883385056,396.51895864595167,24.599909381363304,20.00186784389701,0.1594671182317138
2021,3,T,2,2,2,1,8.989398024910713,408.86049604176094,22.636685789251604,23.24381334816589,0.13723581293568315
2021,3,T,2,2,2,2,9.50636394643523,309.5823043622048,25.04966224172287,24.641360499270416,0.15658539606022912
2021,3,T,3,0,1,1,5.971812744771945,138.61460958811085,7.9755000445286095,10.454499046378402,0.13333617140413412
2021,3,T,3,0,1,2,5.564073077964672,185.86807090054768,13.30774152432737,11.025509851341116,0.14673201974118674
2021,3,T,3,0,2,1,4.9232321729718915,178.6733261986919,12.871554259802004,10.982080033413267,0.1333042006387932
2021,3,T,3,0,2,2,5.824264176647789,203.83134238223928,16.004170116441014,13.516255136158078,0.1407032219445824
2021,3,T,3,1,1,1,7.817078418375915,181.38693565801225,18.607341303550218,15.67451293847311,0.14796586941839118
2021,3,T,3,1,1,2,6.4195182837273395,225.05879315931097,17.756444065868855,15.208390784071455,0.14358699503558459
2021,3,T,3,1,2,1,7.151583263328071,272.70071814833705,16.267711453054236,16.71513085732293,0.12792398183857173
2021,3,T,3,1,2,2,7.4178245194818,234.34257912408538,18.145826743251863,18.752485265193616,0.15696843568011248
2021,3,T,3,2,1,1,8.577838661941449,267.3217278672486,23.153946218093985,15.656337281494954,0.16163737884588392
2021,3,T,3,2,1,2,7.296870823152867,273.551218982084,20.44248809438398,17.50684995786239,0.14731518938294827
2021,3,T,3,2,2,1,8.910029445933844,352.16152654708355,22.443959407715397,21.001767465504933,0.13279593138453244
2021,3,T,3,2,2,2,8.610256232751944,299.77126356989095,22.094202453722456,23.029294331707895,0.15211919174710933
2021,4,B,0,0,1,1,9.23997514338047,200.03847098005696,23.660418226256915,19.59496705947271,0.14753932795302446
2021,4,B,0,0,1,2,9.244448021595325,308.6409854118935,23.141855637559956,18.505890130646605,0.15910636111206014
2021,4,B,0,0,2,1,9.75370292022418,296.15002898508277,23.582202266780687,22.54185186665173,0.14688662484346307
2021,4,B,0,0,2,2,9.722978136980968,258.50325742221554,24.072772541176462,23.357141296686546,0.14523076992259648
2021,4,B,0,1,1,1,11.047092377353243,255.21095859577497,25.74694507561161,20.33114602961167,0.15042571645665345
2021,4,B,0,1,1,2,9.456131718314175,355.6671540062738,25.324011929747993,20.513947177696593,0.16006990970004972
2021,4,B,0,1,2,1,10.241286514544647,362.7630573781122,26.181961699098768,24.776496463929156,0.15605770517430625
2021,4,B,0,1,2,2,10.23004458258785,310.2943199788448,26.383961612647603,25.172028643434373,0.15279000497752696
2021,4,B,0,2,1,1,8.290846291812056,316.8600623730145,25.139204814159214,19.533348546058257,0.16475852403982477
2021,4,B,0,2,1,2,9.409363541002177,291.81285046941287,24.223677755223896,18.634412733520698,0.1508569526634601
2021,4,B,0,2,2,1,9.700768731713165,407.76591522337077,24.02240534717001,23.876422366810466,0.1483373181366192
2021,4,B,0,2,2,2,9.617059857634986,368.56107207572774,25.452505461742106,24.504022280004204,0.1507617120182811
2021,4,B,1,0,1,1,7.6386219813609015,227.91597161821397,21.04458988041092,18.67329891194797,0.14545616408024456
2021,4,B,1,0,1,2,7.468349933803,311.6873303272146,18.48686857768785,16.89292820242211,0.1434344182756914
2021,4,B,1,0,2,1,8.57652901316827,300.6345106967447,21.03914960859366,21.0349409850436,0.14037347539744527
2021,4,B,1,0,2,2,8.534956698881475,246.17421310752331,22.141629080780092,22.509341883837912,0.1371963572252866
2021,4,B,1,1,1,1,9.852736473465226,243.7839601462618,25.42972399761088,18.965153315211904,0.13792746209130383
2021,4,B,1,1,1,2,8.283192732581094,355.7251674927737,23.8295415103565,20.575130816489665,0.16688009166756365
2021,4,B,1,1,2,1,9.41332140031764,373.28158208897923,24.508346558541152,24.078906177835595,0.14261278272047256
2021,4,B,1,1,2,2,9.724101206039983,295.81183026011917,24.444461706277767,23.123740011937965,0.1503291419846754
2021,4,B,1,2,1,1,9.470631703071989,348.05482318651735,25.980442408267145,19.939558799979096,0.15248465941165293
2021,4,B,1,2,1,2,8.919766830612064,367.21971853442096,25.590097094307545,20.310778557221454,0.16223836764661217
2021,4,B,1,2,2,1,9.83020840101926,449.2698866243982,24.881893752186475,25.290785305192703,0.14196106004602912
2021,4,B,1,2,2,2,10.14465339914605,361.49917149693255,26.32977165081119,25.986325112885016,0.14698507670191083
2021,4,B,2,0,1,1,6.913281856687175,191.5261248424753,17.59962091566884,15.772894356619332,0.12924612881073613
2021,4,B,2,0,1,2,7.001071631355713,230.1362224281193,17.177744489146356,16.94710954430345,0.1458616843856819
2021,4,B,2,0,2,1,6.68801878539864,253.37137983862252,16.664488184304826,17.434497774338425,0.13476153463963192
2021,4,B,2,0,2,2,7.506235777167228,192.026571413212,16.726780998398716,20.161726061733336,0.13555090356345686
2021,4,B,2,1,1,1,8.884366486785838,215.59219389001174,22.555309290994796,18.203381615942096,0.1510766911495335
2021,4,B,2,1,1,2,7.914182162324329,300.79335918629084,15.391832391160024,13.961057459334212,0.1371951037352741
2021,4,B,2,1,2,1,8.5536444356936,308.2659893038211,18.834532482223306,19.920417541973286,0.1346728466920229
2021,4,B,2,1,2,2,8.035833929954563,281.1488299284108,19.657221063259396,22.10658613789461,0.1407679052385429
2021,4,B,2,2,1,1,9.015984181427,295.27257092394933,24.30018371632983,17.368494140041395,0.16020867918203313
2021,4,B,2,2,1,2,7.783999806665858,381.5026438718664,19.293123698636055,18.807158962020868,0.14939666326293116
2021,4,B,2,2,2,1,9.508905767891845,382.9134412382618,23.864405828959,24.134986992934962,0.14370636577283352
2021,4,B,2,2,2,2,9.179752859861631,338.7871461656032,23.459698172676063,25.355012119133466,0.1429108999625562
2021,4,B,3,0,1,1,3.479597415494069,188.5187778980068,10.886221205849518,8.80249405068443,0.13102213350266023
2021,4,B,3,0,1,2,5.861065771087144,159.33246489410368,10.117538477400194,10.73621382046717,0.1310239984137406
2021,4,B,3,0,2,1,5.660397824898096,178.7824279917104,17.88929423473232,14.719647108357307,0.14504695027253833
2021,4,B,3,0,2,2,5.593253377663691,164.80181207697407,14.134639521182553,13.461193491017065,0.12617122915819484
2021,4,B,3,1,1,1,5.965157720315136,173.89340188364443,18.735984114760534,16.597344534110466,0.1367836727385368
2021,4,B,3,1,1,2,6.539198042373271,252.01406642128833,15.323350747059264,13.43815453100556,0.1407223899177666
2021,4,B,3,1,2,1,7.213379523559266,280.5543529643193,19.163969002611775,18.605551636569643,0.13705780612797364
2021,4,B,3,1,2,2,6.743936426033043,214.44005379382236,18.188997810672948,19.041854825767803,0.13952061177528233
2021,4,B,3,2,1,1,7.339566667859847,220.79084294820325,19.585273943664827,16.36383754592678,0.14418316828103525
2021,4,B,3,2,1,2,8.946353698187444,325.1273043209971,22.66735292564231,20.45048606688325,0.13359688047681592
2021,4,B,3,2,2,1,8.812411107885708,329.84990525606594,22.09656710776616,21.780778853159937,0.13707442773621012
2021,4,B,3,2,2,2,8.481799436236676,286.6760573232322,20.88662679546242,21.880421692957327,0.14354705788387404
2021,4,T,0,0,1,1,9.347930393823093,247.6746871893798,23.247580440999673,18.92601796138125,0.15803503607252822
2021,4,T,0,0,1,2,9.669058047151513,329.3597694739691,23.977408562745712,19.501575179759584,0.1606309104276666
2021,4,T,0,0,2,1,9.71467985012799,333.0587765951438,23.9222911796528,21.54648803753404,0.14863820951723983
2021,4,T,0,0,2,2,9.800352253270386,265.66879336584816,24.30700555681379,23.831228672451815,0.1529980541921728
2021,4,T,0,1,1,1,10.342739537424558,261.3195857265947,27.998156158080448,20.153163693372807,0.16820647877775385
2021,4,T,0,1,1,2,9.534727828465147,373.55267652044006,26.623476697051526,20.646249915238474,0.1631789660946403
2021,4,T,0,1,2,1,9.805594849511605,393.6729956936055,25.91332735959,23.61011325661274,0.1537925043397747
2021,4,T,0,1,2,2,10.12490859375865,301.74033112970636,25.945290787597703,24.614748383279856,0.15643140368274114
2021,4,T,0,2,1,1,9.669833338437538,351.9893322170563,26.23424703088267,20.61235741629959,0.17546910882837513
2021,4,T,0,2,1,2,8.13657944428494,407.75355240617375,25.728729377102862,21.58349125935062,0.1834799655840081
2021,4,T,0,2,2,1,9.3486011845222,402.43350973087985,25.70578946970561,23.310776093298248,0.15464681487591958
2021,4,T,0,2,2,2,9.948880864362058,359.0902796357801,27.750388970656335,25.197046152035107,0.15987210724398407
2021,4,T,1,0,1,1,8.790674422983999,238.04404150780536,22.521448390373465,17.367830912173257,0.15329490041731017
2021,4,T,1,0,1,2,8.373281864054112,302.01627063236714,19.759824910418498,18.550554295875216,0.1519122507073502
2021,4,T,1,0,2,1,8.3328716500557,331.77321392070985,21.797240240941,20.686409182787994,0.14158690694628884
2021,4,T,1,0,2,2,8.602264474603894,263.12375634549204,20.762528686366977,21.59941072623688,0.14852686425047712
2021,4,T,1,1,1,1,8.234544143111822,253.6351965100079,24.97848636102917,19.350179243145384,0.16348356575357434
2021,4,T,1,1,1,2,9.541064486829264,343.95906110662514,25.841148434410446,19.902415389038225,0.1518257637162405
2021,4,T,1,1,2,1,8.75050715778485,374.897257463764,22.9585756670585,22.96072738555522,0.14924691482952965
2021,4,T,1,1,2,2,9.677408949678933,290.62028960393803,23.458345441538622,24.283672064585968,0.15101927252924896
2021,4,T,1,2,1,1,9.716054994879455,310.7312136751951,25.94988630703857,20.441937357248676,0.16464632468705756
2021,4,T,1,2,1,2,9.335057626359145,407.66816438230524,26.562085565872252,20.344070883024482,0.16298481350887337
2021,4,T,1,2,2,1,9.874309298401602,403.3375060548297,26.748750077045845,25.152463759976374,0.1562057269864483
2021,4,T,1,2,2,2,9.2174291856262,353.7417738400245,26.0682007635052,25.10398761705285,0.16019090470381495
2021,4,T,2,0,1,1,8.284755072060893,173.27684777736027,20.174400387326713,16.290127198402345,0.14292463930581728
2021,4,T,2,0,1,2,7.23463138271428,245.110855552245,16.231645221569877,15.262377303184806,0.14664231211940248
2021,4,T,2,0,2,1,7.10605614274076,262.76169076655003,18.121638899159315,18.117922337260417,0.14548936554619485
2021,4,T,2,0,2,2,7.508377010018404,216.97840759957714,17.918590247398665,19.96734824118835,0.13894873598703314
2021,4,T,2,1,1,1,8.203808495913709,222.4509670355478,19.868186575662026,18.102960987305504,0.14293509392677733
2021,4,T,2,1,1,2,7.7760045784743825,325.02109582815285,19.33015196274814,17.522270422753447,0.15927624481846098
2021,4,T,2,1,2,1,8.283382103505732,322.78312308446857,19.9629476491205,19.75498052159544,0.14508324751838594
2021,4,T,2,1,2,2,8.223211054903786,297.831764653624,19.988806836298213,20.868999812180217,0.13500832178451128
2021,4,T,2,2,1,1,9.20762019059774,321.63533356177584,25.947041232797837,18.55046821036959,0.17387132645854655
2021,4,T,2,2,1,2,8.93978245643651,400.29827740404255,26.01872007508312,20.619762253725472,0.17274628419985663
2021,4,T,2,2,2,1,8.791898067389667,379.00946846607917,23.594762092861462,23.13779335066822,0.15232105762040457
2021,4,T,2,2,2,2,9.39965549059609,367.60358215696357,24.512648056350336,25.023870143590326,0.15940739532302534
2021,4,T,3,0,1,1,5.204262746714666,140.62841575173252,11.123528114037805,9.751692959001636,0.11647977274029848
2021,4,T,3,0,1,2,5.567798835519024,141.75659450255708,12.173513217299046,10.301160720548483,0.13688533472296452
2021,4,T,3,0,2,1,5.097076335063438,178.44005149622032,13.095276737655967,13.416917410327446,0.14429035188852884
2021,4,T,3,0,2,2,4.362029500886765,163.99568776438804,13.364572232501162,15.61783804824482,0.14046845774649983
2021,4,T,3,1,1,1,8.427034877368802,196.59079204518002,19.94603300173816,16.612929085799667,0.13132272773126707
2021,4,T,3,1,1,2,7.446032962264189,280.1971780980659,18.46631969877311,15.04189405640138,0.14946219719851767
2021,4,T,3,1,2,1,6.6365928371201335,261.41193887928245,17.39351782463369,17.667888425374084,0.13958955706178927
2021,4,T,3,1,2,2,6.644561655495066,252.9045784204748,18.299690676962726,18.651386691110506,0.1265344112594742
2021,4,T,3,2,1,1,7.851767622856229,242.15946036267167,20.178882165431293,15.544770377208403,0.13938208276582878
2021,4,T,3,2,1,2,7.793943581689036,327.9236528864896,19.17981410650391,16.084295679641762,0.12295281935589371
2021,4,T,3,2,2,1,8.56065400151847,336.84725152285654,19.98335342259856,19.74977640155291,0.1498968314347568
2021,4,T,3,2,2,2,8.99101766676265,364.08293484987615,20.858670527913187,21.60727771238945,0.13556880316509254
2021,5,B,0,0,1,1,9.325591295054652,236.6136525000872,24.533669500833444,19.386781856257866,0.14766096157729985
2021,5,B,0,0,1,2,9.294891922317078,327.40971947993876,23.145341137419265,19.07053833483315,0.15388910692814375
2021,5,B,0,0,2,1,9.387716114494173,321.9095633792921,23.96890576912879,22.43010893195427,0.14500985565959493
2021,5,B,0,0,2,2,9.69962222492912,262.8213682971382,23.98279575997896,23.47282688094595,0.1491684781383313
2021,5,B,0,1,1,1,10.607634755726549,234.16459568866998,28.377509078788023,20.383776672999968,0.1488337515303253
2021,5,B,0,1,1,2,10.182193449639533,363.2694467593704,27.054529332583503,21.575186887482126,0.16240730415361665
2021,5,B,0,1,2,1,9.913904480521971,397.8724561392124,25.204086829043717,24.659120379017224,0.15020122266203675
2021,5,B,0,1,2,2,10.14294277210819,308.3541763070927,25.303652505815183,25.100871971136947,0.14618277051743825
2021,5,B,0,2,1,1,8.759584800633043,270.08062620814275,26.214415892010333,21.095433659284932,0.15710526530346372
2021,5,B,0,2,1,2,8.6980041133185,395.67878008147295,26.443830716853583,20.99795494802948,0.16638400691140068
2021,5,B,0,2,2,1,9.202249607575197,416.61287198411026,24.724583514874077,24.30008578439192,0.14908712384899395
2021,5,B,0,2,2,2,9.64989123656545,388.0083751541207,26.489043247442233,25.108011286358536,0.14177794669484833
2021,5,B,1,0,1,1,8.223097733799419,205.63843494195837,21.74970403653066,18.451165732609,0.15024929042196944
2021,5,B,1,0,1,2,8.669400274895485,307.8251922189001,21.303343727291182,17.89044191581197,0.15342975822286767
2021,5,B,1,0,2,1,8.194213474673381,305.0030465493327,22.096518758996755,20.934923197223064,0.14335373987578415
2021,5,B,1,0,2,2,8.419839778784898,238.23261810944015,20.57697539625277,22.067666563722273,0.13543400993595478
2021,5,B,1,1,1,1,9.73781060997691,278.36407436193053,26.16235715737566,20.985760541744718,0.1421182946954604
2021,5,B,1,1,1,2,9.061120057681272,367.17586694266845,23.807932314921658,19.63221516552145,0.15963487644757834
2021,5,B,1,1,2,1,9.238262384403187,394.9265789907531,23.54098016682081,24.1624286762164,0.14720665436926417
2021,5,B,1,1,2,2,9.2087833913415,291.1827596453187,23.1865355787081,23.99984006516027,0.14918310348216238
2021,5,B,1,2,1,1,9.751653156208137,327.7155945195283,26.45925893360365,21.229576521547155,0.1441129379543124
2021,5,B,1,2,1,2,9.093672596728673,437.0481132671331,26.438914112370718,21.800281794192003,0.1734952747376195
2021,5,B,1,2,2,1,9.67207649505845,437.05731843259383,25.5860636171994,25.715559912368185,0.14975296920111644
2021,5,B,1,2,2,2,9.505702403612244,375.6656281791121,24.88088085498029,25.13808706705813,0.14438245624290943
2021,5,B,2,0,1,1,6.981645762239639,210.8329281376925,17.86768202027548,15.207968352856552,0.13342913374216883
2021,5,B,2,0,1,2,7.985355531569915,249.27554742404655,17.48079497258132,15.388022278480094,0.1408594765026255
2021,5,B,2,0,2,1,7.037438305057801,260.7456273753496,18.875071950847726,19.1008239937726,0.1414014234269558
2021,5,B,2,0,2,2,7.787746703147349,237.55339268961103,18.646814783205897,20.926395211158507,0.14099658462954062
2021,5,B,2,1,1,1,8.013962325606007,213.87327333841276,22.55064628551582,17.958992438443996,0.13162912958557157
2021,5,B,2,1,1,2,8.610989452883116,335.68098638569785,20.804961019866287,19.231812724819182,0.17140896613577944
2021,5,B,2,1,2,1,8.034249652706672,317.5831946107055,20.22530146351159,20.970145831349935,0.1395237411484751
2021,5,B,2,1,2,2,8.672086020560826,259.45417529131055,20.161491230399402,21.2752197956653,0.1390032473354439
2021,5,B,2,2,1,1,8.474461799509545,290.0549431269655,25.352210508035643,20.421149459901184,0.14733183719920992
2021,5,B,2,2,1,2,9.582041969188266,408.967784721669,28.014639153612983,20.919276209010597,0.17423935010421818
2021,5,B,2,2,2,1,9.307576238117532,394.3086426160442,24.745828353687287,25.082449890123673,0.13700625956224757
2021,5,B,2,2,2,2,9.299494409637285,322.8156908397898,23.74577744765206,23.864838803175207,0.13870695364593816
2021,5,B,3,0,1,1,7.561748137305652,176.41499162024527,11.887201519327398,14.46813784981102,0.11588530751040148
2021,5,B,3,0,1,2,7.4613188359666855,183.51362726564787,12.642644273213266,11.83988585332325,0.1533570911626784
2021,5,B,3,0,2,1,5.2120354108105555,207.25550750451902,19.621284782746994,16.565265987601308,0.14023545430598355
2021,5,B,3,0,2,2,6.4598813058912015,174.01324844711107,18.340510453874092,17.954024849967322,0.14648326053277416
2021,5,B,3,1,1,1,8.353926514929078,227.05174634352215,19.79875981022465,15.517811893365682,0.14176262258848416
2021,5,B,3,1,1,2,7.293910983409261,248.0853670398434,17.359627296670116,15.126164565791962,0.13842149850772564
2021,5,B,3,1,2,1,7.146856840644567,198.1124076815611,17.969526905839583,21.771355672290145,0.12735224240638734
2021,5,B,3,1,2,2,6.485142948780799,192.7519648435039,17.669369722242205,18.549994571005122,0.14505822482479444
2021,5,B,3,2,1,1,7.705999902370143,244.41943628846718,23.753384287023444,15.878095805237127,0.16347775146456342
2021,5,B,3,2,1,2,8.419323536649507,360.4695657968401,21.80665736596651,18.36147899888793,0.1550644190321643
2021,5,B,3,2,2,1,8.656865617285195,307.19035961177985,21.36600307655137,22.989273692811643,0.13849253557509072
2021,5,B,3,2,2,2,8.821057350003306,342.66075481679434,21.696104529770505,24.061778855760227,0.13610458953872634
2021,5,T,0,0,1,1,8.742238971391059,227.55064038553363,22.989037218730633,18.72743025222949,0.1598491060548312
2021,5,T,0,0,1,2,9.370000561206322,325.35063910681185,21.666927066334516,17.69348489511749,0.15057143792623573
2021,5,T,0,0,2,1,9.710000944948787,338.6557303833342,23.647203321895102,21.589797753479683,0.15311520096460865
2021,5,T,0,0,2,2,9.736148509973736,261.8998321429056,24.324124167522868,22.62624780753162,0.1499149409477924
2021,5,T,0,1,1,1,9.905092501883715,232.55484771407552,27.17165355532661,20.192897468856707,0.1668604556225805
2021,5,T,0,1,1,2,9.845442556147209,375.9008923124221,26.878828665944184,20.569253973035014,0.15222615622851032
2021,5,T,0,1,2,1,9.928445048136723,390.76330776565817,25.658877015009143,24.22367381814848,0.15686266333175183
2021,5,T,0,1,2,2,10.337274460311189,314.598827681372,27.483927615132266,24.13832454357875,0.1587297940435915
2021,5,T,0,2,1,1,8.681629456842835,353.28796849750364,27.543793481323476,19.430379422785016,0.1526725734773221
2021,5,T,0,2,1,2,8.706543522490145,387.47632606151143,28.42401699464969,21.67807418758617,0.15446684576516836
2021,5,T,0,2,2,1,9.508947051152058,414.9363492430573,26.624488653561116,23.72727264505958,0.15235235557542567
2021,5,T,0,2,2,2,9.426736970399588,368.10845985114355,24.634458031324762,23.03127321961614,0.1506881488986714
2021,5,T,1,0,1,1,7.348670071367837,263.4932126141448,21.062246646294643,17.42284495159718,0.14782414987836062
2021,5,T,1,0,1,2,8.325870648750616,322.8357906125743,18.325334875536942,16.142942696129445,0.14818081908904346
2021,5,T,1,0,2,1,8.263166287630085,319.9184636462426,21.36501554641793,20.286505252231596,0.14777806092047074
2021,5,T,1,0,2,2,8.748491362654901,261.60411806278944,20.68885177754032,21.51360732375625,0.14771817698622913
2021,5,T,1,1,1,1,8.702573061352766,300.3022309548502,24.192238037828933,18.129913350767936,0.1809673876361303
2021,5,T,1,1,1,2,8.657037048615507,360.3580921673777,22.468267228234463,18.7465913181114,0.1575034570743712
2021,5,T,1,1,2,1,8.810929151910589,352.3173114821739,22.377896283641387,21.977922626544405,0.15630916431864303
2021,5,T,1,1,2,2,9.30584119423215,334.1432051573019,23.940289303190752,23.817135403612294,0.15391070201595003
2021,5,T,1,2,1,1,9.431517216838914,355.28942746772606,27.490603554517268,20.659486434188775,0.1639750117944779
2021,5,T,1,2,1,2,9.247998790791767,393.88682172251276,27.736370575345408,20.988599429596817,0.16189024643040195
2021,5,T,1,2,2,1,9.76711999470128,438.1458865777378,26.37693367257926,25.561287041283762,0.14897698300549084
2021,5,T,1,2,2,2,9.269367690320959,393.1648152441098,25.84015745305552,23.571968269116493,0.15161991107499354
2021,5,T,2,0,1,1,5.749781872497841,191.59870811070638,17.827165680606548,14.175315606562076,0.16526334469527765
2021,5,T,2,0,1,2,6.68505856642636,241.50608742930316,14.765784851390078,13.964787295966858,0.15062116417334945
2021,5,T,2,0,2,1,6.994602661110697,253.58093597588766,17.469978639594935,17.11606172132755,0.13767548376398098
2021,5,T,2,0,2,2,7.021060430240898,227.82148512882617,18.46614837001772,19.52308422306894,0.1581571613052276
2021,5,T,2,1,1,1,7.4340605380644025,203.24773620224795,19.613619925963967,17.645492983460976,0.16595786668741982
2021,5,T,2,1,1,2,8.126576207901785,294.21655628799266,18.8087561604397,15.586747907942138,0.15812125113572809
2021,5,T,2,1,2,1,8.2470536704151,329.50276892585447,20.9000464174067,20.833927261599452,0.14162710388438496
2021,5,T,2,1,2,2,8.95298464653855,257.73953975595737,20.523807260533058,21.248154790396516,0.15033343165018645
2021,5,T,2,2,1,1,8.6666091613408,317.55475215502145,26.608800757867552,18.40198838206035,0.18023339776577724
2021,5,T,2,2,1,2,9.210636351055863,375.3156651832976,24.15265213649087,20.484246577581004,0.1680299004188055
2021,5,T,2,2,2,1,9.768986060246824,379.97456306482025,24.396891739951958,23.93518955138321,0.1527453302234686
2021,5,T,2,2,2,2,9.369703613647745,339.4775475786433,25.94334494609702,24.565022465430737,0.15103504017642677
2021,5,T,3,0,1,1,5.073147808974185,141.40773436814,13.483410253913362,12.67832564671826,0.11570218470476062
2021,5,T,3,0,1,2,4.883494047926037,139.70205722348229,12.271053357956129,11.789851498002264,0.13734520910652878
2021,5,T,3,0,2,1,6.222475033707024,162.4146805147062,15.616115145833822,15.14435763361427,0.13888202207600972
2021,5,T,3,0,2,2,5.9658283283378974,185.73162205993452,15.033412695157857,15.94413158909032,0.15590953387946258
2021,5,T,3,1,1,1,5.7322158242203916,185.36352209982948,16.070545655537153,14.639496865862764,0.1484695776478723
2021,5,T,3,1,1,2,5.673802179765805,194.22800718726026,12.687606810198867,12.196390715141273,0.14112554542799902
2021,5,T,3,1,2,1,7.219922889894774,279.479245078908,19.872740543685715,18.048268077849848,0.13967119443437548
2021,5,T,3,1,2,2,7.612492200780921,249.69393680991678,19.136958162173187,18.35855769556141,0.1480819009620206
2021,5,T,3,2,1,1,7.914524417726607,283.2559561176128,21.95045823650279,19.622110504318677,0.16981988449975982
2021,5,T,3,2,1,2,8.008538319508487,365.4919132525216,20.60514950825469,16.92990529618698,0.15745182459511928
2021,5,T,3,2,2,1,8.599155428340467,322.3475433969719,22.392087868083927,21.559241229055402,0.12867910581539846
2021,5,T,3,2,2,2,8.67812680917529,313.5164216639579,21.636321300150573,22.03803819645943,0.15891967147818886
2021,6,B,0,0,1,1,9.222229087289092,227.53007091047502,23.807874317121257,19.39339751372047,0.15055456636326733
2021,6,B,0,0,1,2,8.500386557670897,299.4035240756069,21.9357281526458,18.636085885220382,0.15107326148432484
2021,6,B,0,0,2,1,9.527069543870184,332.1508253844287,23.743605116159475,22.168224501672874,0.14837607134794703
2021,6,B,0,0,2,2,9.568235472301055,271.41418527487224,24.42432905498217,23.181825928176373,0.146931873261274
2021,6,B,0,1,1,1,9.612816415432192,285.3717504071915,25.939624242768943,20.16675354679889,0.15440132406834092
2021,6,B,0,1,1,2,9.180620298299914,367.1314207641203,27.679755898829804,20.91720796918484,0.1604687697871877
2021,6,B,0,1,2,1,10.21490234321758,383.96127516827244,26.76623594097455,25.43934862456959,0.15669102276309535
2021,6,B,0,1,2,2,9.840671209417726,335.42445134789034,26.47943513107119,24.851163137193222,0.1509137239449308
2021,6,B,0,2,1,1,9.312327602343359,354.96206391615465,26.629502644646962,21.13237810119075,0.15469318892386164
2021,6,B,0,2,1,2,8.290729053397056,368.32292805040055,26.42810541736983,19.69937042082334,0.15025366663250206
2021,6,B,0,2,2,1,9.4951454007687,456.31979583162115,25.121039627266963,24.026586845192465,0.14449596349024071
2021,6,B,0,2,2,2,9.897604809978711,407.4280525572369,26.779656066445828,25.79307610365705,0.1477279085228141
2021,6,B,1,0,1,1,8.697976986881217,234.57166196432846,21.513053176929184,18.216744374692603,0.1463286868252316
2021,6,B,1,0,1,2,7.556410494903836,295.5847300304658,21.26127654748389,18.485455533688366,0.1373683463501016
2021,6,B,1,0,2,1,8.745496586896952,321.1163649659748,21.74292474647793,20.098241221960272,0.1382228439910052
2021,6,B,1,0,2,2,8.077685374272868,268.19903931040767,21.20226629049735,21.39550669023257,0.14082246157178252
2021,6,B,1,1,1,1,9.899993794394499,288.8151764200713,27.285527427633486,21.16409922966475,0.15551229465512711
2021,6,B,1,1,1,2,9.094711515921972,354.22036493741905,24.2618069360723,20.54346295632956,0.14878437056112595
2021,6,B,1,1,2,1,9.350273944534688,382.50638107340404,23.54426519213138,22.87771890086252,0.14800223725401238
2021,6,B,1,1,2,2,9.417828493891209,315.06503430595535,23.90578920819581,24.29461555930545,0.14944761267860873
2021,6,B,1,2,1,1,8.638128487132176,383.24172877130565,26.49681962613705,19.812141819102816,0.14651053808246087
2021,6,B,1,2,1,2,9.401537695563722,397.4660506868515,24.117254224965507,19.91010051298666,0.14484487175987854
2021,6,B,1,2,2,1,9.465586943384622,449.91940654221816,25.81942447862501,23.756257089961053,0.14507873236508553
2021,6,B,1,2,2,2,9.338861788383724,429.82920910675,25.928001327121258,25.098432576235364,0.14825276671198206
2021,6,B,2,0,1,1,7.355343383670701,211.42462006044457,17.61049069770054,16.363954497812724,0.12045111452573952
2021,6,B,2,0,1,2,7.707383001762354,237.11908885833878,19.486059859072345,16.928948456924736,0.12633011224526522
2021,6,B,2,0,2,1,7.368677367055743,274.5327015359968,19.643804947770263,17.702130479893256,0.13595663452476986
2021,6,B,2,0,2,2,7.552775060221073,219.97399738134595,20.124987938785758,19.649685538719922,0.12909884300314917
2021,6,B,2,1,1,1,9.517215352674889,248.1558767244765,20.82318580878757,19.151556683045364,0.15095777946386088
2021,6,B,2,1,1,2,7.387437864590566,284.51743427902,17.355649983968007,18.659157100694824,0.15217523562949806
2021,6,B,2,1,2,1,8.29418000497342,358.9994886369756,21.82443885979474,21.019251225955085,0.1446887460704864
2021,6,B,2,1,2,2,8.242042971627653,263.57287092175585,21.071155761257174,20.579418465049542,0.15063344786477492
2021,6,B,2,2,1,1,9.447104224643162,291.89101605741047,24.85383827625573,21.18128467044501,0.14647581623835473
2021,6,B,2,2,1,2,8.781549093747008,381.8025618562113,23.943877253981512,21.02156140576374,0.13820785732663746
2021,6,B,2,2,2,1,9.04911586111792,405.8009091565085,23.55631369721792,23.1991979108597,0.14082827504599074
2021,6,B,2,2,2,2,9.357827768686198,396.5819904070006,24.83771657028273,23.99257870570738,0.1452799847306596
2021,6,B,3,0,1,1,4.404125338815872,197.345998196484,10.476786105760684,8.136489609803693,0.14149393060932106
2021,6,B,3,0,1,2,6.595569575528794,209.71250983952024,14.038054946205293,15.848954033192964,0.11720793530184208
2021,6,B,3,0,2,1,5.857294932120008,183.04969525968158,16.88246368375096,16.035583005954898,0.11608239182252027
2021,6,B,3,0,2,2,5.821219658291658,218.99968687958525,18.629700477847077,17.56294441996888,0.12487307197081407
2021,6,B,3,1,1,1,7.398580934494698,233.52569944670736,18.084371996878637,17.266961887551236,0.17109539829433235
2021,6,B,3,1,1,2,6.5815617744472705,258.2587423996822,18.624132524001894,17.369360026138406,0.13706332754318906
2021,6,B,3,1,2,1,7.029292477518442,264.84580738636805,21.051512113411032,16.91957448015463,0.13904811344990123
2021,6,B,3,1,2,2,7.622350410100479,220.5959438957218,21.980325473851785,18.627925159481315,0.13872835422291177
2021,6,B,3,2,1,1,8.860050382673064,270.7737410748504,20.187314385546085,19.201848321042846,0.15786430681353017
2021,6,B,3,2,1,2,8.430044294284214,282.291408031887,20.734095969561892,20.16469943305812,0.14543222669156658
2021,6,B,3,2,2,1,7.920509071029021,346.00466046882616,20.667681350638833,19.377186896151787,0.13909875324292933
2021,6,B,3,2,2,2,8.545731821433122,315.12891130928256,21.769280460016418,22.04399421587368,0.14100437089004247
2021,6,T,0,0,1,1,9.145634638829927,231.07048922169196,24.42440221108114,19.812006242685893,0.1582631068843608
2021,6,T,0,0,1,2,9.038561681013727,336.87954321638733,24.01667938544217,19.22169174689684,0.16219985432611192
2021,6,T,0,0,2,1,9.592271360236575,331.46622284060226,23.59056104890866,21.696776947445528,0.14660952767963145
2021,6,T,0,0,2,2,9.63614355182602,277.30861915373595,24.233636742322652,22.5907691664386,0.15557465350087601
2021,6,T,0,1,1,1,10.196699052597516,321.2460584707871,27.28311062373447,21.814235654975413,0.16453553196230672
2021,6,T,0,1,1,2,9.430106317316177,385.78734020328625,26.01728465563669,19.697085046844954,0.16483925185777532
2021,6,T,0,1,2,1,9.97691596249322,400.0943519670138,26.693985808813405,24.08066385062643,0.1484673541070917
2021,6,T,0,1,2,2,9.981630744655618,325.9086375693039,25.429328102162845,24.26940604782133,0.15187791886939106
2021,6,T,0,2,1,1,8.851118934004012,342.68207149683803,25.696546824118617,20.530646938751218,0.14948975039733248
2021,6,T,0,2,1,2,8.696917939693261,412.9721919031413,25.726149849973954,19.874800482519536,0.1509627743504941
2021,6,T,0,2,2,1,9.332739746512086,453.4657097802003,25.378273201309334,23.07943982340215,0.1565747442101344
2021,6,T,0,2,2,2,9.195364187373174,389.295789291255,24.606196963671806,22.82400412495388,0.1501067426183455
2021,6,T,1,0,1,1,7.923318407893285,237.73762131049963,20.00019520638854,17.620951668012516,0.15533451088046496
2021,6,T,1,0,1,2,8.466197747967156,303.78956745850104,19.352510589386654,17.96076415110595,0.16376861870697876
2021,6,T,1,0,2,1,8.426884181760817,317.4993047050545,19.854710148150154,19.0776023771133,0.13561203643605008
2021,6,T,1,0,2,2,8.31763348556146,258.3973232027532,20.710488021372466,21.307368359192658,0.1477532054101917
2021,6,T,1,1,1,1,8.674412441185941,269.1775688707527,24.409590071591712,19.904416430507073,0.1484386411962163
2021,6,T,1,1,1,2,9.06491650780818,379.96385044947226,23.14765707862573,20.255022515788028,0.17316205030678938
2021,6,T,1,1,2,1,9.666747622130178,376.91280335211314,25.60168852788369,22.93291546982027,0.14389486136081092
2021,6,T,1,1,2,2,9.266661051023803,333.4440362532457,23.73872836821698,23.1838765769659,0.15199584064151858
2021,6,T,1,2,1,1,9.630887869723232,340.01348168902655,27.50016943613993,20.78580487502745,0.16121505668005778
2021,6,T,1,2,1,2,8.690064509087966,400.7864215709217,22.93094167310326,21.178115367354952,0.16797877598850292
2021,6,T,1,2,2,1,9.807963693255678,437.51429810580964,26.105357741861532,23.519558330196002,0.14492695535498393
2021,6,T,1,2,2,2,9.048845406207827,392.04149211120426,24.983679711425935,24.085517177108958,0.15016099022489232
2021,6,T,2,0,1,1,6.024624292256122,203.25826783844582,16.38268383406762,15.240068247546393,0.15575163863133012
2021,6,T,2,0,1,2,7.272847942965334,263.1188349423985,14.615758374539663,15.677554870704116,0.15398674634653065
2021,6,T,2,0,2,1,6.961139812371693,280.9625869477449,19.982991340267482,17.823774305813615,0.13273508375585208
2021,6,T,2,0,2,2,7.608122864069255,251.9134657194102,20.021105948221567,19.245102592409896,0.1468230446448942
2021,6,T,2,1,1,1,7.559145406796319,236.4268868326347,19.892954216066933,18.172435394594192,0.13906695182434176
2021,6,T,2,1,1,2,8.253728029978767,302.06576157707303,19.51079334760205,18.59668687720105,0.15578106169506048
2021,6,T,2,1,2,1,8.051438910263238,340.34232387974595,19.75863929544957,19.87727891344925,0.13970107329562423
2021,6,T,2,1,2,2,8.180518198035033,291.0456521318498,20.97794030198064,20.77963417099982,0.14384912893536403
2021,6,T,2,2,1,1,8.792020929213688,326.4486381088925,27.755521061596582,20.754801242782648,0.15082188956637346
2021,6,T,2,2,1,2,8.86077214056177,391.8814861989896,23.987709674297896,18.924596054931907,0.1669170957683647
2021,6,T,2,2,2,1,9.629916159362649,439.7820800832188,25.25805265498303,23.680471545613187,0.13934172804572278
2021,6,T,2,2,2,2,9.658387424857272,385.894958160491,25.140651912869565,23.55424901137822,0.15794639389631235
2021,6,T,3,0,1,1,3.5360618912746333,200.55456163252154,8.838127324169783,11.099527740298296,0.14909829623367585
2021,6,T,3,0,1,2,6.787247088474089,287.22451850050373,12.398180035118678,14.582726220869866,0.18039519084882671
2021,6,T,3,0,2,1,5.800921579432693,200.07346434604275,18.94637531265391,14.481257058865651,0.1215313762487342
2021,6,T,3,0,2,2,6.188120783677302,164.69454984125747,17.25370316270918,15.61651012058714,0.1409163872707372
2021,6,T,3,1,1,1,4.772316884525552,181.8409253889996,13.563393243320819,13.394742449960868,0.13366472104847296
2021,6,T,3,1,1,2,7.564730745792477,316.19827186469774,17.294067014185863,18.089022137752227,0.15210965696765252
2021,6,T,3,1,2,1,6.836571464525055,256.9542145281036,19.89077674063233,15.868671754773256,0.1333751998160017
2021,6,T,3,1,2,2,7.481784832055559,254.82965832163958,18.25072503932747,18.72861735001615,0.14991941397894032
2021,6,T,3,2,1,1,8.078702865130658,224.13605671876368,22.055931232826484,17.327944716957486,0.15765968322608923
2021,6,T,3,2,1,2,8.788738371366549,322.8045963743808,22.20888627021816,19.472633140880472,0.1611074174733037
2021,6,T,3,2,2,1,7.912191464783288,355.78389374046475,23.217992297737492,18.593432108693715,0.14301113626606893
2021,6,T,3,2,2,2,8.592672420413635,311.56160466407005,20.52463105380129,21.58587162763998,0.15585113613703008
2021,7,B,0,0,1,1,8.886656312539888,217.57480332011255,23.03338287655991,20.865838425991985,0.15594171792881567
2021,7,B,0,0,1,2,8.216197730186078,317.80803305938775,22.08189001282513,19.85543162903234,0.15953829584333437
2021,7,B,0,0,2,1,9.330580599930203,329.8188157524115,23.158667856181825,21.56589684908958,0.14567146649300924
2021,7,B,0,0,2,2,9.206980969067622,283.29963717998385,23.031140786493594,22.533214832768365,0.14334705258633568
2021,7,B,0,1,1,1,9.998050415183037,284.5772541550205,25.65633837217761,23.325464222766293,0.16329445843283513
2021,7,B,0,1,1,2,9.812165126122526,333.10211579344605,26.227276107544537,24.05351846207266,0.16866727468437576
2021,7,B,0,1,2,1,9.857292571541626,433.5598380595325,25.22269799484562,23.37499754081419,0.14444748978031308
2021,7,B,0,1,2,2,9.82474075924782,360.2739627510901,24.935753915115356,24.831699413889446,0.14484551261674142
2021,7,B,0,2,1,1,8.688530963087999,346.12371287183026,25.704558682812774,22.422812587414032,0.1616977333401456
2021,7,B,0,2,1,2,8.410111741949635,409.02310760517486,24.691375218668995,21.432775615455178,0.16015259142004057
2021,7,B,0,2,2,1,8.949072393723796,473.49734802193547,24.84002285557858,22.26740889592809,0.15224931771733027
2021,7,B,0,2,2,2,9.109243605528029,423.3056124446226,24.613041525309573,25.476813840295076,0.14092670722038209
2021,7,B,1,0,1,1,7.667675980736806,210.5377257484095,20.592769858326044,18.737091922694784,0.1451438446369384
2021,7,B,1,0,1,2,7.554476228106203,283.0002219553816,18.171734614544697,16.680615222830255,0.15156295619141316
2021,7,B,1,0,2,1,8.485141782302728,299.02596924719194,21.56542950923189,20.567071653118944,0.13701904131212647
2021,7,B,1,0,2,2,8.764839765230358,261.56901428020024,21.3875203606223,22.555381524613555,0.1455983068983884
2021,7,B,1,1,1,1,9.485643874747886,256.2823854981978,26.072869862308018,23.101396653487157,0.15409449876463913
2021,7,B,1,1,1,2,8.461386679975215,337.84816895601,23.514720169213383,22.46556011717858,0.1666925344312326
2021,7,B,1,1,2,1,9.295019284668692,394.7003891887898,22.765654053777872,22.560571273844122,0.14380668449247538
2021,7,B,1,1,2,2,9.22668757966054,326.34382075202643,22.719206860769013,23.539951935459925,0.15251497144916112
2021,7,B,1,2,1,1,9.457161546688,342.3550435257453,27.6284970347685,24.676896916896503,0.17471623397017025
2021,7,B,1,2,1,2,8.717853759967538,392.691465445085,25.614450994373176,22.28237706607584,0.17324977950369533
2021,7,B,1,2,2,1,9.123219418485688,463.09218471666077,23.16622236545543,23.73837805122726,0.14064780366678759
2021,7,B,1,2,2,2,9.28219635149689,436.7272340729497,23.84149414009133,24.725324032448334,0.14187717066938735
2021,7,B,2,0,1,1,7.225883242463016,204.9110239661876,20.217175634746525,15.540417353365516,0.13270215431220805
2021,7,B,2,0,1,2,6.715766738564792,220.0387108400064,17.846462218561676,16.26224511215386,0.1569210723829675
2021,7,B,2,0,2,1,7.077700547118899,247.8371532643074,19.209806940064503,16.447892082346105,0.12857743609554723
2021,7,B,2,0,2,2,7.5984560590045565,258.4192739354476,18.56300790933362,19.95359863088713,0.14427817865354034
2021,7,B,2,1,1,1,7.986321639771604,225.71784340402522,20.274167612915463,20.39079010931248,0.12728198807503507
2021,7,B,2,1,1,2,8.112212786211552,272.2319836569183,19.466854067717982,15.582266954991757,0.14577036374787264
2021,7,B,2,1,2,1,8.159970831762354,317.2776750217608,20.748196399423424,19.366409221372862,0.13264232363812514
2021,7,B,2,1,2,2,8.58687379669601,308.03138247870857,21.652482374489466,21.379648300323183,0.1434934622331749
2021,7,B,2,2,1,1,9.105061864165174,295.5678577136026,25.337536903197773,23.636915156883227,0.1546592821412696
2021,7,B,2,2,1,2,8.307841289574567,368.6694020193067,21.09216552493309,18.713044160120756,0.15738958451367327
2021,7,B,2,2,2,1,9.289390871824777,445.2703538027392,22.446479058526265,24.15491439782075,0.14838484369944072
2021,7,B,2,2,2,2,9.051766477938948,367.63928151551943,23.2553143525803,23.404369889346523,0.14042237376787203
2021,7,B,3,0,1,1,7.330435335301849,196.40040248679426,17.698861293342823,14.280841020542605,0.13314135651045983
2021,7,B,3,0,1,2,3.9929472516607887,149.27334942204783,12.571447252079587,10.783656044603001,0.171197775540455
2021,7,B,3,0,2,1,5.662597684523617,160.08648508834776,16.227407711513468,14.230112029701258,0.11788551096836158
2021,7,B,3,0,2,2,5.447322842197069,189.93360848233556,15.26344920888124,15.633288311548524,0.1428548614555115
2021,7,B,3,1,1,1,6.7850686959675315,187.05620474169191,17.837810305023215,18.33963421358167,0.12539677601913934
2021,7,B,3,1,1,2,7.222981648429974,212.09652002510563,16.946387231472155,16.611393356035776,0.15991752434981427
2021,7,B,3,1,2,1,7.009779082676362,268.20031630270745,22.03267941790848,16.76030698292868,0.14043689412659535
2021,7,B,3,1,2,2,6.965267570109556,204.19582072514774,19.07979814634115,19.626677391341975,0.15096735695607197
2021,7,B,3,2,1,1,7.4995377271904,242.33851701629754,21.56230586328353,21.051243226758867,0.17931189895141753
2021,7,B,3,2,1,2,8.427822847527107,358.75121482914176,19.15191495135447,19.621367415963388,0.12897150476227007
2021,7,B,3,2,2,1,8.364689317743343,373.556725912423,21.176673585633385,22.072899945385892,0.15606419048273562
2021,7,B,3,2,2,2,8.658587273147763,306.5510712223087,20.393163487833526,22.761911007257794,0.1419673354673418
2021,7,T,0,0,1,1,8.655128651497474,244.19179636105736,23.229027145288473,20.49200530276648,0.14316283446772404
2021,7,T,0,0,1,2,9.20185928589274,322.5969348152892,21.74501186819673,19.349897119365757,0.14758135568204137
2021,7,T,0,0,2,1,9.506708545480846,342.10303797245115,23.057141290799084,21.270664792989187,0.15328382636142696
2021,7,T,0,0,2,2,9.268786202715667,287.2173982139074,22.667878977240896,22.105712460584066,0.15270077574398144
2021,7,T,0,1,1,1,10.08377335803044,290.93682625984883,26.891773945838416,22.28524309858079,0.16090289048620193
2021,7,T,0,1,1,2,10.275916493871934,365.1452879031356,28.50243250057059,22.174555905077717,0.15458759995756716
2021,7,T,0,1,2,1,9.630192834171947,402.18778515731884,25.83152546575838,22.11681028903643,0.15531247386226396
2021,7,T,0,1,2,2,9.553451006599706,334.0872960314135,24.65893485083641,24.023539282933996,0.15453067253212588
2021,7,T,0,2,1,1,9.109936542349876,301.1732478230145,27.042562990834977,22.34245308946647,0.153265463501714
2021,7,T,0,2,1,2,9.539272566409334,448.3491112049823,28.06599000243946,20.292091399710177,0.15261889761607594
2021,7,T,0,2,2,1,9.395954416754353,466.8037353827772,26.766809637958758,23.38783790781722,0.14191206597434475
2021,7,T,0,2,2,2,9.30696297243233,421.9394128812007,25.11497674236411,22.92494995261288,0.15356023254949325
2021,7,T,1,0,1,1,8.688714145070776,236.558535557307,22.432718314768106,20.517636739797272,0.14334740436338078
2021,7,T,1,0,1,2,8.39123348097024,330.2582060667539,19.996850665925166,18.02313900439977,0.1378836655783813
2021,7,T,1,0,2,1,8.72091803454893,331.0587499309117,20.378754577924997,19.675080094324564,0.148236060363991
2021,7,T,1,0,2,2,8.995335091228453,273.88412989708496,21.460132658685946,20.982261663319658,0.15781837726863876
2021,7,T,1,1,1,1,9.359802639349002,257.7991273011356,24.283450624205386,21.554706004627914,0.13474691316524656
2021,7,T,1,1,1,2,8.393311460997456,339.83090146766654,22.48803202708138,18.333034084311258,0.1407020137770786
2021,7,T,1,1,2,1,9.553997671774713,390.7243915893806,23.46501355072433,22.103007196097852,0.15537349277771945
2021,7,T,1,1,2,2,9.22621701638218,346.0518217963283,22.521270420203635,22.61800325092346,0.15509343886052096
2021,7,T,1,2,1,1,9.375616880537784,348.7900913623925,28.2720916248582,20.341097596781584,0.15575200415357054
2021,7,T,1,2,1,2,8.735197720464331,411.66325882592326,26.598984878990397,22.398364912438193,0.13841708305038863
2021,7,T,1,2,2,1,8.680058596591357,475.5743603253675,23.490907433537338,22.50847810819433,0.14778744760017898
2021,7,T,1,2,2,2,9.487664426772339,427.51724273944717,24.787920823690317,24.093819486059946,0.15306022154674476
2021,7,T,2,0,1,1,6.982948628476405,202.80626154928797,18.068835424929116,16.887868644823463,0.13472176680160888
2021,7,T,2,0,1,2,8.261874266126643,248.8392712102806,17.58111984803728,18.23414652918271,0.12778246745219898
2021,7,T,2,0,2,1,7.830740355275301,277.89794500715084,18.131533425441976,17.88532031128097,0.14313972342767592
2021,7,T,2,0,2,2,7.486209335722439,254.21153184115224,18.481441568154292,18.566263132996365,0.1492104349769981
2021,7,T,2,1,1,1,8.974511953676755,217.44601342994412,21.022147918427418,18.232864458560044,0.13340647931339908
2021,7,T,2,1,1,2,8.725113084814769,264.5751399265405,19.007628212870163,19.57852058302466,0.1420173671379307
2021,7,T,2,1,2,1,8.34543154757439,314.8474634720804,19.51271573609762,19.766458130246406,0.15225341564626146
2021,7,T,2,1,2,2,8.456537326075944,260.935541548802,20.36597688420211,20.880734704861368,0.15479233725191105
2021,7,T,2,2,1,1,9.397525442671059,289.76901627339635,26.697924458683556,22.360984136802106,0.14985510981621195
2021,7,T,2,2,1,2,8.856846153813448,375.41163444122236,27.964522890991745,21.138138986231052,0.14200997318233397
2021,7,T,2,2,2,1,8.860706819469675,429.7920813536213,22.755859316340363,22.45131005651248,0.1427886723381556
2021,7,T,2,2,2,2,8.838728623234754,421.8718368811947,22.385647491847415,23.87999520461279,0.15407661442040757
2021,7,T,3,0,1,1,6.3220723655122395,180.2853323882234,10.79310186447718,13.967580576468714,0.12583017053720297
2021,7,T,3,0,1,2,6.116501699852361,192.70412791477278,11.340238379163337,11.098969058672344,0.11816729169098102
2021,7,T,3,0,2,1,6.090862188469503,221.4604815401357,15.020957162672012,13.56931172456854,0.14003279960939635
2021,7,T,3,0,2,2,6.094263560013125,240.01910003121654,18.10768712418966,14.306129359899153,0.13649107296671337
2021,7,T,3,1,1,1,8.109228931307225,201.1624119686409,17.870453874161527,18.944309369346016,0.11347396582835337
2021,7,T,3,1,1,2,8.579600748056064,221.39407129092,14.007528329746114,18.44651200816525,0.13529559826589552
2021,7,T,3,1,2,1,7.107699434436979,276.62079793014084,17.507661758837045,16.51304483784536,0.1402510037789851
2021,7,T,3,1,2,2,7.35524574769265,251.50784963392192,19.124448403979038,18.15090714642368,0.14501457078758045
2021,7,T,3,2,1,1,8.811822663703895,250.3775907494416,23.292588203035663,19.290368428565337,0.14022376952625226
2021,7,T,3,2,1,2,8.433072952290988,248.3379295748852,21.23113383013983,19.319602063134877,0.14891084077703998
2021,7,T,3,2,2,1,8.834863011878198,404.75698169621586,21.980842974335676,19.902892261848752,0.1513876542807495
2021,7,T,3,2,2,2,8.568701802243012,317.0564445554795,20.653993897960678,22.159709978955835,0.14178464066164811
2021,8,B,0,0,1,1,9.105464222154959,211.58219075561607,22.424143624922177,21.31689395005541,0.1434260974231887
2021,8,B,0,0,1,2,8.3519329915719,295.9654074591169,22.413213456853125,19.91984775844065,0.15210059312727636
2021,8,B,0,0,2,1,8.991887441996022,336.6782603489609,21.871315141109147,19.809864754609922,0.14837480097348046
2021,8,B,0,0,2,2,9.274379526403996,279.0151337102308,23.033811257691344,22.14238830795006,0.14815380988331353
2021,8,B,0,1,1,1,10.62853839363339,342.8351992013337,27.450362254640964,24.303651206326464,0.15815056030162136
2021,8,B,0,1,1,2,9.575118668767733,346.1505471214812,25.651806168423843,24.008954070308242,0.15361080655725107
2021,8,B,0,1,2,1,9.66176287006292,415.07490593915867,24.564753231910448,22.589882479031825,0.15165538079332755
2021,8,B,0,1,2,2,9.934815458944588,350.38754091103635,25.62279844313544,23.927584465419827,0.15009584399357317
2021,8,B,0,2,1,1,8.8843635800923,378.0879018700306,24.275288863040526,23.939298306374177,0.15211548506534986
2021,8,B,0,2,1,2,8.836888056493938,405.7409782139985,23.764622770981685,24.558736258996632,0.13704982209947447
2021,8,B,0,2,2,1,9.481431837642864,450.62066483166984,26.78089150332055,23.37247120148082,0.15428591296556154
2021,8,B,0,2,2,2,8.914981812398814,415.3576593000312,23.759787154620874,23.034394635870044,0.14139513744023513
2021,8,B,1,0,1,1,7.964973456479823,222.16237863735583,21.36301679623111,19.5945560596323,0.14733195478647382
2021,8,B,1,0,1,2,8.20195808220337,291.3896521822548,19.67474710808723,18.265447094471114,0.15479801504653612
2021,8,B,1,0,2,1,8.100323572677457,329.5221865589085,19.87966761108239,18.406120989726798,0.15067720457875924
2021,8,B,1,0,2,2,8.59046953715755,285.9380877667911,21.621620100875123,20.830387318780204,0.1400488987949849
2021,8,B,1,1,1,1,9.355630729203758,225.05101156710393,23.611510061014307,23.216159593168094,0.15408317596277749
2021,8,B,1,1,1,2,9.357354617057888,331.27852869658807,25.99778214876986,23.787517674205954,0.1526377438316342
2021,8,B,1,1,2,1,9.066107906676319,389.3984276053697,22.163810109270983,21.23732660551006,0.14586031040192315
2021,8,B,1,1,2,2,9.266339645542764,367.810744831075,23.45622602350891,23.34741926990359,0.15729977737683104
2021,8,B,1,2,1,1,10.540063862647907,351.70038933909,25.228332032699196,21.795064378611343,0.15437727374881433
2021,8,B,1,2,1,2,9.091826134071688,366.0806962482182,25.852527306592656,23.09321031929332,0.16195871218547503
2021,8,B,1,2,2,1,8.895583543311105,433.50955566878116,24.073887197802513,22.844374907540736,0.1519213694783186
2021,8,B,1,2,2,2,8.949015047347489,400.5778499871094,24.523024405598363,23.868682485290247,0.15600784861928277
2021,8,B,2,0,1,1,7.45028495558088,197.77823436957365,19.60533956569917,16.717410648705233,0.138848754496558
2021,8,B,2,0,1,2,7.478117662483852,274.16888944504535,19.131173995355653,16.712810711094555,0.1485795119764482
2021,8,B,2,0,2,1,7.278447764698439,263.57627199671884,18.36840844246975,16.418723287645197,0.1472413434996274
2021,8,B,2,0,2,2,7.7954691247703956,256.7065418769824,20.242942697983796,19.436099348902612,0.134588288723217
2021,8,B,2,1,1,1,8.429425942832971,215.67986502451873,21.431586565108528,21.207265481814975,0.14465513635457428
2021,8,B,2,1,1,2,8.886144737661297,267.8808353419987,20.86379067568831,19.276935068461288,0.14378468088666954
2021,8,B,2,1,2,1,8.44450105203605,308.29707063678956,20.860862381947154,20.2600486608088,0.14063156294099904
2021,8,B,2,1,2,2,8.864540206568325,352.6245495020374,21.494432745759283,20.497164167354505,0.14763856741256645
2021,8,B,2,2,1,1,9.406356298962912,259.1369936855473,25.931083740506327,21.44260921504325,0.1483638271879621
2021,8,B,2,2,1,2,8.724883995419361,346.617510780061,24.551942500773766,24.103455784286716,0.16543867717345967
2021,8,B,2,2,2,1,9.047670058968068,465.9153368790169,22.047376088544716,23.50987479452652,0.14531915176021104
2021,8,B,2,2,2,2,9.216500986756957,397.9268360263844,23.491777468802592,23.451695745442297,0.15439611017845076
2021,8,B,3,0,1,1,5.779015250815853,206.37610322741662,17.901461541819028,12.143192320241475,0.11372692674257114
2021,8,B,3,0,1,2,5.9549920924861475,173.67104714874588,17.11183288999216,11.631913422276314,0.1654595517716637
2021,8,B,3,0,2,1,6.677320885138907,189.05757339057044,16.329628563349157,14.977691522112169,0.1546260075158602
2021,8,B,3,0,2,2,5.692889525640058,157.20416997415654,19.76668326099215,16.89172613942349,0.12704806095239385
2021,8,B,3,1,1,1,8.005765767050836,173.67270115430853,16.550046165011814,17.257710946344382,0.1396994281685393
2021,8,B,3,1,1,2,4.602114798153627,151.66444608947808,12.03414644121434,10.589240183970238,0.12322110718604116
2021,8,B,3,1,2,1,7.137823859750795,275.41601887037,19.35182545816551,16.168086929078452,0.1524663250051224
2021,8,B,3,1,2,2,7.458974405608648,233.8355028144826,20.057028285859037,18.67360247430941,0.1358335841518341
2021,8,B,3,2,1,1,8.452077145355236,199.27863168067145,22.57213572744326,23.643190718261454,0.15940193599200153
2021,8,B,3,2,1,2,6.925839402815478,260.72887967225887,20.731977689647103,17.58372051960373,0.1474026520725577
2021,8,B,3,2,2,1,8.070210033080464,346.49816608086155,21.078818111785104,19.12565689622743,0.1452637349355648
2021,8,B,3,2,2,2,8.42953420242365,339.31650711114196,22.540784901852078,20.897941304573568,0.14650129776330437
2021,8,T,0,0,1,1,8.62631274743463,211.21062216748453,22.11203977519886,20.205718164853955,0.13461662413732634
2021,8,T,0,0,1,2,9.412386127408102,306.7512919138901,23.73968945340326,19.537069090421987,0.15178211474065095
2021,8,T,0,0,2,1,9.408749461019621,345.5336263949074,21.885774883026524,20.97510291861591,0.15155300222605514
2021,8,T,0,0,2,2,9.223831266732736,295.09857803973455,22.90614912243039,22.307236059964396,0.15888449163001447
2021,8,T,0,1,1,1,10.183803829438508,268.5357180108032,25.71097175282005,23.631000582748168,0.1612193935273233
2021,8,T,0,1,1,2,9.55719796033278,359.81130699160434,25.473738342534453,23.293056074512272,0.16398688126650804
2021,8,T,0,1,2,1,10.096906102239386,393.293362005216,23.676793107881988,22.323940375712542,0.157856942024209
2021,8,T,0,1,2,2,9.54599446851933,353.34074942127256,24.071962619982493,24.157655934043962,0.15866445232942628
2021,8,T,0,2,1,1,9.757518806378345,321.74082314998645,26.898153796956105,21.4730418935006,0.1433709154772584
2021,8,T,0,2,1,2,10.220811461000757,350.29034336168957,26.954971701305386,22.46574823169083,0.16325097314582732
2021,8,T,0,2,2,1,8.701366549442229,438.264777240312,22.409289225317313,19.883182056136107,0.14411093592738144
2021,8,T,0,2,2,2,8.954986546168158,443.70374022408726,23.218181363714088,23.6433205804999,0.1575509655707785
2021,8,T,1,0,1,1,8.427747201429098,243.58409353081169,19.668552415941736,19.94977782133038,0.14356480820843856
2021,8,T,1,0,1,2,8.434996455887694,300.71457796292424,20.107688745467367,18.422575896152203,0.1444248842582364
2021,8,T,1,0,2,1,8.795851796649817,339.8340590505057,20.56240698791144,20.604991192919574,0.1558770358590966
2021,8,T,1,0,2,2,8.629736410472976,298.30520655860914,21.169170788582438,21.87157864250977,0.15472985554920554
2021,8,T,1,1,1,1,8.59262842806577,249.53436160933998,22.637385117051345,21.978127896659853,0.15280488279987944
2021,8,T,1,1,1,2,10.121648164560282,316.44427337307275,24.68264785089575,22.38621006777592,0.14040964890903926
2021,8,T,1,1,2,1,9.264010836545594,382.54470424560844,22.432405322309904,22.66488639040205,0.15267367288591446
2021,8,T,1,1,2,2,9.158049705507462,350.1774829555921,22.176225653451418,23.231763230973883,0.15184088281111088
2021,8,T,1,2,1,1,9.140622667280311,289.41966941348335,25.26206290233431,22.33736540857296,0.14381714948337948
2021,8,T,1,2,1,2,9.443989639622405,357.2846970117326,24.584081739308047,22.46421622865394,0.14826478287202283
2021,8,T,1,2,2,1,9.234909058717918,474.70163335016963,24.003782701122397,22.218489844447067,0.14954661329036525
2021,8,T,1,2,2,2,9.14541891542397,432.51698757849704,23.868252402395534,25.08496200780006,0.15566650357930714
2021,8,T,2,0,1,1,7.63061354549372,201.21793283919425,16.52186528268608,18.492946257429544,0.12215054505841233
2021,8,T,2,0,1,2,5.854987253853388,260.73192550406225,19.518458050132132,16.16885076033636,0.13450588313415165
2021,8,T,2,0,2,1,8.351696621024614,283.625479410162,21.272882244131896,20.03016459213647,0.14377799626298363
2021,8,T,2,0,2,2,7.874676336026166,282.20828246887913,19.208216797213932,19.879094248293825,0.15951879596815838
2021,8,T,2,1,1,1,8.471491212099231,214.3086431087646,18.929917995163073,19.537397176041743,0.12013187768667541
2021,8,T,2,1,1,2,8.233693388961386,286.54314459276793,21.30780971756059,17.96469764354912,0.14488792852987478
2021,8,T,2,1,2,1,8.320394730929078,320.9086542527371,21.192978018899627,20.0349034106642,0.1613441074755809
2021,8,T,2,1,2,2,9.000902819861935,354.32794287588223,20.698778966364344,22.173562529996314,0.14993928559843858
2021,8,T,2,2,1,1,9.231882368206936,266.75825795109523,24.668525161932152,23.48719824748144,0.1394416253116881
2021,8,T,2,2,1,2,9.637748705954214,328.1259190724493,24.701778915295975,23.08442350651931,0.16128090617759042
2021,8,T,2,2,2,1,9.498234678701463,446.6734539665569,24.67881226991807,21.98988462737578,0.15822170161083174
2021,8,T,2,2,2,2,8.87880337031957,422.08093421550177,22.212177731890904,24.092453090351974,0.15738831169969617
2021,8,T,3,0,1,1,5.176891608368714,167.0198049823757,15.987013987377555,12.050249900956741,0.13040908899745132
2021,8,T,3,0,1,2,5.431455689905459,226.47008034378217,16.727742611580382,14.734398252698396,0.12577196630663723
2021,8,T,3,0,2,1,5.870561861932935,216.1937273415275,19.266397282359147,15.397872221066848,0.1478412415762648
2021,8,T,3,0,2,2,6.041692418398606,229.63873741089654,16.1027374087589,15.716717662388172,0.1588872505719271
2021,8,T,3,1,1,1,9.04073687645871,175.40925288107331,14.670475032328612,17.488558568271156,0.111783279578838
2021,8,T,3,1,1,2,6.649706096600895,252.72047504881937,18.392988605556297,16.850711598219533,0.14081459944887087
2021,8,T,3,1,2,1,7.719993609906161,292.59629716943687,21.096745113307428,17.391211853233177,0.1465461416356463
2021,8,T,3,1,2,2,7.588468509776754,322.72276974836905,19.342716912070735,19.806279415070307,0.15328060919930528
2021,8,T,3,2,1,1,9.3004218408794,227.9544300840382,22.917509309682043,20.813942658869486,0.13350411306999352
2021,8,T,3,2,1,2,8.211557745060352,265.85318273505084,19.549376494814105,16.669195249998126,0.14141567153675572
2021,8,T,3,2,2,1,8.549356569199134,370.70574507707124,21.526220492911474,20.47659867067574,0.15374557872855038
2021,8,T,3,2,2,2,8.924560371409612,370.4262322928476,20.77558036222483,22.9341570910393,0.17223426228227906
2021,9,B,0,0,1,1,8.121816015665553,307.8903573640777,21.35362995789003,18.594614783184678,0.15134621160230097
2021,9,B,0,0,1,2,8.38336395785404,324.4091576793135,19.262176171536,17.663931949705056,0.137805094659936
2021,9,B,0,0,2,1,8.937142597466947,349.41613745547653,20.87993819567465,18.592196881444337,0.15953234275129105
2021,9,B,0,0,2,2,9.066879346685877,250.92345508480966,21.74947718327809,19.4203005642259,0.16173390982726066
2021,9,B,0,1,1,1,8.871164238826825,326.462696182374,25.319675895159186,21.747875020109685,0.15727323959223438
2021,9,B,0,1,1,2,8.988587148034348,366.41085703878656,21.50670273269879,19.140003333613766,0.12161255636675783
2021,9,B,0,1,2,1,9.735991644138696,429.0770852392481,26.514945976080142,21.66160172595653,0.1630018993704223
2021,9,B,0,1,2,2,9.961784149788917,321.5901296522258,25.926658987010903,22.71325872490328,0.1615882990026047
2021,9,B,0,2,1,1,7.352662963441768,362.1448875840797,27.870526813530162,20.56064889632151,0.09379063463374157
2021,9,B,0,2,1,2,7.855692260574948,358.7837865783625,25.705865558251276,19.876656724539956,0.10593248686816556
2021,9,B,0,2,2,1,8.454058956421918,463.34572010675646,26.446675696002597,21.1120834784739,0.13593485627677565
2021,9,B,0,2,2,2,8.76529860882741,371.2124263861451,25.93328424786429,22.284440002319762,0.14603263173883532
2021,9,B,1,0,1,1,7.888402623821491,290.9872099039651,17.122163927315025,17.406344791594858,0.12254513821394425
2021,9,B,1,0,1,2,7.083704762933066,309.1010897147789,13.807346445591026,13.264932954448476,0.14729061095233953
2021,9,B,1,0,2,1,8.109988430842161,328.3876559335564,19.1505583925058,17.667504346132674,0.15713549742764893
2021,9,B,1,0,2,2,8.627730896298118,256.4216165762756,21.14914406248834,19.01990776702699,0.1606853662139471
2021,9,B,1,1,1,1,8.454768078481672,274.6882186856537,21.019533813611453,19.592192885513704,0.1268945689818062
2021,9,B,1,1,1,2,7.585895291811165,368.6352303159948,16.748103595986116,17.268960520257387,0.1447066644863745
2021,9,B,1,1,2,1,9.443373050315854,375.4482518707855,22.913025098593923,21.01163980648793,0.1674073100666356
2021,9,B,1,1,2,2,9.249669695619948,335.15717399130176,22.889511546459328,21.48721376513782,0.1638012709473585
2021,9,B,1,2,1,1,8.800293367903222,290.8699027503577,30.521571419412645,22.017313769994132,0.1576222406630276
2021,9,B,1,2,1,2,8.56013300922933,359.83074826435666,19.36394740937223,16.97200423323326,0.13637653602857863
2021,9,B,1,2,2,1,8.77662350597882,494.0982221144296,24.64268509682086,21.49410901469877,0.15297469014096207
2021,9,B,1,2,2,2,9.233545553229577,411.5241875388302,26.005198999483845,22.772295235047608,0.150581619820107
2021,9,B,2,0,1,1,5.128926401247324,183.28604007606438,8.653828757295132,12.527774374079222,0.14131125530710778
2021,9,B,2,0,1,2,7.113551680659495,297.4723659944605,16.31241661527807,15.414650841199805,0.1482108628420496
2021,9,B,2,0,2,1,7.24548092539913,318.53428085536024,17.66692861407242,15.579671950757644,0.16239998398765124
2021,9,B,2,0,2,2,8.040590022178545,241.46440843950782,17.190948563315793,17.88051984137526,0.17105611347299385
2021,9,B,2,1,1,1,7.683133476769014,256.4559773728273,17.058040525487712,18.887161155777168,0.12007531075862975
2021,9,B,2,1,1,2,9.218041301981431,333.65535862368205,17.50293846258381,17.764954192829407,0.1383560053443626
2021,9,B,2,1,2,1,7.445719622421616,312.4376685883547,19.685310041301104,16.976775338017852,0.1687039185580385
2021,9,B,2,1,2,2,8.110437911925972,312.31518060834577,19.03154810988974,19.413195237264013,0.1685172369510362
2021,9,B,2,2,1,1,9.022480733317495,343.28334963945235,22.03652177718157,18.9164124775895,0.13180086156857343
2021,9,B,2,2,1,2,8.846283347125341,355.0786811125806,18.98257013560557,18.77167741399756,0.1390161118264521
2021,9,B,2,2,2,1,8.40800128556557,414.91268093741127,21.05012639569332,20.56449216500946,0.1603029476643305
2021,9,B,2,2,2,2,8.837108601539123,409.6547175160675,23.625702164216733,21.00586426692867,0.16616237705325973
2021,9,B,3,0,1,1,4.925563013504153,224.3895123886143,5.590125936237932,13.643019368302237,0.1860698239908878
2021,9,B,3,0,1,2,2.7714749711641793,227.19670645488537,11.449867735940503,11.705122098594847,0.1257927289955898
2021,9,B,3,0,2,1,6.097566150323892,230.69200552233977,16.255732919413166,14.896513323120804,0.16444681990060148
2021,9,B,3,0,2,2,5.325148580138866,160.16689021570315,15.70771268613397,14.336756399276844,0.18434462086135855
2021,9,B,3,1,1,1,4.914980291705873,238.7761110179516,5.481570991122373,11.035346358075216,0.15726730156352095
2021,9,B,3,1,1,2,8.052511083583278,315.1177086751706,18.271526897320495,17.894042354694825,0.11315567410548191
2021,9,B,3,1,2,1,6.871510469254763,262.92678646076035,18.58237320939364,15.953471032744433,0.1593858788595375
2021,9,B,3,1,2,2,7.870318887541761,322.618185649614,17.542576643295188,17.668343220709566,0.16806085728201006
2021,9,B,3,2,1,1,8.136262089037725,269.94972066147824,22.28168931565166,18.925747034631424,0.10831600179896911
2021,9,B,3,2,1,2,8.393324426604838,415.28956200618387,17.837974051069494,15.337589291013062,0.14206178142905945
2021,9,B,3,2,2,1,7.811557943522848,340.9304957879247,20.328801033439053,18.80330720070532,0.1596086245827142
2021,9,B,3,2,2,2,7.56427061976659,361.6907101844621,20.456585868799706,18.288632663679522,0.1756933979153861
2021,9,T,0,0,1,1,8.833701522678526,221.74230243753243,21.48004523476891,19.197677802851857,0.14644410785943793
2021,9,T,0,0,1,2,9.198455331186624,317.922658571756,21.404265952295884,17.795712521550154,0.14865736323287318
2021,9,T,0,0,2,1,9.349300628329384,322.5556868517532,22.279317495315365,20.129732441760936,0.1632374199709894
2021,9,T,0,0,2,2,9.473754944477832,260.2562214373586,23.005879236087075,20.049446811432478,0.16315179707023886
2021,9,T,0,1,1,1,9.7166806354045,279.47666064622194,23.898503367063967,20.617518752657947,0.14530802207753113
2021,9,T,0,1,1,2,9.278074003365637,374.079090236481,26.089372091053733,22.3357377883392,0.15255558312956213
2021,9,T,0,1,2,1,10.515415193103934,412.590492523416,26.460961663329126,23.324988222538217,0.16385211244843367
2021,9,T,0,1,2,2,9.889161432979007,331.8709661882921,24.712248301513657,22.86619353743927,0.15190701110117558
2021,9,T,0,2,1,1,8.795675547517614,268.83680808017067,25.089004662367305,19.85298093462988,0.13911912987734934
2021,9,T,0,2,1,2,9.463002084375177,385.638551762881,27.635781496444757,21.11579425419302,0.156238036478369
2021,9,T,0,2,2,1,9.223539644592602,476.8576176604104,23.95443643696503,22.325548532283214,0.15372306261617824
2021,9,T,0,2,2,2,8.978696409266043,443.69637031626587,24.959043538956465,21.683484821263832,0.1506357819197699
2021,9,T,1,0,1,1,8.304181864553264,239.89535669013915,20.214960638580955,19.316022759489773,0.1425548936684027
2021,9,T,1,0,1,2,8.2489156998798,288.1187598551275,17.430074879091624,16.515847945702216,0.1490828844154936
2021,9,T,1,0,2,1,8.50466958637756,317.62362265460945,20.52010597347059,18.56294323902,0.15999417434140528
2021,9,T,1,0,2,2,8.615860839118316,257.8575939798268,21.208345876745668,20.103837853358808,0.16606716336538208
2021,9,T,1,1,1,1,9.436153536336953,314.163935841138,23.135683145909212,21.59695284792853,0.15581962291348506
2021,9,T,1,1,1,2,9.16049438835464,358.27190050969244,21.296854529876562,20.550988466646423,0.14938333302586168
2021,9,T,1,1,2,1,9.53561999864307,393.8153542648941,22.754442003031865,21.447800141391678,0.16693878802739193
2021,9,T,1,1,2,2,9.53082466546774,334.8413733302427,24.155959562369297,21.15677501187671,0.15726538296922957
2021,9,T,1,2,1,1,8.968756607227572,304.7805597465583,27.05510810110704,20.78195739314525,0.13195969631708507
2021,9,T,1,2,1,2,9.029989820365213,370.6927912599452,23.979157686081383,20.557314219363096,0.13848344325043352
2021,9,T,1,2,2,1,9.838529003344131,466.3421998584621,25.677563345000397,22.378452797099317,0.15884306783854762
2021,9,T,1,2,2,2,9.343667757942955,439.5945216632816,24.606796162280034,22.59646235556787,0.15861791108003498
2021,9,T,2,0,1,1,7.158921803622703,243.68236207140117,20.7476843941512,18.434397052237063,0.1436127673446028
2021,9,T,2,0,1,2,7.477652356027063,262.47715792181856,15.415054196016541,12.309017154999811,0.1488958577969774
2021,9,T,2,0,2,1,7.130124499157528,291.3031643817957,20.059962834810374,17.064518155418774,0.15623579722064404
2021,9,T,2,0,2,2,7.399107869976701,261.9015595346325,17.742481117510582,18.251724992542382,0.17499109917049405
2021,9,T,2,1,1,1,9.295377696581259,270.21012668661217,19.508798201872857,19.480694493161177,0.131541150562315
2021,9,T,2,1,1,2,8.867836508902418,323.4516806519488,16.88544835719507,16.60041131670583,0.13182826048141755
2021,9,T,2,1,2,1,7.96815949381271,317.9919721397287,20.97959576501453,19.59262517246529,0.16309516941284172
2021,9,T,2,1,2,2,9.274227891381832,299.6756431379417,21.434971334578098,19.96604993507095,0.1690601417413094
2021,9,T,2,2,1,1,9.36469814376021,334.7674363916559,24.09753858291687,20.15063174945857,0.1516532491873673
2021,9,T,2,2,1,2,9.167030517546904,407.8107304243364,23.181163437814234,21.950424223249172,0.1303113705382579
2021,9,T,2,2,2,1,8.702959246868716,409.458130592577,22.384985985697302,20.337432765713682,0.1619478326665411
2021,9,T,2,2,2,2,9.212610690434012,390.4798035427649,23.267221858134572,20.86187462114849,0.1612957449164017
2021,9,T,3,0,1,1,4.048449894418734,166.82562444917488,12.583616238545487,12.919082070186684,0.147036361918372
2021,9,T,3,0,1,2,5.874358075665492,194.48226914585604,11.000139198816779,10.575260936760326,0.1511133512078188
2021,9,T,3,0,2,1,6.797701136721592,291.30722138855305,18.869906071961793,16.07141368779364,0.15639490720591434
2021,9,T,3,0,2,2,4.650414299256996,279.64448077824454,14.048485530577498,14.900249928363351,0.16428979097117186
2021,9,T,3,1,1,1,6.784014386281713,193.4939113857626,19.733104416441833,16.364958064629022,0.15726504557593207
2021,9,T,3,1,1,2,6.459353936483855,241.45239092749478,13.06725759901533,12.295366515452736,0.13418863682887883
2021,9,T,3,1,2,1,7.589408736260666,295.21973959599245,20.053743428176013,16.955639098714002,0.1689097160365075
2021,9,T,3,1,2,2,6.642226714949047,230.22574997117533,18.620985120571763,17.716531870133597,0.1709454194223585
2021,9,T,3,2,1,1,7.849407750947155,268.811251663637,20.82540086690571,17.813624840356173,0.14598912506862857
2021,9,T,3,2,1,2,9.07586816069449,303.5079133780686,16.473713253204302,16.11018707852791,0.14132486110484072
2021,9,T,3,2,2,1,8.059897081487428,377.73610686935245,22.146937570905223,19.344720010698243,0.17890986468177467
2021,9,T,3,2,2,2,8.29426156690665,327.63392080652335,20.791285128261723,20.63389319076596,0.16684747199153177
2021,10,B,0,0,1,1,0.9828378977905459,181.40392976265252,1.820372351191118,11.117258974675368,0.024470343275074774
2021,10,B,0,0,1,2,0.2121320343559723,44.68914857098967,2.043326465594767,2.0548523061281085,0.006201326471006061
2021,10,B,0,0,2,1,8.732116525687326,470.55014278045564,23.00221129821694,14.371780224885407,0.22560817756128695
2021,10,B,0,0,2,2,9.210200915821323,479.0486087643609,24.023389947028058,20.417643649342622,0.22701775176700828
2021,10,B,0,1,1,1,9.610995369887553,,1.7460729169195663,43.62410433716663,0.022641559133593288
2021,10,B,0,1,1,2,,,,,
2021,10,B,0,1,2,1,9.69716583632263,459.1743649293443,22.573649917942152,16.621880352769473,0.1687238441895373
2021,10,B,0,1,2,2,7.728651274532528,343.80660369021416,22.997801755539335,20.1826865851792,0.1953974248149994
2021,10,B,0,2,2,1,8.751541626438488,363.44848978470895,6.510942266224385,13.839390137293933,0.20229291356488846
2021,10,B,0,2,2,2,6.4333817850573505,534.5955023476026,24.943974493300956,15.548941740936094,0.19053656862244997
2021,10,B,1,0,1,1,,,,,
2021,10,B,1,0,1,2,,,,,
2021,10,B,1,0,2,1,8.043661836502086,384.08202710141654,18.709753326470846,13.957544034882638,0.2373283007727201
2021,10,B,1,0,2,2,9.118197066724269,523.4271353447847,18.343254786630943,18.20491658263375,0.18629116318279834
2021,10,B,1,1,1,1,0.12727922061358338,101.33547281184433,7.472117564951049,1.9815253329190614,0.005020458146424484
2021,10,B,1,1,1,2,0.33941125496955565,4.157787873376896,4.621451931936543,2.9352002487053634,0.00893782971419787
2021,10,B,1,1,2,1,9.214053124890489,481.7654370334845,21.665881177820385,15.605264132648816,0.2369722392382504
2021,10,B,1,1,2,2,7.154572204057825,401.3040809117324,18.406897766342222,17.79004426319885,0.19157305690197973
2021,10,B,1,2,1,1,,,,,
2021,10,B,1,2,2,1,6.507218615498493,502.3434109336193,16.83454279788318,14.85659864846618,0.21508641592865194
2021,10,B,1,2,2,2,7.288392391953853,578.3244785712666,21.174976452203794,12.126559620398474,0.3025901381807449
2021,10,B,2,0,1,1,,,,,
2021,10,B,2,0,2,1,6.251078446956172,302.7356072182091,11.86976731165265,9.586721788465775,0.23633836135930195
2021,10,B,2,0,2,2,6.889658781463713,534.4996216489373,23.714097976466128,10.78901976773203,0.20339328573954593
2021,10,B,2,1,1,1,,,,,
2021,10,B,2,1,2,1,8.008600717006969,606.722942099696,21.077261913972077,8.069126024950148,0.29069232931916195
2021,10,B,2,1,2,2,10.808931282795283,607.9235698867165,30.598493108428677,20.408443130282997,0.1644916645159811
2021,10,B,2,2,1,1,0.5232590180780465,46.50641299863938,10.93166577617748,4.425639922090364,0.016256384899478775
2021,10,B,2,2,2,1,6.446335514355144,458.35812420976134,14.173298784038822,7.897216695830823,0.26100563760543216
2021,10,B,2,2,2,2,5.010024235913883,353.652025146188,18.298469526819755,9.977387354321438,0.22585566232539855
2021,10,B,3,0,1,1,,,,,
2021,10,B,3,0,2,1,9.824746527688811,385.27818862911687,19.10239353623868,8.732422052901475,0.17184447513182763
2021,10,B,3,0,2,2,5.455214409168531,107.80585435556517,23.214687102312336,3.9842103838150917,0.1660794775601931
2021,10,B,3,1,2,1,6.0326163947881355,506.5167148146906,11.84473979712795,6.68083827996158,0.23019348904780107
2021,10,B,3,1,2,2,7.801641998109533,703.8751698040404,19.226369745286465,10.690811386911035,0.1129500614873671
2021,10,B,3,2,1,1,,,,,
2021,10,B,3,2,2,1,8.27304793759699,513.31783148022,16.50723914200137,7.124943627379331,0.3781341836438488
2021,10,B,3,2,2,2,8.263569991232593,678.831422470508,21.16925228934645,7.17376786005792,0.30388894128173427
2021,10,T,0,0,1,1,7.887504744197847,326.3818471475335,22.985675051936095,26.821555265289106,0.19232845890925815
2021,10,T,0,0,1,2,7.998146190893805,178.3978668492525,18.549077372656768,23.49463645026874,0.15420191800481486
2021,10,T,0,0,2,1,8.526864213942655,395.4060295922548,22.0810580146314,22.32571720780871,0.15295108844706815
2021,10,T,0,0,2,2,8.51179587358565,337.2447786481726,18.250785950717386,22.848113341331786,0.1780719374615557
2021,10,T,0,1,1,1,9.422892706190655,221.6763423488011,18.218289908839257,27.990902226599406,0.09537066362856224
2021,10,T,0,1,1,2,7.7869169704551195,328.6880842799432,14.668083219365391,17.513015401804672,0.12768158048535475
2021,10,T,0,1,2,1,8.156799554447106,660.2077445847164,25.716740229344353,17.009858048726024,0.10034926828689028
2021,10,T,0,1,2,2,8.819187690583481,443.19601650917474,24.515718738637297,27.3004576187383,0.14173137910750533
2021,10,T,0,2,1,1,2.7631416147807806,258.8663746671888,6.638805611524876,1.3079204863796827,0.1346867877707386
2021,10,T,0,2,1,2,10.440392058411078,485.63880820351807,25.1924510986843,13.197877598437305,0.18400880449949486
2021,10,T,0,2,2,1,7.803900838683166,571.2453627878888,22.58146637766615,12.410878817352138,0.13638099213844534
2021,10,T,0,2,2,2,9.62752679963955,515.5531003376643,29.881077411722195,30.26442478568005,0.13379148484779496
2021,10,T,1,0,1,1,16.38861386756062,201.7092804012747,18.158077876801826,33.17582382767608,0.14667515962152572
2021,10,T,1,0,1,2,9.36901821608505,126.63723478240237,18.190875344831543,14.084880305207896,0.07473453842323068
2021,10,T,1,0,2,1,7.113092796551513,365.97545860344246,14.721057170669223,15.728363460218228,0.1840309467142128
2021,10,T,1,0,2,2,9.153363764576754,509.1666740603153,22.928764911512047,18.487757881555027,0.21420795931990946
2021,10,T,1,1,1,1,7.779627904555174,397.70170031486316,28.552613929828446,30.225457207515216,0.2967091254073593
2021,10,T,1,1,1,2,6.497839602514056,404.2173212147148,22.947298649171756,30.485004140388433,0.21555639129935342
2021,10,T,1,1,2,1,7.490580012460776,208.60278671897717,19.872931508292094,16.101305301898712,0.18350612388050802
2021,10,T,1,1,2,2,7.920338666258872,316.48790488097296,21.10838210405994,23.308863394133375,0.17244348306039284
2021,10,T,1,2,1,1,6.033873739149665,245.80206848193944,9.794891346029317,25.678745285598943,0.16381782152745167
2021,10,T,1,2,1,2,9.98476025584324,264.70499791277075,18.56124263840831,11.52883883375367,0.18786637591650077
2021,10,T,1,2,2,1,10.651847310312998,574.6957050435956,27.988106170981908,21.305703987297235,0.16748407400572618
2021,10,T,1,2,2,2,7.808667925951127,626.2256461061551,17.655120395203085,9.794261258833892,0.19474125975252396
2021,10,T,2,0,1,2,,,,,
2021,10,T,2,0,2,1,11.442500989939306,590.0120882498532,20.28563011123098,12.541982762992461,0.1883398840495807
2021,10,T,2,0,2,2,8.480692380342546,431.28208468407826,16.47485813892524,16.56601213613451,0.20205088854323583
2021,10,T,2,1,1,1,8.805600746116088,462.4054084891306,38.71242749795988,33.820068816015144,0.12984601822928568
2021,10,T,2,1,1,2,3.9718715152095836,58.61032296731793,7.3461573921336605,13.686076440187913,0.12416779329466492
2021,10,T,2,1,2,1,8.51292844946522,512.0852292326095,11.844270036453434,10.149134866437771,0.15919237593351362
2021,10,T,2,1,2,2,7.573411907707747,518.8337208064237,23.166188256641515,20.429728959662473,0.19584172805999187
2021,10,T,2,2,1,1,7.1237170248403325,185.2636669497467,19.684195184146258,21.367168557157967,0.19354515362484964
2021,10,T,2,2,1,2,8.393955260582862,126.76883065249115,18.049452043852558,21.704205973789772,0.12346217163568757
2021,10,T,2,2,2,1,9.755004025084343,600.3496261825759,24.32790107121141,27.857537617807743,0.18067482112616184
2021,10,T,2,2,2,2,9.232777914915626,458.9915892065271,23.40521209937622,21.804658747783844,0.17066614084093684
2021,10,T,3,0,2,1,6.095804479311979,248.35480070522775,9.583256340444342,8.077543706061473,0.15107304665293544
2021,10,T,3,0,2,2,4.944161236583351,41.18847573452235,4.093987609084,16.08267048855175,0.2426915032161886
2021,10,T,3,1,1,2,,,,,
2021,10,T,3,1,2,1,5.368109994836792,165.89692844253238,19.130354421703743,14.606453278032053,0.13125735544468864
2021,10,T,3,1,2,2,7.940702397863098,223.5791691570402,21.274855390579766,15.531299898544733,0.23439802266352722
2021,10,T,3,2,1,1,10.115915990820278,420.25889714952285,29.896580201524728,38.13823637256972,0.10064945818698338
2021,10,T,3,2,1,2,,,,,
2021,10,T,3,2,2,1,11.922244385787623,365.1115502829239,23.446531251674404,29.48858287717261,0.18745124371271707
2021,10,T,3,2,2,2,8.582444148307848,378.6631711848468,18.358826361588914,15.386608098207734,0.17230155120755417
2021,11,B,0,0,1,1,0.9716990274771216,74.32744042411271,2.076678569254281,10.257752761411064,0.22415888390454955
2021,11,B,0,0,1,2,6.821740705274559,298.7340512339807,7.673333364755283,4.964273427199594,0.07590782085310237
2021,11,B,0,0,2,1,8.836678075975206,401.126110818278,29.19883940548985,22.55532960508247,0.16172236773329524
2021,11,B,0,0,2,2,8.485545010486948,243.51308903400306,22.004306438258418,21.736129035873677,0.1963145588998161
2021,11,B,0,1,1,1,,,,,
2021,11,B,0,1,1,2,7.285321166564997,566.4491002729194,15.080112768974903,12.978315643643823,0.01920502017702676
2021,11,B,0,1,2,1,9.772417550318739,287.1319322386681,29.659773249831346,22.56281011505167,0.1279616233485649
2021,11,B,0,1,2,2,8.234960772017477,186.0277536641598,14.226858965204979,22.15780657347656,0.12095828299459283
2021,11,B,0,2,1,1,,,,,
2021,11,B,0,2,1,2,,,,,
2021,11,B,0,2,2,1,5.476530149299882,392.7785641517913,21.512073669038244,16.72360199413079,0.04518054759464938
2021,11,B,0,2,2,2,1.6730146442873712,190.28243481730004,4.202618443304126,11.329208279628372,0.07092988122082251
2021,11,B,1,0,1,1,10.608015931360578,218.77883809911802,25.201568524201026,10.65878619824978,0.17146632336992573
2021,11,B,1,0,1,2,0.9164103884177601,90.97635846746111,2.593384830679779,4.6148616967358835,0.0379857762853414
2021,11,B,1,0,2,1,7.688004953605763,580.3359684563475,22.323440763197773,8.857869716528914,0.17445908353154518
2021,11,B,1,0,2,2,7.328412240703772,490.0422530174559,20.895092347066196,19.12850257715948,0.25082641880784723
2021,11,B,1,1,1,1,,,,,
2021,11,B,1,1,1,2,0.3422396820942752,63.519402153987514,2.5293916669824004,1.5498366430046753,0.018384776310850174
2021,11,B,1,1,2,1,8.391144445187434,371.6059599495142,24.567390495858866,12.489285550969948,0.2584545319909609
2021,11,B,1,1,2,2,8.591355725378856,160.49585141055832,23.34090207282058,18.99381185499056,0.14411245053776578
2021,11,B,1,2,1,1,,,,,
2021,11,B,1,2,2,1,9.103341499391608,635.7697864756336,27.340751802502197,17.904373254644696,0.11521714866049475
2021,11,B,1,2,2,2,8.793418087789682,331.946522751281,14.095421824449483,24.929779102423367,0.06829151649363188
2021,11,B,2,0,1,1,,,,,
2021,11,B,2,0,1,2,,,,,
2021,11,B,2,0,2,1,7.321383612405502,96.79584727662623,8.748042254127485,2.137513088848812,0.07713827875964048
2021,11,B,2,0,2,2,5.643518553762953,123.22632424391547,16.31124289556425,26.629756952378436,0.28759289295973983
2021,11,B,2,1,1,1,,,,,
2021,11,B,2,1,1,2,0.7728673883662108,98.93970605036839,6.568885556419237,2.5817789904056463,0.01065308875397166
2021,11,B,2,1,2,1,12.181453265791689,478.21024138621976,27.921280208991583,12.411530577215958,0.25338868042331053
2021,11,B,2,1,2,2,7.169615120921263,497.07286667950615,16.357986434367902,23.50859767535258,0.22320831788136525
2021,11,B,2,2,1,1,6.375028627386709,127.29406879348304,24.939964095152583,11.048112604005265,0.20525673467635605
2021,11,B,2,2,1,2,1.277741953604103,49.14392129246505,6.030348051315113,5.604386926328343,0.04347292490734893
2021,11,B,2,2,2,1,8.015207774391536,545.7574248213386,26.897373540455494,22.910856280894333,0.08463714539699682
2021,11,B,2,2,2,2,3.2277337121681215,145.3822698956101,17.43015725635314,33.67579914187783,0.0616228839393289
2021,11,B,3,0,1,1,,,,,
2021,11,B,3,0,2,1,,,,,
2021,11,B,3,1,1,1,,,,,
2021,11,B,3,1,1,2,,,,,
2021,11,B,3,1,2,1,2.2231437200505093,61.13645230138892,2.083914394834871,10.458816400530223,0.37934157490314735
2021,11,B,3,1,2,2,8.951808886104157,530.485728962932,32.13773110699997,12.892873682904572,0.12169064220390988
2021,11,B,3,2,1,1,10.93682058461235,,22.196647546870672,2.748241215759636,0.13623826353121196
2021,11,B,3,2,1,2,1.2805703807288225,37.017039995115944,10.632693958023994,2.2389122012709652,0.032180429611799656
2021,11,B,3,2,2,1,10.560611361722083,718.7989165051657,42.96686399028598,19.064384200650174,0.4366773412181282
2021,11,B,3,2,2,2,8.589955277337987,607.7975187663044,22.50529702581658,21.66760733590253,0.1612000469839232
2021,11,T,0,0,1,1,22.419910444364707,234.88559286029704,51.42592534717614,30.23367974301728,0.12154104258781623
2021,11,T,0,0,2,1,11.717763218383675,398.03456762076905,20.7065290982002,25.64472982331866,0.13165150285587524
2021,11,T,0,0,2,2,9.134187476911306,341.99670611768374,26.00255927587328,26.875769520024136,0.1434774417777899
2021,11,T,0,1,1,1,,,,,
2021,11,T,0,1,2,1,10.919605201959763,579.9219636698258,25.15220736067576,30.657815029940025,0.11791035025249763
2021,11,T,0,1,2,2,9.524882878545016,261.6574733215163,17.49383619906755,18.542078381361126,0.11804803615477906
2021,11,T,0,2,2,1,6.233146276159415,1378.3349642956894,30.055361602299847,39.74258308319931,0.06873077913133238
2021,11,T,0,2,2,2,7.324490132425597,324.9343043293522,24.755879148008862,8.834512829805613,0.05425496862039451
2021,11,T,1,0,1,1,,,,,
2021,11,T,1,0,2,1,10.721312774215857,306.45052288152317,27.82931236724969,17.300948387558826,0.1689337405536144
2021,11,T,1,0,2,2,10.950503318035238,464.8978725428338,24.004665304918777,31.86037353782803,0.15423626624912376
2021,11,T,1,1,1,1,0.6993286065934885,77.49183215023385,0.19346441533264072,7.588669975694028,0.03488157751593254
2021,11,T,1,1,2,1,12.278696198429753,291.6840010141438,29.51163938607371,23.61821981301149,0.22238104946668621
2021,11,T,1,1,2,2,9.682879172152255,195.8754283966811,15.894853894395665,19.09145792750674,0.1139906980543442
2021,11,T,1,2,1,1,,,,,
2021,11,T,1,2,2,1,6.9609148310918325,594.0863398169856,31.618258305930347,28.360326505751956,0.1154967380079463
2021,11,T,1,2,2,2,8.51272684485793,590.5869855872672,19.93523793385492,31.045292487939076,0.07809082963144567
2021,11,T,2,0,2,1,8.744474726934717,209.78515492045668,17.675462832035453,6.049988081186608,0.12459214782641813
2021,11,T,2,0,2,2,7.086166100226549,544.8925281321865,14.924592589839495,28.603241997731654,0.09693726316786641
2021,11,T,2,1,1,1,,,,,
2021,11,T,2,1,2,1,11.624051115395762,114.02128324717866,7.347339805898003,19.554443151356505,0.025893506908103447
2021,11,T,2,1,2,2,10.699946107340905,291.6368460717311,20.75202302607306,27.997855061748332,0.15158398235521678
2021,11,T,2,2,1,1,13.396063776348635,121.60114321008668,42.121238519563974,19.600298326122488,0.024845276210982196
2021,11,T,2,2,2,1,11.348105610384687,512.2026951098342,25.10468293003773,29.648689504629786,0.16343967674989793
2021,11,T,2,2,2,2,9.012053558059533,240.5452975953555,20.58930754087804,22.06250672180737,0.08271518067613541
2021,11,T,3,0,2,1,2.536177701450213,110.87312944682901,12.97476614445645,7.44453641202728,0.1003102312827561
2021,11,T,3,0,2,2,9.98571905272726,675.9295930462482,17.856297377906344,7.325415654361644,0.07784796866328626
2021,11,T,3,1,2,1,2.170377156164342,157.74464597359034,6.825742334232468,3.7219310046444085,0.045090362976287206
2021,11,T,3,1,2,2,2.831983683451121,256.0691224389748,18.2741984840193,9.497863425353444,0.10838074813668098
2021,11,T,3,2,1,1,,,,,
2021,11,T,3,2,2,1,9.81128052719589,568.4470621204171,26.038743456756254,8.694694486677875,0.18636627670173248
2021,11,T,3,2,2,2,5.892534836553789,695.322410432743,13.740127362734668,31.20182241265777,0.09333735013380234
2021,12,B,0,0,2,1,1.1791093248719602,178.4188964674611,4.956771659222024,8.357861266631952,0.27210065554251534
2021,12,B,0,0,2,2,7.112008856459547,120.34078326745362,20.992441727282067,13.921661187429219,0.16523647917454556
2021,12,B,0,1,2,1,2.0463670247538723,112.21077510649343,3.178515692111653,10.739877203916254,0.422036682351191
2021,12,B,0,1,2,2,6.8188488205924545,328.62659257524956,17.350766977081058,13.121165414096454,0.20353755951502736
2021,12,B,0,2,2,1,,,,,
2021,12,B,0,2,2,2,6.386035131441109,507.7095147030435,22.775623449260834,17.73585771625889,0.22490851266681763
2021,12,B,1,0,2,1,2.4356023895537606,107.13519916442024,7.788222246657663,19.54933022746645,0.3391821669840558
2021,12,B,1,0,2,2,8.449732796564243,79.15721971704997,30.905191066075503,3.114731218329012,0.14238534580496687
2021,12,B,1,1,2,1,13.68532357430154,639.75227661442,42.952824188909084,22.179344542689563,0.2268636353260113
2021,12,B,1,1,2,2,7.766718526293234,190.2062707299629,26.432951858176313,11.120579229285696,0.20086126671577736
2021,12,B,1,2,2,1,7.686491982692759,715.4262907525834,23.323449500033934,12.28532395201376,0.3147994368377003
2021,12,B,1,2,2,2,9.809833578572368,378.64600748446907,34.149890309718835,17.109353893379858,0.21636131166160136
2021,12,B,2,0,2,1,,,,,
2021,12,B,2,0,2,2,,,,,
2021,12,B,2,1,2,1,2.2940514379586188,100.94595435182153,12.71372621788488,10.947181053062627,0.3052707137935117
2021,12,B,2,1,2,2,,,,,
2021,12,B,2,2,2,1,4.225275888428258,597.7988593442893,15.017022839542241,18.564878561065246,0.05509410162016741
2021,12,B,2,2,2,2,0.6522954340889762,248.45454238820702,3.7125509522878426,2.1776870627648353,0.23683985876536923
2021,12,B,3,0,2,2,,,,,
2021,12,B,3,1,2,1,,,,,
2021,12,T,0,0,1,1,,,,,
2021,12,T,0,0,2,1,10.661895568383288,179.31368129621342,21.854318337203846,21.216381596677838,0.08871553553039312
2021,12,T,0,0,2,2,10.532312827674652,168.807322184427,19.88745817458143,24.29220856167884,0.08530389487455563
2021,12,T,0,1,1,1,,,,,
2021,12,T,0,1,2,1,12.863479952952082,379.5929525557607,32.91801835464887,29.562625998835085,0.09879340463816406
2021,12,T,0,1,2,2,8.28464182991637,231.2708373855208,29.85118281218839,9.87117304665923,0.18681047746758397
2021,12,T,0,2,1,1,17.30361004241601,396.1353609563276,29.240279615626115,58.56873544686619,0.0638800266123926
2021,12,T,0,2,2,1,0.9934850275671001,26.629641379485438,1.4956722635657864,0.5180688543041363,0.000784888527117107
2021,12,T,0,2,2,2,,,,,
2021,12,T,1,0,2,1,12.335477797799316,824.6915678300585,26.02711569123632,6.163991232959371,0.05262995772371473
2021,12,T,1,0,2,2,7.018198593656345,219.77623651493047,25.4712667188033,19.77300747075838,0.07747180512935005
2021,12,T,1,1,2,1,10.079100059033053,197.65755854507546,34.23610923286187,20.544068288559597,0.048988357800604024
2021,12,T,1,1,2,2,6.6984288730019905,222.8898419174818,21.787038794776127,26.404976237095916,0.11669065145360476
2021,12,T,1,2,1,1,,,,,
2021,12,T,1,2,2,1,22.216587958100124,274.6897712875383,60.60032393989326,37.14092510317965,0.023292097372284853
2021,12,T,1,2,2,2,6.7347927461306005,228.2379811366487,8.465549007731276,5.062118684039323,0.15845669324245445
2021,12,T,2,0,2,1,2.9790408691389305,19.721208127293043,7.516191530622405,3.1836068609361927,0.06949445445501408
2021,12,T,2,0,2,2,1.0927567585393219,223.99422901792212,16.138256789484213,7.241169154448287,0.01879258364355466
2021,12,T,2,1,2,1,,,,,
2021,12,T,2,1,2,2,1.4417907268393615,59.679812332144515,23.698400928754666,7.190780989920355,0.019494933957313103
2021,12,T,2,2,2,1,,,,,
2021,12,T,2,2,2,2,4.982760312651348,96.35947350070644,25.743177322139964,17.559002379786087,0.06750186886301739
2021,12,T,3,0,2,1,2.1821315267416947,70.5763278302291,5.708685176553357,5.894088574580469,0.08116878741240384
2021,12,T,3,0,2,2,8.617510342320433,53.485556928950686,22.087328838499236,20.99903846924455,0.03932927916959585
2021,12,T,3,1,2,1,7.853127911857793,742.7166786871021,13.011684012648018,0.5037428709172969,0.03944241625458558
2021,12,T,3,1,2,2,,,,,
2021,12,T,3,2,2,2,,,,,
2022,1,B,0,0,1,1,8.317159556850541,190.2956484740607,22.243727593630386,18.6814523432042,0.15445852622264006
2022,1,B,0,0,1,2,9.422190423599556,293.6535834627215,24.044277752482127,19.71163318885587,0.14806718091890766
2022,1,B,0,0,2,1,8.973615031697987,295.5996444492556,22.961013835297226,18.991654567973114,0.1439407873173313
2022,1,B,0,0,2,2,9.828824746179555,220.69985949593527,25.553983722464803,23.0584405374148,0.1475666796326368
2022,1,B,0,1,1,1,10.68609970345145,210.6108858749198,29.231742652128688,22.03529588803728,0.1722591464268217
2022,1,B,0,1,1,2,9.854235129406726,337.9084554611449,26.532803643917937,22.02814664286253,0.154671057649947
2022,1,B,0,1,2,1,10.707172721740104,387.1263801626888,26.97314396049238,23.229385255413803,0.15152405889448758
2022,1,B,0,1,2,2,11.143706198967816,295.41623619842323,28.323950546507618,25.763595072694926,0.1556723298631086
2022,1,B,0,2,1,1,9.294310748501028,261.00096359998884,27.831667296718102,22.77892774798964,0.17814021025402282
2022,1,B,0,2,1,2,9.339632480427676,344.13348927317594,25.76713066992941,22.16389440856478,0.16357996431138494
2022,1,B,0,2,2,1,10.058121427268963,427.8251977442144,26.978877353726062,24.494565911628793,0.14929374771455048
2022,1,B,0,2,2,2,10.608868565409395,313.1321372762062,27.75332049373555,25.296843688366796,0.15264570414972592
2022,1,B,1,0,1,1,7.793497856430795,203.0074504186419,21.443364596274872,18.056039559143073,0.14659643133471761
2022,1,B,1,0,1,2,7.893856089683298,287.86212726102957,20.735084708758738,18.287033212011213,0.14132296655447174
2022,1,B,1,0,2,1,8.243394093555462,306.8422277609759,20.855668396307824,19.07252521761086,0.14744781690342865
2022,1,B,1,0,2,2,8.540108980184543,268.2889780689164,22.926525920326934,22.03190279473363,0.1493965122513338
2022,1,B,1,1,1,1,9.428929696024998,223.75916511954682,28.096909789207526,21.88655773939106,0.1704290131622439
2022,1,B,1,1,1,2,8.943986589942913,306.2493299409571,23.869480755793614,20.25272190428699,0.15909415949315797
2022,1,B,1,1,2,1,9.867803498121974,370.4173632048643,24.753683487391942,22.94375698789194,0.15027958631008692
2022,1,B,1,1,2,2,9.923104038623379,272.5812225922047,25.98802231347194,24.17045503086368,0.14854208573201597
2022,1,B,1,2,1,1,9.588396416401093,258.179182109977,30.138212027151727,23.54467010765613,0.18409197062860994
2022,1,B,1,2,1,2,9.297554595556973,360.9328135808224,24.76252691985831,21.05399408414804,0.16023041351836995
2022,1,B,1,2,2,1,9.779148696020888,429.13781839796803,25.993712587272814,23.853799839402885,0.15085206148597285
2022,1,B,1,2,2,2,10.167121416930572,352.5717073964312,29.15764554605559,25.16283614437455,0.14966131561825097
2022,1,B,2,0,1,1,7.852864919095142,177.20059496964512,18.237341782501495,16.553281225869064,0.11497063153213789
2022,1,B,2,0,1,2,7.115815999163536,235.49669843713033,14.043595421786565,15.60305779519336,0.1343695612881233
2022,1,B,2,0,2,1,7.147562656957894,256.89048465883724,17.313177081389487,16.238750794526272,0.14162758110231044
2022,1,B,2,0,2,2,7.539193463260059,264.1239516727347,20.548359694841164,19.26392960859811,0.14057146825516112
2022,1,B,2,1,1,1,7.246259094838914,182.09321185486354,20.959455418236615,18.731394402267625,0.15434325948556715
2022,1,B,2,1,1,2,8.453702176100593,291.36393646862354,19.043358026869708,19.948397473826418,0.1327137211745112
2022,1,B,2,1,2,1,8.694829918689543,316.28019286635697,21.806491874961058,19.331099612506218,0.14414201296818377
2022,1,B,2,1,2,2,8.89113030337249,250.80239510941246,22.668011256039296,23.05644012463346,0.15105423549126717
2022,1,B,2,2,1,1,8.749193842325132,224.79349808398965,25.708927028664963,20.680654908165685,0.15892770811156376
2022,1,B,2,2,1,2,9.986509144355157,397.34345189340917,26.355868859344444,22.15124805810999,0.1566466325474724
2022,1,B,2,2,2,1,9.985465426657669,396.2830197729326,24.80036844596302,23.452747943287147,0.1401413644471654
2022,1,B,2,2,2,2,10.0056554128006,346.18423376126344,26.592518124821506,24.092850886316324,0.1527068138534766
2022,1,B,3,0,1,1,4.815478017554372,147.692751771005,10.172583394904393,10.225249337596022,0.1123912590808848
2022,1,B,3,0,1,2,7.276817169222114,210.98435629132288,12.204480735043601,11.301723253068143,0.1194233438992027
2022,1,B,3,0,2,1,5.772972781735204,171.93774847163672,14.775319847600128,13.38908279096674,0.1356631694421195
2022,1,B,3,0,2,2,6.638896953584687,186.78777381878666,22.26276774869616,15.751066201131378,0.13801057755297497
2022,1,B,3,1,1,1,7.626270657726282,195.07396678114793,20.535630613113756,17.43325830650854,0.1303838227934945
2022,1,B,3,1,1,2,7.0418811510228885,209.53500387317237,15.764438019225695,18.08669080380119,0.11399893250245535
2022,1,B,3,1,2,1,7.777160803253897,222.45929975845942,20.90015943774204,16.87698860322259,0.15396764000931248
2022,1,B,3,1,2,2,7.828945934244527,274.8525226068681,19.842933258546296,21.718985892502992,0.1488707850276025
2022,1,B,3,2,1,1,7.635905935004833,194.45858815957627,20.457241818153083,18.07163866460445,0.13260791163079932
2022,1,B,3,2,1,2,8.893616014081676,329.12109925297415,22.167238872725317,18.098931890265956,0.14750406171626002
2022,1,B,3,2,2,1,8.290056161831412,337.04098305650825,21.63023169039662,21.45697774734889,0.14141550357687854
2022,1,B,3,2,2,2,9.37970355200707,281.89356554300235,23.048417822151507,22.602029946318275,0.15157102401360273
2022,1,T,0,0,1,1,7.514447748518225,194.52519784457766,21.16796348532995,18.31070056250681,0.16074116990135062
2022,1,T,0,0,1,2,7.91629150306174,275.19053707281034,21.263448697301442,18.346637277927623,0.14777563194330368
2022,1,T,0,0,2,1,9.1012737211309,256.61244589813504,22.240504468658283,18.991826225709833,0.13925427187955547
2022,1,T,0,0,2,2,9.455528848581297,221.41049634334865,23.76917751014414,21.07070550951258,0.1412800999384057
2022,1,T,0,1,1,1,9.410935129139697,208.186138265302,26.45155010647642,21.340471797375436,0.1695636616831437
2022,1,T,0,1,1,2,8.869068284552542,317.086014849719,24.93960250037242,21.61815806548631,0.14700567066723058
2022,1,T,0,1,2,1,10.53936429559741,356.3865458034708,26.259571796000596,23.251332450717303,0.14871555744560555
2022,1,T,0,1,2,2,11.156617352297793,279.15133763457624,27.52156814130455,24.78387873595747,0.1390966517662663
2022,1,T,0,2,1,1,10.00712965287233,310.2859966388823,29.430710839119623,24.87104741974293,0.16938627455424843
2022,1,T,0,2,1,2,8.312059554068286,389.5490185674296,24.494081807139462,21.868360711136503,0.15679385281599012
2022,1,T,0,2,2,1,9.96291475765694,419.4611108092085,25.299845129200367,22.389745329481194,0.13827148995321992
2022,1,T,0,2,2,2,10.165377626741936,346.5762180835811,26.25202859829147,25.070999721698342,0.1401604040124719
2022,1,T,1,0,1,1,7.202565589340241,191.44603344935294,19.126750640535974,18.61962035654805,0.13978270179673577
2022,1,T,1,0,1,2,7.754108117933739,286.33541203539045,20.458914707968546,18.900211384471067,0.16057442338511851
2022,1,T,1,0,2,1,8.32503902600907,284.3533358119873,20.130994654144725,18.647490459302876,0.135518129717654
2022,1,T,1,0,2,2,8.53137755689545,242.10361901466547,22.542122007646302,21.078294421897226,0.14239637024678306
2022,1,T,1,1,1,1,8.68171472038319,219.8460306893489,25.954210551845474,22.160054065087266,0.1574406304358824
2022,1,T,1,1,1,2,8.583442545215219,303.33212845224114,24.342015704038804,21.118620906831914,0.15404936703221533
2022,1,T,1,1,2,1,9.958236835033915,342.88594587881414,24.868249345213883,22.856255068889805,0.14319208597808133
2022,1,T,1,1,2,2,10.031496532877453,268.5215970960467,25.567204882161377,23.096821728007587,0.1457062486547048
2022,1,T,1,2,1,1,9.832849136473648,274.51691527461867,29.256479469266235,22.79468365201216,0.168892032343289
2022,1,T,1,2,1,2,8.758151635639356,372.28377184396396,27.201494712197512,24.351590035180717,0.16442046934382598
2022,1,T,1,2,2,1,9.993500672207588,419.2041586942705,26.093025131097335,23.8143254664311,0.14639795194284688
2022,1,T,1,2,2,2,9.983785185645228,339.74162942603874,27.36828981222224,24.03401874504437,0.1424297019625952
2022,1,T,2,0,1,1,5.535152905364562,198.12815143330425,12.965867735655547,17.35518449996168,0.13797362251016163
2022,1,T,2,0,1,2,7.070353924694699,258.5268706341422,13.944706322398744,16.11353197114564,0.14562717940849898
2022,1,T,2,0,2,1,7.536170683441697,241.4033128077493,17.454547336259953,17.324696144464745,0.13473969142238867
2022,1,T,2,0,2,2,7.591195635952388,250.67656087633273,20.162737290661518,18.27878752490461,0.133440485322714
2022,1,T,2,1,1,1,6.679293920345097,169.19251299193897,18.819484531788667,18.144905809089327,0.13834684017335694
2022,1,T,2,1,1,2,7.47718430586361,281.15681671321846,20.084708157532212,19.138001007988695,0.1570830365802092
2022,1,T,2,1,2,1,8.339025638311833,290.3160160105567,20.502808189052203,19.43127469351095,0.13374523048985631
2022,1,T,2,1,2,2,8.715946679895376,250.62637303508137,21.79541110966465,21.38291130859621,0.14704782212450493
2022,1,T,2,2,1,1,8.707460172183232,261.02045068482204,25.9560344440793,19.600330816368654,0.15979553468185834
2022,1,T,2,2,1,2,8.180359942517129,372.5013558623589,24.493848567759663,23.31626898698274,0.175361620005911
2022,1,T,2,2,2,1,10.107246357622195,391.0417048775073,25.478339839401087,25.031732249461513,0.13907220335713394
2022,1,T,2,2,2,2,9.693093618815501,281.580350206801,25.06901756436804,23.148355139326355,0.14100259652713357
2022,1,T,3,0,1,1,4.562279267350966,174.34060114156975,9.028485701955711,12.843026690971252,0.14171899571877059
2022,1,T,3,0,1,2,5.092676317680776,160.71450872276577,8.790209829220291,12.518493831457631,0.1434757533150928
2022,1,T,3,0,2,1,6.03883924080294,171.95975924691265,14.010260868502666,12.86586771170626,0.14570413869843726
2022,1,T,3,0,2,2,6.778173821825383,166.43956271871178,16.904105419742958,17.19215583579671,0.1293130543161341
2022,1,T,3,1,1,1,5.595449900169431,146.0693267447805,18.464213530209367,14.95971666338016,0.12901138041574287
2022,1,T,3,1,1,2,7.215160105426535,231.13768783986563,21.933961417678947,19.39482847596961,0.14512366284627182
2022,1,T,3,1,2,1,7.244493730384101,246.72699282641977,16.68491387675808,15.837645639580863,0.13894171551715304
2022,1,T,3,1,2,2,6.323348611389149,230.26445940535643,15.820696029884793,17.92233589094527,0.13809516408899275
2022,1,T,3,2,1,1,6.53587527400903,173.1178573616159,20.541241264851305,18.093962656016032,0.12906800945919805
2022,1,T,3,2,1,2,7.323733913507124,338.6805290680248,22.417596266941096,20.690374603994297,0.14032390741157932
2022,1,T,3,2,2,1,8.610057490122285,284.6940376400079,21.037140102723995,20.953879518892705,0.13800913296912679
2022,1,T,3,2,2,2,8.946542313780778,276.953948082158,19.89219203362593,21.472350306365797,0.1435470302267837
2022,2,B,0,0,1,1,9.24604672879819,201.44396091110087,25.197760678095474,20.20958684732179,0.16324804713995086
2022,2,B,0,0,1,2,9.116669240751376,264.7073904346462,23.736454001835018,19.550954454601694,0.15150085407844405
2022,2,B,0,0,2,1,10.050065455719848,308.64853554050353,24.84038569417626,22.27655730756191,0.14345805279078042
2022,2,B,0,0,2,2,9.86580183329022,229.6651411698641,25.015957158611158,23.209943447461768,0.15081946756393663
2022,2,B,0,1,1,1,11.003244332342504,256.68163250832947,31.4315677289903,22.592041624998753,0.17127661980472336
2022,2,B,0,1,1,2,9.95601696201487,341.43868129528084,26.631700731357295,22.777324479502646,0.15964918510041945
2022,2,B,0,1,2,1,10.516360454277704,406.9766339997866,28.47693932837161,25.162395629952627,0.14856871007637162
2022,2,B,0,1,2,2,10.591222511313946,307.27272791746543,28.29266500274841,24.923934124921963,0.15796372406389084
2022,2,B,0,2,1,1,9.691176174406461,235.8876069838632,32.40760976486199,21.964203363792752,0.158847209479383
2022,2,B,0,2,1,2,9.309555079023767,344.8029266488807,26.70254545892412,21.247055944764284,0.1663562734361137
2022,2,B,0,2,2,1,9.720798884794224,466.28158026839264,27.149030068137424,24.591526475241224,0.15226937381060382
2022,2,B,0,2,2,2,9.451253592882471,336.85160524782634,27.621539788904137,24.74052801093282,0.15418474015707473
2022,2,B,1,0,1,1,8.144677440257544,200.97768635196275,23.877796941055465,19.140509215143254,0.15069712179632533
2022,2,B,1,0,1,2,7.706257090350441,279.1847767219949,19.180024753875728,17.928969851924556,0.14851363593642844
2022,2,B,1,0,2,1,8.915583887585964,306.95807412337837,20.62623814219486,20.717894889909388,0.13972888891924223
2022,2,B,1,0,2,2,8.387493725094075,263.7861550855613,21.33724215672282,21.181390602214474,0.14515965349311669
2022,2,B,1,1,1,1,9.037499361646047,272.38838968647343,29.153608550876733,21.001920487803382,0.1765217302383036
2022,2,B,1,1,1,2,8.742757262623591,326.57042915006014,23.932935233839373,21.983016298586413,0.1588060010865187
2022,2,B,1,1,2,1,9.515038950124723,388.0822871343553,24.75085466962464,23.07116937668237,0.14283614311627182
2022,2,B,1,1,2,2,9.748879223654102,307.3255959671488,24.426532180652504,23.88991061147055,0.15358533025550397
2022,2,B,1,2,1,1,9.178921574480071,231.2481301900739,28.89966466052349,22.69850611070165,0.17721677531531888
2022,2,B,1,2,1,2,9.262081625459974,374.3055941190316,26.69961911092046,22.92220311580169,0.17885969244371422
2022,2,B,1,2,2,1,10.338460351092865,424.71315816484224,27.833888348680677,25.169351002132302,0.14247675368981697
2022,2,B,1,2,2,2,10.348684127151158,374.8980396850391,27.39523392945857,25.139758791740487,0.15240727000542464
2022,2,B,2,0,1,1,5.739010768623443,156.4093339122404,15.769741736522878,16.42253630061979,0.1416937123898503
2022,2,B,2,0,1,2,5.97065240922784,216.37541630509233,14.70135378147801,12.898327659780769,0.14392229379151833
2022,2,B,2,0,2,1,7.367880313525104,272.90117303351485,19.108087036373682,18.920448672641456,0.13981516348365042
2022,2,B,2,0,2,2,8.153037797346832,211.62948219695508,20.333214110316714,20.707877607313442,0.1514589241313428
2022,2,B,2,1,1,1,6.258881268532189,211.60253938509254,17.241329372367776,15.795442733643625,0.15872807925433446
2022,2,B,2,1,1,2,7.254945045680944,253.1460988574199,18.652355317144234,17.201353430742486,0.14018667640045415
2022,2,B,2,1,2,1,8.515646145952,338.0286701724385,21.739109787827612,19.855321136890822,0.1411355652504593
2022,2,B,2,1,2,2,7.932041665329346,286.80005807602095,20.405229813100313,21.06892540324744,0.15043806667236068
2022,2,B,2,2,1,1,8.661005050223999,207.97168885471135,26.806760912582238,21.623550982764836,0.17934632183899113
2022,2,B,2,2,1,2,9.008530905040214,360.97473650047914,25.17385141324565,22.29300494081301,0.15616498629846118
2022,2,B,2,2,2,1,9.93670735084734,435.6333177000457,27.894790980067107,25.24899298240228,0.14794912669978746
2022,2,B,2,2,2,2,9.664025816662793,361.079857809391,26.826614925551585,24.15537486388175,0.14905591248309896
2022,2,B,3,0,1,1,3.955378667081066,101.29456586074438,13.062588082911953,14.010831805295917,0.11325325502312654
2022,2,B,3,0,1,2,5.796341524854395,175.37061951145267,17.661583501215574,11.996643224216523,0.1311377692311233
2022,2,B,3,0,2,1,5.752251805485727,185.59630968036805,14.713690413395419,12.965001450209066,0.13831701483960687
2022,2,B,3,0,2,2,5.1300568428394975,154.40655239167634,13.715895873140228,13.981014759806017,0.16140816333136473
2022,2,B,3,1,1,1,7.0500553893208835,192.39235467303965,17.785396193949424,14.964081972447328,0.1262048658495943
2022,2,B,3,1,1,2,6.5355968302200385,214.8922474797797,18.195716641348035,15.412147355764487,0.14057313136957714
2022,2,B,3,1,2,1,6.906909961714751,282.75789203126357,20.62883623753941,16.575196492320416,0.15064966769060828
2022,2,B,3,1,2,2,7.540083819178564,331.252454175277,20.390511999115464,20.930896481899676,0.16038298563337014
2022,2,B,3,2,1,1,8.429180204051615,194.6407729544644,22.94065141264079,17.68407650647478,0.16358712674534084
2022,2,B,3,2,1,2,7.935975534317618,245.44979421004552,18.593417452097526,17.673991443285978,0.1322124623129022
2022,2,B,3,2,2,1,9.492044366194527,370.9228485165262,23.67652646112274,21.381982371693113,0.14150221074380712
2022,2,B,3,2,2,2,8.646530576769187,323.58779055981637,22.74783466767528,21.009527148526665,0.14738716591042145
2022,2,T,0,0,1,1,9.017793162523208,202.04046905514704,26.770230122156978,20.830291795352245,0.17330863933244775
2022,2,T,0,0,1,2,8.306483549644126,302.19293362271634,22.73947881693861,19.291976301485388,0.1616036459240952
2022,2,T,0,0,2,1,9.752752685181903,283.84953530158583,24.01361653108047,21.436309626362437,0.1404462182042711
2022,2,T,0,0,2,2,10.114040318380788,212.9120598412778,24.79692017730671,22.304001148439863,0.1442326227962354
2022,2,T,0,1,1,1,10.48064862470351,213.3018291035996,29.695665915832677,23.65470745044804,0.16131630742603656
2022,2,T,0,1,1,2,9.844459183203526,333.3585213390312,28.64295899962874,23.58829928638275,0.16555663430663586
2022,2,T,0,1,2,1,10.001215606017485,379.2356020040644,27.20157775674778,23.59995750135754,0.14401045413831692
2022,2,T,0,1,2,2,10.380393888579588,286.7364073768502,27.548750335177427,24.16488822131554,0.15042970248195697
2022,2,T,0,2,1,1,9.24877868866393,273.8613868218489,31.42921920546168,24.467393166781463,0.18714693370966815
2022,2,T,0,2,1,2,9.709221164178176,353.0392446611495,29.448030635686195,25.263399558668723,0.16198841097605493
2022,2,T,0,2,2,1,9.443060272454117,427.0668723098082,26.757017173607455,24.964798483646867,0.14970719737926888
2022,2,T,0,2,2,2,10.358965242653172,373.65146561408017,27.081940407162556,24.740393988444314,0.14583314795603983
2022,2,T,1,0,1,1,7.557953916598816,200.40356883794297,22.027656790490006,19.38390569415431,0.16896706636598377
2022,2,T,1,0,1,2,7.084644416121433,302.7763315733437,18.6588814284953,17.531113297471045,0.16277970754848278
2022,2,T,1,0,2,1,8.513054036562794,282.1476910691008,20.825907954351603,19.938308969540127,0.13851126372802527
2022,2,T,1,0,2,2,8.878098447408755,235.99221866638666,21.22989399800022,21.059277949327004,0.1441548670467717
2022,2,T,1,1,1,1,8.980501224410398,232.75833136144888,27.774518952092468,23.172608514512,0.18767003153460293
2022,2,T,1,1,1,2,8.762935603974704,332.5134077525353,24.571151609574944,21.16813053173233,0.1702810833541824
2022,2,T,1,1,2,1,9.46076707675803,372.638872805813,24.4262644510438,22.556455648771003,0.1435725365407886
2022,2,T,1,1,2,2,10.10986379519936,286.3374241875501,25.131573762552737,23.499821580018978,0.1424791226821392
2022,2,T,1,2,1,1,9.650984226083514,283.17498424423695,28.30012626989909,21.330637388876124,0.1704952187448189
2022,2,T,1,2,1,2,8.903813886973394,386.17697926660566,27.656193631342415,24.972119396162224,0.1698195282794961
2022,2,T,1,2,2,1,10.019616789479052,436.03409091964977,26.679540171631956,24.658219179978687,0.14460451072253971
2022,2,T,1,2,2,2,10.177044508204538,381.609258965658,27.092015916869833,24.673982364801887,0.1466420015543245
2022,2,T,2,0,1,1,6.384760785616539,173.43388161126225,15.47228921376941,16.239749810361346,0.1364217711508717
2022,2,T,2,0,1,2,6.49643646278693,255.45946634691612,15.632052609187125,15.543030601447807,0.14778492681430197
2022,2,T,2,0,2,1,6.929164747520947,251.7967389356563,18.034814149002695,18.613632504567477,0.13814582220561408
2022,2,T,2,0,2,2,8.195082816193356,235.7962365270973,19.20391405793905,18.44709619540908,0.14183106288954336
2022,2,T,2,1,1,1,6.869070404480518,218.7843973764616,23.402449438545148,20.44851973545824,0.18541684639629522
2022,2,T,2,1,1,2,6.782575807076819,266.9396956793176,16.24933724629145,16.85884917741714,0.15616799284915073
2022,2,T,2,1,2,1,8.3488952900472,341.65463227150855,20.435756276195793,20.844717403171217,0.13968427527003366
2022,2,T,2,1,2,2,8.837429139554292,271.05208874315406,20.398263952566236,21.993199244232763,0.1430062303011559
2022,2,T,2,2,1,1,9.035879037706847,262.279089076577,28.253287945536776,22.627019860794118,0.18603441367374504
2022,2,T,2,2,1,2,8.510717617608208,358.2675836479666,27.591595324604057,23.474472815075295,0.17922067921924684
2022,2,T,2,2,2,1,9.726172735328447,394.16392752938384,23.97609877096897,23.585763183261886,0.1316031846526037
2022,2,T,2,2,2,2,10.072741664358498,328.599630861199,26.030438130719492,24.604837097060827,0.14391892963642813
2022,2,T,3,0,1,1,5.08884337839401,144.89277313390332,9.769483653934989,12.820637988301362,0.12401396811536708
2022,2,T,3,0,1,2,4.938143008955281,156.4663705305635,12.509293238987455,13.25017589975867,0.13791020400586534
2022,2,T,3,0,2,1,6.1823095497481795,183.79338808520157,13.111599840203816,12.190521481452437,0.12471661789429506
2022,2,T,3,0,2,2,6.554824658101608,222.55188122423846,14.843598326305742,11.272937167211621,0.14505240261467622
2022,2,T,3,1,1,1,6.528272009766249,176.65201460718853,13.004661926138361,16.850556417937323,0.12157787361586674
2022,2,T,3,1,1,2,5.874678280112783,252.080180516209,12.884416588624179,15.65712550756258,0.14210657276172156
2022,2,T,3,1,2,1,8.024255271014631,214.27351956535674,15.871691229587444,17.619292033671332,0.13455711823871264
2022,2,T,3,1,2,2,6.348556743895956,238.39042186528354,17.477674681611948,18.636034239350373,0.14585668849234348
2022,2,T,3,2,1,1,8.239715824152062,198.29071749055683,24.43224518093234,21.263556968373674,0.17351032418579643
2022,2,T,3,2,1,2,7.781940836449157,290.5442326806617,20.771722082400053,18.689116826614818,0.15811756518719708
2022,2,T,3,2,2,1,8.59512879394463,318.78474638052603,20.946034788929044,21.334066271879546,0.13709180297687293
2022,2,T,3,2,2,2,8.33980472992336,282.42697077494216,20.91543450387406,22.190225252989936,0.1356468217784051
2022,3,B,0,0,1,1,9.145878246469087,198.55351950370564,25.09682053352458,20.202452876685623,0.16042367820903536
2022,3,B,0,0,1,2,9.216515605919135,314.01414664124445,24.493599847353337,20.526547757178715,0.16065683341345738
2022,3,B,0,0,2,1,10.045906086914037,320.01451260572077,24.82534890385344,22.164013117272383,0.14739390495182111
2022,3,B,0,0,2,2,10.329047690255832,251.82031361779264,26.27927994367907,23.67146743625208,0.1508606371195315
2022,3,B,0,1,1,1,10.834739294841693,215.84137897609824,31.709688061813242,24.080101090174743,0.15861515861125072
2022,3,B,0,1,1,2,9.885646674588639,344.5540145813262,28.178615049693104,23.86511168446752,0.15719542122990063
2022,3,B,0,1,2,1,10.186196149257187,388.20371305782476,27.11799129991125,25.56985840881942,0.15356769850732338
2022,3,B,0,1,2,2,10.458360674443632,304.11400646170927,28.074172451211222,25.19148669115284,0.15072117615850245
2022,3,B,0,2,1,1,8.949670758650468,238.92323302855857,30.274441464723285,21.57726937039944,0.16904082957796635
2022,3,B,0,2,1,2,8.89165175561519,410.7802317456352,25.70305362038736,23.13779801396153,0.18634814628434454
2022,3,B,0,2,2,1,9.695323417809268,472.51268967020377,28.626010392301087,25.805362174769673,0.15593241680066613
2022,3,B,0,2,2,2,10.366052668924485,358.84640749523436,27.85878936160808,25.00341984703066,0.14533864583832806
2022,3,B,1,0,1,1,8.472099483667538,201.80283871720698,23.615450268956913,18.800008971780063,0.15267158717040738
2022,3,B,1,0,1,2,7.792447859900248,311.4704174108902,19.885632142578203,18.20202837892857,0.15478260388546386
2022,3,B,1,0,2,1,8.935672716433508,310.8263167794187,21.967912826539497,21.071225921412832,0.15074872059850725
2022,3,B,1,0,2,2,9.144970901750778,248.83631948164003,22.378428124288373,22.29205227947852,0.14826271770223506
2022,3,B,1,1,1,1,8.77880248607902,229.27319724391972,27.379857090207274,20.966648513208913,0.16094165009032305
2022,3,B,1,1,1,2,9.288543946616006,337.57423598672926,24.64240231336341,21.695881367833966,0.15076680242535542
2022,3,B,1,1,2,1,9.883933651990889,373.6450093024183,24.974719582708985,23.902211730983666,0.15253237071926778
2022,3,B,1,1,2,2,9.426837878376302,332.5994181458514,24.5340587909783,22.804152385983915,0.15350341937038495
2022,3,B,1,2,1,1,10.394038381294756,252.5416903692568,31.894167345713704,23.93349920216463,0.1690974275027943
2022,3,B,1,2,1,2,9.746871939330047,349.72027078776074,29.82287649803751,24.22075058079516,0.17717559002144814
2022,3,B,1,2,2,1,10.351717570077902,437.6651746648915,27.981126054325767,24.55191620652574,0.153259583145575
2022,3,B,1,2,2,2,9.66769095559207,376.2892583233225,27.40641964439932,24.910330404849695,0.14284451406057463
2022,3,B,2,0,1,1,7.07824460979817,160.02370546347674,20.07245990044012,18.390276003501135,0.15304395028682558
2022,3,B,2,0,1,2,7.448845293633206,254.21067829645796,20.19855600008173,16.93501658246623,0.15605063992840812
2022,3,B,2,0,2,1,7.781209736426762,301.1814981861843,19.83088035135361,18.850619738951707,0.14144177917660464
2022,3,B,2,0,2,2,7.86208331453799,193.91325342222464,17.717744512193246,19.057051536481616,0.13611421983265637
2022,3,B,2,1,1,1,8.168666265064326,189.36436911193132,22.065886085793117,19.42509813023194,0.1686640476960238
2022,3,B,2,1,1,2,8.579457385327906,307.7398738029634,22.027029278221892,19.139905650210682,0.14912559923339472
2022,3,B,2,1,2,1,8.349448168374431,357.35803644148905,19.64378909838055,19.64281924382986,0.14087641477125634
2022,3,B,2,1,2,2,8.928457866534083,249.68324235932687,21.985553025447327,22.12377894737744,0.14811382494480624
2022,3,B,2,2,1,1,9.554138173964391,266.9571858433827,30.59175492546992,21.84667832468773,0.1594794432763826
2022,3,B,2,2,1,2,8.769664181563254,335.6547533379663,25.242616087495144,21.387985541545852,0.1717643109916536
2022,3,B,2,2,2,1,10.065165467792987,403.3245706641785,26.047136341487086,24.69403875339537,0.1537209482182117
2022,3,B,2,2,2,2,9.992170450207821,341.133766787007,26.68942563291161,25.42475186624554,0.14937844951142806
2022,3,B,3,0,1,1,7.157903161079973,181.19786997911245,15.413430128882448,14.617844430512768,0.11917521052053726
2022,3,B,3,0,1,2,6.120965449866676,189.63508240180252,18.471003719943155,17.20468218735997,0.1446898581938411
2022,3,B,3,0,2,1,6.1187280636678985,233.31467890055524,20.79127392028997,14.233274425524698,0.1360501547082698
2022,3,B,3,0,2,2,6.933659059219376,180.21269365402765,18.19345942198221,16.94220600622432,0.1156635369422006
2022,3,B,3,1,1,1,7.307749251741023,153.45787428294364,19.031171404748406,17.079850762758976,0.12287851187043483
2022,3,B,3,1,1,2,6.8145727784425665,199.74896478707475,14.998022801518566,16.19519109908096,0.1343124554792122
2022,3,B,3,1,2,1,7.587358171521422,268.7917792089798,21.70020900463172,18.373469492847036,0.13835978373100385
2022,3,B,3,1,2,2,7.089931386096037,212.7363704392475,19.580237625541237,18.684360804936443,0.1463690460542655
2022,3,B,3,2,1,1,8.153260042040326,149.49474218554053,20.654968363164052,19.46187683103027,0.1359379668719626
2022,3,B,3,2,1,2,8.264885940520479,253.24106089281486,17.10291485365309,20.0736187188341,0.1636775887846908
2022,3,B,3,2,2,1,9.373799301445615,375.6867849566031,21.38032255419199,23.17955209025473,0.14376512502784553
2022,3,B,3,2,2,2,9.156478729591889,305.6762094084942,22.441657266676852,23.112097059253692,0.152218833376098
2022,3,T,0,0,1,1,9.05706020116706,197.6098482549187,26.280975060432045,20.853322508286432,0.15679211740530818
2022,3,T,0,0,1,2,8.495359178769183,296.1844994636126,22.492789475498107,20.581613499379174,0.16601134231581458
2022,3,T,0,0,2,1,9.895633432646417,313.4500493165305,24.44620926333486,21.887755621617547,0.1410103365043427
2022,3,T,0,0,2,2,10.284390759537711,238.80053012218394,24.71854334425811,22.47673798721306,0.14108306453574296
2022,3,T,0,1,1,1,9.992834188431257,221.9524659786006,28.540348470475383,22.26110410907595,0.16783089150740674
2022,3,T,0,1,1,2,8.921712899285627,310.977363656734,25.359467137192034,22.80817728757796,0.15321062353493967
2022,3,T,0,1,2,1,10.3753304538177,388.3387457653442,26.73303872168179,24.569986996225254,0.14942693329852502
2022,3,T,0,1,2,2,10.472760838173294,277.288634183686,27.51524644480559,24.19368064112635,0.15199326700048207
2022,3,T,0,2,1,1,9.229223330784189,263.02731472690004,29.006597970437998,21.16444087256191,0.16053583547417943
2022,3,T,0,2,1,2,8.708331053148283,384.83729067282223,27.475055235814917,23.96190180693618,0.18395398375485006
2022,3,T,0,2,2,1,10.011872513654817,382.3028780644622,25.871265196279992,23.70985895098006,0.14757788919820922
2022,3,T,0,2,2,2,10.683642723106553,405.1870176606209,27.786391159624483,24.79623061573152,0.14614687392078426
2022,3,T,1,0,1,1,7.224272272144019,164.29830708251566,23.085306066477795,18.83422341656614,0.15020003091225612
2022,3,T,1,0,1,2,7.752891115928255,287.2354621694733,21.19498277517869,20.142436342785466,0.162136229418458
2022,3,T,1,0,2,1,8.787728938257336,325.034571065438,21.507831631034314,20.08415435656899,0.13744680722564645
2022,3,T,1,0,2,2,8.522321980631446,250.93663238483188,21.81923925285656,21.04821835896952,0.137166298293306
2022,3,T,1,1,1,1,9.070536915991017,230.71964855220855,29.048699811957146,21.032806923162553,0.17914742182793164
2022,3,T,1,1,1,2,9.061595768044281,333.77272311825163,27.29968955748906,23.661576584429895,0.16127445340111113
2022,3,T,1,1,2,1,10.160342407364595,374.1064272435884,24.9391567446463,23.305116122608574,0.1387314688636722
2022,3,T,1,1,2,2,9.933340386144266,299.22199400042524,26.05946678757828,24.30801807127071,0.14309423766052412
2022,3,T,1,2,1,1,8.71578832804666,270.57931890432354,28.641021284568463,22.437623676963778,0.15810079874965813
2022,3,T,1,2,1,2,9.762760308538219,356.84753619506904,28.42517126585675,26.190000968983835,0.17981547340937545
2022,3,T,1,2,2,1,10.01963579268536,433.5291403236478,26.48508380657786,24.432340322827205,0.1483770849157784
2022,3,T,1,2,2,2,10.255379237280394,362.8033957146716,27.211829351856363,24.21111205360478,0.14371941579322237
2022,3,T,2,0,1,1,5.2828275448464135,179.74315522705803,15.439487327849672,16.28234444774059,0.1345491146756259
2022,3,T,2,0,1,2,6.652303079310177,277.3685206109374,17.79999675487349,16.145461268482617,0.15118726519464534
2022,3,T,2,0,2,1,7.677382321442268,239.86456665349118,18.401716734292975,18.556573942156096,0.13289745854260324
2022,3,T,2,0,2,2,7.585912160691434,233.37773417277222,19.578812849223308,18.79102607324269,0.1392120483379079
2022,3,T,2,1,1,1,6.440055300598751,191.61509023254473,20.547896721989666,17.92641883058903,0.1770728923581896
2022,3,T,2,1,1,2,6.741733489849738,276.79200061528024,17.499518200851035,16.902760979427782,0.13594836935604235
2022,3,T,2,1,2,1,8.05179296577092,304.0856141788309,19.747059454877572,19.806395324388216,0.12984367444083064
2022,3,T,2,1,2,2,8.7274758606829,269.81094624519204,22.157782596992398,22.320151877918647,0.13588460604971653
2022,3,T,2,2,1,1,8.63025659202093,272.14383838748444,27.33589875486766,21.079652360621314,0.19440871749161018
2022,3,T,2,2,1,2,8.88671517567276,293.9763641218423,27.159489197819198,22.195995470797033,0.1648465166342297
2022,3,T,2,2,2,1,10.047907179575807,407.5743366697842,25.542412100139043,25.38222506871908,0.14149006463479213
2022,3,T,2,2,2,2,9.86025383033359,346.1949846550401,25.423302022463425,23.320131710318332,0.1498748987760044
2022,3,T,3,0,1,1,6.772373022944385,116.84761412279877,18.38481694570019,17.632780973747245,0.11411492456750616
2022,3,T,3,0,1,2,5.66811990728856,183.79399666544182,8.95149832499351,12.72684653602103,0.1649122829953125
2022,3,T,3,0,2,1,6.019833398032091,161.83580541710737,18.105152777169003,15.185735569463825,0.12806763732813173
2022,3,T,3,0,2,2,6.042560485258376,163.14308487812647,15.359922989554333,13.792948396142172,0.1325967916068094
2022,3,T,3,1,1,1,4.541743584503137,143.0621013459827,14.314188832478305,14.776201032759296,0.1365841211749845
2022,3,T,3,1,1,2,6.507808185751594,272.3517526488083,15.78052214903573,16.22654406713726,0.13586335971135394
2022,3,T,3,1,2,1,7.388120087532992,219.95176793749005,18.549026252656237,18.359794314067713,0.13564856484313592
2022,3,T,3,1,2,2,7.889416859690264,226.9268673314386,19.651186949261845,20.173740590624185,0.13123849814234043
2022,3,T,3,2,1,1,7.932013535752054,240.41023172175707,21.539799272611212,20.861234162322095,0.1562134182577181
2022,3,T,3,2,1,2,7.888636602319336,317.02690464735906,15.794094833276679,19.6024797165587,0.1592435398377577
2022,3,T,3,2,2,1,9.178493771961922,356.1932736742098,20.2119392280402,20.859672407742178,0.12804369275392052
2022,3,T,3,2,2,2,8.964949450902013,344.1861200075785,22.06821854697969,22.228935160040837,0.1391007256052814
2022,4,B,0,0,1,1,9.008672190865017,204.28818225583387,26.593555080899367,21.324563045869557,0.16147855595644706
2022,4,B,0,0,1,2,9.149544293143009,294.95191828135404,23.69366333954063,20.265478864336377,0.15331023133508653
2022,4,B,0,0,2,1,10.393423525374416,330.7026275322077,25.46105349329854,23.17171268774824,0.1491717566102888
2022,4,B,0,0,2,2,10.146806847215151,270.70829704559435,25.207796122403973,23.800850335448075,0.15079141556861
2022,4,B,0,1,1,1,10.184547139741623,293.4438143177737,30.28814561172111,23.552572562528336,0.17132193759794792
2022,4,B,0,1,1,2,9.913403017715455,331.2877231676249,29.36460907580212,22.756573989965656,0.16211544335262565
2022,4,B,0,1,2,1,10.334876360186385,392.019842156955,27.186998733185074,25.17514048429303,0.151498842758652
2022,4,B,0,1,2,2,10.75168408722243,319.22749151809944,27.5531178174701,26.644521692633663,0.15311545706020582
2022,4,B,0,2,1,1,8.745062447234087,286.0176408770103,29.77227698960828,23.80775909209781,0.18492312967462624
2022,4,B,0,2,1,2,9.902093421127521,343.80273323036533,28.59680012187292,25.376336294688162,0.17607565275301304
2022,4,B,0,2,2,1,9.828970352258297,431.554906703089,24.66513861549441,25.031051270471995,0.14457428173533504
2022,4,B,0,2,2,2,10.018238315561929,385.20647897516193,27.740633709283017,26.73343259285243,0.14742927562677566
2022,4,B,1,0,1,1,8.021290184690018,213.5080237070598,25.60805445455299,19.607980305522677,0.14840769654521
2022,4,B,1,0,1,2,8.202016051298763,278.9081219892084,19.91046753348911,19.715168570942303,0.14458902508813537
2022,4,B,1,0,2,1,8.8382513481902,310.97205257583056,21.922659445610922,21.140643716059042,0.13680681778858875
2022,4,B,1,0,2,2,8.835428543513146,287.1689532958494,21.95910102217848,22.715908099677236,0.1476355377330737
2022,4,B,1,1,1,1,9.89930834218257,255.64227252282993,27.678103254419472,23.04750943180407,0.1607502883494326
2022,4,B,1,1,1,2,9.20915497455152,311.82265199172156,22.051376355943656,20.835609248275453,0.15798275602506728
2022,4,B,1,1,2,1,9.907505754765012,367.85946581820446,25.524493020745116,23.449049584713233,0.14665642220178413
2022,4,B,1,1,2,2,9.53704582310507,337.8139398975503,25.20688323016537,24.696199698518384,0.15978673621557293
2022,4,B,1,2,1,1,10.082468190270545,260.469096602473,32.473434342923376,23.32063729198192,0.1745418108041815
2022,4,B,1,2,1,2,9.617247565361867,353.4407788969397,28.040669558902295,23.36538338499243,0.17020211581379133
2022,4,B,1,2,2,1,9.828171699728642,418.6320666093684,27.04998890049401,26.181912070917928,0.147941638656205
2022,4,B,1,2,2,2,10.11571473927176,378.4977545919289,27.722123027973947,26.913619997315656,0.15580298543470378
2022,4,B,2,0,1,1,5.699487045632554,194.11945483514324,17.626092295774175,16.15740276525748,0.12596039581394403
2022,4,B,2,0,1,2,7.053196848121449,259.15371509355487,17.588067391415994,17.66960144489522,0.14618048850156673
2022,4,B,2,0,2,1,8.023359376261116,279.18822511398037,20.818499979843114,20.37709224881884,0.13616698993888818
2022,4,B,2,0,2,2,7.381139258736399,279.7381262471962,19.707904947747235,20.15754612948049,0.13804237648035506
2022,4,B,2,1,1,1,7.856338351033548,213.76779349279056,20.52130691938947,19.779707742363797,0.13709150809121456
2022,4,B,2,1,1,2,7.68132116880869,277.9294406329816,18.399392033836623,18.072780166653107,0.14716768242681713
2022,4,B,2,1,2,1,8.73083964797489,318.4523700453579,21.202432205681216,22.03971535752613,0.14266955031884823
2022,4,B,2,1,2,2,8.600775346393037,272.83011124926054,20.204792720343058,21.758643113388544,0.1510221008882655
2022,4,B,2,2,1,1,8.889774390219761,262.70960169838565,24.952051822427453,20.280574625453333,0.16112852930030241
2022,4,B,2,2,1,2,8.842954005550974,344.09228686757245,26.089240572867677,22.316072972989808,0.1673696495285422
2022,4,B,2,2,2,1,10.096643239057263,388.9653162672872,24.649369081888416,24.992566798089506,0.14300529543653073
2022,4,B,2,2,2,2,9.492656840671518,371.81341858807605,24.23776704744939,24.87827085239517,0.15533740703946475
2022,4,B,3,0,1,1,4.872956805418296,172.27222476758595,10.66014874017419,13.42562071951966,0.12003621559053208
2022,4,B,3,0,1,2,3.666711236510721,185.6576370353244,12.390785103898189,14.515561958971956,0.1297591121491941
2022,4,B,3,0,2,1,7.674288439346221,230.65226942411138,19.699059316873576,14.377977080236295,0.13701227317901726
2022,4,B,3,0,2,2,6.955895883912153,186.20713497820344,16.38759296209117,15.477355131408435,0.128530575385
2022,4,B,3,1,1,1,7.025098010138266,217.59398477610074,23.392093397690815,19.647786174709882,0.14897079771063404
2022,4,B,3,1,1,2,6.526586010240599,232.25749415513266,13.589876600112897,15.546767690921422,0.12055780917349251
2022,4,B,3,1,2,1,7.437864915300104,311.2848228246385,21.86127366683211,17.191097475400472,0.13689303456310034
2022,4,B,3,1,2,2,7.257200115078646,199.80563172872513,19.488197579136443,19.55513316035017,0.1523030502800594
2022,4,B,3,2,1,1,8.625471858796203,215.76994694654462,25.43333503847173,18.38321966655603,0.15744433046226783
2022,4,B,3,2,1,2,8.03599706248411,254.58032721416222,19.124816463719107,18.980989791700594,0.1478297615047276
2022,4,B,3,2,2,1,8.928277763195261,351.7714770770226,22.21702491226422,21.314411894348062,0.14193662693336423
2022,4,B,3,2,2,2,9.114569667470994,295.5316370292821,25.621600110511796,21.94848560900201,0.1687990354773696
2022,4,T,0,0,1,1,9.478929899287444,215.07470782826093,25.968209597654976,20.58535570050455,0.1755066135244254
2022,4,T,0,0,1,2,9.050992873511793,307.33169141345024,22.67201715612079,20.547652321191308,0.16597983316943973
2022,4,T,0,0,2,1,10.168589510191504,321.4734472875375,25.08038304695335,22.63051909186271,0.14284303442745358
2022,4,T,0,0,2,2,10.01703524289521,258.1650796763108,23.807487774061773,22.94065471329072,0.14656711638839004
2022,4,T,0,1,1,1,9.813854399493717,215.05441956536038,28.826204553124988,22.215824333120864,0.17712065434640337
2022,4,T,0,1,1,2,9.689765614187234,354.37344986663123,27.78855930466115,24.481975448869076,0.16948865685616
2022,4,T,0,1,2,1,10.55306857280596,357.1231052688529,26.752054963222346,23.876417523555258,0.14433645877667114
2022,4,T,0,1,2,2,10.40170450910981,289.50420632432383,27.099413987808763,25.084995167261184,0.15452711438800978
2022,4,T,0,2,1,1,9.394814998501065,243.5802154119901,29.825138397322984,21.667513796521174,0.16530970570230852
2022,4,T,0,2,1,2,8.958813536884685,382.9338433957669,28.006716406149277,23.922920234194386,0.1677267438863162
2022,4,T,0,2,2,1,10.509041016208114,393.2152445779284,27.145507316618875,25.58053978615068,0.14706248719192072
2022,4,T,0,2,2,2,10.305396774834406,314.1024160533585,28.942732994798753,24.594420963656628,0.14699464561006317
2022,4,T,1,0,1,1,7.457771602564274,208.99662438452327,21.318234973340648,20.368012080641755,0.17101744526173618
2022,4,T,1,0,1,2,7.929405431662165,291.1282229306002,22.425344295425205,20.167205130494867,0.1588040918989991
2022,4,T,1,0,2,1,8.945029066778032,319.5625510135734,21.076223053385718,21.201135908107613,0.1413371394618295
2022,4,T,1,0,2,2,8.568026502020176,247.4184191299089,20.81512857624114,22.064877319568634,0.14089131134235516
2022,4,T,1,1,1,1,8.85687379394873,235.39363510156804,25.295350464524407,22.46445457516586,0.16365649210166947
2022,4,T,1,1,1,2,8.793463585284238,325.49837046846716,25.324693288904754,22.31848164544962,0.17784505281538027
2022,4,T,1,1,2,1,10.249616365748086,357.89374747354583,24.59448445687918,23.627750964268543,0.14461562423017607
2022,4,T,1,1,2,2,10.282648902796794,284.7218213999383,24.587470345600217,24.394474692281158,0.15398517868480283
2022,4,T,1,2,1,1,8.781107365176997,223.94163925165714,27.548688804668437,21.197901195012644,0.17122099171398933
2022,4,T,1,2,1,2,9.408832307671206,372.2043489499672,28.51126045456393,23.82209896431041,0.17919425407947762
2022,4,T,1,2,2,1,10.256764609961158,398.23178359084636,26.4063037677796,25.791008913958336,0.14820661943201646
2022,4,T,1,2,2,2,10.213235349947865,363.66546219755224,27.48919694577327,26.069258327155417,0.15284533327102967
2022,4,T,2,0,1,1,6.25853297335033,157.492430436798,16.800782970471424,15.384825160384061,0.149997852415327
2022,4,T,2,0,1,2,6.9782793357746,266.1545152127171,19.787640307704326,18.614174980972894,0.14536991162849444
2022,4,T,2,0,2,1,7.410475261457624,266.52718847911865,18.1028878164407,18.549730799016594,0.14234611622146462
2022,4,T,2,0,2,2,8.111602541385265,276.42575646472767,20.102746571125667,21.36240668617271,0.15351153300258474
2022,4,T,2,1,1,1,8.256436004207853,197.51392513758572,21.073590704204488,20.881340252295775,0.14121026142551799
2022,4,T,2,1,1,2,7.597196163466725,277.58935692079984,20.1890335125949,19.633895544800033,0.15682819270193377
2022,4,T,2,1,2,1,8.836385276901323,322.3328677137171,20.008408676469113,20.641499667211736,0.14252724651992033
2022,4,T,2,1,2,2,8.95131430829536,274.304987876048,19.914502415025147,22.19856440775933,0.14713359148384944
2022,4,T,2,2,1,1,8.663554977764333,239.6948298279461,26.433656364133,23.152761789730878,0.16206868577165126
2022,4,T,2,2,1,2,9.247671858152797,354.6666931666876,26.64628631732735,22.315728111325683,0.1882126245849265
2022,4,T,2,2,2,1,9.6352642667236,389.6145768144851,24.68115770373183,24.535030464495108,0.1434267053371869
2022,4,T,2,2,2,2,10.214674774598441,359.9002069763727,25.76252962273851,24.158879462248116,0.14704786351714647
2022,4,T,3,0,1,1,2.7117244564626772,153.379392910014,9.138674633726222,14.135676881387745,0.13332475730752757
2022,4,T,3,0,1,2,5.925081502799328,201.4517858254195,12.781205367828786,16.290716029730266,0.1250363956222324
2022,4,T,3,0,2,1,6.047509242210009,150.79265249743293,18.17377076380535,13.401145250731982,0.14475455806178766
2022,4,T,3,0,2,2,5.881974301693896,174.18664838221997,18.765459173494683,15.64353156275377,0.13349479351987317
2022,4,T,3,1,1,1,7.261830675113746,158.86920247106775,12.99142205235448,14.400901657473735,0.12925756438034963
2022,4,T,3,1,1,2,6.5303633036333535,239.56507759837166,15.550098462029151,17.463414967450294,0.13116531780190252
2022,4,T,3,1,2,1,7.80782698380433,229.04835059959433,18.25897588234309,18.779781639285794,0.1375733015346515
2022,4,T,3,1,2,2,7.979753450587317,268.61213160331806,20.035517176947625,18.697606462563716,0.14240296913069594
2022,4,T,3,2,1,1,6.9629717005721075,214.03566385938842,17.218809381929365,20.125537447147195,0.17539932080780749
2022,4,T,3,2,1,2,8.003920022969742,245.3843928664593,20.505497424049473,21.969194360615965,0.1498584075155507
2022,4,T,3,2,2,1,8.419003636874942,340.93957327408395,20.87988136267916,20.5109906858995,0.15190957776698494
2022,4,T,3,2,2,2,10.017284568248856,333.02404166130924,21.475856302901832,23.005709472444018,0.15119568793330057
2022,5,B,0,0,1,1,9.185512214241903,235.92834027600688,24.862745751612557,20.590488581839345,0.1599906514272952
2022,5,B,0,0,1,2,8.932181876991306,321.83506557061946,23.87435528433986,20.472372644246818,0.1534883181617917
2022,5,B,0,0,2,1,10.115670887057405,336.28871915040276,24.816031690820772,22.79377877770557,0.15409335281452424
2022,5,B,0,0,2,2,10.26439018329373,263.95635300465244,24.752243471535802,23.212639325704053,0.15138119498156766
2022,5,B,0,1,1,1,9.880162629496887,264.2252232287589,29.434687743377726,22.935191464455006,0.15710860776217497
2022,5,B,0,1,1,2,9.031145114672436,326.2464098110717,24.236589626420653,21.375435454425,0.15269793886530209
2022,5,B,0,1,2,1,10.728409114288086,373.99875197173884,27.932376787368913,26.11306141363549,0.15639818270386552
2022,5,B,0,1,2,2,10.983537997484172,337.2655706853122,27.415467679427298,26.15701800628892,0.15529629531351838
2022,5,B,0,2,1,1,9.230139204044423,265.31926005890443,28.18370401328935,23.141876581772053,0.16251247492885393
2022,5,B,0,2,1,2,8.96949497787282,336.08234354536825,26.489411757083463,24.137598186336128,0.1722355013641456
2022,5,B,0,2,2,1,10.129553254905106,428.40048638424156,28.314818986751,24.970636996243854,0.1555945303579699
2022,5,B,0,2,2,2,9.762201959332659,370.1135908592693,24.497790783963335,24.948827051301215,0.1507878007999832
2022,5,B,1,0,1,1,7.780274574229164,224.5383637422604,22.0787185682606,18.9722329462131,0.16169943188875716
2022,5,B,1,0,1,2,8.729327029668854,325.78179977891955,21.830748704470423,20.30459160900968,0.15835063956102244
2022,5,B,1,0,2,1,9.276610201292236,345.1587748244128,22.202377544482456,21.39442423741419,0.1476189577641843
2022,5,B,1,0,2,2,8.567087917380732,270.93211303605057,21.09797344207914,22.47063377237837,0.15156842278962115
2022,5,B,1,1,1,1,9.69609206014713,242.12231559509044,26.736834140777756,21.804067175276934,0.16308419212019173
2022,5,B,1,1,1,2,9.510007475426146,356.2772523374191,24.32286985377771,22.45731199760723,0.15094635402403925
2022,5,B,1,1,2,1,10.190097938870572,401.94775930265683,25.21077282916886,24.56882680104492,0.1472360786060836
2022,5,B,1,1,2,2,9.991918533213601,308.47456643460487,25.060437200186076,23.482506985095693,0.15005722032741522
2022,5,B,1,2,1,1,9.80477482964694,287.6792012269882,29.665147746418842,22.569499317386036,0.17140843489010257
2022,5,B,1,2,1,2,8.741508662404774,361.1880177923131,24.626615227015993,22.352254681933083,0.16600503981092324
2022,5,B,1,2,2,1,10.151437129489404,458.92835049182423,26.358263968393626,24.636928277432908,0.15485824824701197
2022,5,B,1,2,2,2,10.27067369364489,412.8354724760879,26.03525917729779,26.85078824255001,0.15426825982266068
2022,5,B,2,0,1,1,6.1599465962130076,226.27968990030152,15.628774800992078,16.8681303941328,0.15958055469700894
2022,5,B,2,0,1,2,6.57809209760645,268.6597397659494,15.156747977964823,15.723363598821267,0.1447447629579798
2022,5,B,2,0,2,1,8.226601542501884,247.31590189961074,19.937555967657392,18.193944025183452,0.14307963019948156
2022,5,B,2,0,2,2,7.340414827302841,229.3740712798566,19.086053062565796,21.038592180446937,0.13737155599729883
2022,5,B,2,1,1,1,8.18872921444819,182.80511219230314,22.919251446349882,17.371626209598404,0.14745130739511308
2022,5,B,2,1,1,2,7.739173853229292,289.9648794412254,17.236637851057683,17.929937819047346,0.1478722213318106
2022,5,B,2,1,2,1,8.424487037674318,319.21420341742714,21.743065819420853,21.16994815137928,0.14398020805210318
2022,5,B,2,1,2,2,8.403587957553718,274.9910709889794,19.680531017758717,21.854294626277092,0.14097189795277093
2022,5,B,2,2,1,1,9.71771677255114,245.38585186048323,29.17503422292733,19.74239602214025,0.1536242093731755
2022,5,B,2,2,1,2,9.591910217835293,354.102114915101,25.278145330999504,20.869990716049937,0.16574554042791093
2022,5,B,2,2,2,1,9.525293330826319,390.0306767374108,25.181594364324415,23.559208443966394,0.14885947566400984
2022,5,B,2,2,2,2,9.937753451666682,353.83010655534065,25.652481544441354,25.957935898998663,0.15678338776156525
2022,5,B,3,0,1,1,6.157208564763743,218.940308260037,11.579793450537018,15.213211625593722,0.16382423409658697
2022,5,B,3,0,1,2,6.905939082385949,197.83869958971013,13.662881955701614,14.60747894203166,0.12605112924931192
2022,5,B,3,0,2,1,6.830082395464168,184.30123533217449,22.06670242961379,13.008171641628104,0.14885596895745487
2022,5,B,3,0,2,2,5.7967796191329635,187.39257702468925,13.069223854734206,11.946525379435236,0.13707182674620502
2022,5,B,3,1,1,1,6.613889406407795,159.97126424760108,14.669687435690971,15.315960518658512,0.1548570972337772
2022,5,B,3,1,1,2,8.031956503706994,222.24531000978806,19.888133969516282,16.723683622673146,0.13052799224197295
2022,5,B,3,1,2,1,8.093564236088694,256.1812252021296,21.536896768941478,18.28083624437203,0.14485577840315242
2022,5,B,3,1,2,2,7.169179115080102,249.78222174185404,19.980810249386504,19.202211120799003,0.13348376102653625
2022,5,B,3,2,1,1,7.818683771237124,192.7383190170756,23.699773728831413,17.5705880207525,0.14801067161162346
2022,5,B,3,2,1,2,9.176518647417984,354.3581694908317,22.955295842737726,19.61904565649352,0.1397862458028701
2022,5,B,3,2,2,1,9.020513387068089,374.45878127913153,23.67670436918688,21.738089437311977,0.15016900407448805
2022,5,B,3,2,2,2,9.110478446707031,240.72680991424187,22.429685032420874,22.952965442846534,0.15177468037695982
2022,5,T,0,0,1,1,8.961183514937204,220.7925553142614,25.46328915040309,21.91197564487232,0.16559488847451329
2022,5,T,0,0,1,2,9.404850706619664,305.2299698253069,24.028328552595767,20.953089356366505,0.1562445285667071
2022,5,T,0,0,2,1,10.007472909913943,333.8213431675699,24.138460618558106,22.414856013409892,0.14371713137752884
2022,5,T,0,0,2,2,9.927992485550451,256.6805621969735,24.530895204283233,23.730293520639638,0.14686133629690146
2022,5,T,0,1,1,1,9.400454084264053,235.2925765203277,26.798664346676855,23.51204137251892,0.16482161798677208
2022,5,T,0,1,1,2,9.93638675293885,333.90180612486097,25.96760876992612,22.91015084730265,0.16787400669984123
2022,5,T,0,1,2,1,10.122015849829864,394.2283744533925,25.383959747966312,24.64034245110292,0.14634477059974016
2022,5,T,0,1,2,2,10.837970300720471,327.40215008769576,27.33563931331061,25.508324230387032,0.14854630161811966
2022,5,T,0,2,1,1,8.863179441576547,236.82673871941057,33.31790745608551,23.658197644901165,0.13997894962830995
2022,5,T,0,2,1,2,8.391309766925742,355.1596542392166,27.638393273980665,24.65683627958108,0.1601850666755898
2022,5,T,0,2,2,1,10.303075964179536,431.2809528193164,27.216480152931307,27.026582410307885,0.13870545351154753
2022,5,T,0,2,2,2,10.829543842465336,371.6330098063522,27.255780066893827,26.59519790347539,0.1502043343163909
2022,5,T,1,0,1,1,7.544202649166643,210.96572972256527,20.35809905883903,19.490774956749,0.1633598629426293
2022,5,T,1,0,1,2,7.466081552313167,252.26528858410182,17.190499405584568,17.894553914055514,0.14392401724170803
2022,5,T,1,0,2,1,8.66097316918813,316.31722825034086,19.510788307222647,20.338473372713768,0.13795737257295262
2022,5,T,1,0,2,2,8.788815790086899,264.59395180791125,21.103150627917195,22.12826735123869,0.14109952389217892
2022,5,T,1,1,1,1,9.044829325140137,239.39139343374794,27.919849600245147,21.784562094335268,0.17877565469813644
2022,5,T,1,1,1,2,9.004289616490123,334.16708745254846,24.80082557551844,21.709514070676043,0.16337193850866524
2022,5,T,1,1,2,1,9.822257912630509,373.08639629313524,24.664016162760348,24.586855544631046,0.14545925536513643
2022,5,T,1,1,2,2,9.723783911182409,313.18866394541504,23.779937908091167,23.647251277641644,0.14280684294872026
2022,5,T,1,2,1,1,9.30746935123776,282.1048982994758,29.598105439050897,22.933490367365994,0.15002010998727872
2022,5,T,1,2,1,2,8.78991965634402,381.48667421471924,28.458957592293572,24.319298999555826,0.16779145717794905
2022,5,T,1,2,2,1,10.297583755232525,420.4326483822793,25.91195100713268,24.75744735035115,0.13770476141587432
2022,5,T,1,2,2,2,10.303308261497145,411.1844021457276,27.707845043171698,25.381272552629138,0.1527767800711037
2022,5,T,2,0,1,1,7.400780609482476,218.9562969147027,19.352802354719376,18.961216169934588,0.15101557358909246
2022,5,T,2,0,1,2,7.606058032353953,222.36828245806902,18.19657070520223,18.509277200170377,0.14547095570238416
2022,5,T,2,0,2,1,7.374948505797637,313.6129611228923,18.636422894789426,17.416841568550435,0.13370945579755095
2022,5,T,2,0,2,2,8.556159915066889,229.497216159499,20.178663586297294,21.2723645628113,0.13319524542617214
2022,5,T,2,1,1,1,6.343599154495524,203.53404794849374,19.725021685911088,19.729795965650492,0.16209794802328845
2022,5,T,2,1,1,2,7.549486796244064,281.78914740500227,18.829793694135862,18.531550770986158,0.14081068516302697
2022,5,T,2,1,2,1,8.68609692713083,333.6001063767002,19.81305963252806,20.60724129043705,0.13411063371065918
2022,5,T,2,1,2,2,9.50128174809629,276.9642400255187,20.911156365966193,21.669119328982568,0.14182764294639622
2022,5,T,2,2,1,1,9.1279050702546,327.56849056088737,28.61358255641331,23.933773430815968,0.1605726124773582
2022,5,T,2,2,1,2,8.819178302731427,350.43059572206494,26.843344278611394,21.75153813782601,0.16847869732314802
2022,5,T,2,2,2,1,9.602560074449046,427.8512898802982,23.62229385387627,23.65925362001766,0.14365079135141262
2022,5,T,2,2,2,2,10.035283459179304,392.73833633733415,25.309749434620542,24.012578544993275,0.1398402353208258
2022,5,T,3,0,1,1,5.60280721280552,211.08660018217785,11.959273167224074,15.883501224439033,0.1541841447439398
2022,5,T,3,0,1,2,5.616959461423043,195.06002974359305,10.36481454401375,12.554625152160849,0.1480177824116174
2022,5,T,3,0,2,1,4.504288902533062,168.1960680247439,13.384371709072552,13.44948571062105,0.14174421796939576
2022,5,T,3,0,2,2,8.968360126668424,183.64743709798927,17.96376347888493,20.878137660471122,0.11967551168121912
2022,5,T,3,1,1,1,5.3238798154722415,182.35402261563235,14.876420352024736,16.481294470369114,0.15268608364410513
2022,5,T,3,1,1,2,7.095990781530698,242.85683524859002,15.616740213141993,16.74786357866321,0.1261519993706448
2022,5,T,3,1,2,1,7.461585226547258,293.4020856791783,18.353601961847183,16.132096499908666,0.13087564997643308
2022,5,T,3,1,2,2,8.683561129535354,243.9459891267406,20.893807036816813,23.656404756972428,0.14420796135379416
2022,5,T,3,2,1,1,7.851927914714833,198.1927879418982,21.516573656246575,19.92183056977664,0.166346381600324
2022,5,T,3,2,1,2,7.911653258987975,270.060731948687,20.060656197433037,17.81424446586929,0.14236550756497154
2022,5,T,3,2,2,1,8.625328090651223,347.0662116506152,19.559773795662274,20.957936105068004,0.13634478388551188
2022,5,T,3,2,2,2,8.473518886810803,341.53711569143087,21.088609152373966,21.187465662142586,0.14065974524573702
2022,6,B,0,0,1,1,8.410233146646718,227.89554481537886,24.07801113839314,19.974795971192002,0.15497046213805876
2022,6,B,0,0,1,2,9.08297301122009,332.1788007428356,23.1235679861935,20.83277114106351,0.16121720464415706
2022,6,B,0,0,2,1,9.842217140745936,350.88579982733955,24.7380898117224,22.308102167432917,0.1515369014118137
2022,6,B,0,0,2,2,9.70574169848998,275.3995671421132,25.291148977025273,24.382743429852887,0.15069635240385523
2022,6,B,0,1,1,1,9.52436405407454,269.7348173887716,27.93916554572167,21.244428266172346,0.15891588214163999
2022,6,B,0,1,1,2,9.64427331895961,333.5677097177086,26.853818347530318,23.260828332532093,0.17167847847946865
2022,6,B,0,1,2,1,10.185636853268688,398.3345406573246,27.278206792385774,24.731880852174243,0.15379495443131608
2022,6,B,0,1,2,2,10.174752885813636,340.7299818554452,26.842836621870873,26.309765194627754,0.159497760049558
2022,6,B,0,2,1,1,8.535660553557438,279.82011084024083,27.005822052875164,22.857841310776497,0.15921670657661532
2022,6,B,0,2,1,2,8.969149136397874,349.44238487261515,25.493745866970663,21.721088579024038,0.18065059831573868
2022,6,B,0,2,2,1,9.768507611591374,466.6251138114532,26.26281640757245,24.018039228284067,0.14846684514642072
2022,6,B,0,2,2,2,9.816863554174068,392.9198021488152,25.699942525479216,26.240241884610597,0.15476286377120646
2022,6,B,1,0,1,1,7.711778454885881,220.0787088154786,21.421061602727363,18.233234268170907,0.15080754502196775
2022,6,B,1,0,1,2,8.104932949525043,319.09460810474195,20.58026603876556,19.481428784432875,0.15519325606991166
2022,6,B,1,0,2,1,9.148274083544834,341.9347770406374,21.74904183863161,21.23738737674376,0.14897191148211594
2022,6,B,1,0,2,2,9.060182839274844,280.9935974310819,23.025139202252323,23.217072019763652,0.14671012426511668
2022,6,B,1,1,1,1,9.30519587484983,287.5074843268903,26.673737170500548,20.47599804585435,0.16967265389682626
2022,6,B,1,1,1,2,9.045593978869773,338.6041493630244,23.252136889164298,22.734649826121245,0.15497342628146377
2022,6,B,1,1,2,1,10.112327835233692,395.7502767630995,25.58720878773765,23.24381605116366,0.14995987928190152
2022,6,B,1,1,2,2,10.234558897612466,321.28521619605806,25.284441761785768,25.197472921674628,0.1541802528630748
2022,6,B,1,2,1,1,8.416030893457252,332.9636243887938,29.603464769737975,20.60630521092314,0.1549375869871811
2022,6,B,1,2,1,2,8.747237124801037,385.8765506647182,25.548997239896842,23.886152871574115,0.16944284914093705
2022,6,B,1,2,2,1,10.16957566587565,431.5415624961561,27.485683560739403,24.646909673204,0.14550509601921627
2022,6,B,1,2,2,2,9.966393779166577,384.4032320527491,27.686604434351093,26.021359800671878,0.15156192915569608
2022,6,B,2,0,1,1,6.306581047840114,190.78165644672748,17.312083628773564,16.539953730958505,0.13851092357196387
2022,6,B,2,0,1,2,8.62490502768934,313.92547491211207,18.707161631939552,18.743205497902338,0.14078877909210108
2022,6,B,2,0,2,1,8.319343782545705,280.52192944587654,19.057754110652265,18.653817940861,0.14140049603034371
2022,6,B,2,0,2,2,7.986109487857533,232.4480781112327,21.822552506113663,21.571476421297756,0.13411273245390062
2022,6,B,2,1,1,1,7.83139776328687,216.85866153362483,21.00307640586988,19.84746975992484,0.13642104812387282
2022,6,B,2,1,1,2,7.984257500088277,291.352989644778,20.32276957381779,17.829261830896687,0.15837932422245865
2022,6,B,2,1,2,1,9.103290792121342,334.66911302645036,22.794846803762365,20.018954377760164,0.14334194469983838
2022,6,B,2,1,2,2,8.662585172322768,286.7340976162182,22.37571230493198,23.757677389752885,0.13797868605767336
2022,6,B,2,2,1,1,8.5859360996313,256.44382361048946,26.569003606878255,20.25167731103059,0.1589485517114006
2022,6,B,2,2,1,2,8.42321783612077,387.46739934933106,22.68883133167704,21.112853099025493,0.16534751715323692
2022,6,B,2,2,2,1,9.872328485793135,426.0091652574187,25.805485340458024,24.057914876375936,0.14721161056785578
2022,6,B,2,2,2,2,9.964642747799159,379.08162253888185,26.033221167042914,25.436669122348434,0.15215850817233462
2022,6,B,3,0,1,1,3.7722170036988385,148.34439831669735,13.571925906205857,10.45446985184266,0.13577442161039152
2022,6,B,3,0,1,2,7.607079920907693,237.8531424976585,12.223325991127973,16.627291212175027,0.13004406951364408
2022,6,B,3,0,2,1,6.662980626902262,180.3598761044414,17.111229465936358,13.042548765075635,0.1516359396689222
2022,6,B,3,0,2,2,5.38572798657625,187.20871754301976,18.852118065619607,15.358588786687273,0.1451649035188709
2022,6,B,3,1,1,1,6.023815072753206,203.58104062342582,18.28973342428927,17.376477380071396,0.12403924867002117
2022,6,B,3,1,1,2,6.943115913830643,291.0242751884866,14.062635985899766,15.814633774479482,0.1428316151538082
2022,6,B,3,1,2,1,7.886952717773291,242.41906308377398,17.464024924392355,17.639262191786347,0.13904122695086882
2022,6,B,3,1,2,2,7.222885558020288,205.65432041819824,21.923566102040766,18.46391638772066,0.1416085571829794
2022,6,B,3,2,1,1,8.10706440455626,266.62087908377885,20.440169243489628,19.61498027318322,0.16341799027139173
2022,6,B,3,2,1,2,8.084041894921738,299.459955828239,19.99775399941315,18.96402491124348,0.14538984288647455
2022,6,B,3,2,2,1,9.828946720888226,358.29920004665667,22.662645253184195,21.511411094524327,0.13203649280563085
2022,6,B,3,2,2,2,9.339442382206215,332.3363247485315,23.50429903318103,24.72151916939853,0.14849112132613626
2022,6,T,0,0,1,1,8.459414669555771,215.07313688829782,23.79743740130888,20.444660323555976,0.15507678397204738
2022,6,T,0,0,1,2,8.42365220557,315.46682032145475,20.637169625449214,19.599728883974034,0.15905419325288736
2022,6,T,0,0,2,1,9.874430558334746,327.8522635110386,24.63463729005878,22.073333196101807,0.14907475061679965
2022,6,T,0,0,2,2,10.015055207908276,268.7790048216741,25.058353876484894,23.434272024483466,0.15857603574830725
2022,6,T,0,1,1,1,9.437365372472923,236.87475115827323,28.61166097789911,22.578063511974438,0.1641480261413504
2022,6,T,0,1,1,2,8.73013256774793,358.01935345528125,22.76918218228022,22.50183118263454,0.1645751196633782
2022,6,T,0,1,2,1,10.211298636307205,405.9501525594635,26.73952068236543,24.152463567759863,0.15551583724750379
2022,6,T,0,1,2,2,10.455920877745463,324.0491546814492,26.486633723984312,24.976968028229493,0.1643609626167699
2022,6,T,0,2,1,1,8.560444262069637,364.04147260186727,25.992343093734817,20.985843974558893,0.1506322848626312
2022,6,T,0,2,1,2,8.347781995856751,406.51738657132245,24.18269925835821,23.502546944142495,0.19154453696437387
2022,6,T,0,2,2,1,9.851702901413825,489.07600641131205,26.193580480992022,24.319189925937952,0.15823294293547302
2022,6,T,0,2,2,2,9.731100474032655,376.77148624907943,26.144231114931387,25.154847166131464,0.15438990878890868
2022,6,T,1,0,1,1,7.409247266369317,205.74875953939608,20.425626988042932,18.518761132836882,0.1487702096106641
2022,6,T,1,0,1,2,8.02252799235127,311.1037545172462,19.48862978855099,18.541406963611923,0.15565388957821816
2022,6,T,1,0,2,1,8.961953027298435,341.1467296687856,22.3724886133728,20.69344714955964,0.13961413387993696
2022,6,T,1,0,2,2,8.441614186516757,273.372955014795,21.648387085928295,21.940746660970774,0.15801881607811386
2022,6,T,1,1,1,1,9.326037807434991,239.5281369256872,25.658725304934297,21.25873475007311,0.16788017759963067
2022,6,T,1,1,1,2,9.147294873804112,347.2395155336926,23.900883592339063,22.11522993288338,0.1642158102492379
2022,6,T,1,1,2,1,9.698126812991044,397.10721986443707,24.034428056566778,23.69409319353887,0.14776944147265236
2022,6,T,1,1,2,2,9.882246452686648,315.48190175840483,25.341134183175217,24.5988454175673,0.1602938896048837
2022,6,T,1,2,1,1,8.832223844882222,359.60183964837404,26.649706288304735,21.93583121589331,0.15374068739159436
2022,6,T,1,2,1,2,8.99657697244338,373.1767362421195,24.58570164715061,22.564837647261,0.15156960939534844
2022,6,T,1,2,2,1,10.016741114427925,455.0652502929121,26.7623108454184,23.163713105246387,0.14767726185174096
2022,6,T,1,2,2,2,10.193771257647628,394.6025070160867,26.186147377417115,24.77762743282569,0.1587857779955468
2022,6,T,2,0,1,1,6.990481632664174,206.8056806718847,19.207728443644662,17.862104698027885,0.13720879168679828
2022,6,T,2,0,1,2,7.253920135040404,313.305518437556,16.1933692265291,17.76935473104142,0.15287894755383527
2022,6,T,2,0,2,1,8.671149567211645,254.84270037492888,22.22627421112564,18.991942071521517,0.15037358708298576
2022,6,T,2,0,2,2,7.517925325992123,208.938076051746,20.208237691663566,19.8934449234307,0.14337311792864035
2022,6,T,2,1,1,1,8.129307628050944,229.0821930353002,21.640258809660068,19.776723832674374,0.16210625769900527
2022,6,T,2,1,1,2,7.416879904646751,341.3123034022444,19.677301073458526,20.838336223946154,0.1552215725581943
2022,6,T,2,1,2,1,8.82018521337249,331.60629688641427,21.6976846686628,20.343161559049282,0.13845178669986272
2022,6,T,2,1,2,2,8.989562007048633,217.22082108094185,24.020810184571527,22.58271576355136,0.15985387303515436
2022,6,T,2,2,1,1,9.171480099660295,260.3086440210326,27.436125196448938,22.08809961076896,0.15170807400956524
2022,6,T,2,2,1,2,8.522549128243343,402.75549477201724,25.778306191762503,22.068788378195638,0.1521896683147808
2022,6,T,2,2,2,1,9.827412604511942,402.2114839638815,26.052438361371433,23.48828911166413,0.14092803630357764
2022,6,T,2,2,2,2,10.130919549043911,356.03854820213064,26.740913295370568,25.369251919311107,0.15315029825820617
2022,6,T,3,0,1,1,5.111125249891228,161.37635666518906,13.932328362797328,16.96702775502174,0.12606887563165742
2022,6,T,3,0,1,2,4.655635193552387,228.9455976192904,10.804142629891196,15.228606549678952,0.15073056915611044
2022,6,T,3,0,2,1,6.914889366973372,172.19417893265955,16.96566902867261,14.877085476885785,0.12308100502601882
2022,6,T,3,0,2,2,6.166715216529029,182.20953541661984,16.79424618516136,15.498920588519557,0.15400939027931132
2022,6,T,3,1,1,1,6.3618427320618816,206.69877959438148,18.663035189807097,19.059048696357976,0.13692154581611987
2022,6,T,3,1,1,2,6.707694191783922,240.58997758163622,16.685224800845297,16.59639084884086,0.1665547897877957
2022,6,T,3,1,2,1,7.937654111313106,270.02079446176066,22.015843024154346,18.148429085344272,0.1474473633346268
2022,6,T,3,1,2,2,7.419400002156669,235.44822274313003,19.433155211212604,18.586884575503518,0.151631653752988
2022,6,T,3,2,1,1,8.061161646103209,245.86167958966038,23.14883508780171,19.653357445277898,0.13787624846789215
2022,6,T,3,2,1,2,8.132828964847102,326.81281100142394,23.345061741884525,18.659767121294195,0.14180533783158078
2022,6,T,3,2,2,1,8.936894243065732,355.85001692046524,23.52829110546416,21.080695548916154,0.13983630841918976
2022,6,T,3,2,2,2,8.291735632590107,329.77224796518755,21.66926984519905,21.824045176794588,0.15380627382133852
2022,7,B,0,0,1,1,7.691041559568194,218.0190886991483,22.83451489870905,20.107142259414147,0.1431013967136935
2022,7,B,0,0,1,2,8.458967909089491,302.3174926185979,22.15144443650016,19.816246020738003,0.1401217532576845
2022,7,B,0,0,2,1,9.669986517486981,340.4586784111371,25.4932434119933,20.95563428296952,0.1554524945192684
2022,7,B,0,0,2,2,9.593992834736286,273.83481555064776,25.03708454766221,22.6717888501941,0.15764512721847856
2022,7,B,0,1,1,1,9.334534388139577,234.1888944740144,27.441424223300835,23.224935245242733,0.14821865414519234
2022,7,B,0,1,1,2,9.62723011627225,351.38844415655507,27.44238101436305,21.710999989236225,0.14130813092668867
2022,7,B,0,1,2,1,10.052743229185479,413.11107447581134,27.47976288713756,23.482244928610694,0.15552259150729758
2022,7,B,0,1,2,2,10.081885757056583,322.41250870693557,26.107901505910526,24.094185715478435,0.16173933120002634
2022,7,B,0,2,1,1,9.459277708976703,277.7933011435953,28.155274423698394,23.21059000372183,0.15435563941349864
2022,7,B,0,2,1,2,8.037114598230655,372.85855430339024,26.787752026957865,21.224839919215356,0.1463477816531217
2022,7,B,0,2,2,1,9.859340867459323,500.32896594545497,27.01722191380208,24.136842469667258,0.1553357541752591
2022,7,B,0,2,2,2,10.416429293312726,402.8883359824437,27.70240702587021,24.080029339296935,0.15629235418443554
2022,7,B,1,0,1,1,7.260740224404882,215.96523131890407,21.036961976611845,19.33859787557728,0.14519835398122763
2022,7,B,1,0,1,2,7.565519676287873,293.9055504728093,20.101926121656852,19.40235324881985,0.1305945819830868
2022,7,B,1,0,2,1,8.602001676329136,316.57681094063236,23.419696180147646,20.152741654958493,0.1465909980982797
2022,7,B,1,0,2,2,8.627769991391839,272.7157087614682,23.555797588686954,21.352895594148464,0.15339142033141198
2022,7,B,1,1,1,1,8.663999008288402,231.30021996751896,24.73872723149413,21.37001489255607,0.1424115364615222
2022,7,B,1,1,1,2,8.511902452690922,336.20231048971965,24.19461117735839,21.82593833640942,0.14728253432376293
2022,7,B,1,1,2,1,9.763525063958241,388.94013152979875,25.687356477538277,22.46825852942303,0.1501849738957241
2022,7,B,1,1,2,2,9.864640503566868,341.6549850659007,25.055304632204123,23.997366119940608,0.1566782958873575
2022,7,B,1,2,1,1,9.153647753136347,259.46062811840414,25.989235113840767,21.072800527939325,0.15056548294770453
2022,7,B,1,2,1,2,8.614283335364235,394.92909229194674,27.40778483549216,23.753196747455725,0.14585055348732887
2022,7,B,1,2,2,1,9.916123752231082,494.5813630448609,27.888781373993364,24.11032367203873,0.15476490297312245
2022,7,B,1,2,2,2,9.832306700852575,406.3048012668733,25.16148471424198,24.948444168094532,0.15784661959557073
2022,7,B,2,0,1,1,6.748445690088654,200.87237181951517,18.49978151174948,16.38138023206805,0.1360525039550903
2022,7,B,2,0,1,2,7.129341223576873,212.47494177977043,19.192871348223807,18.426165354255705,0.11647210793671872
2022,7,B,2,0,2,1,7.731319823930073,283.78537997638693,20.17372225646622,17.680971113106953,0.14243033817893497
2022,7,B,2,0,2,2,8.289101235854893,208.06669380602725,23.0357821241646,20.275929324374115,0.15955446021951575
2022,7,B,2,1,1,1,6.966506467019944,208.92670594263834,21.309677112449055,17.862368641730352,0.15398211528127226
2022,7,B,2,1,1,2,7.488163499505377,278.47481191674905,21.4266106941371,20.579519718817277,0.12699066965464928
2022,7,B,2,1,2,1,8.333491063103336,330.7881208335367,21.979895347634386,20.562177883712884,0.14648823643695755
2022,7,B,2,1,2,2,8.041715666558652,281.2318494911089,22.78289820273384,21.371049117838457,0.15508404376011473
2022,7,B,2,2,1,1,8.369218693309767,255.00518745710437,24.657613227018818,20.296196217976053,0.15056776755964038
2022,7,B,2,2,1,2,8.955549266582782,347.841013330869,23.828532555293435,21.288764838951696,0.13752377582241124
2022,7,B,2,2,2,1,9.387839630087102,432.4934350457743,26.862064454993252,23.59772681594097,0.1459381191129051
2022,7,B,2,2,2,2,8.937136613225178,367.8019021477395,23.993028946301852,23.317324434483027,0.16101303440715947
2022,7,B,3,0,1,1,5.783623545798268,166.4992109283287,13.87361222425552,12.615510664524997,0.12390454510403975
2022,7,B,3,0,1,2,4.389503439477264,179.72801016839838,10.337272646436599,12.243123376292083,0.1302752429925438
2022,7,B,3,0,2,1,5.249813630391673,194.51365172613612,20.1649861273862,13.934666745695475,0.14715246111715743
2022,7,B,3,0,2,2,5.885286108722967,166.17390960566405,18.56636656601693,15.459669992029266,0.149519416778043
2022,7,B,3,1,1,1,5.913806324748435,205.13176997136873,18.354548365061966,15.241717899128068,0.14483780004748806
2022,7,B,3,1,1,2,6.876638479430615,223.71854040913246,15.035957524571284,15.7860019315982,0.12042593587893126
2022,7,B,3,1,2,1,7.337942460276107,260.51596969237096,23.779021007243237,18.836155267183262,0.15937977849946663
2022,7,B,3,1,2,2,7.495717097939306,253.97765945802314,21.334051266095564,19.69310384515211,0.15222998596635554
2022,7,B,3,2,1,1,6.89786617689061,213.04427893032224,22.9166064200676,17.746724132940944,0.14429919928797708
2022,7,B,3,2,1,2,7.032426330467875,255.1484411284544,16.02925441886169,17.327033470074053,0.12403958671549599
2022,7,B,3,2,2,1,9.153517910815074,379.0834935253712,25.706075975637503,21.53545020067753,0.16571001175029762
2022,7,B,3,2,2,2,8.694333692993835,307.1842232122231,22.83595086646367,21.8795767106245,0.16487922200460256
2022,7,T,0,0,1,1,8.545921728978195,213.83861792365042,25.413309973445223,20.20742607287375,0.15273492893319232
2022,7,T,0,0,1,2,8.69097791220359,305.0799455028273,23.611541527759798,20.999342899455325,0.14545988250415992
2022,7,T,0,0,2,1,9.142638243676815,334.57545720707486,24.408768689207662,20.66718742999276,0.1547595819397596
2022,7,T,0,0,2,2,9.711081689448793,268.3941452157271,25.65734273030043,22.91862789095956,0.15214680547888046
2022,7,T,0,1,1,1,9.388309480839345,271.4798588060604,29.225760893680555,21.81393094310246,0.16487458700573057
2022,7,T,0,1,1,2,8.920697600221967,361.2974616845982,24.626457482335667,23.154134373244286,0.13993150109055882
2022,7,T,0,1,2,1,9.979547469559519,412.9917557190125,27.323814764291733,22.853433300374856,0.16333229558356085
2022,7,T,0,1,2,2,10.19326157585797,329.79972554728084,27.47541544003904,24.80044169996339,0.15658552658314337
2022,7,T,0,2,1,1,8.93328937488429,250.28466531446225,30.81689094920391,20.71986325958442,0.15866816849212187
2022,7,T,0,2,1,2,7.640862849759472,419.36503113437925,26.61863838944589,23.001862484197755,0.14899203447861678
2022,7,T,0,2,2,1,9.6383353316949,455.61256689195034,29.036174090179454,24.021978922429053,0.16446594237701193
2022,7,T,0,2,2,2,10.223440598143725,423.4853745384015,27.07516455453032,25.602623710853774,0.1651475215853185
2022,7,T,1,0,1,1,7.856521094404292,218.04292554036522,22.46510713573978,20.175707834900262,0.1408749636924345
2022,7,T,1,0,1,2,7.5420261264618995,299.8779167263047,20.33230289075864,18.47128926408608,0.14788013698508012
2022,7,T,1,0,2,1,8.367242689534288,321.8413023972286,24.047677939966945,19.58229059993014,0.15271402442663418
2022,7,T,1,0,2,2,8.643930239827021,256.7753720536662,22.78997561803387,21.76428858285765,0.15143003939598437
2022,7,T,1,1,1,1,8.88044052488048,233.90468339401272,27.495383282859716,21.99630039151254,0.148107556867533
2022,7,T,1,1,1,2,8.563708398550055,366.8727172541026,24.250759621102773,22.216857815252396,0.14252320237827504
2022,7,T,1,1,2,1,9.116504599655222,417.8805741935371,26.60800232736751,22.92644001286399,0.15278214886979588
2022,7,T,1,1,2,2,9.802357584734109,307.09139616223786,25.044851448595963,23.24708402125379,0.14919153614413605
2022,7,T,1,2,1,1,8.957784300776419,334.48394134915543,28.500051583279017,21.0497998403581,0.15372187954117744
2022,7,T,1,2,1,2,8.716597753188838,409.0461725323732,26.406959788282332,22.784198307727813,0.1471963719727919
2022,7,T,1,2,2,1,9.239249748299487,476.90018633881124,27.437965292891175,22.84377269494767,0.15757712083553582
2022,7,T,1,2,2,2,9.53536759177322,375.5650615611851,27.378257052405953,24.84825703666878,0.1573927562976739
2022,7,T,2,0,1,1,6.633996805454591,215.17610179948306,18.910771882433917,18.598821111955075,0.1349521354174476
2022,7,T,2,0,1,2,8.109804395720014,284.3562803247391,19.075848475221107,17.675086593490274,0.1338453002557841
2022,7,T,2,0,2,1,7.648241040118745,282.579888787371,21.00656682504214,18.801112501362603,0.1475525807304109
2022,7,T,2,0,2,2,7.968191933491841,242.60581044398546,21.84133878071509,20.02251693562671,0.15000234549536526
2022,7,T,2,1,1,1,7.195598028376856,235.9229618842085,20.266792668714785,20.004565982578583,0.14441601583256933
2022,7,T,2,1,1,2,7.737665043923092,288.22563824227973,21.009087124922264,18.303087659123367,0.1552504638544891
2022,7,T,2,1,2,1,8.475518873927083,333.95456724402925,21.283422611038468,19.65106668045004,0.1487100298419347
2022,7,T,2,1,2,2,8.897608460816748,238.56962147750747,22.38512478927181,22.314358703468987,0.14756464325882557
2022,7,T,2,2,1,1,8.704704301908606,278.18730710580974,27.143411925401402,20.785799584028048,0.1504886712595983
2022,7,T,2,2,1,2,8.399963185671549,359.64449953293746,26.27305982313132,21.67256376368293,0.16103805800995058
2022,7,T,2,2,2,1,9.510246518150824,452.2824722436509,25.128081362065757,22.171807413545217,0.14977894480696205
2022,7,T,2,2,2,2,9.358893211220323,373.8513860263167,26.21435722093783,24.109846946432206,0.14504819211678624
2022,7,T,3,0,1,1,5.500519378532677,221.32709724969243,16.985907895804576,15.480688612448086,0.12465656348476778
2022,7,T,3,0,1,2,5.121740266595493,237.85053142872306,13.51655274994957,14.320418897321474,0.14548728751897752
2022,7,T,3,0,2,1,4.695611298268395,161.34081721926526,14.42375997377759,11.827101942021756,0.13950507040773746
2022,7,T,3,0,2,2,7.396302515438344,228.24331588449633,19.334336953620674,18.743881091172128,0.1586124952049017
2022,7,T,3,1,1,1,5.7337604008003,196.62232004284797,18.11542813641353,17.548006280203808,0.13048424149080612
2022,7,T,3,1,1,2,5.566549208555496,224.90104853671028,15.79634018634343,13.34450612589197,0.12595295818753313
2022,7,T,3,1,2,1,6.562625046840922,235.06886926962758,17.958861668175565,16.136079979817282,0.15029559837457104
2022,7,T,3,1,2,2,8.366626314993209,271.524098691205,23.041436283733272,21.513858725913536,0.1578179024447934
2022,7,T,3,2,1,1,7.630475539156654,242.47706172178238,22.163240626455075,18.91493884834594,0.15922169207356654
2022,7,T,3,2,1,2,7.444562955864039,301.31025206072275,24.44155034696031,20.094888272093733,0.13725922146643268
2022,7,T,3,2,2,1,8.89733339260978,367.52154196459395,22.20909429374071,20.956403453398003,0.145812819487184
2022,7,T,3,2,2,2,8.977875594806731,286.7947364429044,24.479722282815494,23.317485149836717,0.1533168962003792
2022,8,B,0,0,1,1,8.017275006296481,215.6300862501185,24.28952939882095,19.694991763768773,0.1467662173557495
2022,8,B,0,0,1,2,8.157258846885442,305.7965334272371,23.169828055258538,18.486696775024768,0.12987792391815625
2022,8,B,0,0,2,1,9.367946726125663,339.3815032244412,25.376553726998544,20.24304850805238,0.15270393455890352
2022,8,B,0,0,2,2,9.377791425945649,248.05155260994522,24.93868701950704,22.540224962615667,0.15822767308227118
2022,8,B,0,1,1,1,9.222620819821687,284.89279561698197,26.989223010876632,20.149817305190975,0.15197229956267366
2022,8,B,0,1,1,2,8.46290375477958,359.0421821639747,28.090768362525072,20.57281215239051,0.13941701662457223
2022,8,B,0,1,2,1,9.702233531136507,397.6696197305215,27.566074083955865,22.543887724333846,0.15342300050708046
2022,8,B,0,1,2,2,10.21193507759066,331.42431084253775,26.873934179747938,24.069929006160802,0.1582007426067694
2022,8,B,0,2,1,1,8.372626120725569,302.1269376087465,30.497441486806885,21.13430822113562,0.17531125748210277
2022,8,B,0,2,1,2,8.309027833348102,351.66518058228814,28.821494558875873,21.213118512388625,0.14760458021263245
2022,8,B,0,2,2,1,9.803016117257368,451.8256908771129,25.603328974950212,21.641009748875966,0.1466138773729615
2022,8,B,0,2,2,2,9.019992033493354,455.7801825346511,26.276890619976214,24.021171814388815,0.15854748281322498
2022,8,B,1,0,1,1,7.424119776316926,231.49180484791123,20.345290559064527,18.736986701728267,0.13815649030515242
2022,8,B,1,0,1,2,6.998103877752553,309.4095117964412,20.44406527138363,17.86419316085611,0.11790763507325704
2022,8,B,1,0,2,1,8.635520333927504,301.24962921087723,24.035709871703144,19.56432881017998,0.1426128357225701
2022,8,B,1,0,2,2,8.82887413613747,223.3788555126904,23.731573770963493,21.84515468841872,0.14981463426006236
2022,8,B,1,1,1,1,8.393471439249918,235.72187796477525,25.0826212531039,19.826641877158966,0.138541396456966
2022,8,B,1,1,1,2,8.21972896393445,321.3450147259047,23.418711893124712,20.242923903421964,0.12445114828636308
2022,8,B,1,1,2,1,9.455940096688696,389.6134394707435,25.801629961194344,21.53142576829221,0.1542585595317181
2022,8,B,1,1,2,2,9.373024703727236,291.7708855109214,24.867259361003956,23.441716885659226,0.15260343891592582
2022,8,B,1,2,1,1,8.308261975055768,311.4463903025442,27.530966169093066,20.06908642281908,0.14345246753075228
2022,8,B,1,2,1,2,8.292650781870707,419.08003681359526,29.941075738910502,21.961766477054145,0.14691272549324325
2022,8,B,1,2,2,1,9.312207290829022,454.0402934472931,25.763870954414188,21.36639776882701,0.1494443556173022
2022,8,B,1,2,2,2,8.896489518985343,404.71855595945345,26.088287386615765,23.34335228823955,0.15965039184483534
2022,8,B,2,0,1,1,6.788022164503402,240.59212715751,17.220850650495297,16.651013707547136,0.12785529991251557
2022,8,B,2,0,1,2,5.8018675394056265,256.6418259722306,18.254277003018917,14.92993753907416,0.1340596367578634
2022,8,B,2,0,2,1,7.599587404494477,255.9510642656659,20.823187427209668,17.463372732567,0.13886128148526694
2022,8,B,2,0,2,2,8.472016642551095,224.0993587479772,21.567697487515186,20.076690990273566,0.1463775329029749
2022,8,B,2,1,1,1,6.300889241807599,246.5227384472668,20.08222276184455,18.943624394207784,0.16052475172379865
2022,8,B,2,1,1,2,6.362938567988599,293.98405363669673,19.16871225929093,18.642643575366506,0.12713977715034785
2022,8,B,2,1,2,1,8.620052094706919,308.092733885635,24.62589908034782,19.523702438339132,0.14648068119125301
2022,8,B,2,1,2,2,8.684509586836203,247.90894571507818,24.79340441727444,21.207547269069693,0.15083282067853795
2022,8,B,2,2,1,1,8.330041101145879,271.0869863302575,26.22925230043253,21.31774803244565,0.1531799366129
2022,8,B,2,2,1,2,8.386976945236391,359.75481692330567,28.27367173840164,21.75522205288169,0.13559556097142283
2022,8,B,2,2,2,1,9.084358751854706,422.4876283498258,27.068512730063123,22.370971363081722,0.15257505447938483
2022,8,B,2,2,2,2,9.550503357736417,349.8666288215499,26.107657492577406,22.67474087312798,0.1535902243500279
2022,8,B,3,0,1,1,4.641723933600273,229.5855707757819,12.900333132780327,12.242660352499641,0.08676417421161436
2022,8,B,3,0,1,2,4.995168835550224,180.22048218340487,8.350240415636714,14.770335816035413,0.13383995599576612
2022,8,B,3,0,2,1,5.7224752879306555,205.34886035045562,15.493377767984574,13.374183824712238,0.14689205054893983
2022,8,B,3,0,2,2,6.664630465365159,159.91825055479538,21.16404559939066,15.003944377985476,0.1268526189148407
2022,8,B,3,1,1,1,6.405962757107988,291.6516752121276,12.799610176372205,14.738937629896528,0.11557743808216363
2022,8,B,3,1,1,2,6.021926769836761,281.17682938369853,16.023486442853528,15.133569506959672,0.10716561191257085
2022,8,B,3,1,2,1,7.7155267436300745,302.41727295952086,20.323709406431917,17.122123444363808,0.15058297044036595
2022,8,B,3,1,2,2,7.2857739465240385,241.33426077477424,21.864591146239174,18.79381716425144,0.13859589060486144
2022,8,B,3,2,1,1,6.94922168109509,239.26345373183668,21.47569000584997,18.619390988572732,0.14582933733323894
2022,8,B,3,2,1,2,7.331455585352754,360.2117917712477,22.575782746148302,18.90968278210121,0.1396563455971263
2022,8,B,3,2,2,1,8.876766704521957,355.41819177715513,23.65555843253774,19.717122562699068,0.14277666879598264
2022,8,B,3,2,2,2,8.839393722990804,275.90126844975356,24.14000002191538,21.7146435885468,0.15519824914601896
2022,8,T,0,0,1,1,8.261687088234634,240.2721653179014,24.84434427244954,20.52292336203848,0.14479291857656834
2022,8,T,0,0,1,2,8.51115677598946,305.92010454315357,23.168591591511827,19.55957766873994,0.13877231147906213
2022,8,T,0,0,2,1,9.475271591553614,332.00257305966875,23.706106882773085,19.966342514388966,0.15626952088184368
2022,8,T,0,0,2,2,9.682291650595287,270.2871020344143,25.59084086964541,22.592426521635648,0.15688003241556844
2022,8,T,0,1,1,1,9.636599236977673,266.57197945967823,29.828507442268506,23.08035291063568,0.1485816475354712
2022,8,T,0,1,1,2,8.97198442669582,350.26440484965065,29.03489829768909,22.903428889528556,0.14651438413329645
2022,8,T,0,1,2,1,9.931020813976813,428.9081287131421,27.795240480634764,22.55945726376632,0.157756743432939
2022,8,T,0,1,2,2,9.810976637353894,319.02449169469975,26.939830105115107,23.662034765504625,0.15434652486446143
2022,8,T,0,2,1,1,8.608097066440898,258.1738308901278,30.823525840668164,21.675331475080494,0.14646207758857002
2022,8,T,0,2,1,2,8.488553155329958,437.6154287540324,31.292249962273605,23.385951249916523,0.14341017509950515
2022,8,T,0,2,2,1,9.130977149726093,496.35712967316675,25.751701876312733,20.588251403057146,0.1432106461299615
2022,8,T,0,2,2,2,9.73984442862333,396.46596267836975,26.882642619399537,23.976526142315862,0.15471043566823084
2022,8,T,1,0,1,1,7.428943120474187,238.18715723876522,22.203997753356525,19.272172268252422,0.14227430642267694
2022,8,T,1,0,1,2,8.118281181990575,290.39084491288907,21.082118227292078,19.405588044466203,0.14238617852111524
2022,8,T,1,0,2,1,8.689355662851819,311.0418205690054,23.6721980361876,19.500403068118132,0.14834949981297957
2022,8,T,1,0,2,2,8.716697747260392,268.6794303597476,23.033286309556804,21.521047949306737,0.15584387324213647
2022,8,T,1,1,1,1,8.506799622935914,273.97445834323173,25.033437155382796,20.14245928765434,0.14226176110597819
2022,8,T,1,1,1,2,8.299776196409388,363.98098422380536,23.738016813997923,20.88345018180561,0.14695209759029326
2022,8,T,1,1,2,1,9.475826920369574,411.6947652704439,24.626766724700538,21.622626632852107,0.15331332599376987
2022,8,T,1,1,2,2,9.887571908208871,314.4714148376528,27.424244981894965,23.790521382783,0.1603330281120863
2022,8,T,1,2,1,1,8.841531218841073,306.42318479529007,30.734158768287614,23.843548174170902,0.14712284795896258
2022,8,T,1,2,1,2,8.593505361243825,394.8616567798181,28.160687995983434,23.813588336815343,0.15227512557461245
2022,8,T,1,2,2,1,8.900010590046028,485.5567063424579,25.064381365151647,20.77107290009511,0.1492747964183151
2022,8,T,1,2,2,2,9.144803736379465,388.45022985356064,25.908507702190914,23.310256174700974,0.16028554027517247
2022,8,T,2,0,1,1,6.367131311361848,246.46222646545237,19.517790515382657,16.44382821145946,0.14003144951189428
2022,8,T,2,0,1,2,6.0881609495724724,262.82541951976856,15.491686237389029,14.033531903680421,0.12816679686825203
2022,8,T,2,0,2,1,7.5651682408257495,241.21084423774704,19.75299709009715,17.429522182839612,0.14874500991742942
2022,8,T,2,0,2,2,8.041144266297632,251.3045247220465,21.519440127712635,19.42880774304185,0.14387596846321085
2022,8,T,2,1,1,1,7.263072713791115,247.71742577188036,22.38106268219294,19.721902052301854,0.15151857669031493
2022,8,T,2,1,1,2,7.322455340137993,308.15721154287456,20.417174699573522,17.785245988804565,0.1358538500549933
2022,8,T,2,1,2,1,8.80258809033074,341.68131226851835,22.279134218163936,20.3199308692298,0.15592975136326837
2022,8,T,2,1,2,2,9.04068214556361,307.8622166296565,23.557142251456774,21.532203779322316,0.15453006132714406
2022,8,T,2,2,1,1,8.546048058880817,278.13196569978555,27.667334657898703,20.68048476816955,0.12775439164963062
2022,8,T,2,2,1,2,8.50437777937694,404.910180907219,26.073184867075348,22.294868349564755,0.14230575861054962
2022,8,T,2,2,2,1,8.808372568043326,427.2465502892833,26.234021434034915,21.304613973889904,0.15867611627471828
2022,8,T,2,2,2,2,9.406930429800115,361.8515965928164,26.460450158236178,23.71694971730906,0.1541694839955307
2022,8,T,3,0,1,1,6.770481138205996,251.614436292054,16.068549084206484,15.371837639643006,0.13136826761863463
2022,8,T,3,0,1,2,5.353456388755427,209.748746584321,16.45427528393014,13.20106567948926,0.1215441718436518
2022,8,T,3,0,2,1,6.116456636681188,219.1688017721031,18.25608922002542,13.212124181346525,0.12823629922948157
2022,8,T,3,0,2,2,5.857788886344942,256.0076071337131,17.72193928593892,15.298411369950395,0.12327624615642639
2022,8,T,3,1,1,1,6.351418384473879,251.08930527121612,21.617387213442814,18.229366259514723,0.14116197988261048
2022,8,T,3,1,1,2,5.0390605267349535,263.4168035260747,15.131294315477009,13.550575763992635,0.13907774172603174
2022,8,T,3,1,2,1,7.396809488276777,226.7319382073109,18.935861974871084,18.660485659234457,0.14545681672669725
2022,8,T,3,1,2,2,7.3511455711738085,253.02200343972677,19.414356886012072,18.660151045849307,0.14603228367660964
2022,8,T,3,2,1,1,7.544720587735622,241.31444700713928,21.481812927915733,19.29409823509466,0.1417446673595906
2022,8,T,3,2,1,2,8.107187304749342,327.1491024992389,22.019756849660595,19.809746687332243,0.13324958343302695
2022,8,T,3,2,2,1,8.941094980610421,332.4254173400588,25.028003074508238,19.201461657213112,0.15469083017847643
2022,8,T,3,2,2,2,9.415893919350284,332.51607185445727,26.52221344325168,23.16630290498246,0.16349422128607488
2022,9,B,0,0,1,1,8.08410835298232,186.9647467474414,25.150795004691016,18.25657016127635,0.23317909377874166
2022,9,B,0,0,1,2,7.91818272489442,280.025081531246,20.55052342401034,17.250350908107333,0.12336268808986756
2022,9,B,0,0,2,1,8.603953729572394,345.9579598976722,23.030766403678722,17.809544914773575,0.1551610312980107
2022,9,B,0,0,2,2,9.2464950098253,295.97890695941885,24.78144911685286,19.79102074214111,0.14924554752032776
2022,9,B,0,1,1,1,9.758258568719347,286.25264503052927,27.61396054260168,22.89248827049693,0.1768987656000677
2022,9,B,0,1,1,2,8.479724020122848,368.574863759518,24.582137999691074,20.750247951045402,0.12271871949415752
2022,9,B,0,1,2,1,9.542980260246583,409.7715030351244,26.747252646084807,20.95216887997657,0.1566996659408012
2022,9,B,0,1,2,2,9.783593854621039,343.50046943221724,26.056217519944113,22.214355874700768,0.15144892318176106
2022,9,B,0,2,1,1,8.448677504331657,257.034768992942,28.577651487821612,22.81324570645329,0.16640501861495324
2022,9,B,0,2,1,2,8.422990737960285,393.0947411766098,31.051320076312503,21.944203329935156,0.14168080003040245
2022,9,B,0,2,2,1,8.938223526263286,497.5589474048257,26.40556056110784,21.867884699176276,0.16307246777483758
2022,9,B,0,2,2,2,9.444650122809596,445.5517693542659,26.79940335536567,23.74625186564606,0.15550728382480014
2022,9,B,1,0,1,1,6.029163888846933,169.2793819000285,18.917104189640316,14.62798739443924,0.14915597407569142
2022,9,B,1,0,1,2,6.903090992785253,250.40924422462209,16.633381953358853,15.836187876991021,0.12023788892706072
2022,9,B,1,0,2,1,7.880527142914823,385.34602069831226,22.126229256692117,16.868792041126056,0.14834989683874647
2022,9,B,1,0,2,2,8.28448074187074,292.75923619954995,22.71732693682996,17.70342678401507,0.1406713289269883
2022,9,B,1,1,1,1,8.657926618678756,243.78990955810667,24.209009087683697,18.84452131298356,0.14834217054746177
2022,9,B,1,1,1,2,8.963151189537703,331.2837356346402,25.23875315614084,21.261666148277435,0.1361824033237356
2022,9,B,1,1,2,1,8.865601022869171,428.86065609272237,24.376990721436105,20.2574930034082,0.1550125626911393
2022,9,B,1,1,2,2,9.037232429540898,331.3793957597412,25.463247404844402,21.15672699981887,0.14441620143842596
2022,9,B,1,2,1,1,9.390216801104824,216.55109188107784,26.94822972467885,20.874810741320015,0.1933002346758391
2022,9,B,1,2,1,2,7.563649925127943,395.46214090437326,28.269089266811285,20.075398464800596,0.12978882762862703
2022,9,B,1,2,2,1,9.499733976359813,486.7501960367047,26.214364599393754,23.207773204702384,0.1535739926180011
2022,9,B,1,2,2,2,9.1156015074844,442.96108825007786,28.865870590479272,21.446001017400306,0.14778018435470322
2022,9,B,2,0,1,1,6.226859921464308,193.67521828209058,18.483266907734862,15.050388753946969,0.13487204609497902
2022,9,B,2,0,1,2,4.261356176193972,208.56182586134594,14.896010794284473,13.532429024728486,0.124729287227074
2022,9,B,2,0,2,1,7.587251288176461,318.73781404035145,18.99666566598108,15.772663526386484,0.1441841291251818
2022,9,B,2,0,2,2,7.3228391012878244,273.67932605525374,20.387234711153226,17.170537725752755,0.14322010340447813
2022,9,B,2,1,1,1,6.500207550273965,204.6972103778422,20.87378428771563,16.35780819076727,0.14859826050250302
2022,9,B,2,1,1,2,7.37861527202998,233.60038327299753,17.079669385107486,16.14605248627127,0.10378329210078749
2022,9,B,2,1,2,1,7.230855042550379,349.90265294201384,19.94577504262215,16.013897121754518,0.14334314215118538
2022,9,B,2,1,2,2,8.411199317026016,305.68985179110734,23.299064501983338,19.4681424799278,0.15435396857512373
2022,9,B,2,2,1,1,8.380961405367934,302.79285319329045,26.65167419401662,20.378818337652095,0.15341487715366942
2022,9,B,2,2,1,2,7.521586275536572,362.416499569258,24.97285591677935,20.57858334730424,0.12142417356566786
2022,9,B,2,2,2,1,8.838744818342056,437.4901638410479,25.29970251768309,19.24166959626295,0.15795926483081527
2022,9,B,2,2,2,2,8.830454599460309,403.68387404436106,25.723821304604908,21.341832668500068,0.1370345645010655
2022,9,B,3,0,1,1,1.9741491838257825,105.65215313425836,7.688742198794533,12.053453787746205,0.12848552821973672
2022,9,B,3,0,1,2,3.3121563368899056,149.8888006193628,11.85698330659569,11.874398598670634,0.12472440971553596
2022,9,B,3,0,2,1,8.287700397930566,251.4688140580008,21.089959988946728,12.31804866043762,0.14510049336040992
2022,9,B,3,0,2,2,5.766167792577921,249.0083295470729,13.700094243757976,12.399606051651936,0.13701340410790222
2022,9,B,3,1,1,1,4.1702582573904525,130.25292562133365,18.856424335342584,8.046542147798124,0.13188848536421466
2022,9,B,3,1,1,2,5.378329316141106,169.2143052260805,11.091340111720534,13.801940978813494,0.12574292322444322
2022,9,B,3,1,2,1,7.647591274095494,270.62743616635925,16.693156570849215,14.682953850761969,0.12667271769252814
2022,9,B,3,1,2,2,6.738708528876869,250.98170261353124,19.86138624259579,16.1382828923786,0.13943811667961745
2022,9,B,3,2,1,1,7.315889737818226,174.16660053319742,20.4596125964616,17.72090067420177,0.1321567575617959
2022,9,B,3,2,1,2,7.426290412432699,243.67721164899075,20.068759478987126,18.370417557828237,0.13373098431072253
2022,9,B,3,2,2,1,8.491729967140277,359.4919228977134,24.64594255499027,19.306113793601718,0.1468080220216015
2022,9,B,3,2,2,2,8.017390166820164,333.0378754540956,23.081579271489503,18.80370039933795,0.13672926894951173
2022,9,T,0,0,1,1,8.735626036440328,230.8553926828281,24.474509003835873,19.96979788390357,0.1449575150900654
2022,9,T,0,0,1,2,8.185224137634762,327.8192807610313,21.22675331874617,18.201304152477174,0.1327453845721284
2022,9,T,0,0,2,1,9.602767864828666,371.33270708998003,22.830597925343007,18.85857022532642,0.15273301763597247
2022,9,T,0,0,2,2,9.260103932985585,285.1436046050923,24.81832817660356,21.06913138025418,0.1553571294859195
2022,9,T,0,1,1,1,8.657892457855585,239.66958723111733,27.472536752840693,18.426815726562623,0.15598029495847882
2022,9,T,0,1,1,2,9.545722570704651,350.1640423959195,26.639595836510782,23.42372987175126,0.137349349912587
2022,9,T,0,1,2,1,9.840091045297152,449.72329909496773,25.834647091222102,21.643187450482497,0.1602590623403827
2022,9,T,0,1,2,2,10.025983971830525,346.28253658741875,26.687185795392754,22.555907757945874,0.15108589654651147
2022,9,T,0,2,1,1,8.747377322786125,283.71628767333806,29.748127149515224,22.266162240918515,0.13137841605974868
2022,9,T,0,2,1,2,7.688445641970546,380.8370588984403,28.084895941012352,20.91141929187994,0.12138412439369616
2022,9,T,0,2,2,1,9.351662578106763,495.46608898158615,26.620698267173978,20.981158605729792,0.1626961885700077
2022,9,T,0,2,2,2,9.33505387474626,460.56196025720317,26.755134962400138,23.119339138821154,0.1517442600905876
2022,9,T,1,0,1,1,7.931632218996149,256.32796546939096,21.436932370234008,19.29085229338058,0.15031731596522768
2022,9,T,1,0,1,2,7.540602833592301,300.2519996256396,18.623579393671136,16.411165868000495,0.12905772672166316
2022,9,T,1,0,2,1,8.48487032873389,352.0551288883827,21.541891515803673,18.795106966455936,0.15279104570548885
2022,9,T,1,0,2,2,8.891847404039888,285.62661958233133,24.33444022174217,20.916795363760862,0.15377323916914026
2022,9,T,1,1,1,1,8.538811860129726,249.8841912324401,24.888481782945007,20.461739077857253,0.14848838090106983
2022,9,T,1,1,1,2,9.268606568234722,341.25318968601636,25.458351689828874,21.151472421245124,0.13958856997355754
2022,9,T,1,1,2,1,9.582823700301926,418.3827279264017,24.5155505238279,20.114226353409766,0.15258777044448574
2022,9,T,1,1,2,2,9.846059161771043,329.94824290173455,25.220667081031788,21.628016168417414,0.15178472476194146
2022,9,T,1,2,1,1,8.613499223526068,329.60903704109967,29.091236864021177,19.826570249219884,0.15750996990623384
2022,9,T,1,2,1,2,8.46236557545815,407.1297402022995,26.4887855601211,22.266473189972768,0.12729900227820293
2022,9,T,1,2,2,1,9.349202413537487,497.3907419242359,26.91363087830092,22.032155957069815,0.15573666432505834
2022,9,T,1,2,2,2,9.67346208587574,450.9136231931838,27.2295497814671,22.208012600072287,0.15784272342844954
2022,9,T,2,0,1,1,7.64671431340998,279.4635992799872,18.058256330782672,15.611965816452804,0.15257847263594948
2022,9,T,2,0,1,2,6.111626756500631,257.88800109992167,14.544772912762795,13.473674056388553,0.12995803282375762
2022,9,T,2,0,2,1,7.087110401291986,306.0883419354053,18.48460820779037,15.581864506879795,0.14833976148662775
2022,9,T,2,0,2,2,8.072502537489823,268.8396757718485,21.68493888512391,19.70557991214202,0.15081614850648595
2022,9,T,2,1,1,1,7.601425231610775,239.80892561450187,21.201930972707896,19.060079634529743,0.1463013861652226
2022,9,T,2,1,1,2,7.142506871849296,280.633773105618,21.581006237814226,16.80591114236035,0.13305025486404515
2022,9,T,2,1,2,1,8.112294499855713,331.03629451305534,20.813069912762536,17.644530923996435,0.15248494517354452
2022,9,T,2,1,2,2,8.488064763597475,296.8151765075284,24.503926519300425,20.12153601086304,0.14904810226263301
2022,9,T,2,2,1,1,8.443015262823266,277.0824998568595,24.958710127076213,18.308004336450484,0.15201671217389962
2022,9,T,2,2,1,2,8.744003873512415,343.7857748806618,23.33777198666192,21.13714478404295,0.12946126578231956
2022,9,T,2,2,2,1,9.128215859815802,436.26773749989263,25.82749845627929,21.060642862315884,0.1395453249189568
2022,9,T,2,2,2,2,9.155938307395997,395.7253531831985,25.322224509927327,22.47266615384135,0.15389524121356915
2022,9,T,3,0,1,1,2.764765805911677,154.49248108060007,7.467501310212273,7.699988195837962,0.13782578421908
2022,9,T,3,0,1,2,4.305213987325913,170.45580531132788,8.54044449138529,11.8249830284473,0.13648685193331506
2022,9,T,3,0,2,1,4.674222746900336,227.39527303398867,13.344773236352232,11.861181172803256,0.1540822865323387
2022,9,T,3,0,2,2,6.526844742961171,241.7801607856128,17.558788281058387,16.06913410700827,0.14239983680338295
2022,9,T,3,1,1,1,7.089172494824459,235.28289879858139,18.370174086700146,19.206731894050666,0.13876065601675813
2022,9,T,3,1,1,2,4.916235402231943,163.71729410834627,13.90988116230432,12.999374712012177,0.12846156282241689
2022,9,T,3,1,2,1,6.8322275252606275,242.00122189044947,18.225973555447364,16.250390478193186,0.14484491804846464
2022,9,T,3,1,2,2,5.650658227756945,216.40736222902086,17.44079997827416,15.781052512147,0.13854216715081846
2022,9,T,3,2,1,1,8.436333112369747,284.5458797983773,20.052367567511862,19.28752248553631,0.14195225008009818
2022,9,T,3,2,1,2,8.913843562422995,314.9345594408345,22.42715432019258,18.30009649333091,0.14015668781477286
2022,9,T,3,2,2,1,8.01938787035894,334.8680135341476,21.343460259131515,18.414341712793803,0.1597499733833209
2022,9,T,3,2,2,2,9.186560990101636,271.7681589103992,25.77733437151044,20.863628613859532,0.14936048931162071
2022,10,B,0,0,1,1,7.959608743855638,185.40329771878376,24.464937139880735,22.28003289559841,0.11436121717932547
2022,10,B,0,0,1,2,8.45760774001625,318.47185208551673,20.969179265758164,15.87225862226402,0.09128422999084589
2022,10,B,0,0,2,1,9.675712318451945,505.6601330760828,20.569869274589827,17.433300183527187,0.15113321604353494
2022,10,B,0,0,2,2,9.134994712958797,468.5666636645097,21.889909998757823,19.38853093226233,0.15259931726705703
2022,10,B,0,1,1,1,8.757658948029437,240.8896694893052,29.932101117807726,17.580097613399836,0.0585974051615485
2022,10,B,0,1,1,2,8.297611032974826,371.82474488050764,23.3812487413506,14.707386308951271,0.10200845968483564
2022,10,B,0,1,2,1,10.193204385387181,511.67647633105076,28.36336983741634,22.5735145007227,0.16136474098734846
2022,10,B,0,1,2,2,9.340075460006124,446.4787365074623,23.606882017313996,20.18292423735182,0.13679878764547013
2022,10,B,0,2,1,1,7.513009550107068,26.728636328851465,25.23352975071066,20.579494338297042,0.028142849891224633
2022,10,B,0,2,1,2,8.460800626305723,319.3371288421419,21.502541033484082,26.439482889151112,0.12612418717468976
2022,10,B,0,2,2,1,8.646366059410937,583.8869977225453,26.38195951118148,17.325545605547454,0.1584899795135026
2022,10,B,0,2,2,2,10.463210421012942,392.07194659434674,29.1048274792332,24.26328910469657,0.15799213331789946
2022,10,B,1,0,1,1,6.7530142348739535,143.64333414255515,19.62309765719914,21.474140067860752,0.13271721688980057
2022,10,B,1,0,1,2,6.99994842838145,201.39759473311918,17.88433169347244,14.321350324895795,0.08764496954026667
2022,10,B,1,0,2,1,10.84210528934325,465.1618329165477,20.54324072527076,20.995263831965858,0.14884544987430248
2022,10,B,1,0,2,2,8.14732792207334,433.6427779864337,22.181523557312936,17.7025235036144,0.13778970957238001
2022,10,B,1,1,1,1,7.011486807375449,180.20558748582448,27.24682314453273,22.089472160762718,0.1271049029782531
2022,10,B,1,1,1,2,6.6719497337734746,290.48888108860746,12.627446924204872,24.224231616990682,0.10574991683737213
2022,10,B,1,1,2,1,10.964206597210133,442.2610524831951,18.064950505539247,20.18079031424383,0.14839274480212938
2022,10,B,1,1,2,2,8.042488009303518,477.3207533585602,21.83609282079019,19.650359218884425,0.12478905230299896
2022,10,B,1,2,1,1,9.385482325960076,109.13914089987891,35.63771365125332,22.20859576071637,0.1345337719209297
2022,10,B,1,2,1,2,6.658404123111384,635.0232136439319,20.045133269042303,13.658233663105928,0.07924491091967156
2022,10,B,1,2,2,1,9.623201587562834,721.7564550684513,32.82031037314375,27.788667998317447,0.19905264843432238
2022,10,B,1,2,2,2,10.195851976407992,438.86982274434814,29.692408296309246,22.093483612623405,0.14654202387065074
2022,10,B,2,0,1,1,9.41418453717581,62.538494945113484,23.71705916598852,26.631726947890556,0.14235656033355124
2022,10,B,2,0,1,2,,,,,
2022,10,B,2,0,2,1,9.20759363942545,602.0367479119224,20.549993080797698,20.519761900419905,0.1599240692816628
2022,10,B,2,0,2,2,7.508482204797643,384.16718140926184,16.033502472166845,19.308716740581794,0.12411003968014479
2022,10,B,2,1,1,1,12.120281404873948,25.919600691368732,23.41540230197494,31.18839160750893,0.18703914349675574
2022,10,B,2,1,1,2,8.596013387999507,328.12838233939283,12.954279937482694,7.371739255200676,0.07734508372654773
2022,10,B,2,1,2,1,8.611851963317486,498.4037294880049,22.004577325699003,21.430213532662798,0.13681160739185422
2022,10,B,2,1,2,2,6.342421787347731,428.50536159173356,19.816842416883166,15.791370089990862,0.1348973822861101
2022,10,B,2,2,1,1,1.3954701418040694,285.4173024859098,28.11260342207151,21.7169571599975,0.03588672119786557
2022,10,B,2,2,1,2,7.499057174071951,300.21651889835186,23.39170862934723,16.620773781283802,0.08053088006748978
2022,10,B,2,2,2,1,9.322228708474352,427.86624321870954,25.50836541424892,23.07565066022884,0.1834159254720855
2022,10,B,2,2,2,2,8.643395436764543,511.0629030611613,17.126644160756452,25.67286970986066,0.12681386494911873
2022,10,B,3,0,1,1,13.468507576317903,106.04089839931274,33.23230579601722,8.569886365835508,0.10554169097249363
2022,10,B,3,0,1,2,,,,,
2022,10,B,3,0,2,1,6.004188836415241,146.9786910859303,4.693215279173403,6.157693914865099,0.09573804864490039
2022,10,B,3,0,2,2,3.5710205024014434,123.89750169711132,6.100487212705309,12.967633773287062,0.15711499346475047
2022,10,B,3,1,1,1,15.613624835380163,92.13601358860679,32.21550210814663,9.749517588322,0.06363961030678941
2022,10,B,3,1,1,2,5.968488948916081,341.7029289212097,17.974479312161826,15.326567932950066,0.09404214445307663
2022,10,B,3,1,2,1,12.118994151252616,284.41477797148895,30.069889857732942,22.36477836397052,0.10279404626542846
2022,10,B,3,1,2,2,5.919725721606348,152.72144903463342,20.24317263106255,21.238641791076628,0.12736864991414637
2022,10,B,3,2,1,1,6.534486386345404,326.361343503383,19.524115662772882,16.055578851913122,0.11701770478578587
2022,10,B,3,2,1,2,13.60505261535826,369.96183502716417,34.87474321203909,26.996447142793933,0.09812381309685574
2022,10,B,3,2,2,1,10.86593692028237,344.34464870242994,26.823525172214865,19.48913266277446,0.17531628939972715
2022,10,B,3,2,2,2,8.702011143673367,403.86463267116545,17.90654521011199,23.825468330006412,0.13436489253693296
2022,10,T,0,0,1,1,8.818209269307898,202.5969634708977,21.675746565123905,22.82230283802532,0.14311766087308042
2022,10,T,0,0,1,2,7.40215935067119,306.291360525048,23.97475130934944,19.36622535301128,0.15720874585635503
2022,10,T,0,0,2,1,9.586003720892066,332.69401375641746,24.279462812771094,20.628139684881365,0.139733673451827
2022,10,T,0,0,2,2,9.032473031677265,258.0986870432154,22.913831963574935,19.947198041384237,0.1275474036522403
2022,10,T,0,1,1,1,10.67687056108955,218.15676043596045,29.362324125169685,22.99871342976744,0.14756315283756416
2022,10,T,0,1,1,2,7.08660977218006,389.16159411983955,29.562451717233962,22.984563786851997,0.16805886472179596
2022,10,T,0,1,2,1,9.045252608547703,458.672446708422,21.937147832017278,20.032221424747423,0.1372243042835254
2022,10,T,0,1,2,2,8.865582492749635,353.6048250074246,24.34406733731545,17.63694986154212,0.1369871976979605
2022,10,T,0,2,1,1,10.178497208985876,292.7110191544631,31.124737450118,30.2505212926323,0.09291382516432455
2022,10,T,0,2,1,2,6.427078363122269,302.5403857181322,13.410942000524368,17.068573706641327,0.15587318367979852
2022,10,T,0,2,2,1,8.556301780199563,523.4286280603494,19.756263135567792,15.771465500130127,0.12810609167155876
2022,10,T,0,2,2,2,10.136946340984542,278.49499543107385,19.80082626174823,17.706456947465412,0.11337940377606233
2022,10,T,1,0,1,1,8.959583372541587,219.2554664725494,18.271365044269473,19.97750972331017,0.10415475549575713
2022,10,T,1,0,1,2,7.944788831413806,331.9519294193636,16.523161915155917,16.695591828363828,0.17150065291168487
2022,10,T,1,0,2,1,9.154241186460755,390.3159469653796,28.180978650295128,21.051868964969273,0.14206413124383505
2022,10,T,1,0,2,2,7.936592633839962,297.65635173100117,23.200764138259117,21.489063297481007,0.1462509346548563
2022,10,T,1,1,1,1,9.311796508323106,251.7733822828454,23.632485042045754,22.725346313804614,0.12568249130742845
2022,10,T,1,1,1,2,9.683555745523787,238.51065536085946,26.67904696125032,18.080363484009386,0.1458324894642252
2022,10,T,1,1,2,1,9.210379156978776,397.98607011154036,23.69390966369912,21.53726181279052,0.15193491845078141
2022,10,T,1,1,2,2,8.227697370800085,251.09303801332223,21.7855616235064,20.854027714264962,0.1422975471375849
2022,10,T,1,2,1,1,7.377382709528985,485.1665829898015,19.052760440114522,22.331358423874168,0.1657279341431527
2022,10,T,1,2,1,2,6.480614060609081,271.80528745022133,18.192329097339282,13.89415722954649,0.12108927894061881
2022,10,T,1,2,2,1,8.220464205068112,430.0524164581683,24.571668115887274,21.643819281368287,0.12509315859786543
2022,10,T,1,2,2,2,9.732765031441662,409.1027374894083,21.84100077010618,20.784191232122915,0.16651629136025134
2022,10,T,2,0,1,1,5.119886415220745,151.88665752242144,16.995603873621192,19.674270161800763,0.04678240231825068
2022,10,T,2,0,1,2,9.535522289488572,360.7790302017748,26.20999503287502,26.386551475009636,0.13623656826760328
2022,10,T,2,0,2,1,11.203155255152566,246.58683385478295,25.44361500089075,22.15763788483259,0.12284819827631518
2022,10,T,2,0,2,2,8.459633503673983,197.85464394403235,20.795906299293883,21.885469431185424,0.1061849176600027
2022,10,T,2,1,1,1,7.382574688986328,134.43927469389217,15.582938328128035,21.218707573633804,0.08027839913098027
2022,10,T,2,1,1,2,9.007568629512887,349.04415356264565,21.75462189462832,17.354687324673925,0.147032522807666
2022,10,T,2,1,2,1,10.588554156779587,300.68365981220643,30.354977245209387,22.301893169317285,0.1646025006119054
2022,10,T,2,1,2,2,8.71724795976889,171.2710288476415,19.56213585347071,19.764618993404017,0.16374067241816423
2022,10,T,2,2,1,1,8.145101072256425,126.14970783905432,24.326430916614818,19.820542642945814,0.16736155494915794
2022,10,T,2,2,1,2,10.25967254072259,387.72992494705716,38.47099088340517,21.78940207033312,0.141219483720971
2022,10,T,2,2,2,1,8.079071150424605,448.9883018776311,29.89893694563145,24.472687424405635,0.16742265300022227
2022,10,T,2,2,2,2,8.589210341388881,317.78969246136677,27.567989900634398,23.165053516223338,0.14021397646231515
2022,10,T,3,0,1,1,,,,,
2022,10,T,3,0,1,2,,,,,
2022,10,T,3,0,2,1,7.6789856659029425,150.2948729700099,20.781741427749058,21.97185137689975,0.14365204100782658
2022,10,T,3,0,2,2,5.570329882511444,234.0157111178649,11.198170759235634,21.232048550834655,0.08112418030402518
2022,10,T,3,1,1,1,6.587019052651955,172.53744367527892,19.79483289944626,15.088255313554313,0.06511930566276036
2022,10,T,3,1,1,2,3.66893524972391,196.7461664937846,5.515981898719395,13.572763248162353,0.07750065816924837
2022,10,T,3,1,2,1,11.578898861918848,366.3199142925114,28.635934174964664,22.9667685955956,0.10685143035584928
2022,10,T,3,1,2,2,8.178563215300512,557.3270948644072,19.558942276147416,18.02877413787933,0.08308635349241578
2022,10,T,3,2,1,1,7.97350054570644,114.99227827078118,14.068377236842037,14.36270846007283,0.10720600160882962
2022,10,T,3,2,1,2,8.79625634341627,329.75364004699395,31.10138503896644,18.437503957544514,0.10487662157882421
2022,10,T,3,2,2,1,10.288743711834613,337.00040812093715,33.76935920599889,26.930535891561426,0.14542347694423927
2022,10,T,3,2,2,2,8.247937576372427,362.7290800353574,14.145126455068901,20.790583936732748,0.1027463582627809
2022,11,B,0,0,1,1,8.268381139417,77.04995117887276,28.957607795580532,16.642080961947038,0.03162489067174772
2022,11,B,0,0,1,2,8.782973329118102,399.21834652230103,9.914273468338463,9.327869814700462,0.10219814308489175
2022,11,B,0,0,2,1,9.569690013656817,316.15503639029544,23.72748067199898,19.25775210369354,0.17013772775568428
2022,11,B,0,0,2,2,11.10381874011265,272.8131558931159,25.708135850825013,23.503247223295617,0.1679044704606699
2022,11,B,0,1,1,1,0.1174577938381891,39.90465428159134,2.566134714572353,3.785850185009086,0.006223683261006598
2022,11,B,0,1,1,2,,,,,
2022,11,B,0,1,2,1,11.119076370514472,318.6594610458554,26.85668275301152,18.89591850328085,0.1902812700785078
2022,11,B,0,1,2,2,8.70061325835303,342.78503205289957,31.210369389063207,22.51041272296122,0.14406503131240536
2022,11,B,0,2,2,1,6.814936049300871,404.46297726588995,19.72650867288774,19.234351328876453,0.11532388733541517
2022,11,B,0,2,2,2,6.754617841434371,442.38114286495073,18.17152952426138,22.512119967016396,0.19408166095327584
2022,11,B,1,0,1,1,1.5443212101114079,84.59825530115829,20.413324244718197,14.333125165329436,0.02689127088852441
2022,11,B,1,0,1,2,,,,,
2022,11,B,1,0,2,1,8.326341615249794,293.31393590673713,19.41006860673574,18.12544878250395,0.13917093705588998
2022,11,B,1,0,2,2,8.506970547338266,372.06349409999524,20.444090683439253,26.82576446946969,0.1667092836270099
2022,11,B,1,1,1,1,0.8341087059450681,43.031958279089814,1.1259289779259303,2.8741880459241567,0.010702952863579232
2022,11,B,1,1,1,2,,,,,
2022,11,B,1,1,2,1,7.830152928883688,350.13785947256457,17.737188851714837,22.313112311199575,0.17951754353888458
2022,11,B,1,1,2,2,11.43168354586543,271.4153834660559,26.30398892347957,21.43030771102648,0.12048914801024735
2022,11,B,1,2,1,2,,,,,
2022,11,B,1,2,2,1,9.370825419886986,423.34515460988405,29.480330186976648,22.849167155587967,0.08711843684509807
2022,11,B,1,2,2,2,6.743007845168208,408.1240488743383,15.07950391104733,21.757733817387592,0.11625566250725171
2022,11,B,2,0,1,1,,,,,
2022,11,B,2,0,1,2,,,,,
2022,11,B,2,0,2,1,7.046547398076116,271.0040218151753,16.263144075157587,12.337489073731513,0.12329019112105656
2022,11,B,2,0,2,2,9.797495028796176,299.3424963267709,29.73018006475671,24.819422255780136,0.17228656057672395
2022,11,B,2,1,1,1,,,,,
2022,11,B,2,1,2,1,9.112201725473062,314.58008445499894,18.259725800769452,20.364280188074233,0.22768830001624085
2022,11,B,2,1,2,2,7.8281901814201875,235.7181062026383,19.62812544805019,18.184532699626658,0.13415583073753862
2022,11,B,2,2,1,1,,,,,
2022,11,B,2,2,2,1,8.70564786503566,312.8588744945554,25.384974852114784,18.067727475675454,0.056460823389123366
2022,11,B,2,2,2,2,10.609782196855216,281.7360721256061,29.6004467268046,23.641937531323443,0.1449911648550677
2022,11,B,3,0,1,2,,,,,
2022,11,B,3,0,2,1,2.075967405010666,161.6581413559697,12.022054128545035,7.208386168461473,0.1242662103174739
2022,11,B,3,0,2,2,,,,,
2022,11,B,3,1,2,1,9.942254966028786,395.1892860751307,18.34991875383597,18.05589730992804,0.2195863552118803
2022,11,B,3,1,2,2,9.216385716031352,351.7762007654866,22.979120703713477,27.296306002629123,0.10352633722874581
2022,11,B,3,2,2,1,8.015544433875254,336.5212959908439,19.74843905321109,18.846457913657144,0.1448384732580204
2022,11,B,3,2,2,2,8.519701244109957,472.01499800206426,23.437329299031113,33.7009876937045,0.11466511783837709
2022,11,T,0,0,1,1,6.064670059294614,203.81070876074094,17.299343682412413,19.5259394091644,0.17864520638236756
2022,11,T,0,0,1,2,8.316056402125549,338.67438072668875,25.30057132450348,17.610986116471317,0.09781856595093276
2022,11,T,0,0,2,1,8.74372401377309,416.5302572321535,22.990555457257468,16.911921089849823,0.1172817185746318
2022,11,T,0,0,2,2,7.932449898693734,267.9842724203166,20.749564370576238,22.835591948225737,0.11329113682141938
2022,11,T,0,1,1,1,9.189715025505413,153.59280614664212,19.994488848249603,31.369981840766183,0.15186774620080165
2022,11,T,0,1,1,2,13.536139565375832,116.84028628859132,42.89981495418521,28.561900738629657,0.08865435747891919
2022,11,T,0,1,2,1,7.350787174850532,404.33933050971075,25.845408071023467,21.182377938112978,0.11818141122329753
2022,11,T,0,1,2,2,9.395767191134528,349.8902243642521,17.904896886249677,24.79761191889453,0.11372507489848777
2022,11,T,0,2,1,1,7.618170405900176,91.65419375747818,28.180855200354255,22.351356162210827,0.15608979349506924
2022,11,T,0,2,2,1,8.119913408184246,558.9944659673318,18.838411153925883,10.709162332231074,0.17125113885453253
2022,11,T,0,2,2,2,9.405713530518659,324.61584829960594,26.354020485279765,30.247066295520902,0.09039459321119922
2022,11,T,1,0,1,1,7.31660392206527,255.01481802884655,16.996760876848324,23.73938019114071,0.16611298522964657
2022,11,T,1,0,1,2,4.730470770894336,296.03652490625467,14.126886897274744,18.65722849927839,0.09047723003804405
2022,11,T,1,0,2,1,7.77553497087714,357.9310696689144,24.395142803464648,16.400185455066254,0.11863069708553514
2022,11,T,1,0,2,2,6.918952166573599,285.3206229419808,22.60346213008677,17.389452928146802,0.13211853242827068
2022,11,T,1,1,1,1,3.9790985243729047,131.74286876336046,15.054192757235441,17.537538457491692,0.12073663245538468
2022,11,T,1,1,1,2,12.572940733973097,312.6474045150544,36.352622838758144,26.34630980947806,0.03737500568561816
2022,11,T,1,1,2,1,7.297506915954641,478.9951262830006,21.116296606345866,19.196946700208663,0.0979537229985433
2022,11,T,1,1,2,2,9.84126370584912,393.51796796570517,26.3508183960135,23.130114244549016,0.12758645637138416
2022,11,T,1,2,1,1,7.6241650143912,103.45352669999538,19.263872898295052,24.818110176515592,0.07826533777264784
2022,11,T,1,2,1,2,1.0769236277471292,284.21449963012077,14.910407141490134,28.837016618315428,0.01529471967706505
2022,11,T,1,2,2,1,8.07198822700096,521.285967084587,23.333256862472183,18.131324691797023,0.12432947594787673
2022,11,T,1,2,2,2,6.03180664209713,397.08504159170036,19.866844216625022,22.901532079692963,0.0870273694736317
2022,11,T,2,0,1,1,8.214364479373922,205.81055087142667,16.734279592262105,21.674592513655245,0.14840833443577217
2022,11,T,2,0,1,2,1.45239732855718,418.3880113602681,17.91971218086384,3.0561862189663778,0.016624080425695912
2022,11,T,2,0,2,1,6.7637044785182105,199.31751227626737,26.48366949206109,16.848231381510317,0.12171360152572776
2022,11,T,2,0,2,2,7.432980097175018,281.73925893773793,16.212810307631738,22.97195092926216,0.13292328028254274
2022,11,T,2,1,1,1,5.315255089519845,132.4745177634802,16.449413451883323,20.399072394441536,0.1646335658869924
2022,11,T,2,1,1,2,8.924044201855269,261.60612543796975,10.284977116284702,21.043556844217978,0.0636390437676956
2022,11,T,2,1,2,1,9.744887173571637,522.7446931440398,25.295822061704893,17.767319773367692,0.07886895157840586
2022,11,T,2,1,2,2,9.270506053657964,279.004396570116,25.535641583676725,21.500427245488527,0.0795226087691705
2022,11,T,2,2,1,1,6.665930352671458,74.50002400447042,22.361371446291034,23.300231594449873,0.2333260259522428
2022,11,T,2,2,1,2,1.737361361375343,89.40658141322712,1.1964246737676385,3.3356348188913043,0.021771817792733787
2022,11,T,2,2,2,1,8.89055248416454,612.0573597924599,28.63014023874856,18.514841762708333,0.12319615651757063
2022,11,T,2,2,2,2,7.391131477269613,486.3255528073077,22.593357869779,19.77381283435241,0.08064500634910761
2022,11,T,3,0,1,2,,,,,
2022,11,T,3,0,2,1,6.940915307075863,221.0426416554054,22.007594228924706,12.310825377975272,0.1766994253527725
2022,11,T,3,0,2,2,7.436830126696012,417.79657278792206,19.31499450332133,22.1698457451407,0.0937310804020381
2022,11,T,3,1,1,1,,,,,
2022,11,T,3,1,1,2,,,,,
2022,11,T,3,1,2,1,4.785541035243571,230.98946823033594,15.306209819655988,12.375620673862517,0.15955673108124682
2022,11,T,3,1,2,2,5.0749002863767485,243.71789463776886,16.040366984865607,22.945498855095014,0.035723737556420374
2022,11,T,3,2,1,1,6.103991971009047,79.45347658266073,10.59723370922134,22.840802985693166,0.08212035835980534
2022,11,T,3,2,1,2,16.498215418644527,361.8123977975326,48.2040349589119,39.12336967491425,0.07215317595227533
2022,11,T,3,2,2,1,9.115061725113636,527.6168190587599,21.765747184729932,21.89584545292061,0.08594764403249712
2022,11,T,3,2,2,2,6.451143288384833,177.31873989351567,20.489374144935134,16.392944361326936,0.11233419656286424
2022,12,B,0,0,1,1,6.797449742366619,202.73592797446318,17.770231264298918,17.330632268592126,0.049282199203498675
2022,12,B,0,0,1,2,7.082322614725186,265.59978895036073,15.023258659587045,18.95957152800965,0.059626980709838295
2022,12,B,0,0,2,1,9.176947702959689,328.9752670597183,30.025497058855887,19.460432898512583,0.12123011517045747
2022,12,B,0,0,2,2,9.741546764710812,200.82408092070395,33.40847714051649,22.363093387388417,0.13281941138481396
2022,12,B,0,1,1,1,6.9155043200044455,340.22442776790734,16.493477803210578,36.7624815538886,0.025010366850568115
2022,12,B,0,1,1,2,2.872427124111824,475.8887097753704,13.74843438904954,22.457823641513738,0.09278759054061776
2022,12,B,0,1,2,1,9.044885283170498,505.5318357433089,36.35948506719976,22.662378667619173,0.11743445974782594
2022,12,B,0,1,2,2,9.819406852984782,204.80570026789346,29.335276858682544,18.684570727147513,0.13055534428398982
2022,12,B,0,2,2,1,5.255020985263103,589.2082402767293,33.14433951065149,13.505131905382404,0.11266868585961816
2022,12,B,0,2,2,2,6.429271702070741,220.868784036823,15.420803712162593,19.365168586727584,0.11587725429049812
2022,12,B,1,0,1,1,4.985809914146368,204.5730628650801,21.93940209987501,25.65878376891625,0.016518014408517703
2022,12,B,1,0,1,2,,,,,
2022,12,B,1,0,2,1,5.909550295919311,132.22208626650345,13.07298390784088,13.361330231979151,0.05565923918512242
2022,12,B,1,0,2,2,6.4369062636683365,122.75827854628939,22.113375864525285,15.209166372067925,0.1110922888986776
2022,12,B,1,1,1,1,4.43497373160202,386.30657669783494,1.3343812067771366,12.02668426645516,0.05188042453565703
2022,12,B,1,1,1,2,8.011389413412214,118.70350135245953,20.38323601075158,24.7516452764929,0.11912078575966505
2022,12,B,1,1,2,1,7.930334973108919,396.978859341761,32.70975788056219,23.763516078670893,0.14081220832193492
2022,12,B,1,1,2,2,9.059680922124924,180.68277338532937,20.305940613102788,19.33846842967498,0.13050660232340736
2022,12,B,1,2,1,2,8.070562291439177,131.54923070850705,20.836443025334244,19.280225839496797,0.06971395211863986
2022,12,B,1,2,2,1,6.103681785975121,502.25505116756506,46.88987388384855,28.483252972416384,0.13514333421716856
2022,12,B,1,2,2,2,11.298003755580503,553.0269435444453,31.868722727704004,26.718622559514138,0.08347399367134914
2022,12,B,2,0,1,1,,,,,
2022,12,B,2,0,2,1,8.708020010312332,88.50148473330819,4.772829351652962,26.81108497953785,0.15931822886914096
2022,12,B,2,0,2,2,9.291774521945024,217.09415585562584,20.95329452011465,17.993074863921027,0.09441446402255671
2022,12,B,2,1,1,1,2.0902145822857325,255.57392694352325,7.523551941957557,10.32428624183451,0.05867546449184137
2022,12,B,2,1,2,1,11.552057536791148,160.07630815749505,12.133752956251145,13.252069117814521,0.12825756286992726
2022,12,B,2,1,2,2,8.119834727382079,240.49302821495678,46.39313949182573,19.415039113712854,0.20853222983510247
2022,12,B,2,2,1,1,4.1754655429065535,164.87608816926735,26.94126333795429,41.56557507577635,0.026912484091960065
2022,12,B,2,2,1,2,,,,,
2022,12,B,2,2,2,1,13.733593421485383,397.89782248294205,20.163823766008935,19.979607096537208,0.0641694285466218
2022,12,B,2,2,2,2,5.165585558933922,578.8623594488303,31.580139823228564,20.50272325724073,0.18316217255936518
2022,12,B,3,0,2,1,4.803376364600192,28.807530265539793,8.88260467458729,21.79168749328514,0.08184760992234297
2022,12,B,3,0,2,2,0.5487148622007683,140.56575703207375,0.003464823227811032,0.9540991798550083,0.03278854144362023
2022,12,B,3,1,2,1,16.239414336730256,218.23436587760375,29.95106335207483,2.0376696113452737,0.15924751819102237
2022,12,B,3,1,2,2,5.982829570250735,151.82433563716555,25.19208494124031,18.82641538919894,0.11193746721570343
2022,12,B,3,2,1,1,6.534607486299392,88.96861670461851,14.185264752170355,25.17190825654331,0.07686514614353286
2022,12,B,3,2,1,2,,,,,
2022,12,B,3,2,2,1,,,,,
2022,12,B,3,2,2,2,9.565108521255357,290.2415544464393,28.80167364522761,18.958885686556226,0.09930274813779978
2022,12,T,0,0,1,1,7.983999125035713,275.78578717306425,23.216131009939332,18.31974139539353,0.15075585743970607
2022,12,T,0,0,1,2,13.313252457607803,69.49344717309702,39.88274270788474,27.845603667784495,0.15704242653924244
2022,12,T,0,0,2,1,9.368800640486304,510.8195602174367,18.610984212180874,19.00715877416129,0.11725844710433554
2022,12,T,0,0,2,2,7.94873534284384,302.6337207480242,18.4989397384848,21.538950510692693,0.1449436658399616
2022,12,T,0,1,1,1,8.773792870437127,929.8990185498641,20.20262744356123,18.61999680907599,0.11424756204546933
2022,12,T,0,1,2,1,9.964980792477434,640.9604702146443,20.005247956459932,19.21595428478638,0.14342529336828205
2022,12,T,0,1,2,2,8.300219613058436,256.81241340313204,17.732351636905154,23.723480015955214,0.13326034130768677
2022,12,T,0,2,1,1,,,,,
2022,12,T,0,2,2,1,6.6071084757792695,476.80074411944565,17.12158809406584,22.778727081075164,0.0938564992707333
2022,12,T,0,2,2,2,8.006245143352444,365.7189401919888,21.360211856050935,24.702822847270642,0.2058160519183884
2022,12,T,1,0,1,1,7.239774064154213,173.3306029724289,21.456541933605504,23.847957568517717,0.1507919703006192
2022,12,T,1,0,1,2,14.143460408730716,57.40390782284199,44.56002086500858,36.04368336019503,0.129173170201865
2022,12,T,1,0,2,1,6.787675684650827,230.73278463769876,10.037443160569662,20.70163089884466,0.0951028774888892
2022,12,T,1,0,2,2,8.302689699729834,77.32900400956356,26.907721534765813,14.59744955154838,0.1892839872240767
2022,12,T,1,1,1,1,5.901505026968403,225.95761909039507,20.0200276312455,29.796580358532758,0.12980445405172608
2022,12,T,1,1,2,1,7.178532762274435,383.3085600152342,12.81788608490941,12.837132642937867,0.13477561447510764
2022,12,T,1,1,2,2,7.647725541125353,196.69437118825462,20.686611553887424,21.286273710047222,0.15084916226861472
2022,12,T,1,2,1,1,11.788311387415348,175.80726599508523,39.7269713490302,20.462961479479617,0.13705597621653223
2022,12,T,1,2,2,1,8.58352347685831,471.08159461616765,25.90862662736316,24.930448858875366,0.18529068589051575
2022,12,T,1,2,2,2,6.416319578373431,118.13890160623339,18.31818879384558,24.34535953584783,0.09887011557869978
2022,12,T,2,0,1,1,13.34876181523965,168.8783125507831,38.180584203558226,32.68339466525777,0.2652781800299452
2022,12,T,2,0,1,2,6.0344492706459905,453.83527430115004,9.641330250800458,1.1954347242739798,0.049490403615246537
2022,12,T,2,0,2,1,9.205823184267667,841.5843488326051,30.298394202993663,1.1622714162363275,0.07276128778409573
2022,12,T,2,0,2,2,10.438864928717104,73.22099972002573,27.054892367616866,21.25115387079017,0.18023987599862593
2022,12,T,2,1,1,1,,,,,
2022,12,T,2,1,2,1,6.458713339357925,572.1200966580357,15.556844160850876,16.82921210291795,0.04955404322555343
2022,12,T,2,1,2,2,7.866410312207209,388.53616907567306,16.322125599688295,21.03056619958198,0.20032701495305127
2022,12,T,2,2,1,1,,,,,
2022,12,T,2,2,2,1,10.552237594463092,510.33680960061406,21.507057129695824,22.844287567281818,0.11598409503031007
2022,12,T,2,2,2,2,8.251416964895878,379.9375947418395,21.858382540764374,25.348119776224458,0.18211800881767373
2022,12,T,3,0,1,1,,,,,
2022,12,T,3,0,1,2,,,,,
2022,12,T,3,1,2,1,,,,,
2022,12,T,3,1,2,2,8.712969757780641,117.70499479631272,33.56374260783502,18.708631216633673,0.14650545399404086
2022,12,T,3,2,2,1,,,,,
2022,12,T,3,2,2,2,8.47218914547277,145.7750991539136,17.454801660479177,26.165140997183638,0.19536258024077535
2022,13,B,0,0,2,1,0.9956063479106698,6.7175144212722016,0.15117942981768387,7.2888567004709275,0.0017253405460951744
2022,13,B,0,0,2,2,,,,,
2022,13,B,0,1,2,2,,,,,
2022,13,B,1,0,2,1,13.99010766577584,193.7048316382427,5.218730887869195,44.04603495350064,0.15928994459789353
2022,13,B,1,1,2,1,,,,,
2022,13,B,1,1,2,2,,,,,
2022,13,B,1,2,2,1,,,,,
2022,13,B,2,1,2,2,,,,,
2022,13,T,0,0,2,1,2.9465139572043344,21.7152492502389,1.4589027109440837,5.440833127839892,0.037964563081905746
2022,13,T,0,0,2,2,,,,,
2022,13,T,1,0,2,1,3.6720055147017345,4.3204224330497345,0.2195566555584238,1.1376641002510364,0.10266483356047479
2022,13,T,1,0,2,2,,,,,
2022,13,T,2,0,2,1,,,,,
2022,13,T,2,0,2,2,,,,,
2022,13,T,2,1,2,1,,,,,
2022,13,T,2,2,2,1,,,,,
2023,1,B,0,0,1,1,8.13885193515882,185.66998622542386,22.389447370583092,20.207309127672055,0.15058010031454236
2023,1,B,0,0,1,2,8.674757884944741,311.8894702615793,20.91502447870906,19.609672436380333,0.1552882867986259
2023,1,B,0,0,2,1,9.137324970587622,278.2274710191943,23.97567717879322,19.59072522524609,0.1464305142757047
2023,1,B,0,0,2,2,9.944876463170097,258.97165005988575,25.780881583626964,22.63209933820282,0.1589344468037416
2023,1,B,0,1,1,1,9.893713451723611,241.90004173515808,28.011802840687754,22.685517064207154,0.15296437098142107
2023,1,B,0,1,1,2,9.544477660925883,335.65900750384395,24.85448643992736,22.442419312168,0.156448411827332
2023,1,B,0,1,2,1,10.42292384722712,378.34714958767444,27.947404772466875,24.400341985206875,0.15273950961096974
2023,1,B,0,1,2,2,10.527557878468388,312.3818016692948,27.43306000813065,24.60587950034102,0.16054377536709724
2023,1,B,0,2,1,1,8.255287175472935,244.9867302150217,26.823570943348546,24.32562711550868,0.16739766012638294
2023,1,B,0,2,1,2,9.00987485033513,415.9222656690738,24.75130884853584,24.859397660263525,0.17658023697911862
2023,1,B,0,2,2,1,9.679423777212264,448.1221261463727,26.382381110195745,26.56907892314976,0.16391360477713898
2023,1,B,0,2,2,2,10.068851858372188,348.96390729166234,25.85305079344514,25.857308699186085,0.1588401756040792
2023,1,B,1,0,1,1,7.784355680704621,185.2099272203962,22.00586246457294,20.342842777370453,0.1507593844965602
2023,1,B,1,0,1,2,8.092909875989205,324.564147695129,19.509937451099884,19.546622926656482,0.15448411371085452
2023,1,B,1,0,2,1,8.636354466820297,307.3374839782062,22.646879982439838,20.10494463935111,0.1396756106215576
2023,1,B,1,0,2,2,8.856368229876072,266.786994105178,23.92632629698059,21.26072721801092,0.15090633607596673
2023,1,B,1,1,1,1,8.770339393556474,246.5564015360055,23.983511342799893,21.50121305712881,0.1480747678370681
2023,1,B,1,1,1,2,9.243362194415152,361.6326931048238,23.399164851839952,22.652175880349724,0.16051175959392014
2023,1,B,1,1,2,1,9.73055411537783,389.33006091891696,24.081249153219726,22.78604754493382,0.14541494713404882
2023,1,B,1,1,2,2,9.638091895711035,301.9557511524148,25.670057819841205,23.807649126253008,0.15728558280356741
2023,1,B,1,2,1,1,9.084762198649258,273.597284484482,25.65447788138546,23.536322353875875,0.16268120740931646
2023,1,B,1,2,1,2,9.437565132602918,370.21153735037467,26.064400465969115,26.19758533038795,0.17140882100382696
2023,1,B,1,2,2,1,9.656502178038675,443.5909062033066,25.14685681616858,24.144224818325867,0.15119740755212357
2023,1,B,1,2,2,2,10.402272518997828,386.4658640729768,25.699091233985833,25.842909564485073,0.15987549069712387
2023,1,B,2,0,1,1,6.18049792114719,193.7705162482215,17.31182185015855,18.426630259708936,0.15044365449375563
2023,1,B,2,0,1,2,7.476887622170668,267.7421741032722,17.58762400191492,18.391825038305385,0.1514711079992995
2023,1,B,2,0,2,1,7.375032979746314,254.26397263066303,21.26186398446444,17.514539771746065,0.1412295821063292
2023,1,B,2,0,2,2,8.83493055568266,248.25598163802206,23.018757417074358,20.280993019448115,0.14735167197196286
2023,1,B,2,1,1,1,7.022493879630524,204.85990945884913,20.40964066991294,19.064700087326028,0.15595316740583273
2023,1,B,2,1,1,2,7.587391618040495,328.06320219224966,18.451248412380288,18.818677169874142,0.14965908614345388
2023,1,B,2,1,2,1,8.694645750183746,316.9733596772299,23.02549388864068,19.761140454824737,0.13888633744318482
2023,1,B,2,1,2,2,8.800662084802632,290.39800792761605,23.72788267014557,21.01335790023292,0.15328548089307725
2023,1,B,2,2,1,1,9.521817150945514,284.6409853560761,26.75471943736916,23.94828165850735,0.15646611726447773
2023,1,B,2,2,1,2,8.966908386826795,326.9953314631345,22.707994095196405,21.08135946454534,0.1512794821908254
2023,1,B,2,2,2,1,9.308509785654694,397.2767234147381,24.510531238166706,25.463529420179857,0.1454722140215734
2023,1,B,2,2,2,2,9.272691476256965,352.1296918594023,24.47783103155987,23.744679309109983,0.1594130039339345
2023,1,B,3,0,1,1,4.35331777505097,195.35059359650225,6.940804801819852,13.780051758571865,0.1369800358912152
2023,1,B,3,0,1,2,5.602499454064991,217.9929863194961,9.85446383064688,13.383034501227392,0.16346602338973082
2023,1,B,3,0,2,1,4.915708992544483,181.78919258619857,15.755750424860757,12.249599929487998,0.13353160400684916
2023,1,B,3,0,2,2,5.932765688057652,194.91104664603594,20.432414920088068,17.399548696543196,0.14707746287383341
2023,1,B,3,1,1,1,7.455702015730712,200.76270953653585,19.397921213828415,17.449780137786288,0.1326425540527433
2023,1,B,3,1,1,2,6.8459292958443525,377.9428423922272,14.354477825603617,15.720196755912282,0.13763112978931905
2023,1,B,3,1,2,1,6.870906845042104,236.27551429746276,22.20584316748742,15.999154121357812,0.14556296097231156
2023,1,B,3,1,2,2,8.150779822811755,291.7711413050554,21.795096414370285,18.772408925961212,0.14752000557174655
2023,1,B,3,2,1,1,7.7731715706382225,239.7585701335624,23.461324153561215,21.23509087964065,0.15937250870663705
2023,1,B,3,2,1,2,8.164226341277237,314.6250331356185,20.087487447893537,20.783431892172946,0.1621724118146335
2023,1,B,3,2,2,1,8.370441935423056,355.1341451487693,22.281533700130545,23.60965403842424,0.13989731896951602
2023,1,B,3,2,2,2,8.655102905833733,299.5498069522053,24.332750181379286,23.398193784370154,0.15043924134469303
2023,1,T,0,0,1,1,7.859391390555038,197.62854294467274,20.6517957837222,20.416584881897546,0.16023745925676677
2023,1,T,0,0,1,2,8.431543196669285,313.3576895266026,21.02610883701894,20.075916356194416,0.15965782884871063
2023,1,T,0,0,2,1,9.357316642752904,283.4104694339156,23.20556120090279,19.232344101613972,0.14400996664537033
2023,1,T,0,0,2,2,10.12430182467952,262.5804353509989,26.57889250014558,23.08349518285753,0.15245970980840143
2023,1,T,0,1,1,1,9.83720862845985,228.99557448500278,27.287591458785442,22.80671762722561,0.17446006297259237
2023,1,T,0,1,1,2,9.78266975978738,367.1012240506265,25.04184765994913,24.76714336501939,0.15707953523601634
2023,1,T,0,1,2,1,10.476480633121847,377.5017318747121,25.843902858780616,23.851387994216335,0.1489188162017945
2023,1,T,0,1,2,2,10.771581165771812,290.6174352942244,28.47050452730097,25.01878339419463,0.15976264051684957
2023,1,T,0,2,1,1,10.435487769010559,268.3756718338513,27.800179836090088,25.773803310142856,0.17281019960692082
2023,1,T,0,2,1,2,9.437769920310412,446.87876416135066,23.299681447818404,25.589296188765392,0.17870565058966598
2023,1,T,0,2,2,1,10.008410501405985,427.5767334488487,25.558967092497358,23.077303892527052,0.14971795669484322
2023,1,T,0,2,2,2,10.22936579408364,368.2193806932007,28.783512538541135,25.95291962119857,0.16443600198368766
2023,1,T,1,0,1,1,7.687612896615605,210.3389865051232,20.306351030870964,20.934440656936207,0.17056630304101994
2023,1,T,1,0,1,2,7.654372197193706,313.20641886390325,18.69943975096236,19.88876649359195,0.15784059464633945
2023,1,T,1,0,2,1,8.502050712275485,302.53758628550617,21.718455786191644,19.831232065933666,0.14222316010890323
2023,1,T,1,0,2,2,9.068037169164377,279.9756611910739,23.14379895789815,21.763548597649496,0.13891251005012198
2023,1,T,1,1,1,1,8.754684817270949,221.36502086460243,22.970315175527713,22.294362754937556,0.17711527942326924
2023,1,T,1,1,1,2,8.941031231659922,344.24941860249726,23.37343066816975,23.130511399386968,0.16269390576159393
2023,1,T,1,1,2,1,9.728453945520503,365.7557412486636,24.537901440696817,23.291280320259514,0.1470035249209405
2023,1,T,1,1,2,2,10.1701128920946,329.189964855148,26.038630765063072,24.994163998851597,0.14366598293420255
2023,1,T,1,2,1,1,9.768206842017689,273.44333696685237,25.23752734294425,25.854852968784932,0.15736437877095638
2023,1,T,1,2,1,2,9.16515589159717,421.95208272080237,24.143107479458358,24.462951319381222,0.17000449369771378
2023,1,T,1,2,2,1,9.746859079493357,447.2541126030705,26.343703514795557,24.608131394006783,0.15656873457040116
2023,1,T,1,2,2,2,10.451580952625946,378.6322060102031,27.67510872334407,25.34045019244393,0.15459613819851245
2023,1,T,2,0,1,1,5.910119618642811,207.17811045499403,16.785467159243872,18.401787396913328,0.1315086268962624
2023,1,T,2,0,1,2,5.93764438543838,277.8272191740434,13.989189582285471,16.597632031230965,0.14788568873593175
2023,1,T,2,0,2,1,8.091022367953883,249.07352071203331,20.066086188248892,18.9132057240413,0.135956708856727
2023,1,T,2,0,2,2,8.968300694277147,288.0815726706142,24.884665732882123,19.657895364316637,0.1295408017959954
2023,1,T,2,1,1,1,7.281643383559272,216.74307738817976,21.076146592123056,22.062215326568847,0.15369119766029754
2023,1,T,2,1,1,2,7.394432197230676,332.72365950066,19.099330668114753,19.639711683104046,0.1430641858473643
2023,1,T,2,1,2,1,8.59517297951122,297.42926106197996,20.8450280898248,20.66050337541926,0.13530860175757012
2023,1,T,2,1,2,2,8.673633721119385,274.74100724638,24.348137440697744,22.56755132497131,0.13912620393035663
2023,1,T,2,2,1,1,8.833484966232753,258.9230781093559,25.21185636822103,24.71554147437559,0.1654748843590495
2023,1,T,2,2,1,2,8.648115463858902,386.2963993496055,22.266194024969867,23.57991159974511,0.16068958563371655
2023,1,T,2,2,2,1,9.987317680495838,373.36306576612714,25.73741817998594,23.919792378105,0.1480680169346594
2023,1,T,2,2,2,2,10.108925636808534,350.9483159645314,26.021839082372892,24.422995868810553,0.1488733715067047
2023,1,T,3,0,1,1,5.652432409773588,248.1359784822029,16.07701419004257,19.277576035593906,0.15620066840278607
2023,1,T,3,0,1,2,5.996863914609433,187.46121807264763,10.466099658144472,12.537980075682126,0.16269369797441796
2023,1,T,3,0,2,1,7.855991437789149,228.87155982185058,21.581070978291777,16.885557545040307,0.14373045563423706
2023,1,T,3,0,2,2,7.164710407895939,207.365457767199,20.873629758313182,13.935752567879433,0.1289168761138139
2023,1,T,3,1,1,1,6.099516394647325,207.79959471086573,17.755137708759005,18.898144019226557,0.15464893605010213
2023,1,T,3,1,1,2,8.193031804359308,312.32341935334665,18.05572155833676,19.290212371097812,0.16270432519536998
2023,1,T,3,1,2,1,7.204414514503026,270.76266737584547,19.78710577913492,17.78924552736586,0.1349859582925926
2023,1,T,3,1,2,2,9.057889519844801,296.69452917077143,25.669675442098544,20.01998435030098,0.1470098579991389
2023,1,T,3,2,1,1,7.940568703576687,204.56877277851916,20.525315197179,22.49038353457925,0.17242146973093592
2023,1,T,3,2,1,2,7.438614279524433,337.71505797213933,20.040300293204222,19.520547487291996,0.1634716324543749
2023,1,T,3,2,2,1,9.4792989185168,362.03892669485583,21.205176528568124,22.167858545909134,0.1388984340452999
2023,1,T,3,2,2,2,9.897042586754777,361.5207623890075,24.466363600170173,24.302956042282954,0.14118595074201606
2023,2,B,0,0,1,1,9.159998536304041,201.7012320278664,23.7688326749616,21.05278135577611,0.15138459620254702
2023,2,B,0,0,1,2,9.237098535845636,307.9558998101783,22.4602401301255,20.26411526798601,0.15524356117853066
2023,2,B,0,0,2,1,9.580881873228018,324.6396983591505,24.911178300910493,21.70518100453987,0.15282862305397651
2023,2,B,0,0,2,2,9.970964785783613,256.67526020942813,25.306534852836265,23.098667195595915,0.156495501354029
2023,2,B,0,1,1,1,9.792321621572738,216.97790517753248,28.031935452705074,22.104348346519533,0.16531377335684824
2023,2,B,0,1,1,2,8.997036066204897,382.1149281540459,23.778518012716077,24.00008566713757,0.16784843839867347
2023,2,B,0,1,2,1,10.20865967459824,382.2003012167458,26.792584748812093,25.38887510555893,0.15330147731680335
2023,2,B,0,1,2,2,10.54047961380214,325.25377591564404,27.63185595572791,25.596379003052387,0.1635090449943575
2023,2,B,0,2,1,1,8.277867797771126,239.62810509864076,25.513332907119906,23.51331617076312,0.1600987113482914
2023,2,B,0,2,1,2,9.223661897723298,394.98561719701496,24.219991063936643,23.322000031367704,0.1733607445121011
2023,2,B,0,2,2,1,9.698232182252081,445.0267409480178,25.762938498026593,25.412497536478945,0.1544508551590924
2023,2,B,0,2,2,2,10.112360912594488,363.7472125017121,28.550155099129597,25.883463453745723,0.1578850057723762
2023,2,B,1,0,1,1,7.282123980255941,225.19177921203482,21.613146872480147,19.282091763401883,0.15612533304393317
2023,2,B,1,0,1,2,7.879900073341619,299.7803489577831,18.777516948323232,18.602397016810382,0.15348127175266915
2023,2,B,1,0,2,1,8.32756599440776,340.70250770992624,22.630419973874396,20.97019323537321,0.14439174249663958
2023,2,B,1,0,2,2,9.009933296695422,257.35525425144965,23.24656750321473,22.196299491345346,0.15679099349938985
2023,2,B,1,1,1,1,9.632637933595403,245.76014052531568,26.369281736391873,21.351669404971055,0.18608819823022452
2023,2,B,1,1,1,2,8.860386216388203,354.40456417252267,22.910402552046598,23.112079719272657,0.16076346950624862
2023,2,B,1,1,2,1,9.671042042612054,392.80756126490536,25.61017754189096,24.602442934434077,0.1560885561207862
2023,2,B,1,1,2,2,9.394251385176222,317.723537002096,25.21687562990126,23.97774770344419,0.1512583171470387
2023,2,B,1,2,1,1,9.585380919660606,260.731964188749,27.79857341442728,23.879404828987973,0.15203415677601317
2023,2,B,1,2,1,2,9.303756540585745,394.27570430090327,25.222907773376644,23.82180142239604,0.17222540885227314
2023,2,B,1,2,2,1,9.654849964978567,444.64051598198273,26.45605962053314,24.87743079600207,0.15495127842154563
2023,2,B,1,2,2,2,9.92793434086774,372.41876135279006,27.42590676907855,26.540472489797896,0.15986790488609842
2023,2,B,2,0,1,1,7.183190872841371,157.06515031076188,22.300542164159967,17.260945143122335,0.15876055323380425
2023,2,B,2,0,1,2,6.186374416352871,244.5309999086367,16.583364044378822,17.042672173421188,0.12522250066584742
2023,2,B,2,0,2,1,8.41675311377694,286.0170751215777,20.42631874886049,18.090069805374654,0.13283336729541545
2023,2,B,2,0,2,2,7.592413242488456,292.4537959888283,19.795487829882706,19.36687314770978,0.15265236621834877
2023,2,B,2,1,1,1,7.269986209426163,232.58043261624658,23.494165564180513,22.491818555482965,0.17500089149733492
2023,2,B,2,1,1,2,7.032185189086941,299.12542682780537,19.00080271100767,17.292559487317362,0.1408516347705338
2023,2,B,2,1,2,1,8.568745882577176,336.84184345424705,22.297319709953584,20.430196988309703,0.14754107271928038
2023,2,B,2,1,2,2,8.531043664664255,304.3540058848162,23.803679447159798,22.710851805438185,0.15176420015649147
2023,2,B,2,2,1,1,8.139031990562234,270.3093619641794,23.85136223491794,21.168980193742847,0.17215885418496854
2023,2,B,2,2,1,2,9.20175220204013,355.09951144195594,24.10654767180253,23.206730465853834,0.1667355515980855
2023,2,B,2,2,2,1,9.1773078696647,419.5412363429145,25.086962517133223,24.759689486708456,0.15587042744907198
2023,2,B,2,2,2,2,9.417482239006864,345.5434736877693,25.848691433247918,23.614693395002377,0.15471134990851165
2023,2,B,3,0,1,1,3.1540556370391593,170.4511210243615,6.813937666361611,10.819852029411209,0.11406737156880305
2023,2,B,3,0,1,2,4.450060412615302,220.2122912037887,10.3818935086378,15.085676816580866,0.12553813324567772
2023,2,B,3,0,2,1,4.815141500064418,148.4029634240725,16.08916097694079,15.986010724549939,0.1350771756370594
2023,2,B,3,0,2,2,5.232878438842652,157.31728196438777,14.31531165054475,14.970852056401887,0.13568303003054158
2023,2,B,3,1,1,1,6.80776274356672,191.19252194258073,20.91513833365578,16.5618463032502,0.13531047128743068
2023,2,B,3,1,1,2,6.452677730132224,261.1237446389529,15.456080387661785,15.244885232911903,0.12581602006512652
2023,2,B,3,1,2,1,7.285920737544579,282.8289540782046,19.623768361833488,16.84440401039983,0.13919607121431446
2023,2,B,3,1,2,2,7.337874996434055,240.9269370136608,19.4870585809261,18.805970415067552,0.1407514276109153
2023,2,B,3,2,1,1,8.792932474719017,216.90502218695795,22.82982272714642,21.65181780874269,0.1536523161693717
2023,2,B,3,2,1,2,7.869827664413672,311.8292587303356,21.498921343358568,21.19458232571585,0.1511491124530408
2023,2,B,3,2,2,1,8.923735835640919,343.6181094455471,22.51618466291128,22.828201497784324,0.15425072808490956
2023,2,B,3,2,2,2,9.443383252985145,315.82436764527023,23.80408867272218,24.739188682142558,0.15201228924076643
2023,2,T,0,0,1,1,9.002561512477834,208.30333597312278,24.850586404620405,23.230377021217173,0.15965661964544525
2023,2,T,0,0,1,2,8.920035190962274,316.5509593983712,22.290435857963423,21.27817994050051,0.16039396814125245
2023,2,T,0,0,2,1,10.304711340513046,318.7402031470916,25.103357526505008,22.123054414521494,0.1521192054822786
2023,2,T,0,0,2,2,10.116990500903382,249.06889948476132,25.474015265023255,22.87291314622922,0.15030735462556644
2023,2,T,0,1,1,1,9.550805276156723,233.90299749304262,27.085971777095594,23.051995890441447,0.17990842993358447
2023,2,T,0,1,1,2,9.79823871307657,372.98970206916675,26.017990564706707,24.888608655576153,0.16492685003874827
2023,2,T,0,1,2,1,10.116490400800185,390.84374463861445,26.447943207933413,24.53882486194032,0.15178650526882093
2023,2,T,0,1,2,2,11.250588750529607,278.6220900744432,29.9462209095225,26.02756181938685,0.1546161219448152
2023,2,T,0,2,1,1,9.464881690760901,260.47660023753167,26.975955528559204,26.142032583964955,0.1898409672196163
2023,2,T,0,2,1,2,9.748223101799985,444.6855525320105,25.389576458119443,26.321452054635056,0.16274897633965435
2023,2,T,0,2,2,1,10.298140391974583,464.75173896933717,26.330913909057177,25.468907398769456,0.15468033727849648
2023,2,T,0,2,2,2,10.476182822959379,338.27422714756347,27.680835156096336,25.426842790166557,0.1513268490155792
2023,2,T,1,0,1,1,7.9099556178891275,195.82774780213202,20.907147520325395,21.61289198833433,0.14647319376230147
2023,2,T,1,0,1,2,7.343925539899253,317.37066445058235,17.406728381014524,20.045694663672478,0.1519190961775522
2023,2,T,1,0,2,1,9.02827082549859,308.45022638929487,21.819719776917914,20.777904340609176,0.1416994270261766
2023,2,T,1,0,2,2,9.64655939196038,252.03706908293353,21.802442000940093,21.708166127833568,0.14369654865172665
2023,2,T,1,1,1,1,8.461529599567477,226.66399868121863,26.22248191065284,21.987720549020544,0.17760899824184587
2023,2,T,1,1,1,2,8.324584490474287,373.7251058713733,21.48468062850909,22.875224439233975,0.15746691626671955
2023,2,T,1,1,2,1,10.048432935912823,383.0205203547905,25.451059083705786,24.543857613020553,0.14878206100539357
2023,2,T,1,1,2,2,9.666405014705976,295.1448851229928,25.043242293632463,25.085885765955744,0.14797821605979847
2023,2,T,1,2,1,1,9.608538812362989,259.1716428277464,26.868849723908486,25.557321571198937,0.17872799214626345
2023,2,T,1,2,1,2,9.557077617873844,419.5179626734305,25.69110877696203,25.27955827272654,0.16411922853560168
2023,2,T,1,2,2,1,9.779890069790119,432.2302718726342,26.70142911983603,24.344608644306376,0.1470730574295089
2023,2,T,1,2,2,2,9.881460825959735,352.24865243341554,27.191190829536538,25.441585253813525,0.1572886904477403
2023,2,T,2,0,1,1,7.540604707020589,167.82761780235427,16.426359631639514,18.74581920811194,0.14356565846881592
2023,2,T,2,0,1,2,7.664525017142321,272.5710412384295,19.21295040777327,19.286791921226556,0.15069072775027265
2023,2,T,2,0,2,1,7.884563405681648,257.23055719959524,19.602561019374185,19.206265513137943,0.1437671255307037
2023,2,T,2,0,2,2,9.622421992611711,246.95454269151665,21.225566889175578,19.999396388681614,0.13912503098786852
2023,2,T,2,1,1,1,6.974476954840249,216.19183847206227,20.72237428580446,22.838673055741562,0.16105419111833053
2023,2,T,2,1,1,2,7.580989539931158,351.675633702757,15.521469049130383,19.378784370249623,0.14885407865958522
2023,2,T,2,1,2,1,9.234827561821453,321.7440816644117,21.923647773714627,21.550547020323407,0.14737708149167045
2023,2,T,2,1,2,2,9.728295091541943,272.9710477046315,22.21967769872716,23.0396049110463,0.14072590356086553
2023,2,T,2,2,1,1,8.975803030648947,208.48171347746683,25.38415863330989,23.501436688328727,0.18742343030546954
2023,2,T,2,2,1,2,9.637238915800888,409.7677337615491,26.085864715484075,24.40488714021646,0.1698895267074456
2023,2,T,2,2,2,1,9.844910197262529,417.0494904955739,24.728135344410703,24.440286045129227,0.15385670084541736
2023,2,T,2,2,2,2,10.303946551313128,336.98127087989093,25.862166453550717,25.988798515140058,0.15106337795861255
2023,2,T,3,0,1,1,4.260077499371765,172.4337327834493,12.011137146871137,14.594053195168183,0.13695365205705434
2023,2,T,3,0,1,2,6.272516053717531,174.2485944532091,17.290264262792288,13.554649384385364,0.1377105112111927
2023,2,T,3,0,2,1,7.030861499708724,225.48830166427314,11.822578986422837,11.760440971677408,0.13398676401508677
2023,2,T,3,0,2,2,8.806824554850122,232.60651839103903,22.516031614453283,14.037001815450756,0.13233638225669214
2023,2,T,3,1,1,1,5.426669021569465,191.7097747189228,13.856373913150248,19.661170718026497,0.12778050152912981
2023,2,T,3,1,1,2,7.536196795323532,302.4402048182021,14.772377330764586,17.859630389383792,0.13890796056637383
2023,2,T,3,1,2,1,7.652849759653053,310.36391515157345,19.405177503233197,17.73971407434034,0.13740123464675955
2023,2,T,3,1,2,2,8.40700714289151,304.24967897777844,19.59400191425444,18.408149308176963,0.1383487360433145
2023,2,T,3,2,1,1,6.494942831402839,199.85405842771,17.507500757049197,21.66344033138337,0.14622257204050432
2023,2,T,3,2,1,2,8.151792802293288,328.0668395556655,19.432423528753635,21.154469651764956,0.15599847293652075
2023,2,T,3,2,2,1,8.947019816778486,336.10695494892457,22.0091799199347,22.238730711331506,0.1451614800585999
2023,2,T,3,2,2,2,8.774275034082141,298.70450125749943,22.003245589760756,24.129807655854393,0.13150262198108584
2023,3,B,0,0,1,1,8.584353298646056,212.21431237144725,23.872292147351367,21.22634778116105,0.15719886710473782
2023,3,B,0,0,1,2,9.536266215909748,309.9515627303312,24.40583386428383,22.296501246696202,0.15901447299441004
2023,3,B,0,0,2,1,9.80875584228011,330.55101352628026,25.53416034033436,22.955217316744925,0.15214265122824014
2023,3,B,0,0,2,2,9.938576825966678,276.0115336613297,26.130600920900953,23.813234758112372,0.15737948170075416
2023,3,B,0,1,1,1,9.67391797426029,275.9676933425133,28.545770623069476,23.280313555405257,0.16817504029906222
2023,3,B,0,1,1,2,9.19673921292156,375.03805833702205,25.88836098077381,24.622888429811393,0.1585942804766354
2023,3,B,0,1,2,1,10.167825004518784,375.7603807052292,27.000160142493034,25.33754906498083,0.15464562434839788
2023,3,B,0,1,2,2,10.21626340744252,329.5510972788381,27.980201746365623,25.984368233013512,0.15062743192989178
2023,3,B,0,2,1,1,9.051767260900066,258.58448721312556,26.27647585678585,23.89963024327272,0.18010734505678586
2023,3,B,0,2,1,2,8.395361374590234,408.94847804207456,24.178950389362477,25.133760081851953,0.1694976928699548
2023,3,B,0,2,2,1,9.743544680277841,413.9701579543836,26.513258808313026,24.855695128011792,0.1561184911058564
2023,3,B,0,2,2,2,9.314290340510153,374.8635878152761,26.012132607257897,26.098910373908122,0.1596968091226958
2023,3,B,1,0,1,1,7.651939375667877,239.39223972802657,21.338038953913458,20.5233629393908,0.14837170389236257
2023,3,B,1,0,1,2,7.734742280535749,307.74826379056856,19.169642832906543,18.544984900960745,0.1570135246652664
2023,3,B,1,0,2,1,8.265502163589543,311.0350880243515,21.61473425939898,21.608557075569234,0.14776384635702297
2023,3,B,1,0,2,2,9.24008869524604,252.36663407328828,23.87627656673754,22.14088066486448,0.15572290535500377
2023,3,B,1,1,1,1,9.304467785555545,250.2685779959933,25.709470550254068,23.12754086087086,0.16396489742668
2023,3,B,1,1,1,2,8.296349083776851,366.76254390284737,22.380619383830943,22.769620420191814,0.15783117047489434
2023,3,B,1,1,2,1,9.543543593810623,375.4555614270067,25.59922444838996,25.05548472334028,0.14626581377652578
2023,3,B,1,1,2,2,9.607431456300416,321.8006068472615,24.86646409698835,23.92559158685568,0.14886421355877977
2023,3,B,1,2,1,1,9.52874104122704,304.4308310584449,26.417359945348966,22.648968025169207,0.16126670961293474
2023,3,B,1,2,1,2,9.276425718165468,380.34776381758616,24.789764895165327,24.3452588541959,0.16277990131950917
2023,3,B,1,2,2,1,9.402965287962585,432.055244836025,25.861012422923135,25.536393367544143,0.14575846437027412
2023,3,B,1,2,2,2,9.814236310702263,370.54475568504535,26.72531650645061,25.509571270946235,0.150981180793353
2023,3,B,2,0,1,1,6.8977623494864755,203.43063793176563,17.717846644687324,17.81098288201437,0.13641143956786853
2023,3,B,2,0,1,2,6.377645048532786,282.86924716494343,12.993796259839275,16.601610263855076,0.15990209428505384
2023,3,B,2,0,2,1,8.004365658743632,290.26739987651627,22.545194035161327,19.524731989794518,0.1484895545117635
2023,3,B,2,0,2,2,8.312840076517851,224.77148974671786,21.20134980289951,20.32889753349607,0.152587730176873
2023,3,B,2,1,1,1,8.582501328335109,213.7264919518506,23.45239083859635,22.268265974207267,0.14777850685653898
2023,3,B,2,1,1,2,8.174113979755376,367.08363350638604,18.145499617402887,19.193670009144146,0.16331314836247288
2023,3,B,2,1,2,1,8.784828048895385,322.4110880007893,22.036134947167024,21.692488950160808,0.14543660744765846
2023,3,B,2,1,2,2,9.264093398729353,287.6662266242046,22.354823847549145,22.936026516507905,0.14857077498005997
2023,3,B,2,2,1,1,9.038396752694634,253.56141822242856,26.243828036469154,22.60697869688036,0.17760889446448197
2023,3,B,2,2,1,2,9.332998522990016,394.4032829154107,26.0045357046607,24.603477687341204,0.17552567153025475
2023,3,B,2,2,2,1,9.317986326546404,389.62189122418914,25.65364278811149,25.671054384731054,0.15436438942925684
2023,3,B,2,2,2,2,9.481681015935505,361.214147157272,25.53513882595992,25.329633187311355,0.15262821583358918
2023,3,B,3,0,1,1,4.385234640834212,174.8141430142769,10.66751814084857,13.675031081386436,0.13247057663505127
2023,3,B,3,0,1,2,5.203265662899067,270.207047428249,9.583420888162854,12.521848784644625,0.15968367839370476
2023,3,B,3,0,2,1,6.018634745461738,209.34776915996093,18.936769033827638,12.92667304644426,0.14642196587291842
2023,3,B,3,0,2,2,6.332118899201375,173.38868772976878,20.799547293611916,14.657307224929546,0.15711500658160338
2023,3,B,3,1,1,1,5.999742334728819,200.92026886792874,16.3165731020633,16.314236299350856,0.13939961918872226
2023,3,B,3,1,1,2,6.819612010715122,269.4708065210581,16.340246766194593,16.06180475594647,0.15427832737770247
2023,3,B,3,1,2,1,6.993585786871174,236.63950887347994,21.48112112661836,16.912845165289383,0.13835026931415503
2023,3,B,3,1,2,2,7.875709163895252,244.27945191050705,21.155978942851107,20.02889113631958,0.15785938182847659
2023,3,B,3,2,1,1,8.437317733574254,225.60452306023944,21.458566672215195,20.08232799618862,0.19172728434404085
2023,3,B,3,2,1,2,7.982240356684643,300.2504475815738,19.338724363458986,21.12953252960984,0.17659802222610985
2023,3,B,3,2,2,1,9.026835141203808,325.8223717740577,24.067059066481942,23.541355608735845,0.1446230508189288
2023,3,B,3,2,2,2,9.024598154454413,306.8692684853853,22.22513498163691,22.320881008423726,0.1584032028968406
2023,3,T,0,0,1,1,8.7667864334907,223.1550984882945,23.880091139373043,22.769434622425607,0.16061699672990823
2023,3,T,0,0,1,2,9.272432810387805,342.33309015805185,22.59639817991951,22.417069119376002,0.15884262510563266
2023,3,T,0,0,2,1,9.699846551292147,338.5479366589245,24.387926879253172,22.280032655992432,0.14820860590071622
2023,3,T,0,0,2,2,10.166875098782548,265.6593522515635,25.709514732637125,23.121432359777014,0.1511727597369197
2023,3,T,0,1,1,1,10.083590427978766,271.6705723821443,27.055887734266577,25.7123145125108,0.15675699174293362
2023,3,T,0,1,1,2,9.429522443612035,385.72251030840744,24.46293121448002,24.935156763670154,0.1663341864532902
2023,3,T,0,1,2,1,10.313041451730395,375.42072942152816,26.495237882902913,23.69251566076951,0.15083482838451184
2023,3,T,0,1,2,2,10.692764497615887,309.9420492915089,26.987039459033817,25.252513215030774,0.15296101262560152
2023,3,T,0,2,1,1,9.40663916813166,264.67937614000147,24.628997232226613,24.91027615129627,0.1610076815758545
2023,3,T,0,2,1,2,9.165478373338043,372.08904726672955,22.356154518829797,23.77081697760817,0.16952758088220893
2023,3,T,0,2,2,1,9.885919964570151,438.9916947830097,26.014757160488756,24.50051658140453,0.15351602787988622
2023,3,T,0,2,2,2,9.677074057166838,366.7984792838633,27.298216257008256,25.052026221088433,0.14629288402410723
2023,3,T,1,0,1,1,7.842569146892818,212.01613899253957,20.7294535643335,22.28506746390434,0.16772429086241042
2023,3,T,1,0,1,2,8.221342034974239,336.1859118853826,21.465506295228995,20.8722815824753,0.15264550619370973
2023,3,T,1,0,2,1,9.18050936383938,331.7729140460119,23.130682949253814,21.195016596979553,0.1403856271048517
2023,3,T,1,0,2,2,8.795177002192135,271.98434825725,22.25078022066106,21.83476811141401,0.1484309136073468
2023,3,T,1,1,1,1,8.865249312323447,254.7212865653714,22.356707464891556,22.97355897705779,0.16356831879010877
2023,3,T,1,1,1,2,9.005164482727057,392.7291335936704,23.334747598564565,23.998322432467216,0.1607125842802107
2023,3,T,1,1,2,1,9.767636818104188,364.21651210352843,24.439415179973032,23.724631293741567,0.14840462313653102
2023,3,T,1,1,2,2,9.893628222950285,312.6627996827997,24.14641624606733,24.282851978173625,0.1527648255220709
2023,3,T,1,2,1,1,10.068869915117375,250.92208934449187,26.67345261258742,25.928285005089815,0.15749288259118915
2023,3,T,1,2,1,2,9.04104244192749,407.0493618923937,24.305781056450083,25.756075169754215,0.17901258592272656
2023,3,T,1,2,2,1,9.590385842993744,436.0317791026307,25.781614293014645,24.81103829184943,0.15416352611539538
2023,3,T,1,2,2,2,9.616938639089492,358.5986866310334,25.898125606315233,25.472060697248683,0.14734873600635542
2023,3,T,2,0,1,1,6.8620523906638455,210.25681673259942,19.815249734686248,20.43299724983995,0.17091537820856856
2023,3,T,2,0,1,2,7.676320441012351,219.95748386391887,19.486595856244517,19.231387110280426,0.14881703660380136
2023,3,T,2,0,2,1,8.517243835660452,298.2727424335942,21.2263995796571,17.781751608502148,0.13731960088554926
2023,3,T,2,0,2,2,7.90206912010825,321.9869643804597,22.476298611920505,18.86075445572044,0.1322562999511847
2023,3,T,2,1,1,1,7.3134973499236695,187.90848920109926,19.704757673322433,21.368644657641926,0.16594419718084
2023,3,T,2,1,1,2,7.810116141694354,302.7928086593536,16.541085747621715,19.83815471600119,0.14814639187834927
2023,3,T,2,1,2,1,9.383004283434776,366.74791685763057,23.451517990670954,21.91175981697508,0.1349154415083047
2023,3,T,2,1,2,2,8.84227035702666,280.688563862943,21.09760433503676,22.190013897176485,0.14557944873998419
2023,3,T,2,2,1,1,9.861868487086536,223.18243743481787,26.208835727349367,26.305707737419144,0.16271839858765963
2023,3,T,2,2,1,2,9.57708089565737,381.2409008815948,25.326729244969595,24.399168573808705,0.16395386817499216
2023,3,T,2,2,2,1,9.340966068054673,379.0495078897551,24.360957868866915,24.436355583815594,0.15128359410574452
2023,3,T,2,2,2,2,9.125037786649802,345.0227264033721,23.32703339729368,24.78607571904499,0.151332080903464
2023,3,T,3,0,1,1,6.7476399224089265,194.28662020855555,19.52551810533181,17.47033689266848,0.1560423581788988
2023,3,T,3,0,1,2,5.875625935084054,214.3170391801915,14.211257975925157,16.189975852498232,0.1449909284356405
2023,3,T,3,0,2,1,5.940482962038075,186.29372370539215,18.237466872744893,12.303841573106977,0.13587442437780556
2023,3,T,3,0,2,2,8.132311105581929,214.52280053812737,21.91656151078793,16.461661340125552,0.14914864464558628
2023,3,T,3,1,1,1,7.356330855399742,222.76038178238912,19.13286222791627,20.159440638120717,0.17769061970952105
2023,3,T,3,1,1,2,7.360339843844376,179.17816769255757,15.902504179970238,19.82416973218141,0.13373561667424372
2023,3,T,3,1,2,1,7.4922182620863635,254.04703950588865,19.02003806072839,17.761016168909773,0.1360731056929626
2023,3,T,3,1,2,2,8.198638469918828,267.19134898186934,18.73178570527655,17.53267032123473,0.14165842623025954
2023,3,T,3,2,1,1,8.212575952753069,243.49003699675285,20.801897458547202,23.15251529934143,0.14617540117011507
2023,3,T,3,2,1,2,7.207473993484602,308.6068526521637,18.960304163161556,19.29725621058516,0.1695534816180408
2023,3,T,3,2,2,1,9.444412826724669,352.23396866172055,21.812559354510405,22.920493593656428,0.15452777646319305
2023,3,T,3,2,2,2,8.71657151215796,310.61896621377076,21.586213151564923,22.313946692017144,0.14756458930567332
2023,4,B,0,0,1,1,9.132841757457191,221.29500642329538,24.290037268441633,20.815729105131503,0.16483164968837366
2023,4,B,0,0,1,2,9.080237879306186,324.2522920637806,22.71660402155342,22.32249691764427,0.15861501552925114
2023,4,B,0,0,2,1,10.020990341939443,355.6069541638234,25.67205205467426,23.20648142562027,0.15583760439484043
2023,4,B,0,0,2,2,9.9514624308688,270.8229824453635,25.753019140001875,23.93239221096114,0.15530938876799216
2023,4,B,0,1,1,1,9.409703943506534,259.1299965753387,26.921191492836627,22.65146381040199,0.17420864990146867
2023,4,B,0,1,1,2,8.94044562675398,379.9388843658207,25.171854336568018,24.54349563137406,0.17287648416811327
2023,4,B,0,1,2,1,10.33431837717786,406.0439685034284,26.9177002771249,25.371178262226756,0.14782090162702574
2023,4,B,0,1,2,2,11.058244324963251,318.0665630678837,27.873777307866725,25.575151845176784,0.15916519765937273
2023,4,B,0,2,1,1,9.336986300196944,292.2896453928051,27.552943918631026,25.73515983962705,0.1703957744238495
2023,4,B,0,2,1,2,9.554841279014417,356.6377435139603,27.18270922802248,25.316304923228994,0.16592034185748758
2023,4,B,0,2,2,1,9.666281012072549,447.2972891696059,25.792039700942418,25.306255737777587,0.15169197031375853
2023,4,B,0,2,2,2,9.778321530471244,369.7408617601017,26.261704246214475,25.361029075177747,0.15676799442902248
2023,4,B,1,0,1,1,7.662328310463891,226.16332448514086,23.28290361625378,20.643314342539085,0.16228741614606
2023,4,B,1,0,1,2,7.872313629905333,320.2562243117071,18.884407850644845,19.68331261430029,0.14282854606207282
2023,4,B,1,0,2,1,8.739331552924885,337.7498200981175,21.90436250786299,22.329622823447128,0.14097251461567292
2023,4,B,1,0,2,2,8.944822919393621,279.45734626882324,22.66247979893285,22.63385909604122,0.15114138665784857
2023,4,B,1,1,1,1,9.15568460002046,254.55231619501117,25.267418805719387,21.119855495466545,0.171981599150144
2023,4,B,1,1,1,2,8.973464116958628,357.62320073073073,22.372482089947496,23.068765813753394,0.1597972107693542
2023,4,B,1,1,2,1,9.305056085893884,402.5920655812609,25.070249034871214,24.984821662221975,0.15239627150788562
2023,4,B,1,1,2,2,9.881342753387889,304.51203230692744,25.411626188684597,25.317453002615434,0.16260122615603637
2023,4,B,1,2,1,1,9.111179899863943,292.3009661253048,27.520500540227786,22.92270185570265,0.19273548329853177
2023,4,B,1,2,1,2,9.47563871652288,397.12935241476885,24.36046679307054,23.769222878021214,0.17371026003872778
2023,4,B,1,2,2,1,9.970368877705189,441.1102668582859,26.182780114802654,25.00297652014539,0.15922634069782024
2023,4,B,1,2,2,2,9.555640117525638,376.0596761106744,26.488212146884162,25.718277188302025,0.1601758601852665
2023,4,B,2,0,1,1,6.47569202527742,185.31174466152433,17.256158340354357,18.807503138925124,0.16379614717921578
2023,4,B,2,0,1,2,6.946771523515442,274.51543119028696,18.508288776776446,19.288830118981988,0.1483185406877597
2023,4,B,2,0,2,1,7.581317135575886,234.00209178873527,19.981347355540112,19.94198262900051,0.13245196329793346
2023,4,B,2,0,2,2,8.577730686733501,244.12359370621962,22.067446019367374,21.668862651486354,0.14185547862300127
2023,4,B,2,1,1,1,7.469217437051431,230.86332615724058,23.015380789603306,19.04528023740019,0.1598552731074509
2023,4,B,2,1,1,2,7.549219919793913,306.30833608385007,18.56668036412873,19.237455453056732,0.16160724016282532
2023,4,B,2,1,2,1,8.660452970958282,330.9240077030982,22.61861385421508,23.437230337461372,0.14095985456735846
2023,4,B,2,1,2,2,9.2616485702773,283.06044600893904,23.250878647547957,23.94691347437775,0.15986701263461905
2023,4,B,2,2,1,1,9.256877649616447,253.58484409642637,26.37242467416778,21.508063916704522,0.16028253894078504
2023,4,B,2,2,1,2,9.630374564853168,375.3114617374071,23.543899957128357,22.624654194478065,0.17037809924520633
2023,4,B,2,2,2,1,9.194715254281977,416.94475956394706,24.10164765765677,25.44849309150535,0.16972728633610903
2023,4,B,2,2,2,2,9.242800708795427,357.3736515598179,24.787520856267882,25.692827873702075,0.16271543644134087
2023,4,B,3,0,1,1,6.117906198516458,202.40283858339393,14.236833961425011,16.572819024949812,0.1620012157243082
2023,4,B,3,0,1,2,6.573809554481015,156.20260758212268,18.07492554032053,15.091802405193492,0.12126909221423508
2023,4,B,3,0,2,1,4.914316275632834,138.81334587127296,17.21144224368928,15.67252317140167,0.133830458936015
2023,4,B,3,0,2,2,7.434130146874609,176.82363241514216,19.842358324180065,21.426199511310998,0.14509472474303473
2023,4,B,3,1,1,1,7.1918026022049695,222.87618436803444,18.182964256226423,18.124322053558345,0.16629156959060856
2023,4,B,3,1,1,2,5.792699645972447,238.38399665073416,16.44719584112332,16.14480944211804,0.15289499824127462
2023,4,B,3,1,2,1,7.5261964147726506,291.8084870574119,19.148126757251383,18.80758822918803,0.14356270470131027
2023,4,B,3,1,2,2,9.236495014499438,254.78681164570398,21.146090828656764,22.184780825271986,0.14253706988584713
2023,4,B,3,2,1,1,8.250276290886807,222.56557359066392,25.442191025158905,21.164931152178934,0.1647930216340332
2023,4,B,3,2,1,2,8.907691880377431,296.57252645544844,22.2262014358069,21.209568155116884,0.16268165615518423
2023,4,B,3,2,2,1,8.599739011112026,333.0362858807635,21.172945095948617,23.383683664854285,0.1504616775180274
2023,4,B,3,2,2,2,8.791254339651806,311.218766447159,25.476829173120887,24.106784649458813,0.15799105364510532
2023,4,T,0,0,1,1,8.655891891469514,228.0568658041755,23.517340404250284,21.822009170390956,0.16246820455617306
2023,4,T,0,0,1,2,9.017478117517594,338.29373744079476,22.531303127930677,22.25007675154105,0.15846662313212395
2023,4,T,0,0,2,1,9.920284777624714,338.32792375015794,25.809288343058093,23.971125656983684,0.15203963530226805
2023,4,T,0,0,2,2,10.067166947628177,266.82280575235404,24.720421432139457,24.045789067845522,0.15312944269616802
2023,4,T,0,1,1,1,10.394707184732944,248.8183952270323,28.09811503976762,24.764502005757695,0.1759172554753246
2023,4,T,0,1,1,2,9.642843017513737,392.77227178233295,24.85272438725034,24.906189511512075,0.1601350024884684
2023,4,T,0,1,2,1,10.452325955445769,379.11710688534663,27.058164691568688,25.518996631580485,0.1593483028345897
2023,4,T,0,1,2,2,10.5559590480552,310.2323602526798,27.663539436578834,25.08977605334463,0.147780620418451
2023,4,T,0,2,1,1,9.282959272560168,291.72122545336407,27.183331776016594,24.73091453838308,0.1803076503573986
2023,4,T,0,2,1,2,8.941828750887813,383.7671269700299,25.271799721750636,24.257604343603912,0.15771809095414827
2023,4,T,0,2,2,1,10.198973524949865,415.7117183854718,26.661570215505876,24.685466511258063,0.16487923553351483
2023,4,T,0,2,2,2,10.093717856567185,383.3898959528091,26.62328584982031,24.8501345970601,0.15442286277426015
2023,4,T,1,0,1,1,7.720181268485076,212.85757483518063,19.883133671324817,20.519818594178147,0.1511537310656362
2023,4,T,1,0,1,2,8.383582897760201,315.44642854374047,19.62441705918374,21.000109638119444,0.15762294625666845
2023,4,T,1,0,2,1,8.765264082656486,312.29912701701704,20.742037274714484,22.02563210562801,0.14074248210826595
2023,4,T,1,0,2,2,8.776930200401576,269.1996920364751,21.435078660556464,22.01555251306432,0.14909301325647295
2023,4,T,1,1,1,1,9.644318339328667,233.10227093798426,25.133025746853267,23.4296395146124,0.1598451419809771
2023,4,T,1,1,1,2,8.916799146721573,390.83066543002064,24.63864803711638,24.48944753442239,0.16304619606310694
2023,4,T,1,1,2,1,9.701486842327302,375.12408446157247,23.21595124096505,24.024132723238715,0.15044699597373581
2023,4,T,1,1,2,2,9.968019655805179,292.9557765546348,25.201170147406714,24.66225300584982,0.1514263396374633
2023,4,T,1,2,1,1,9.671371702631184,290.05999906655603,28.814891152621627,25.105526417632777,0.17448013787132846
2023,4,T,1,2,1,2,9.521631288170392,396.4625862906751,26.857455951115828,25.623438423740968,0.16808157418602432
2023,4,T,1,2,2,1,9.86634440809967,461.5827560179023,24.65343255706961,24.909497816617936,0.15525014775966192
2023,4,T,1,2,2,2,9.959910974358204,390.0716660716568,25.86139744962764,25.647340906304542,0.15847802347423456
2023,4,T,2,0,1,1,7.393256026910906,210.46347095279668,18.573166748074883,18.950527933887763,0.1333734087910668
2023,4,T,2,0,1,2,7.388793360934342,256.18940807346274,14.972305367676261,17.501155398886894,0.14329134845209757
2023,4,T,2,0,2,1,8.499965726855752,277.14484564006625,20.056241391549243,20.53337195304217,0.12964444763454797
2023,4,T,2,0,2,2,8.311133175388372,224.1023502555397,20.466347855135176,20.347046868068283,0.14117677372275003
2023,4,T,2,1,1,1,7.199480091160169,192.6120303137617,19.85340495073307,22.12609645402646,0.16195761252486368
2023,4,T,2,1,1,2,7.867332422178411,327.8413396565836,18.925560668414214,20.06367868861798,0.15508272456786007
2023,4,T,2,1,2,1,8.562212564960932,332.3106193268421,20.57743459250871,22.604790965091997,0.13662871537470217
2023,4,T,2,1,2,2,8.673754021923195,283.35293538406466,22.318409395850626,22.714136714146335,0.14159943916868536
2023,4,T,2,2,1,1,9.458348039639603,251.1352072384853,25.82413825166882,24.06199717126021,0.17597464133116253
2023,4,T,2,2,1,2,9.540060136588638,405.9041211536555,24.18123450671473,24.014887579667953,0.1504285778684671
2023,4,T,2,2,2,1,9.460316300925392,413.21413085665233,24.820096724265518,23.47640664371735,0.13938430162938212
2023,4,T,2,2,2,2,9.522162550867733,324.9242712544806,23.989080750057806,25.003218987922804,0.15033352864818944
2023,4,T,3,0,1,1,3.425757423122363,160.91323008519282,8.18468571703286,10.25989432785362,0.13440518745867241
2023,4,T,3,0,1,2,6.486323129496702,211.55899826053252,13.320204404410635,12.999556780545326,0.16718732689127122
2023,4,T,3,0,2,1,6.539430476969193,181.13723212637944,16.674313762346944,15.233196436408717,0.13380711183045432
2023,4,T,3,0,2,2,6.731348424205854,185.86765054638664,20.32387511615969,19.611808495828292,0.14652979253655507
2023,4,T,3,1,1,1,5.672954949547181,179.02556298473135,15.01969994806358,16.076148532021858,0.14377624780078754
2023,4,T,3,1,1,2,7.094588768047959,281.7578996686829,14.60965992105427,15.912283124653397,0.15711027871505442
2023,4,T,3,1,2,1,8.067987225285831,283.7363478680876,18.495453109889606,18.241005246848825,0.12583555406958102
2023,4,T,3,1,2,2,7.930679880289538,238.9490056517058,21.98586799660345,19.453169673892567,0.13946580271945877
2023,4,T,3,2,1,1,8.37103586859894,214.79413354832707,22.938026892365937,21.39751583946637,0.16831344640354226
2023,4,T,3,2,1,2,8.299746509091847,340.2156957314829,19.572435131655986,21.321446394150687,0.1557544001637807
2023,4,T,3,2,2,1,9.582183491199578,383.9533496386056,21.049271571791934,22.41633030732819,0.14135417016172117
2023,4,T,3,2,2,2,9.098713899267016,288.53710024178685,23.281281422810512,24.069712989415212,0.14838505597109422
2023,5,B,0,0,1,1,8.734253738892862,221.47680453795292,23.534207370974944,21.114802220818916,0.15857441120984658
2023,5,B,0,0,1,2,9.131170942215327,330.0185557272674,20.969584257410563,21.543932495408157,0.15672815487928493
2023,5,B,0,0,2,1,9.922614240870436,348.50785882515083,26.30314080059208,23.410157080345847,0.15411041067369
2023,5,B,0,0,2,2,9.833209510310594,284.5473373871156,24.678202982569786,23.970802634792385,0.15803288601377258
2023,5,B,0,1,1,1,9.919305368048622,270.8946144520933,28.608926013680595,23.775758513119513,0.1663193371211906
2023,5,B,0,1,1,2,9.481671742067114,393.0827144679373,26.126024560234836,25.8876723471,0.17454896538739634
2023,5,B,0,1,2,1,10.171667519593376,395.20444525958084,26.073724739232112,25.12607983348436,0.1539388768355887
2023,5,B,0,1,2,2,10.736100974292988,309.7035043349533,28.736655818180434,26.30329446104406,0.16112270058625347
2023,5,B,0,2,1,1,8.76618086767201,267.677343120071,24.944340476830913,24.38712622509603,0.1655498987885026
2023,5,B,0,2,1,2,9.022511812347418,368.8172450924131,25.091423617076455,24.58506960873605,0.17331034712816829
2023,5,B,0,2,2,1,9.728355047017876,426.84363306406664,25.60563298275167,25.49764632584254,0.1563938835804052
2023,5,B,0,2,2,2,9.556705384088993,374.06744241275413,25.911315623435094,25.613635076300394,0.1527037151662545
2023,5,B,1,0,1,1,8.039109093118782,224.56079474292466,19.443901518678896,19.409722939569615,0.15948467549403536
2023,5,B,1,0,1,2,8.122845867149065,320.146695543054,16.9046196275447,18.431043663336627,0.1500423120874865
2023,5,B,1,0,2,1,8.939783371312565,328.35375703695286,22.826072941002764,22.3022855218089,0.15066438074939004
2023,5,B,1,0,2,2,8.795839182474072,277.10795873676375,21.961045981101837,22.894657493935792,0.15071908208428728
2023,5,B,1,1,1,1,8.955347396038999,246.4776887861786,24.65171031519545,22.549750630485352,0.15297972175767674
2023,5,B,1,1,1,2,8.924325660596486,324.7532334793791,21.760015771589448,21.74840466215563,0.1634215304154066
2023,5,B,1,1,2,1,9.920168536752701,378.04703471200975,25.156374658538756,24.948097415392816,0.1485484647343748
2023,5,B,1,1,2,2,9.920765166332044,328.44896712977993,24.48230015476176,25.313769683281954,0.15613736691873292
2023,5,B,1,2,1,1,8.979393215243046,267.1404442764992,27.992685287116085,23.21828864017377,0.1623675325921876
2023,5,B,1,2,1,2,9.158533879714842,413.3934354439755,24.306720982000822,23.11014598980205,0.16816770133590528
2023,5,B,1,2,2,1,9.557127660711211,442.3424897899089,25.795468822214854,25.184250909525872,0.15552919813906524
2023,5,B,1,2,2,2,10.236858332701948,386.88683473574474,26.76117291571973,26.172971297690154,0.14861919086058462
2023,5,B,2,0,1,1,7.1402163203544315,197.01634246724643,17.442220956086516,17.51543297266548,0.1424511389289326
2023,5,B,2,0,1,2,7.933308323857241,315.48634672719976,20.22219272486462,19.54979795307315,0.13777286183910456
2023,5,B,2,0,2,1,8.065337833384921,295.4983060297778,19.151879834015524,19.275408083888188,0.15061442383076404
2023,5,B,2,0,2,2,8.147656507789197,246.13102486712705,22.368902381908015,22.540664815294885,0.14405342439731952
2023,5,B,2,1,1,1,7.615868457214755,236.58678919935807,19.3361115167523,19.165055305405772,0.15120978881923405
2023,5,B,2,1,1,2,7.571493862873536,334.2453613073476,18.78617909496532,20.09766021202428,0.15986828563018626
2023,5,B,2,1,2,1,8.461924018736436,345.2798676776597,21.647018332669585,22.12895031692588,0.15025513489291079
2023,5,B,2,1,2,2,8.70989526485107,302.70434914294316,22.175489419256063,22.805501325097417,0.15670881713189067
2023,5,B,2,2,1,1,9.636113464714667,283.4362063412179,27.4055721478161,23.414936886434212,0.15597814831646922
2023,5,B,2,2,1,2,9.355571339050943,382.14712996308816,23.479899712355046,21.62409830568294,0.17140495329974817
2023,5,B,2,2,2,1,9.476177684580557,385.8794412183296,25.873894525828575,25.054053838523224,0.1494120752133849
2023,5,B,2,2,2,2,9.610323275568767,344.7599741786802,25.31401254782234,25.38417409869024,0.15995045139980862
2023,5,B,3,0,1,1,7.517205596879396,225.13914137592135,13.263841421563537,15.787083195462237,0.12940515935213542
2023,5,B,3,0,1,2,4.647013089538104,182.09287839027414,7.939939918632932,11.027236350648582,0.13378236854921238
2023,5,B,3,0,2,1,7.5319971731123205,210.8524139623506,19.092049114719835,15.845861674430903,0.13279482979258217
2023,5,B,3,0,2,2,5.514264030388416,146.73880436619217,19.073878746198144,15.290585674050119,0.12213215506682021
2023,5,B,3,1,1,1,7.704366627997833,217.26296843066976,15.374343712916895,18.041648232331788,0.13503906270955307
2023,5,B,3,1,1,2,7.8222063941067566,313.1508836802747,18.426645870711248,15.39050863443948,0.15321081231292075
2023,5,B,3,1,2,1,7.642380398913235,293.2103658127552,24.028980859541633,20.839471312895398,0.13271226558378463
2023,5,B,3,1,2,2,9.375335158390643,221.62958600032124,23.546346634310513,22.25941620298805,0.13610591546711015
2023,5,B,3,2,1,1,8.531215963647938,234.77411905650118,21.397876280189998,18.642299187440795,0.15186760190184637
2023,5,B,3,2,1,2,7.783856582926217,349.3551628738013,19.365761931802606,19.94024704746413,0.15066778183123627
2023,5,B,3,2,2,1,9.4703371595958,405.59532985189145,23.46524996818543,23.9617598671847,0.1405506214667122
2023,5,B,3,2,2,2,8.91324003108706,296.91941727918896,21.29306839702907,24.12446968238676,0.15143899108263095
2023,5,T,0,0,1,1,9.192396686323185,217.2022579116594,24.36522972605312,21.803912300074128,0.1628689910147631
2023,5,T,0,0,1,2,8.83475899261433,327.36821083834263,21.677987898912182,21.53115525129402,0.15497834929423063
2023,5,T,0,0,2,1,9.811380679571844,345.89852989086995,25.452292204823465,22.96785262452178,0.15091458511611738
2023,5,T,0,0,2,2,9.791828330177955,294.6381551608192,25.248276228336927,23.379104010404586,0.15576303566527652
2023,5,T,0,1,1,1,9.739423691325715,266.7294377525239,27.058257760687674,24.033950735901076,0.16297353194435887
2023,5,T,0,1,1,2,9.20348053994281,390.6432439484145,24.86467515562009,24.726884458895082,0.1695095021944592
2023,5,T,0,1,2,1,9.960531327363027,409.42277198477075,26.21958543077266,25.33529596522305,0.15414227170587566
2023,5,T,0,1,2,2,10.386020927845534,321.6848156763764,27.65109883897249,25.403557785241016,0.15661379855555915
2023,5,T,0,2,1,1,8.858155366019828,243.02784788659235,28.099809373597292,22.19033802570124,0.15823673462707616
2023,5,T,0,2,1,2,10.21918953125915,404.7457806398019,25.525754110546675,24.32149099813292,0.17485066180671527
2023,5,T,0,2,2,1,9.849132330739279,456.1022823338544,25.04917325547659,24.524768474161885,0.150230809457641
2023,5,T,0,2,2,2,9.412884946057941,412.2678787409565,25.752954608197474,25.531837833606215,0.16142978882314238
2023,5,T,1,0,1,1,7.951189113317146,209.2841049190724,21.997940727971027,20.80712206668017,0.1529952254418011
2023,5,T,1,0,1,2,7.262307745249617,314.913545981352,18.74689070213435,20.834570229277997,0.15800688347406786
2023,5,T,1,0,2,1,8.593219656545216,344.4486573317617,21.413325770901,21.537436355425154,0.1445852020937301
2023,5,T,1,0,2,2,8.225639833059562,269.69027902862786,22.045387695605534,22.889618245732432,0.14426907561237723
2023,5,T,1,1,1,1,8.085030191599383,243.24261354260756,22.40054579505788,22.65328041174262,0.1577834053526287
2023,5,T,1,1,1,2,9.621564106473965,372.92571605349593,25.644123549718156,23.256028929182854,0.17022967460081825
2023,5,T,1,1,2,1,9.86122641704998,393.0953180986154,24.12462420294283,23.91033449253415,0.14524560437177872
2023,5,T,1,1,2,2,9.413854162653879,329.7434287234317,24.633886660091644,24.938004824067338,0.14465142788820437
2023,5,T,1,2,1,1,8.899253638769446,271.74456504877446,25.879653848666454,24.176016520955482,0.1524647711352633
2023,5,T,1,2,1,2,9.716641314121636,403.4273964038413,23.73456256460465,24.15439353560364,0.16768777556114783
2023,5,T,1,2,2,1,9.531012840007119,465.43658379407026,25.82247278765829,24.689395782840478,0.15533703950454023
2023,5,T,1,2,2,2,9.636174232396753,377.7769278550145,25.649793148939175,24.95827288538808,0.14558866677155013
2023,5,T,2,0,1,1,7.089802653407528,228.29670815576517,17.023170441970876,17.307637798523185,0.14717899558398906
2023,5,T,2,0,1,2,7.08979194656265,337.57515780783115,17.01295294751986,17.881178061554163,0.14851095700271208
2023,5,T,2,0,2,1,8.03872912806864,272.4871873829554,19.918082962020495,19.59295735080578,0.14762833821176838
2023,5,T,2,0,2,2,7.6126812243092665,233.37413436157905,21.222111777247218,20.739436323727123,0.14765831064408452
2023,5,T,2,1,1,1,7.547111589277529,222.03790278063573,19.660557305137353,19.31897348648975,0.14757610458534187
2023,5,T,2,1,1,2,8.002322802154913,322.01314774027276,19.02870587057235,20.332071585947308,0.16255287399412152
2023,5,T,2,1,2,1,8.964044771519736,364.6504463191362,20.491899617371473,22.445704233024877,0.13524174981365245
2023,5,T,2,1,2,2,8.550597603469464,292.6594999202528,21.004962253301095,21.87720604261595,0.14266264402304715
2023,5,T,2,2,1,1,8.512453730360068,269.6114962030008,23.820144034151294,22.608187114922888,0.1594517828883568
2023,5,T,2,2,1,2,8.913575186601316,350.68291537327303,24.021303679521072,22.45554189840189,0.17326111639062106
2023,5,T,2,2,2,1,9.667390804022496,401.3331328038249,24.943898526767516,25.248069899641116,0.15263341011658338
2023,5,T,2,2,2,2,9.263787705474824,369.13724918860606,25.488489789616697,25.466063388488156,0.1475519218295184
2023,5,T,3,0,1,1,5.001550817561007,163.77493502221972,11.710309740627768,15.02544268109573,0.16845678551811671
2023,5,T,3,0,1,2,8.803394399211992,165.4826849798522,18.040675054782458,17.602816221980337,0.14594393310182766
2023,5,T,3,0,2,1,6.015523356517617,205.96051377186748,19.53064381714228,15.384713171861685,0.15200705033696643
2023,5,T,3,0,2,2,6.489603332370496,187.40559844687118,19.092452630824706,17.80204307636628,0.13663999186131703
2023,5,T,3,1,1,1,6.765780165912593,189.17965190752548,17.153619864151104,17.8158174260188,0.15268731704694524
2023,5,T,3,1,1,2,7.4987277513730355,251.2351172445549,19.85891605879676,20.78833694014174,0.15690395083742276
2023,5,T,3,1,2,1,7.815544281428908,260.64041872248424,18.471384657120378,19.391065776828345,0.1509097226663147
2023,5,T,3,1,2,2,7.798807355438137,230.43516223481348,18.34622808562396,19.764031488225246,0.14951701881025212
2023,5,T,3,2,1,1,7.764434572425516,199.71369530321817,20.636278448664672,20.536115617696332,0.15180680247028938
2023,5,T,3,2,1,2,8.869338860299452,316.84191020817985,23.031390696401456,22.878544137619386,0.1533608027660466
2023,5,T,3,2,2,1,8.566538431641826,356.1450617859443,22.304301453849096,22.707170079762314,0.13613789537804513
2023,5,T,3,2,2,2,8.367114392066004,306.69857834079187,21.360791727537862,22.92511783072997,0.14370488232808049
2023,6,B,0,0,1,1,9.025839240731719,225.0172012899603,23.97653972723595,21.094586217117808,0.16233272855778286
2023,6,B,0,0,1,2,9.19239906025722,303.22466756596094,21.461197302213513,20.07591056115107,0.14919108737894496
2023,6,B,0,0,2,1,9.798284988272268,343.61251789450495,24.921233984551908,23.110215638528434,0.15026230165459478
2023,6,B,0,0,2,2,9.953529258607011,259.68176237949797,24.102931627228863,24.145833274065403,0.15990069895715794
2023,6,B,0,1,1,1,9.612838065639382,244.70394708213865,26.597927406314415,22.372180478273336,0.1708551780557307
2023,6,B,0,1,1,2,8.963092168843467,352.98646973924895,24.471826380756752,24.057391118918485,0.16160981439102767
2023,6,B,0,1,2,1,10.112027640418685,394.6023276571502,26.34022019920146,26.594500773117662,0.16024467385731486
2023,6,B,0,1,2,2,9.99977210319344,324.40671122775717,25.657233013178192,25.841733194852683,0.15992616412302166
2023,6,B,0,2,1,1,9.490951685220171,254.2508676698418,26.965684489012986,23.28316692360197,0.15851814997667232
2023,6,B,0,2,1,2,8.681338700839078,388.97229619864436,26.391456090951063,22.521703516404827,0.17481639847107847
2023,6,B,0,2,2,1,9.890683346707975,432.50345753053506,28.90836736280945,24.426677665562963,0.15477084029099275
2023,6,B,0,2,2,2,9.275830383719104,389.7137661658929,24.10624609843841,26.940426250390132,0.16054800356783705
2023,6,B,1,0,1,1,7.667530625593829,198.5511056025825,22.380439718472754,19.83528314381535,0.15550370371371
2023,6,B,1,0,1,2,8.040352785919518,291.3075945179131,19.92725136346324,19.87371912862857,0.1482207745186342
2023,6,B,1,0,2,1,9.161389722355072,343.06964026401505,22.639241265793594,22.533848107269232,0.1476934835850058
2023,6,B,1,0,2,2,9.261587591962835,239.7239655433794,22.43338218356281,23.93962051477031,0.15132592894281804
2023,6,B,1,1,1,1,9.0084548629377,262.1896344370077,25.053513649962614,22.01635135494597,0.16300916173217825
2023,6,B,1,1,1,2,9.198930502476355,334.1101841644271,22.517591429790325,21.725746110834933,0.15404370100544446
2023,6,B,1,1,2,1,9.40171719520652,403.3887357355863,23.82441463015048,24.3480399849033,0.14745116167443656
2023,6,B,1,1,2,2,9.758331436308262,294.3437345712081,23.983656445147886,25.223289897322033,0.16046949214765316
2023,6,B,1,2,1,1,9.627975699734927,267.64321382095176,25.913246259025566,23.14735411016279,0.15745283000509896
2023,6,B,1,2,1,2,9.305495984732953,400.15212828502183,24.6729859857804,23.35616537773766,0.1702963718640852
2023,6,B,1,2,2,1,9.4102644473991,466.56073526679586,25.261685836724777,24.541238861948514,0.15534059296969066
2023,6,B,1,2,2,2,9.674701027036642,392.2658422179542,24.935959753749717,26.422738992565687,0.1613559244427112
2023,6,B,2,0,1,1,8.230159098306324,216.37698675490267,21.08822223723951,19.188853181865138,0.15478550910093739
2023,6,B,2,0,1,2,7.884022628423339,241.99124629561504,18.108358968193684,16.765382999024553,0.14658526920357925
2023,6,B,2,0,2,1,8.599345922529341,270.6626182538055,20.217727960680904,19.511648314354094,0.150495716621517
2023,6,B,2,0,2,2,8.084819039330904,208.96055510823706,20.511570009606643,20.966105976135463,0.1564413410302848
2023,6,B,2,1,1,1,8.295489882876074,246.99902366189323,22.652724807189767,19.079745251955135,0.165948959022334
2023,6,B,2,1,1,2,7.3467419012761175,302.9369489528665,19.94532091925791,20.86037630942859,0.15493915843766046
2023,6,B,2,1,2,1,9.238599831360014,336.02751194364964,22.35722931949005,23.833867454479265,0.15678493953715555
2023,6,B,2,1,2,2,9.343382755485159,287.43638716796215,22.484588606999004,23.388747626860404,0.15852144256829584
2023,6,B,2,2,1,1,8.757722710099964,247.81103122656694,24.123738811131606,21.03729379158054,0.1588116351476161
2023,6,B,2,2,1,2,8.65457463855833,359.5261709147455,22.608081478015983,21.376028803898706,0.15558631322840472
2023,6,B,2,2,2,1,9.202441514929477,423.2910993567334,23.41644736630994,23.863967843974123,0.1543729981825335
2023,6,B,2,2,2,2,9.388953350706457,375.134291618364,23.796403099089815,25.519074263069854,0.16486059587105065
2023,6,B,3,0,1,1,4.8915129094743275,190.55522578914415,13.161397738748642,12.010951596346773,0.15475117623666657
2023,6,B,3,0,1,2,6.8849884889110005,262.1556731477108,8.252194854731302,11.26200992975346,0.12663584162020303
2023,6,B,3,0,2,1,6.488300680793294,162.09183393599616,14.912279449826753,16.17765500891537,0.15204152695628098
2023,6,B,3,0,2,2,6.825351448652343,174.8138128674714,17.656860139608405,15.949211716110117,0.15985105508920489
2023,6,B,3,1,1,1,7.91202615524035,172.05041837326291,18.30354781937864,17.277829161212946,0.16275254858461877
2023,6,B,3,1,1,2,7.521056678615041,251.1058219326424,18.314730951107286,16.423722961542328,0.15139367016922636
2023,6,B,3,1,2,1,7.379559582573637,227.40715996472426,17.8049773811326,16.509791908039112,0.1468122932110901
2023,6,B,3,1,2,2,8.719224360133483,235.0040936862058,21.274977630581713,21.729448540354568,0.1560488229418051
2023,6,B,3,2,1,1,7.763990617274786,207.78951804243619,21.14533391290037,19.742938981989088,0.14898649446679127
2023,6,B,3,2,1,2,8.101591077250452,239.32327878224817,20.85027513963057,18.771509489245297,0.1394928597708869
2023,6,B,3,2,2,1,9.201929992524091,363.8631482817876,22.804440970754058,22.234564681688376,0.146909274404727
2023,6,B,3,2,2,2,8.36768957577785,284.7656459484762,20.490359681786494,25.420616084880493,0.16109548968125723
2023,6,T,0,0,1,1,8.971876177052017,217.98985529789212,23.348228350113423,21.04133004575947,0.15445097039052397
2023,6,T,0,0,1,2,9.109090769019486,321.08595365969353,22.16147789978265,21.667147872688115,0.1525461897057556
2023,6,T,0,0,2,1,9.32352878622904,335.5501370400738,24.889523931835786,22.571193901041408,0.15045328288232915
2023,6,T,0,0,2,2,9.797196107585394,267.6428793617507,24.544201459005595,23.899489882560474,0.15432634152723232
2023,6,T,0,1,1,1,10.286953234611659,277.0500244116306,29.821665127705845,23.76841665490557,0.1505615876927346
2023,6,T,0,1,1,2,9.136547171490395,369.3464548946703,24.27059510012047,22.881333782205157,0.15514968021045406
2023,6,T,0,1,2,1,9.964156501077175,396.9526429941697,25.938539079265166,25.45377822659555,0.15259595044441293
2023,6,T,0,1,2,2,10.244811165979987,316.43089954830873,25.97444537147294,26.582100301192643,0.16178242005573695
2023,6,T,0,2,1,1,9.187300124804043,280.25343932607836,27.32535413098674,22.26439788677727,0.16823705969523028
2023,6,T,0,2,1,2,10.067915064908176,378.6106763796927,28.626570706597395,25.018693883628057,0.15989933036205223
2023,6,T,0,2,2,1,9.247583998138706,450.79882643872645,25.84753335658297,23.049921261503247,0.14297599719179732
2023,6,T,0,2,2,2,9.518851644121733,385.7406788606437,25.640990373500806,24.40463939409143,0.16389785888893066
2023,6,T,1,0,1,1,7.5841759069093,205.0308574334182,21.287295710525637,19.938669874179414,0.14999176004193338
2023,6,T,1,0,1,2,8.629237062457037,312.47159389285815,20.86407267444514,21.10791306988284,0.14958540707372217
2023,6,T,1,0,2,1,9.042462906107122,337.6974048247574,22.23368190258842,21.51747998990079,0.14735835956303825
2023,6,T,1,0,2,2,8.86003896857433,285.6348893730184,22.7620566787413,23.305846656565368,0.15483777670483054
2023,6,T,1,1,1,1,9.107554481415107,236.72646771320728,25.78037521357728,21.85815849144145,0.15544771879231456
2023,6,T,1,1,1,2,9.316447277257561,327.75539755481964,25.186991534426237,23.9442827256967,0.1652679055964971
2023,6,T,1,1,2,1,9.292621525136731,368.3289999397221,24.267296284546855,23.8693528552182,0.14606849129693886
2023,6,T,1,1,2,2,9.647766512890925,314.0302145674343,23.83864892082065,25.20993041998369,0.15787980594015116
2023,6,T,1,2,1,1,8.916505749181848,296.62575786552026,26.43242345915239,23.82549339595356,0.1559706006024552
2023,6,T,1,2,1,2,9.141958263141845,387.75108719480716,25.81779682825204,22.06390999844991,0.15920167761132448
2023,6,T,1,2,2,1,9.245983817025841,432.73107285376466,25.937488487106254,25.04188690357704,0.14511539298911735
2023,6,T,1,2,2,2,9.155951565878269,364.64177997713756,24.567876802384383,25.51273327901962,0.1631240662720503
2023,6,T,2,0,1,1,6.815898978309261,179.93260717581424,18.44521008867729,17.306152430469123,0.14389027276315383
2023,6,T,2,0,1,2,7.463286655725904,293.81117477372175,14.580990221788785,15.925243164802117,0.14519707395056783
2023,6,T,2,0,2,1,8.190006542454217,277.20841535363866,22.12684101260723,20.569708250474044,0.13348840871927473
2023,6,T,2,0,2,2,8.075668796910723,223.89185789697774,21.75526214302619,20.702685192414844,0.15299862196465566
2023,6,T,2,1,1,1,7.76044964937882,212.62212210777994,20.785382725191916,18.521248924139357,0.1294649175444654
2023,6,T,2,1,1,2,9.137555095492123,303.51248166815697,20.466466141782206,21.125816907667083,0.14751418725521348
2023,6,T,2,1,2,1,8.400629026130684,352.2914407946165,20.614327398750138,20.50756533588384,0.14004185915875494
2023,6,T,2,1,2,2,8.98314874341526,304.9297225140536,22.17148674171341,23.483094901099722,0.1588001488149866
2023,6,T,2,2,1,1,9.0311244312357,265.9338638919063,25.659162050846227,21.41856503951459,0.16546091281476114
2023,6,T,2,2,1,2,8.392973300656552,338.68580795872356,23.62115970161632,22.69297616489681,0.17634639038490968
2023,6,T,2,2,2,1,8.91279367460265,428.2027032510466,24.329871809972023,24.471902006896933,0.15143069314782112
2023,6,T,2,2,2,2,9.414234235361109,354.0237980815367,22.6372045240071,25.018007795339308,0.1585781851357555
2023,6,T,3,0,1,1,5.4059025038730955,126.34314334906081,13.126992078246348,14.396208952911383,0.14110994910631497
2023,6,T,3,0,1,2,5.620952621210428,288.09620147376626,11.727271492379566,15.049328660237622,0.1463014297234985
2023,6,T,3,0,2,1,7.0758405912958,171.65013612564292,20.69031675203214,14.156408422526312,0.11501687836062886
2023,6,T,3,0,2,2,6.913894337738045,181.6778375530379,19.792158660137233,18.714668173530725,0.151006606483068
2023,6,T,3,1,1,1,6.665416960710466,160.15701268248168,18.441364581112555,15.497670150413345,0.1247492045457377
2023,6,T,3,1,1,2,7.073451643814143,288.87110673827647,18.75525380203661,16.530669197046286,0.14400497808373214
2023,6,T,3,1,2,1,8.428980002742678,253.69909937955862,21.33906090373695,17.301058994443007,0.12514268216174004
2023,6,T,3,1,2,2,6.974847408368951,209.64254424021965,20.567389285384877,21.40787029364758,0.1605687555025129
2023,6,T,3,2,1,1,8.346499956769927,221.95822252483012,23.34944823018574,19.510701532567627,0.13667304910724987
2023,6,T,3,2,1,2,8.662169832830005,345.6510979416395,20.97174035817382,21.40773936612692,0.1578420094876785
2023,6,T,3,2,2,1,8.950376035982263,359.88186314226306,23.02700817026529,22.550273593653507,0.1447479832910554
2023,6,T,3,2,2,2,8.751550647632248,268.36951742591884,22.839708881969674,23.537806871860774,0.1617595057724633
2023,7,B,0,0,1,1,8.152903401707174,229.2064151882774,23.09722485389785,19.727056481670093,0.15660873657098714
2023,7,B,0,0,1,2,8.430572117386873,290.4056134347355,21.017262537781114,19.50458392806876,0.1508880759139901
2023,7,B,0,0,2,1,9.75519526620119,333.7454917158725,24.034385533678744,22.487536331316267,0.14794152983450887
2023,7,B,0,0,2,2,9.853283320585989,258.8941673482511,24.331510183403484,24.44722443572673,0.15504411255703018
2023,7,B,0,1,1,1,9.240823064307296,249.92078180937781,24.8866731531174,21.489729097453495,0.15140403039478187
2023,7,B,0,1,1,2,9.15710823677907,384.0531542570832,25.76256319105124,22.63759614123536,0.15709858363631654
2023,7,B,0,1,2,1,10.083711136728164,404.798922791957,26.033622692539158,23.662813955216162,0.15204285397178766
2023,7,B,0,1,2,2,10.021654557508516,330.8042514629134,25.311444657440244,25.929520157689222,0.1526119128784731
2023,7,B,0,2,1,1,9.278619184462892,287.0236057148239,28.29386067926495,21.910186721822665,0.1552009751664535
2023,7,B,0,2,1,2,8.723328821255446,405.5208658297868,26.97687763737711,22.529526377448775,0.1730034166648391
2023,7,B,0,2,2,1,9.40942703427997,462.83456315601825,25.048099875337694,23.390135698436495,0.1607800389122336
2023,7,B,0,2,2,2,9.403146652584043,402.32244725750365,23.644494975726797,26.88678273880791,0.1667253398391348
2023,7,B,1,0,1,1,7.241857313477949,184.375128910156,19.850658265715076,18.697954361802186,0.14871770614363222
2023,7,B,1,0,1,2,7.368021727523073,272.83375205444594,18.214790036212534,17.98200783477808,0.14812988135121072
2023,7,B,1,0,2,1,8.646639004046891,308.6796181607968,20.8972123750904,20.367042409786436,0.14695881102209618
2023,7,B,1,0,2,2,9.009732753116971,257.48370797613893,21.684812484600855,23.31173779950139,0.15967896562789152
2023,7,B,1,1,1,1,8.209167495194079,241.8781739782017,25.388095429495745,19.13897055140425,0.15251083286768613
2023,7,B,1,1,1,2,8.525070979474663,336.0145458210231,23.828825073938347,21.238648284034134,0.14591866972072964
2023,7,B,1,1,2,1,9.147542588030632,372.8824266869898,24.14427372926447,23.10496504463395,0.15447664824675025
2023,7,B,1,1,2,2,9.674722273290735,276.228331030605,23.980914985764684,24.918873040638143,0.1517109511505612
2023,7,B,1,2,1,1,8.993191436240236,255.8159858489277,25.578730075689986,21.202607071323282,0.16214098181166592
2023,7,B,1,2,1,2,8.328962721080899,419.3961727814201,22.924243069636802,21.142635108418133,0.14583449934178858
2023,7,B,1,2,2,1,9.02700297888569,460.52712282729783,24.20975829239036,23.56886573931752,0.1610182482193642
2023,7,B,1,2,2,2,9.574484330713302,400.38374806486735,25.11218128530739,25.26603510770619,0.1627208265849747
2023,7,B,2,0,1,1,6.212700122952345,190.2858166216865,17.9639903541746,17.755438252961646,0.14995559227874666
2023,7,B,2,0,1,2,6.6991281669481175,219.4226666364133,15.39450377967606,14.7458820031754,0.13245752051421006
2023,7,B,2,0,2,1,8.744302026858874,284.75496037742823,21.61060810959673,19.89241224716111,0.15016826111527654
2023,7,B,2,0,2,2,8.764846626996945,224.80999576052176,21.40714303710638,21.244475197463746,0.14839084262509714
2023,7,B,2,1,1,1,6.418518152811392,202.66584753459506,21.225795908390307,18.067806797246384,0.15260402224717193
2023,7,B,2,1,1,2,7.950198097164436,278.8898708414669,20.889517309545752,18.945353504022755,0.14119662415406695
2023,7,B,2,1,2,1,9.112477348518482,317.47117111652096,22.163492012129765,21.59347973515014,0.15031796604626807
2023,7,B,2,1,2,2,8.270850819212976,282.92514247893104,21.96301150142181,22.694028765634297,0.14984922551796964
2023,7,B,2,2,1,1,8.015799478055161,249.26171020604534,22.524675637119728,19.919158167710115,0.15495299467482143
2023,7,B,2,2,1,2,8.005423725575138,327.75000650582905,22.85262753775304,19.75429360242135,0.16122177658659984
2023,7,B,2,2,2,1,9.294285875427022,447.9898524475315,24.635726265389177,23.671184636619024,0.15419301122245135
2023,7,B,2,2,2,2,9.529269062475889,347.3157945372869,24.057782361448076,24.76809734125652,0.15757079559478673
2023,7,B,3,0,1,1,3.699608273143608,166.17827480903077,10.130730767124625,11.108375448013224,0.15455170880256586
2023,7,B,3,0,1,2,3.7283365752653697,178.53937685607025,13.409844158589673,12.669906280710391,0.15014346923526178
2023,7,B,3,0,2,1,6.7690538182409705,204.2039250898704,18.93310985443895,18.53800331921313,0.1503754410555755
2023,7,B,3,0,2,2,6.457691031691148,170.4065391783247,17.688631348509073,15.509130573469886,0.15029031903291046
2023,7,B,3,1,1,1,6.22616829328811,198.8355708596592,18.988442543804773,17.697641618277842,0.12325960129223666
2023,7,B,3,1,1,2,8.41828147712435,245.04178608713914,22.978506579581943,18.444499587984872,0.13390723160468826
2023,7,B,3,1,2,1,8.50751577867557,236.53186625659382,19.47974977994275,19.498400180375995,0.1547626530070705
2023,7,B,3,1,2,2,8.44494052864426,251.9994743442182,20.37680375258531,20.84489177469517,0.1482211865946376
2023,7,B,3,2,1,1,7.900363480046627,209.85803659350512,22.739253963769475,18.640668202051334,0.13490089083501638
2023,7,B,3,2,1,2,7.184799248141423,304.8728748337879,20.912537067983564,17.459635870872493,0.1370683777544286
2023,7,B,3,2,2,1,9.185317070438625,392.68687943844395,23.04304150666486,21.301307050803324,0.14922121311820175
2023,7,B,3,2,2,2,8.385943141924445,308.5197064615593,22.524111132936216,21.52181914812784,0.15330427245568548
2023,7,T,0,0,1,1,8.706508536044566,210.60951432360108,24.857543550026584,20.050633454489898,0.14310558551681532
2023,7,T,0,0,1,2,8.461568465716862,304.5508233778461,21.146540381576706,19.848394193682186,0.13941814267779717
2023,7,T,0,0,2,1,9.244503098417642,315.60753738367976,23.427626507692633,21.557983873501914,0.15186459213755643
2023,7,T,0,0,2,2,9.65528892605564,272.81430377840945,24.14631776501972,23.19000722485619,0.1576329677065212
2023,7,T,0,1,1,1,9.46971116230007,241.63599569006595,27.982387601072656,22.94185636113501,0.15019977829377698
2023,7,T,0,1,1,2,8.927713176715057,378.43541625494174,25.314150404022673,22.206142414653158,0.1450292523395851
2023,7,T,0,1,2,1,10.04467335966307,413.73971734460156,24.34895450892217,23.347022296318315,0.15692706726482653
2023,7,T,0,1,2,2,10.511396180466612,344.636730342568,26.197874445901586,25.38916109750152,0.16471370207017477
2023,7,T,0,2,1,1,8.045308102437598,253.35353502683915,25.321361354620404,22.080669456471714,0.14154388813052468
2023,7,T,0,2,1,2,8.563546490399723,424.5489877323707,24.10573030815777,23.25800693198204,0.15227990709302883
2023,7,T,0,2,2,1,8.824747956433852,443.5050859358919,25.14806157861603,21.44695820343822,0.1643876666841869
2023,7,T,0,2,2,2,9.802071692733993,387.1230182294763,24.397658417700477,24.238906660015676,0.16610621234278758
2023,7,T,1,0,1,1,7.580293628308024,209.22581048158537,20.990797485864427,19.079413408917446,0.1446890212308407
2023,7,T,1,0,1,2,7.884845641775027,304.6472908591733,19.46325719344352,18.435405201447793,0.13798746132636808
2023,7,T,1,0,2,1,8.353044051126185,318.05281568608393,20.68577672688621,20.926979052148944,0.14615288471282087
2023,7,T,1,0,2,2,9.058631249838472,278.3823051532634,21.779848415733174,20.900405866699746,0.15414439944704866
2023,7,T,1,1,1,1,8.855780941553592,246.6175268936802,25.63748727510604,20.321234102314836,0.14592260252958508
2023,7,T,1,1,1,2,8.627033619280754,352.20449519304225,22.915798008312674,20.408236951334487,0.1509249610889352
2023,7,T,1,1,2,1,9.878367890382275,393.4186384123812,23.148181313564965,23.469397602885774,0.16066003815046867
2023,7,T,1,1,2,2,9.663760466200781,330.45030390996214,24.159983860048467,23.869767027694465,0.1621326307962336
2023,7,T,1,2,1,1,9.091982658813267,285.3581246632862,27.855346259639525,21.906491376080098,0.148467447950664
2023,7,T,1,2,1,2,8.939274359240223,374.6551586854772,26.219109904466286,22.188737386244416,0.1405548434939801
2023,7,T,1,2,2,1,9.56855502607231,447.2417686615632,24.420367067938727,22.290560664541587,0.1537502593759493
2023,7,T,1,2,2,2,9.97632177576435,400.7431825572271,25.71668340882137,26.492685308306324,0.16665692967773293
2023,7,T,2,0,1,1,7.62232778137023,197.00753591006236,21.617015553956882,18.54920057518998,0.14779378891309916
2023,7,T,2,0,1,2,7.292540815952124,278.432582346238,17.887829617787908,18.189497962629076,0.13697204690241277
2023,7,T,2,0,2,1,7.483916725557096,278.233933118465,19.027288333993802,18.643518850833875,0.14364441143850912
2023,7,T,2,0,2,2,9.912133449922212,262.3857182840228,20.05478644680732,21.427610589957624,0.14592828166020783
2023,7,T,2,1,1,1,7.807056103996497,229.73213771204655,22.24763401836152,19.274767594395207,0.15820909371190678
2023,7,T,2,1,1,2,7.286994719292576,272.97629426982184,19.580795176203633,19.32581646157545,0.1398184552379841
2023,7,T,2,1,2,1,8.584011898119693,321.64133724525004,20.86484165472002,20.768003780016095,0.15570102357973023
2023,7,T,2,1,2,2,8.69013461891319,312.20762468020854,21.519652828851804,21.364109459503165,0.15415971271631088
2023,7,T,2,2,1,1,8.833737334137792,238.66737120304686,26.041026435766202,22.518670857212683,0.14571377156336598
2023,7,T,2,2,1,2,8.48557717456227,412.2846207231266,23.13709887770252,21.643747362349675,0.15218005203358426
2023,7,T,2,2,2,1,9.147845686958783,399.8623386218166,24.155867259132734,23.299623314881096,0.15395434149591833
2023,7,T,2,2,2,2,9.53829904322244,389.6346130798283,24.448582949905006,24.449940291716135,0.1622630783140945
2023,7,T,3,0,1,1,6.919048328948502,167.87725857761964,21.402390313382742,18.722136740187427,0.14634623851028208
2023,7,T,3,0,1,2,6.287493801757809,179.18135751686697,18.491084927715388,15.464647246249246,0.14675245909083218
2023,7,T,3,0,2,1,4.87714334117052,198.9787191841862,16.84974570716171,15.056220640481005,0.12816554259210403
2023,7,T,3,0,2,2,8.250147642132406,236.38183771955417,15.978224482351008,14.44948554841141,0.1334941879821272
2023,7,T,3,1,1,1,7.803810044116502,244.37491748163632,20.00271709389093,16.709522617660912,0.12506264171379305
2023,7,T,3,1,1,2,6.202795692718794,250.2150465201578,16.823932132973486,17.18848321872978,0.13525691309279606
2023,7,T,3,1,2,1,7.305930594565926,277.4256455504369,18.06700201214778,18.06981489936415,0.14750668062251257
2023,7,T,3,1,2,2,8.55688685028807,250.51368134525464,18.080764976951414,17.49963122243172,0.13883503773352562
2023,7,T,3,2,1,1,8.311887063035586,244.07281441212734,21.676002617247313,19.124839574233935,0.1442074105809129
2023,7,T,3,2,1,2,8.238730630659033,312.4793234826138,22.414260024250186,20.069530141645732,0.13944309730582272
2023,7,T,3,2,2,1,9.178958107227688,398.016271344257,23.870362216041716,22.635761740698648,0.15484843364646236
2023,7,T,3,2,2,2,9.212013656917097,324.99200074628874,21.28561722955871,21.963289404841735,0.14271448891778962
2023,8,B,0,0,1,1,7.8792159407246825,208.55689342618052,22.487865267661935,19.94122880578043,0.14015682710001226
2023,8,B,0,0,1,2,8.75298507807369,291.3700488777793,22.135801738778728,19.488179176322127,0.1493793859458143
2023,8,B,0,0,2,1,9.29976201288737,352.1423179541519,22.897189896383477,20.21466632302706,0.15655550159756398
2023,8,B,0,0,2,2,9.629666871332471,283.7761308719296,24.514714426996395,22.958459989151038,0.1558132672691934
2023,8,B,0,1,1,1,8.96080125282861,217.81227475320483,24.306460509845955,19.27577572226452,0.1434587696676024
2023,8,B,0,1,1,2,8.690462193336273,364.2853430967339,25.79562672626816,23.04038304063198,0.14393510506223636
2023,8,B,0,1,2,1,9.614209376383117,422.67511889457444,25.316933930201238,23.264255233827,0.16567681555319688
2023,8,B,0,1,2,2,9.774174881855282,349.301089674584,25.931552181371554,24.90490729782935,0.15594851569124094
2023,8,B,0,2,1,1,9.720774541625934,260.35585937361844,27.114192229204708,19.986079417932196,0.158407389144506
2023,8,B,0,2,1,2,8.501200386501205,339.9639770174627,24.774279869902493,22.52037936481669,0.1584185462828381
2023,8,B,0,2,2,1,9.301919684558381,481.1556270552499,24.443389775175586,20.669437107953925,0.16725153476533386
2023,8,B,0,2,2,2,9.312028980777042,410.59307399415167,24.930764536821243,24.06109894672729,0.15253187294992743
2023,8,B,1,0,1,1,7.668385490675009,210.63087506071113,22.58788265287004,20.41374671644128,0.15080070880580893
2023,8,B,1,0,1,2,7.540039541388541,299.98355102920283,19.220891982369942,18.043692213730605,0.14789275786803954
2023,8,B,1,0,2,1,8.640874509155871,318.41893986336606,21.902096261874767,20.15826419049005,0.1492471801097274
2023,8,B,1,0,2,2,8.496831029986819,260.20176659943286,22.237905490347618,21.804682976670037,0.15608552705680906
2023,8,B,1,1,1,1,8.80002839303994,239.35188705988537,22.343669881093152,20.9499397698525,0.1499187082753336
2023,8,B,1,1,1,2,8.38158014102651,344.74000645635385,23.642924671463135,20.873906571372416,0.14994374194237842
2023,8,B,1,1,2,1,9.43683031134047,395.39099060904357,24.21230500598103,22.162240834710616,0.16199323989502143
2023,8,B,1,1,2,2,9.388561279202788,325.0944969830826,24.844493638656264,23.806204289459583,0.15808939945139155
2023,8,B,1,2,1,1,8.558210475698221,260.0232637780508,25.372538398251287,20.325989258400224,0.14734029687851302
2023,8,B,1,2,1,2,8.321793402878264,405.9938156081734,24.61710788766908,22.18367630739341,0.14081358751359493
2023,8,B,1,2,2,1,9.071318669390923,447.6372316966318,24.299110129907543,22.320257806792544,0.163387803153275
2023,8,B,1,2,2,2,9.241764731726319,425.16707400091747,25.70444056082866,25.068781372776073,0.1583736016254809
2023,8,B,2,0,1,1,5.420677640096927,198.4171939186907,17.336755687094577,16.43052583711292,0.13971331420916364
2023,8,B,2,0,1,2,7.229540412503301,300.18305978841585,19.005930411385123,16.530147463766177,0.14388476295573843
2023,8,B,2,0,2,1,7.118473053625108,239.4935898020079,18.28625648108236,16.581217099916497,0.14573375656690782
2023,8,B,2,0,2,2,7.514775358204859,220.81622476889973,19.546300549385002,20.132181417987617,0.14418756580438755
2023,8,B,2,1,1,1,6.903578823496324,251.94119770815345,20.88394571778957,18.868175518140248,0.14737767585908787
2023,8,B,2,1,1,2,7.963339240274653,298.454259865622,19.808742185587306,18.41820912763896,0.13919883645823797
2023,8,B,2,1,2,1,8.115995705883332,315.7767730858882,21.48029857871382,18.60249996931869,0.15105165482837102
2023,8,B,2,1,2,2,7.928345344094394,287.83041598311945,21.075100233469772,20.689185753432735,0.14506252208975123
2023,8,B,2,2,1,1,8.511976670881566,225.3245187252525,24.839476486322717,20.893090930799957,0.15758522743829134
2023,8,B,2,2,1,2,8.602386724805914,347.52583412493755,24.853547380194463,20.82475592823365,0.15530575184428552
2023,8,B,2,2,2,1,8.759419305168098,428.12566811098884,22.792924264859614,21.57382378490552,0.1691025098475633
2023,8,B,2,2,2,2,9.65804064779621,372.00511761134186,25.303425710537734,24.0817553335021,0.151521277005368
2023,8,B,3,0,1,1,3.876047732566289,197.54178032224877,12.578251699710487,13.676049714405817,0.10898878627514928
2023,8,B,3,0,1,2,6.963952894489352,149.78886259999447,18.109327461847755,18.111376812330786,0.1442121636490256
2023,8,B,3,0,2,1,6.228132454996238,190.04386937840238,15.209742643843256,13.332816078726118,0.13203152298508036
2023,8,B,3,0,2,2,6.128006930285232,188.90867205290525,16.770150907278826,15.535765122808316,0.14844759164355711
2023,8,B,3,1,1,1,6.961655792956721,199.02995231361746,23.32214381998967,17.540128308904453,0.13059263731430606
2023,8,B,3,1,1,2,8.302662519247738,212.55416468647223,19.32939113857771,19.063477816090977,0.16116408210567548
2023,8,B,3,1,2,1,7.8444049862877545,258.3006356237249,20.046625615043776,18.395698493658713,0.14469235582622908
2023,8,B,3,1,2,2,7.7290787533148055,251.4525115866701,21.31284047931121,20.750061413493444,0.1546315439004624
2023,8,B,3,2,1,1,7.362710079083062,217.24474368052773,20.234247332279622,18.294502205973316,0.14808577437508177
2023,8,B,3,2,1,2,7.6105549965095625,314.02327588903495,19.978593370579006,19.20965685978013,0.14360183234095636
2023,8,B,3,2,2,1,8.82014521208409,383.22067378245526,22.34308982168821,19.708233419833476,0.15140128445173429
2023,8,B,3,2,2,2,8.501236435483573,314.88108316901696,22.40828380152701,21.77897528337154,0.159316247551884
2023,8,T,0,0,1,1,8.478641281805315,217.1281381511622,24.57126173986855,21.00963205741301,0.1501045179075669
2023,8,T,0,0,1,2,7.959262054366303,309.1688682280515,20.884833715543294,19.203252454627187,0.13109646541748998
2023,8,T,0,0,2,1,9.012609424078974,343.84971794587744,22.811754802895386,20.819257292543945,0.15517434666935762
2023,8,T,0,0,2,2,9.391399791963536,274.4617173669529,23.31667791406083,23.180014290992474,0.1540176146083174
2023,8,T,0,1,1,1,9.61748913810187,238.05728797402753,28.37669703460923,22.022798715995958,0.15559605540957036
2023,8,T,0,1,1,2,8.369920223699642,385.5465584406139,27.163564716714927,22.598802332358584,0.12713788135469303
2023,8,T,0,1,2,1,9.263175396844478,414.98486189804504,24.86020592314436,22.7413556340957,0.16003728608627402
2023,8,T,0,1,2,2,9.979541530563427,359.7418894883435,26.84503993700314,25.033123606437705,0.15666653518402748
2023,8,T,0,2,1,1,8.643548562550304,235.33089159980545,26.22455417001999,22.454992482114527,0.15414750014403733
2023,8,T,0,2,1,2,7.829137984699914,410.1951896291356,26.47825303644715,21.4434205217358,0.11586437539429303
2023,8,T,0,2,2,1,7.916333286406013,478.84393914733784,24.10969304083438,20.60692814914322,0.16440720490823738
2023,8,T,0,2,2,2,8.821799216932295,418.90461308585634,23.370806758087298,24.71730509357371,0.1593112313518204
2023,8,T,1,0,1,1,7.821073278579687,212.10885047474605,22.17375587560002,20.143248177896076,0.1422692644804598
2023,8,T,1,0,1,2,6.908783047274881,281.0075643046145,18.297736633824254,17.372147169050486,0.13031466423699836
2023,8,T,1,0,2,1,8.289418553829655,316.1512779403466,21.68886549603407,19.71317612679933,0.15117751314257263
2023,8,T,1,0,2,2,8.744748751492915,259.44670274649917,22.981782835763465,22.675944152598216,0.1614841389863296
2023,8,T,1,1,1,1,8.451645476072649,236.6824196800639,25.49954516303748,22.03975649165824,0.14773089776585593
2023,8,T,1,1,1,2,8.300520971757516,346.2830633317822,22.512372036369943,20.947471091436032,0.14198946919198305
2023,8,T,1,1,2,1,9.009659530752446,398.57189690054525,24.379831593635448,23.562885065122387,0.15682253972451066
2023,8,T,1,1,2,2,9.022732413958334,331.5568253760568,23.173590608118303,23.857843984167367,0.15297618832729892
2023,8,T,1,2,1,1,8.314597091540529,284.98320155914587,25.208015845570674,20.842142496372272,0.14243621853396796
2023,8,T,1,2,1,2,8.418967284659878,434.3673744890362,25.764618837365173,22.13166356856529,0.14665779563679918
2023,8,T,1,2,2,1,8.624501644312737,478.3649002784506,22.937711588886344,22.189588677301277,0.15406110299060738
2023,8,T,1,2,2,2,9.289734833922463,384.87934925441056,24.12234538877316,25.17877723745582,0.16419948675023266
2023,8,T,2,0,1,1,6.49404372723464,213.10649510414066,19.30350417535303,15.498978484952438,0.12578400520758037
2023,8,T,2,0,1,2,4.991441687480391,242.03105125846918,15.81808030263813,14.036765388829519,0.10376920516901171
2023,8,T,2,0,2,1,7.887292944818334,286.67872562806525,18.868382875537353,17.306962741042625,0.14680597560610975
2023,8,T,2,0,2,2,8.353509002123886,261.0380886816076,20.755132452620146,20.659475642081894,0.15813619605193277
2023,8,T,2,1,1,1,7.570936511210717,182.93527806394377,23.180744848356987,18.397701679313364,0.14295125528314206
2023,8,T,2,1,1,2,6.572700631859535,243.6159514252546,18.903976568574144,18.41879835164039,0.1292533303359994
2023,8,T,2,1,2,1,8.4657046265624,338.8767980739598,22.42996157874878,20.873982016311846,0.1573241825974883
2023,8,T,2,1,2,2,9.088029831086466,284.6790379101884,22.3755805942732,23.183485111878603,0.15570821880672717
2023,8,T,2,2,1,1,8.239743581028472,239.8481848577703,26.057862656524588,20.441605256869035,0.14706881234471864
2023,8,T,2,2,1,2,7.788437309020745,398.09462145989824,21.196108333047682,19.925020203430833,0.125435862429242
2023,8,T,2,2,2,1,8.408070644647845,403.94446507846726,24.244561861041383,22.416730833170146,0.1594170116838289
2023,8,T,2,2,2,2,9.179246463980057,382.9077637132812,24.445419527358624,24.172724254154176,0.16650171775022896
2023,8,T,3,0,1,1,4.476628281303409,194.87656129711576,14.926409422204136,14.803978026996043,0.1270003320495252
2023,8,T,3,0,1,2,3.4893404905258922,136.09638647970849,12.60635398935331,12.665354331220835,0.1068415808489682
2023,8,T,3,0,2,1,5.529053068800891,206.55249520622726,15.026356222580416,13.811153185605097,0.13648750080248867
2023,8,T,3,0,2,2,6.804080748109049,218.8942053698166,17.17137874846233,16.214437746718872,0.13276755249103606
2023,8,T,3,1,1,1,6.591636848834132,187.48236819220173,19.76169233346168,16.82727907376173,0.1452832693802091
2023,8,T,3,1,1,2,6.078280345313873,204.88887234771724,19.830184356910483,18.49716316269025,0.12334451009198445
2023,8,T,3,1,2,1,7.63451360691056,252.21370011872307,19.037817957890933,17.656647145134507,0.14449292678517917
2023,8,T,3,1,2,2,8.065260266961996,265.4165570758515,19.42051837034734,20.064482176342107,0.1413845562149733
2023,8,T,3,2,1,1,8.313437498409861,210.23000270036917,24.561503851611448,19.99516388128366,0.1491515187560622
2023,8,T,3,2,1,2,7.052367268365432,260.07721779850164,20.143236586815114,16.363200852309273,0.12797279597902983
2023,8,T,3,2,2,1,8.48036027977696,343.4148650869177,20.731769555612747,21.737081315193283,0.1539645205576739
2023,8,T,3,2,2,2,9.800323305631055,325.96723158223097,22.191181197445513,23.47736223230241,0.15504346309116915
2023,9,B,0,0,1,1,7.705133285294663,192.2444159044283,21.837156177705502,19.866645023067694,0.13480405443700966
2023,9,B,0,0,1,2,7.92307238418924,300.33787018412653,21.5664428841908,19.724732620570954,0.13576116498334403
2023,9,B,0,0,2,1,8.559590469706983,422.2235458665835,23.97653950355545,18.480953781699704,0.15183311895979734
2023,9,B,0,0,2,2,9.092528468593558,336.3229826544086,24.752511462579882,20.462685626049296,0.15474561425231895
2023,9,B,0,1,1,1,9.732955141370821,229.95691478801749,28.952871741300125,21.705350803056387,0.15880677724975237
2023,9,B,0,1,1,2,8.843470578267722,333.9484615724649,23.813767437915978,21.394277176977784,0.1420959720488767
2023,9,B,0,1,2,1,9.25776388254719,511.46946929571817,25.36876915817407,21.090983592907822,0.15945145720895154
2023,9,B,0,1,2,2,9.485791726561,424.93694260851777,28.738382716936393,22.958810570689415,0.14930791350205855
2023,9,B,0,2,1,1,7.452003741292261,180.28443623328454,20.15826441216941,18.768656291134345,0.13323082455314575
2023,9,B,0,2,1,2,9.42736776023893,370.6085768754258,30.35110686619148,23.899626006249544,0.1152818042025222
2023,9,B,0,2,2,1,8.309284759506914,543.7035226688216,24.71900065665421,21.348143973427955,0.15106226967341072
2023,9,B,0,2,2,2,8.659329180231957,448.6000232451064,27.1565924025212,21.938858847308,0.14338169528491193
2023,9,B,1,0,1,1,7.1244973632669755,153.3974894989695,16.667287317248544,21.026774028525015,0.14165847251386834
2023,9,B,1,0,1,2,6.19830049837826,240.22385263475303,17.88188683628796,16.39096149290107,0.13478837973656888
2023,9,B,1,0,2,1,7.572894355507615,402.96986428132846,19.560449819492007,16.524006429572268,0.13953566410626747
2023,9,B,1,0,2,2,8.141405730015908,337.94464495552404,21.45577501575048,19.14174221519102,0.15041673334637135
2023,9,B,1,1,1,1,7.088566079787518,202.90037311734605,19.930066754686777,18.978397431971555,0.15038349055168407
2023,9,B,1,1,1,2,8.27285660135069,319.07777764816524,26.275411237469623,22.076707726512122,0.13813781553276477
2023,9,B,1,1,2,1,8.61345125493833,463.84438572001216,22.96028429068564,20.061693224437008,0.15503817215125756
2023,9,B,1,1,2,2,8.975091433147941,380.0627541568197,24.721708188093835,22.247157055935183,0.15552235878948112
2023,9,B,1,2,1,1,9.115153990959865,296.9182718569203,28.50704793610988,18.805860588613747,0.14855353901080937
2023,9,B,1,2,1,2,8.762171372963037,367.20140665184675,27.302662477931428,23.402778789808913,0.12803100188246605
2023,9,B,1,2,2,1,8.886169234117077,526.3818119510694,26.064189214042763,21.277783023796406,0.15318228360913824
2023,9,B,1,2,2,2,9.260362653081875,450.56392278301604,25.989843930402348,22.704837853133785,0.14510008665428312
2023,9,B,2,0,1,1,5.951655590266584,125.89327792426076,13.985941606874709,18.00039549370858,0.11385379927052643
2023,9,B,2,0,1,2,5.952596240145007,234.83516525203214,13.671122304278192,15.188326265383884,0.10786415498074482
2023,9,B,2,0,2,1,6.983705617643753,352.33882802695206,20.157165350540904,15.146842816627103,0.12298876472239746
2023,9,B,2,0,2,2,6.7509145070583125,300.22251599669994,17.965403408827772,17.023339968982523,0.12831744820120722
2023,9,B,2,1,1,1,6.0305757369600945,176.0038007041759,20.84112858161758,21.232978661239343,0.12523470617618143
2023,9,B,2,1,1,2,7.526194875676994,169.9332075488576,18.594906763641006,18.71693080571538,0.1397860840480561
2023,9,B,2,1,2,1,7.485021317015732,394.66152467159685,21.18211129425973,16.830889374156314,0.139006083399045
2023,9,B,2,1,2,2,8.124370375581528,361.25292912896873,20.11878517708718,19.00488401557546,0.13490425474381734
2023,9,B,2,2,1,1,7.978473360465881,228.3063842674954,21.80559943790439,16.632552909546355,0.14400784085833201
2023,9,B,2,2,1,2,8.877215089750734,319.04123057681403,23.47004790454347,21.68294218122249,0.13783027745710824
2023,9,B,2,2,2,1,8.139658063357041,517.2589646655543,24.8565335695392,20.419345851282,0.1499563755756725
2023,9,B,2,2,2,2,8.739087565354533,425.93296320004265,24.69231600851499,21.283159793248593,0.13387614670074638
2023,9,B,3,0,1,1,1.1380390664061977,107.14935600210907,16.030028755432724,6.498963660141004,0.13849234936751317
2023,9,B,3,0,1,2,3.8660878017589195,231.40323862745032,13.481028366398327,12.683542905284066,0.09059271383505418
2023,9,B,3,0,2,1,4.7279713492385635,159.24431692187827,13.277583235008715,12.768121702228004,0.14367610363537894
2023,9,B,3,0,2,2,4.522154815583014,236.02778030116914,15.854981869705155,14.790348393573103,0.13510695234638015
2023,9,B,3,1,1,1,5.426372865400882,70.38156702520244,16.27915404656898,16.40202090331226,0.1367913714384062
2023,9,B,3,1,1,2,5.9008024951659355,220.25636964090572,15.480516946644977,17.49650685849872,0.11019906982218096
2023,9,B,3,1,2,1,7.127127466579266,348.80146192930493,19.95712165407982,15.872523185807838,0.14649739136506082
2023,9,B,3,1,2,2,6.363757172058917,217.89799934850623,16.86568497691545,17.774266688425946,0.13251431626793347
2023,9,B,3,2,1,1,7.080176823805265,170.118023951767,18.881885311353606,19.740632873390055,0.14118875749343382
2023,9,B,3,2,1,2,7.535097597678701,369.7847687268385,23.262995206424105,16.53332791253623,0.10429926773949924
2023,9,B,3,2,2,1,7.676985517780202,379.6629609844984,19.928683268424304,18.163826430790586,0.14186117866586537
2023,9,B,3,2,2,2,8.128825227619235,339.53521344207365,22.017697827530835,19.01166079737682,0.13946389957438374
2023,9,T,0,0,1,1,8.20316871342436,199.93301462001887,22.529500512222697,18.755138091764515,0.12482955990964402
2023,9,T,0,0,1,2,7.805301050694003,271.08013086984164,20.919885768676682,18.621884047175826,0.12340602028760421
2023,9,T,0,0,2,1,9.096195876002916,406.1195299901454,23.428287783704068,19.590459222649976,0.15369823910578836
2023,9,T,0,0,2,2,9.671123549081024,340.9800171576327,24.141219001587466,22.050355033890202,0.15178530978240531
2023,9,T,0,1,1,1,9.247097276683348,244.92609715125542,28.009632111216654,21.18200667128189,0.13510774733883674
2023,9,T,0,1,1,2,8.708565397165943,346.11513909254234,25.98958092970596,20.255444093696696,0.1304569847464782
2023,9,T,0,1,2,1,9.914517720931853,483.97541840664917,27.304826796605482,23.206794128394787,0.1572162616722664
2023,9,T,0,1,2,2,10.291909116119097,406.1659248734896,27.185698638945937,23.885716365090474,0.15298380210809362
2023,9,T,0,2,1,1,8.66961978736963,255.11377302509933,29.602459296954653,20.751951694528316,0.11642719966325984
2023,9,T,0,2,1,2,8.439771520161445,445.2165123617781,24.408333235383093,21.570836969350527,0.12122494501296611
2023,9,T,0,2,2,1,8.613974366147955,498.9371927088846,25.610821415624546,19.299978366367725,0.1543729037303028
2023,9,T,0,2,2,2,9.214568524040567,493.5745817065937,24.485882777235428,22.426026545128128,0.14950546675196877
2023,9,T,1,0,1,1,7.689181407037398,194.51052783146434,21.97691745503826,17.67594264153883,0.1393099314575286
2023,9,T,1,0,1,2,6.804143978049188,270.3532943309175,19.014393522455734,16.232287966884524,0.1250216341573571
2023,9,T,1,0,2,1,7.962222081116609,379.630797480548,21.762525820045756,17.073903809746003,0.1486205485055339
2023,9,T,1,0,2,2,8.531871843164392,337.0872181484969,21.991467631006536,19.630733136613344,0.1508092658487075
2023,9,T,1,1,1,1,8.566876290190521,228.05322434119984,26.013342881673456,19.652630543784202,0.14103349996929715
2023,9,T,1,1,1,2,7.954306123802164,344.55279456209774,25.11161720000788,20.540874097255127,0.13375604374217878
2023,9,T,1,1,2,1,9.283329770897254,475.84045720920756,25.324220476158118,20.929200045226295,0.15357972718321228
2023,9,T,1,1,2,2,9.437834725386727,382.03220597025137,24.706116600489263,22.318829903577296,0.14901061455342265
2023,9,T,1,2,1,1,10.6972066567113,257.0436686569435,25.6096386844671,19.285766819285453,0.1346189349286217
2023,9,T,1,2,1,2,8.601174615339472,408.45483385873973,30.323345357755674,22.156500938530023,0.14431999894711162
2023,9,T,1,2,2,1,8.40328306786809,510.256261514297,23.784406389034977,20.701325785103993,0.15099478904837832
2023,9,T,1,2,2,2,9.541435712837245,459.0134979305652,25.69937279403085,23.405800961412556,0.15258802916829517
2023,9,T,2,0,1,1,6.0856941788056735,176.30835623047284,20.762141016585943,15.999415614268953,0.12923328274266693
2023,9,T,2,0,1,2,7.782442632929956,280.38534875656075,19.43571300916233,15.808898181999288,0.13667779505999572
2023,9,T,2,0,2,1,7.883362562548696,340.8749840806783,19.520610167855455,16.750386294375396,0.1491995491194668
2023,9,T,2,0,2,2,8.77450298036531,292.7143691874836,21.79419729635727,18.678425712194453,0.15415815217362114
2023,9,T,2,1,1,1,7.201542204862861,146.94037592667877,22.24277505714415,16.685608316050683,0.1269975461077338
2023,9,T,2,1,1,2,6.311633878999229,267.0450035814352,19.762269310260454,15.917323094123168,0.11347155372358506
2023,9,T,2,1,2,1,8.851750995333498,402.9838798209461,22.092883653967597,18.31356923254894,0.14636448860314466
2023,9,T,2,1,2,2,8.541910583873245,355.0198288995454,22.220474498207587,20.030672450522903,0.15308911871844688
2023,9,T,2,2,1,1,7.578776591026971,206.98692708681446,22.85735941582491,18.18728492040209,0.13530029289713547
2023,9,T,2,2,1,2,8.362324787962393,300.526470911704,24.995126471477345,21.083846489028453,0.13639307188776317
2023,9,T,2,2,2,1,8.892136639358574,505.4261788957278,25.425846561864148,20.670443290411825,0.15296126998630852
2023,9,T,2,2,2,2,9.044797290713207,440.4973063515347,25.022023854558213,21.90162119696573,0.15719566907598628
2023,9,T,3,0,1,1,3.103979185389838,135.3404421803894,7.312462210885263,8.777388498143019,0.12429303283638496
2023,9,T,3,0,1,2,5.268590169141112,193.57779645888706,7.946547825267224,11.85027194004938,0.11780067428908439
2023,9,T,3,0,2,1,7.242054584098489,286.4021616142526,18.784598587658973,16.82810027377926,0.13584152322869875
2023,9,T,3,0,2,2,6.5394558298501035,169.633354970384,17.43386822777606,15.652777654383772,0.14489529637346082
2023,9,T,3,1,1,1,5.122435877741427,176.68144801444166,17.636422940734775,15.332891654165467,0.10693439975804282
2023,9,T,3,1,1,2,7.552273480524261,215.79238225557202,16.267731097875494,16.470177052415124,0.11478922168460642
2023,9,T,3,1,2,1,8.096810645121584,394.79804489436975,20.893356150516176,17.41081480842226,0.1461369294452226
2023,9,T,3,1,2,2,8.004644285272201,271.4544940901532,20.800850083139885,17.63850895052625,0.147499509980978
2023,9,T,3,2,1,1,7.548644928313912,164.41482810943683,23.131950978676926,19.13187150351309,0.12953212083352755
2023,9,T,3,2,1,2,6.64584160027619,314.14193366896893,18.894696234886002,18.451203526540546,0.1244775866863574
2023,9,T,3,2,2,1,8.32621416949875,422.63648639745327,23.31489783070805,19.305837700063165,0.15598491336413736
2023,9,T,3,2,2,2,9.928749614706653,339.02255547038527,23.578864124199185,21.148271902781424,0.14916789047758988
2023,10,B,0,0,1,1,8.13645394242128,178.63337804938166,22.950149065455303,26.041468716459395,0.1455569783820559
2023,10,B,0,0,1,2,6.392149628337296,248.9329522259907,24.792161234373214,20.19589156326694,0.1359136146117898
2023,10,B,0,0,2,1,9.667939298234138,436.8687792306596,25.331861614268536,20.672213538785915,0.16126968970345484
2023,10,B,0,0,2,2,9.250325717611059,367.8709043262026,22.81601877840136,22.862846866899137,0.16152416684514784
2023,10,B,0,1,1,1,7.616568436169742,148.16507950834534,18.43690119104566,25.756039617567648,0.14852157144270162
2023,10,B,0,1,1,2,8.0640791707874,244.9970332584755,27.611131297477566,27.315492502600723,0.13820153445405203
2023,10,B,0,1,2,1,9.025566582024913,536.3159433887024,25.05193920301042,23.365861008756603,0.16739479105199762
2023,10,B,0,1,2,2,9.092622483021602,427.165675139826,22.894081071343,23.09950973932922,0.1647484193206535
2023,10,B,0,2,1,1,12.964066939778098,182.46009123980525,35.57089973497598,19.139269655581103,0.09708389121442006
2023,10,B,0,2,1,2,10.453866653061944,315.8716702238428,37.91294428687912,38.94638084758326,0.28533879941220747
2023,10,B,0,2,2,1,9.25705129970077,463.03585037419964,21.94599820517352,21.678487916683135,0.13654219409136156
2023,10,B,0,2,2,2,8.253726511193147,533.6390964671547,22.8301853919597,22.322381977656672,0.16946145765020273
2023,10,B,1,0,1,1,7.36550299255479,153.76514440318817,23.545607628246366,18.377911118786052,0.10586666252099076
2023,10,B,1,0,1,2,7.253545535755997,383.4252896402561,25.351380208411307,16.139799263466692,0.12805367735418047
2023,10,B,1,0,2,1,7.619703879752406,373.34279024811565,19.50389937926678,19.972655807867575,0.14019203379310682
2023,10,B,1,0,2,2,8.68660542638008,322.73197939210274,19.86416931425414,23.583850306477984,0.138719708578614
2023,10,B,1,1,1,1,6.291846942860332,118.7979773156333,28.00180702162256,14.606930865908437,0.10941564130372203
2023,10,B,1,1,1,2,7.574703378864269,310.2643211082734,22.93976050429569,20.310118395710493,0.14814298527473757
2023,10,B,1,1,2,1,8.066819887354015,511.7079748161528,23.44670264722656,22.270103924588188,0.15240638291055816
2023,10,B,1,1,2,2,8.517276461528963,354.2559475108058,22.686563472587903,24.548283701271956,0.13016957528196266
2023,10,B,1,2,1,1,10.290270425665858,253.99704127760577,36.1179185154282,17.2448550366801,0.14914919677587574
2023,10,B,1,2,1,2,12.015967016155354,317.50236423004276,37.73495413012318,30.275250684607606,0.1472703935792935
2023,10,B,1,2,2,1,8.51847486170174,517.5816783783382,23.642943184427324,20.0419299704173,0.1308923895812044
2023,10,B,1,2,2,2,8.507662616246783,403.87134402407594,22.01480751943952,20.89442501111824,0.1391348888897521
2023,10,B,2,0,1,1,,,,,
2023,10,B,2,0,1,2,6.085634970978794,264.58429362555376,24.680151649250455,13.987732046809208,0.13935285549041798
2023,10,B,2,0,2,1,9.84661658007962,371.9168242216671,26.382811957905577,22.124876758428556,0.1435175875327665
2023,10,B,2,0,2,2,8.057563361008507,337.8567011316828,21.526236689766126,16.397211431983386,0.17259207743380545
2023,10,B,2,1,1,1,4.906197747067824,204.87903723904998,17.18141892694935,25.75923440522512,0.12849336597661382
2023,10,B,2,1,1,2,8.316809352149413,259.69403551102215,31.554009402372305,11.927123739066346,0.05248046712825635
2023,10,B,2,1,2,1,9.27588241162318,403.39127923387605,25.763568518378364,20.609764681180096,0.15298512527655217
2023,10,B,2,1,2,2,10.598070008007289,332.236967879564,25.330108350418815,26.466944953135837,0.14876275077545306
2023,10,B,2,2,1,1,8.779835174990467,321.8627957220282,24.998623713456706,18.847945270957258,0.08083272060248868
2023,10,B,2,2,1,2,11.414759136436343,91.87367175586687,44.763113951460404,25.693245942270508,0.09521793290982036
2023,10,B,2,2,2,1,8.34339182920139,480.1278980059724,22.035100154358506,20.29785725263924,0.14947813567911497
2023,10,B,2,2,2,2,10.305632728501749,356.1554086066238,25.055256739242395,22.811185991887523,0.1488828569967133
2023,10,B,3,0,1,2,,,,,
2023,10,B,3,0,2,1,4.6256078291278495,180.22809492726458,20.993240004016105,16.860963500639247,0.15708377037604987
2023,10,B,3,0,2,2,5.1406662992262175,14.955308422095705,35.31284194177806,31.060231049044052,0.27363618218357033
2023,10,B,3,1,1,1,,,,,
2023,10,B,3,1,1,2,,,,,
2023,10,B,3,1,2,1,8.104369816194655,222.50261393210116,22.378908593199853,21.1340089621284,0.1462746517458932
2023,10,B,3,1,2,2,9.686282069102788,251.10235521706198,28.999690569912406,27.295298546984238,0.1367742636772154
2023,10,B,3,2,1,1,,,,,
2023,10,B,3,2,1,2,6.16714198393389,315.5877638101114,6.999880733745874,6.896122305808292,0.1084008131888316
2023,10,B,3,2,2,1,6.911783440824098,252.31766633843424,21.58657862928053,20.37264319967255,0.11928259842088729
2023,10,B,3,2,2,2,7.384772057455782,428.4285869717396,22.20306709617657,19.534262935917166,0.11929323070117258
2023,10,T,0,0,1,1,8.901111570424975,156.50185847866192,26.676073773692984,23.633005382871332,0.12442704006287991
2023,10,T,0,0,1,2,7.393766310455257,335.885637315577,18.645683661822087,21.715797727260362,0.11186082409822828
2023,10,T,0,0,2,1,9.05477656393744,430.18491728262507,25.086928422969567,20.460478608535578,0.14762554663457036
2023,10,T,0,0,2,2,8.684598241387086,388.7899696447211,26.0069226429141,21.52792473264324,0.15895076939383004
2023,10,T,0,1,1,1,7.80766230640831,186.77728620423363,26.699567741686554,19.107883216848673,0.08681380089279898
2023,10,T,0,1,1,2,8.793720803898829,412.0351195714468,23.245373907706938,23.52761487510815,0.09638489917898753
2023,10,T,0,1,2,1,9.560605971993104,390.65637713106514,27.574821518482345,25.843153320118873,0.1530060942657342
2023,10,T,0,1,2,2,8.18143122240423,471.71899039050044,24.848265459418624,21.364634195485422,0.15264720332125967
2023,10,T,0,2,1,1,6.478623107317379,140.67246875869736,16.6519632346059,26.908115974379676,0.0796187285546979
2023,10,T,0,2,1,2,9.5108189079595,445.862329682605,24.390879857541016,27.171044165949898,0.06328773396164544
2023,10,T,0,2,2,1,8.721241431217654,506.7013474724502,24.93319635294369,19.916099309779913,0.17510052164105117
2023,10,T,0,2,2,2,9.120691648216377,474.58343567030573,23.31549224254387,21.856199048991673,0.15012039380840206
2023,10,T,1,0,1,1,7.6611150256276295,133.44521863162058,21.86819855311208,22.41216850065881,0.14580834579187874
2023,10,T,1,0,1,2,6.094631920797193,407.15914204399235,21.343566036500192,21.975063355603275,0.13176073249560277
2023,10,T,1,0,2,1,8.895841870685713,405.9228898362098,22.00757576418531,18.673426733802522,0.12722341663916276
2023,10,T,1,0,2,2,7.907018734289603,513.022731224779,23.309142740812163,21.84186055069459,0.12792566109694486
2023,10,T,1,1,1,1,6.55120156640263,135.38129091233733,18.353023154530348,13.43550059884768,0.1256171828069856
2023,10,T,1,1,1,2,9.184137384643154,331.580146361496,26.223981965035364,24.42040662900827,0.11304954678271728
2023,10,T,1,1,2,1,8.855110022544594,476.07814452515265,24.147406236327353,20.81484452599498,0.14972154356648987
2023,10,T,1,1,2,2,9.249810608834148,486.58204852093553,24.177120982555024,18.292620726965513,0.14361146552141113
2023,10,T,1,2,1,1,9.282274362496471,290.35728524535926,28.31661476300299,19.846547820977072,0.153668622378956
2023,10,T,1,2,1,2,7.8165468078941345,363.7543121688436,20.77036101793938,10.310831224000392,0.09607961490347469
2023,10,T,1,2,2,1,8.967911200193344,430.95438729396744,24.846387935477367,18.689699516916768,0.14739774324528257
2023,10,T,1,2,2,2,8.711467427977784,507.11153620278435,25.86457799880726,22.155300301462066,0.13879436984552307
2023,10,T,2,0,1,1,5.679075919548887,134.5630381271171,13.446468286133726,21.279401647438302,0.11052382177612209
2023,10,T,2,0,1,2,5.050551306540705,186.3122059071817,14.859739747485486,28.089744920664554,0.10178220311036697
2023,10,T,2,0,2,1,6.60581659652284,250.74007869601292,18.893595064577877,19.512734482148222,0.1311749597499549
2023,10,T,2,0,2,2,9.329888578471852,301.2610654035446,23.210104029104375,26.136960241787172,0.13441373954354086
2023,10,T,2,1,1,1,6.9452665751575084,111.97031762927168,27.75813393841524,8.46873284057302,0.14499207264536912
2023,10,T,2,1,1,2,3.0127535024735517,225.40972731154855,17.286333352945807,24.36173257836971,0.01970881528656657
2023,10,T,2,1,2,1,9.220910335718209,380.3468450765398,21.850460267478013,20.96690221263464,0.13717336651018622
2023,10,T,2,1,2,2,6.319436358730536,459.6235464905463,22.06926935155354,16.74994980383648,0.12312979250709769
2023,10,T,2,2,1,1,7.5092580071656805,288.84965166863344,23.854360306074025,22.27898682448635,0.12062392427405409
2023,10,T,2,2,1,2,6.711195944092227,181.36120243210516,13.29542593998832,15.18815126865425,0.12440943891231164
2023,10,T,2,2,2,1,9.330611483386898,505.31616818240826,25.098507997278393,24.461074036585487,0.1959327522018056
2023,10,T,2,2,2,2,9.69768718531616,574.2774947186088,24.916288596529576,22.322770479847396,0.1719742786167584
2023,10,T,3,0,1,1,0.825900720425892,54.814917677581235,21.007576783627375,9.646916394371832,0.1121754197674339
2023,10,T,3,0,1,2,,,,,
2023,10,T,3,0,2,1,5.703149152003652,97.43537499286379,24.646008588449863,26.33426248537466,0.10447406222492635
2023,10,T,3,0,2,2,6.614920787556045,131.70002534411685,24.808153939998054,20.856954167310906,0.11780403705915977
2023,10,T,3,1,1,1,0.10111626970968683,6.0174787078976735,10.729001901621606,6.594053577277031,0.046605407948005446
2023,10,T,3,1,1,2,4.933087572707381,242.75179635449308,15.25400287607595,23.3588921286948,0.056222357059565936
2023,10,T,3,1,2,1,6.135928948851954,160.58307821952332,17.441687191227633,13.651741869147324,0.10523779706942818
2023,10,T,3,1,2,2,8.346249997136802,388.1892816181757,19.016355497093503,14.122632957989913,0.13899871479780365
2023,10,T,3,2,1,1,5.772211267501113,182.65962690206055,25.80166009097089,16.269760218961434,0.06095222637443191
2023,10,T,3,2,1,2,5.24160376220867,143.5241505810086,21.011787644458845,16.970499431341633,0.0991228663074267
2023,10,T,3,2,2,1,8.160880889238348,311.94936856154396,20.23224620839461,22.748026371919217,0.16677557652223637
2023,10,T,3,2,2,2,8.063467028334983,569.571593569508,23.855971091236842,22.72513550991451,0.14216032031999945
2023,11,B,0,0,1,1,8.431092341608368,164.76044748775016,19.852422927734448,19.362782645467988,0.18420950758702595
2023,11,B,0,0,1,2,7.55709996084356,254.6132265756685,10.631425812963446,10.362386938538823,0.14411888019018443
2023,11,B,0,0,2,1,7.901965716152232,369.08741471544073,20.065956414341432,19.43893004380412,0.1518784698917746
2023,11,B,0,0,2,2,9.30940997954721,475.40003334913416,22.36826839166978,21.2600381555738,0.15633425366257106
2023,11,B,0,1,1,1,8.193929272129864,181.96039917154133,39.526120801566144,26.959111133514153,0.025415236899676303
2023,11,B,0,1,1,2,3.187561560189869,337.4006790449597,11.937355286955313,7.513999744144259,0.08561472671217256
2023,11,B,0,1,2,1,9.126145847370212,324.5075158004649,24.659081527445377,27.484164230379513,0.17712723894526672
2023,11,B,0,1,2,2,11.681662581168931,413.0555535187018,27.743339910650505,30.39075101276105,0.17530323386155364
2023,11,B,0,2,1,1,4.455479828256427,32.74611503674914,38.31281317164011,35.533529968186386,0.006682159082212766
2023,11,B,0,2,1,2,9.536749157862973,143.95279851395728,2.8919960243748606,7.469310351029736,0.01110157646462875
2023,11,B,0,2,2,1,7.911610278571604,523.8310576416791,21.15592867172226,15.471557845058785,0.1903595372446572
2023,11,B,0,2,2,2,7.934503132679451,701.8925226751719,23.844896608145874,26.52886090772023,0.14660342000899337
2023,11,B,1,0,1,1,9.510947175053944,204.2569246561789,33.90405315044205,27.23830092554722,0.1784646065097129
2023,11,B,1,0,1,2,8.024815312516546,328.1234929870156,16.41449531094392,14.270753813061173,0.08375589907582644
2023,11,B,1,0,2,1,9.45028908068722,412.35616507744476,21.47091770687257,23.50972172164448,0.13683871957673774
2023,11,B,1,0,2,2,10.714677195815389,427.6809112512045,21.170772518771077,24.845503238739415,0.14562543990807744
2023,11,B,1,1,1,1,8.075357123165917,128.2076829471101,9.83164860959239,17.649302704450772,0.0647857975691173
2023,11,B,1,1,1,2,3.942587183563623,84.45304215953378,4.055302083939001,7.840788821285777,0.19710423455623677
2023,11,B,1,1,2,1,9.654275785563772,389.094039649683,20.759086601520725,21.985453937226026,0.16516618557226992
2023,11,B,1,1,2,2,9.511790175221407,520.6769683228289,21.88507781848531,24.74718517917571,0.17866944934104576
2023,11,B,1,2,1,1,7.677992013975185,45.880176438196216,42.506613564969705,26.171053189538753,0.03623910962850313
2023,11,B,1,2,1,2,9.11153375306997,291.8956474923873,9.645246454428555,12.101558556511087,0.03565706895787517
2023,11,B,1,2,2,1,6.596160349480645,223.0252185020313,23.359802806237212,24.504784828624736,0.14597901949709532
2023,11,B,1,2,2,2,10.440351468193574,444.6056639050728,25.058685634526007,24.733965814442293,0.1183912141234207
2023,11,B,2,0,1,1,5.480533368204225,295.5939348723741,17.759879234832464,21.83275223944903,0.1906951611647938
2023,11,B,2,0,1,2,4.716279995928995,72.19067552899989,10.540342938601823,13.173346354033715,0.2100971534790511
2023,11,B,2,0,2,1,4.60861591987982,247.06018425157922,21.530989189024243,13.537021179298934,0.16815031560671048
2023,11,B,2,0,2,2,9.299599425064857,561.7748978302312,21.02679191026693,25.587257256956377,0.10290214388761129
2023,11,B,2,1,1,1,9.157140856548336,93.18899841182949,23.85541464196336,25.804150286904754,0.22129935238646017
2023,11,B,2,1,1,2,8.264675245686709,428.7863797102236,22.45109530800595,11.256532072534593,0.0807481120522331
2023,11,B,2,1,2,1,8.246744132557943,288.8128828025636,17.437852907214133,20.045124012088326,0.1682017787712668
2023,11,B,2,1,2,2,7.755922147642671,324.4200120883147,19.391110215902906,26.2788512417179,0.158402931006565
2023,11,B,2,2,1,1,8.395433932600909,202.60226625501164,19.31818916485618,17.15917456853136,0.1997860943400883
2023,11,B,2,2,1,2,3.1159538266797178,164.06280227908653,5.1245366986522125,6.552448287663168,0.03124475636006783
2023,11,B,2,2,2,1,8.264992091143625,430.87032313421275,21.53381182412573,21.441349208762382,0.19162099181158926
2023,11,B,2,2,2,2,7.721379813130204,439.2210426993827,20.4034750518491,23.536565807592904,0.16201798109819235
2023,11,B,3,0,1,1,2.9083301910202697,40.45357895168241,3.2492970809084194,6.412115002477733,0.27333919733547174
2023,11,B,3,0,1,2,,,,,
2023,11,B,3,0,2,1,3.3785021705878218,125.05691690852878,12.86194368852028,5.6131379857141095,0.09947440441306164
2023,11,B,3,0,2,2,5.291280043618938,375.07064994478014,4.113522988874624,16.177966757445137,0.24834297262052737
2023,11,B,3,1,1,1,4.964525388527412,255.15581741032943,22.3004605296804,23.574726987319846,0.18873458091545736
2023,11,B,3,1,1,2,,,,,
2023,11,B,3,1,2,1,3.6686426236416105,131.66700401644553,10.081001737806945,15.970755551037653,0.17182221723824495
2023,11,B,3,1,2,2,9.550012424075685,276.22656908776884,9.790914332839401,26.36980608053461,0.21243749240659002
2023,11,B,3,2,1,1,7.445572395726203,110.19239161575537,29.237870851226496,15.602958483185168,0.2470969199929453
2023,11,B,3,2,1,2,9.691422821237346,161.2031034750882,18.58872556954887,14.025483531343937,0.06994689750088985
2023,11,B,3,2,2,1,6.456466409732185,211.24464502746045,26.15899202991413,14.472338731937711,0.1803675818294407
2023,11,B,3,2,2,2,8.380659047636243,550.6190372524528,15.435432227885178,20.209461491678503,0.16533600752847075
2023,11,T,0,0,1,1,7.38152604914656,223.0569928978521,19.940108296710566,16.418321563325495,0.1349845003867632
2023,11,T,0,0,1,2,8.242316615631053,305.8232744178262,20.887686509566418,18.117967491437035,0.14308675041243246
2023,11,T,0,0,2,1,10.3998037689632,323.7537408297469,29.31421374034586,25.408013815505946,0.17116256289362383
2023,11,T,0,0,2,2,8.087576338249724,244.8555227672111,23.870996980422778,23.959661219774016,0.17616806033282753
2023,11,T,0,1,1,1,8.696229490097672,202.48097312257912,23.753484508079136,14.411093954018742,0.1771627747110926
2023,11,T,0,1,1,2,8.003852843058354,232.62951181367038,16.083272492147444,16.261400816452845,0.14081748826051388
2023,11,T,0,1,2,1,8.820509419956204,269.0344634609294,28.19292840009753,25.57561912116722,0.13575381131650244
2023,11,T,0,1,2,2,8.284361373430746,247.71095142897803,25.97781529085634,24.2737703564147,0.16302217824512394
2023,11,T,0,2,1,1,5.2074444596174025,155.55918176051182,24.407223197344678,13.818394469257274,0.09956569253512979
2023,11,T,0,2,2,1,8.970048758693205,399.2508716954583,21.14839307994818,23.946458060458372,0.13093058847470793
2023,11,T,0,2,2,2,5.852113088449323,255.3813492798564,22.859210257610307,20.732070851741664,0.18588592256347083
2023,11,T,1,0,1,1,6.713830421848128,224.76819490310461,23.36510378907685,12.87144965994291,0.14310447908589172
2023,11,T,1,0,1,2,5.795257469936715,270.3940391795085,13.146319821586138,19.704591734741857,0.1471663927732985
2023,11,T,1,0,2,1,9.42677246212253,292.0923230653011,31.770365519191824,24.76247198720539,0.15159768339779786
2023,11,T,1,0,2,2,8.48852779220234,264.5434999631878,23.357757399521994,20.686122147883985,0.176540682126569
2023,11,T,1,1,1,1,9.011724900978122,201.6317074497235,21.23555103486946,14.086385098630133,0.16195090903222378
2023,11,T,1,1,1,2,8.434288746934547,333.7003958892867,14.585035243152483,16.489192835480658,0.1649255778828742
2023,11,T,1,1,2,1,11.510387512611217,286.43235311575506,33.528851549015286,27.7050250025394,0.18570949246964547
2023,11,T,1,1,2,2,10.648584461006328,347.17112337976795,29.92363515985568,26.247084946952498,0.15891852156330605
2023,11,T,1,2,1,1,6.442222546951044,182.7115512403819,21.11922597297964,14.793439994297774,0.15495895199840642
2023,11,T,1,2,2,1,9.427318430017754,310.6516868700991,25.31413275344145,30.11707516069501,0.1461274260395782
2023,11,T,1,2,2,2,8.457332369355427,379.7973985493154,20.894048896185616,20.770813169859178,0.12719749952541226
2023,11,T,2,0,1,1,,,,,
2023,11,T,2,0,1,2,4.859944907095135,506.71979046609175,18.229000686954837,29.262482768555373,0.061376868606992235
2023,11,T,2,0,2,1,9.265613768121357,283.6378523222879,32.14301294648652,26.15275778454349,0.26612569468204306
2023,11,T,2,0,2,2,8.900378350438384,169.1190778655538,20.793906256538584,17.674727560284648,0.19973209948280607
2023,11,T,2,1,1,1,6.364705465822178,212.86905182249848,18.617386398714714,11.28547567845714,0.13576341084331037
2023,11,T,2,1,1,2,5.887114998027485,214.95982250566422,27.23185998017763,15.75371428933507,0.13109330122092439
2023,11,T,2,1,2,1,8.126746379012404,304.6009754120593,28.35620172255383,24.187840980020937,0.168758424227658
2023,11,T,2,1,2,2,7.189457934877182,211.74161792830137,24.3228928785744,18.107899025774856,0.19169894064172055
2023,11,T,2,2,1,1,8.53727363942638,236.00816638413184,30.580472302480512,17.449237535093364,0.16892243270046892
2023,11,T,2,2,1,2,8.908131229388104,398.8152956570246,21.52178483490624,17.535682488001427,0.08642259079661983
2023,11,T,2,2,2,1,9.580380308586022,280.3907424820634,22.02240587356026,25.7711554078496,0.18790034284447554
2023,11,T,2,2,2,2,7.640327347190188,408.87734261524025,27.99002268645928,24.736763071544445,0.1529280017316132
2023,11,T,3,0,1,2,,,,,
2023,11,T,3,0,2,1,5.973638087463969,240.60015336653456,11.67475722145861,5.876340194372681,0.12652968742552081
2023,11,T,3,0,2,2,2.9425791408218824,62.29889661944268,14.079762696757356,16.41826764241587,0.13554798954613823
2023,11,T,3,1,1,1,,,,,
2023,11,T,3,1,1,2,,,,,
2023,11,T,3,1,2,1,8.420347036451984,278.0878023953432,25.92535173658278,20.41161837740947,0.1043659765303945
2023,11,T,3,1,2,2,6.294939600300272,279.1455084547774,22.244822455777154,7.5457864381072834,0.15798543597734693
2023,11,T,3,2,1,1,8.075423722629047,188.62530490366345,24.81991221072306,13.04812099587523,0.17807051125888307
2023,11,T,3,2,1,2,,,,,
2023,11,T,3,2,2,1,10.6472562683747,344.1958674230577,26.9040975025408,27.81097724502363,0.20755630358210436
2023,11,T,3,2,2,2,6.6412542689729595,374.8805400835489,27.597456414758042,20.84190725245653,0.1300572745946954
2023,12,B,0,0,1,1,9.557388011376343,378.3922259111569,9.453714172482684,11.114338240744098,0.10205085955868597
2023,12,B,0,0,1,2,7.870214249519086,571.8599592849052,19.05088016768079,22.514242614250502,0.09042060771748875
2023,12,B,0,0,2,1,8.67668167866848,393.0266287826355,20.308049744077664,20.482460387649894,0.13912378232314979
2023,12,B,0,0,2,2,10.351339767641443,431.43233781067767,26.442320980971555,22.83421318253641,0.11397113137446095
2023,12,B,0,1,1,1,5.062884553295683,267.93690152720666,13.118457136607185,10.017864611782294,0.07085209947489211
2023,12,B,0,1,1,2,0.4087077195258065,244.0154791196658,3.801335344980761,28.07631114311494,0.08914495190418797
2023,12,B,0,1,2,1,10.86719317027171,367.33582625374817,17.896922258664105,18.338247872263352,0.1592794702132969
2023,12,B,0,1,2,2,9.082148075312626,501.10170209734576,24.020124547886923,26.665317461138272,0.11165203788258117
2023,12,B,0,2,1,1,13.472420359138637,109.0794751545865,42.22646922030462,22.380341334528392,0.02977658979802747
2023,12,B,0,2,1,2,4.26039391762468,265.20520155783794,10.675803696833944,26.216879955542638,0.09571844876163281
2023,12,B,0,2,2,1,8.107662724678578,392.4981598842216,11.388675836227781,7.872564995501329,0.17304305458778588
2023,12,B,0,2,2,2,8.366428854521969,705.1628010156788,16.75906982979664,28.39893905848421,0.08878471458784133
2023,12,B,1,0,1,1,9.275604041426794,187.58023065699996,26.215083755413282,26.176455997199724,0.11325779222640707
2023,12,B,1,0,1,2,,,,,
2023,12,B,1,0,2,1,8.302044216422166,401.95920306214214,21.337505842023358,21.69207061758041,0.1421443857893393
2023,12,B,1,0,2,2,6.793612359018968,142.24413906889285,18.08021911533324,14.297625503706229,0.12167949877435398
2023,12,B,1,1,1,1,7.666451721624547,145.55085983943906,10.669322089289462,13.396703655004089,0.0479630529678834
2023,12,B,1,1,1,2,2.346180299976968,806.7946951982268,54.00718960143177,39.89277256352333,0.02038588850160826
2023,12,B,1,1,2,1,10.48567385878119,394.9835517035661,13.243228138520799,18.405951313573457,0.1758256251413987
2023,12,B,1,1,2,2,10.152353992291413,473.13654385395387,21.541627688601608,23.224113102773362,0.1211364813555549
2023,12,B,1,2,1,2,6.924127742900197,277.42873631499185,20.473769452867412,25.191884353679594,0.08021528740416842
2023,12,B,1,2,2,1,11.040958865867477,422.92749951840307,31.674436770523464,26.519205388047443,0.13712027080875633
2023,12,B,1,2,2,2,8.456301341800287,666.829307387827,25.840022275467696,23.904363623844045,0.1613393335333948
2023,12,B,2,0,1,1,,,,,
2023,12,B,2,0,2,1,9.353220100585677,678.7004672349947,25.253926321465343,14.570100473915751,0.10797531457853374
2023,12,B,2,0,2,2,2.703059254499112,123.98584959583074,2.91628521924725,5.417685600881619,0.09592617317499952
2023,12,B,2,1,1,1,,,,,
2023,12,B,2,1,2,1,8.831655183360464,482.64820737031425,20.501507894427615,22.304374480456616,0.12920231149033073
2023,12,B,2,1,2,2,7.70055493851652,210.75676448877692,29.41882922724738,14.537477677540902,0.1206234776184875
2023,12,B,2,2,1,1,,,,,
2023,12,B,2,2,1,2,1.5478567440173676,12.190520907656005,5.809942867619266,1.0089706660750846,0.015916973644509207
2023,12,B,2,2,2,1,8.46082792593654,412.18466335195455,21.243142373475344,12.483730313502306,0.20189272139570588
2023,12,B,2,2,2,2,8.090353151148234,619.3306663085845,29.658515807174368,23.555615101393553,0.12296337391977855
2023,12,B,3,0,1,1,,,,,
2023,12,B,3,0,2,1,,,,,
2023,12,B,3,0,2,2,,,,,
2023,12,B,3,1,2,1,5.9707722001987795,298.27226928596633,30.728555558904272,7.70379042522792,0.0332416549678261
2023,12,B,3,1,2,2,2.3261677354252264,41.45318604562667,2.7723949688551466,4.562414017089347,0.09126156693811475
2023,12,B,3,2,2,1,2.045878710969934,168.22277363662735,9.410005811528492,14.658358243677904,0.19625671445838483
2023,12,B,3,2,2,2,9.091255055062003,792.1977077671781,31.30790541021168,20.368479859074508,0.1000934758827254
2023,12,T,0,0,1,1,8.91224803721951,141.3834700108455,22.577822340790703,14.434672298430502,0.10920842050398108
2023,12,T,0,0,1,2,6.608094819451145,360.2962678923318,17.716233871576115,19.563622820331375,0.089146885318023
2023,12,T,0,0,2,1,8.1874328119772,309.1630147124486,20.537943812221048,22.0866738653134,0.12740493389768845
2023,12,T,0,0,2,2,8.70704270992886,256.6484834196691,29.913862142803232,19.7868616265532,0.1447956769915957
2023,12,T,0,1,1,1,9.38888452728366,144.44297915325157,24.521087343726556,16.05507220322184,0.1232783579817101
2023,12,T,0,1,1,2,9.042341621504898,453.9674346617095,22.845315039394112,25.38832101426428,0.07582951250447721
2023,12,T,0,1,2,1,7.488361269011935,345.5267518042285,15.204986406508072,16.63830186123343,0.11366544502345884
2023,12,T,0,1,2,2,8.088786673264934,254.14256794835126,21.648207140408747,25.935792658783573,0.10778087520315843
2023,12,T,0,2,1,1,,,,,
2023,12,T,0,2,1,2,4.079414949883542,328.60979276339293,9.426102397244222,5.55452023610801,0.10494075010849374
2023,12,T,0,2,2,1,1.2530263365149297,90.95599173959539,3.8474171366428824,11.078733722918576,0.1436321492563555
2023,12,T,0,2,2,2,7.203599725137426,312.57299008036154,28.938128308417678,21.488599744367036,0.14759976909233666
2023,12,T,1,0,1,1,2.6834636759233357,197.72324577550316,16.13822304065723,9.508434675171301,0.09656442108768627
2023,12,T,1,0,1,2,,,,,
2023,12,T,1,0,2,1,8.937397195679118,297.73169874026155,18.702326014067772,14.631693553224665,0.11786802405555928
2023,12,T,1,0,2,2,7.4580478035157265,312.9380764586317,18.496449162228654,21.807498840376077,0.1940470498628472
2023,12,T,1,1,1,1,6.299003803512636,244.92578392920024,23.479059158801483,11.545704506980075,0.15119457287438162
2023,12,T,1,1,1,2,1.6864496731299143,106.63877367074319,9.11771767933182,1.587171881051326,0.0007495331880578619
2023,12,T,1,1,2,1,7.7406285659233305,326.85921084012523,18.589836553275557,20.770584548047115,0.11618830244794567
2023,12,T,1,1,2,2,9.35449040122799,236.78757145896816,31.703071319276805,25.09969269715752,0.18108863241801146
2023,12,T,1,2,1,1,,,,,
2023,12,T,1,2,1,2,,,,,
2023,12,T,1,2,2,1,8.908731912327045,280.8324987680125,29.473526944843112,21.19264265025129,0.17930518245538007
2023,12,T,1,2,2,2,8.158953927792048,253.02061214783797,29.563482445059368,22.9423410026736,0.14391353333251874
2023,12,T,2,0,2,1,6.5779446376171,137.64594042526488,22.966987409954314,19.165398900437445,0.09394900008929195
2023,12,T,2,0,2,2,6.113215147894301,381.8203934443523,14.174012170057724,21.740035821325133,0.16952208764641846
2023,12,T,2,1,1,1,10.097462073874475,183.99228253742967,27.721656085510713,13.87534877051144,0.07286959105141182
2023,12,T,2,1,1,2,1.2727922061357937,13.399673503485188,2.874106222810844,3.1276040038662143,0.09273705435261585
2023,12,T,2,1,2,1,4.366473187825608,179.30185203542467,13.617137929421473,13.930793041970805,0.14710804254772145
2023,12,T,2,1,2,2,9.629319993009776,290.6424762057329,20.98500060888729,17.457243927792398,0.2225107387296173
2023,12,T,2,2,1,1,7.923825633282605,274.33851028428353,14.19957751939003,13.588504887465238,0.040394193477115856
2023,12,T,2,2,1,2,9.81800679024684,369.2244321547533,7.628212792216361,8.751802387127656,0.026955467596265752
2023,12,T,2,2,2,1,10.57880618500972,436.07321986106876,36.56509260189286,23.972413356877528,0.17448137565367827
2023,12,T,2,2,2,2,9.265701498343782,280.4749843408956,24.006814091953995,24.162494621849323,0.18216697247024327
2023,12,T,3,0,2,1,5.21302419906142,97.17646654411747,23.4640520669811,11.346945948712365,0.1147435015589118
2023,12,T,3,0,2,2,6.987629211685467,182.4264784783174,9.728870070311352,1.9315328834891734,0.21426749683514767
2023,12,T,3,1,1,1,,,,,
2023,12,T,3,1,2,1,7.9915215989614135,127.12532437192307,17.916509840665583,17.495847406599086,0.11303915877547334
2023,12,T,3,1,2,2,9.173036043208377,401.58443125325465,12.195660188601245,10.920618414838053,0.17969700412546305
2023,12,T,3,2,1,1,13.016962638547193,171.43411601350914,31.970115360181815,16.55068973708749,0.10831530778241838
2023,12,T,3,2,1,2,,,,,
2023,12,T,3,2,2,1,6.380929506044644,453.52922903172527,13.154796531873838,18.24408026019064,0.09395499547655789
2023,12,T,3,2,2,2,8.61207733360541,252.16672647490856,24.59187893087298,15.378150779201547,0.22650993749486703
2024,1,B,0,0,1,1,8.996394934495054,210.22073465944197,24.155792162844367,20.382464510762933,0.1577937271630292
2024,1,B,0,0,1,2,9.266023082436531,298.79449272367185,23.0655326365847,20.63825619332996,0.1439864208510342
2024,1,B,0,0,2,1,9.6607825511562,322.12588812292614,23.95715096093682,20.668236201836116,0.15069139615300253
2024,1,B,0,0,2,2,9.91525298172732,252.1907586247718,26.524971563643135,22.14541268673013,0.15129384451713793
2024,1,B,0,1,1,1,11.169211404917927,264.2049864263342,30.339183689581184,24.625422075025696,0.16377871501779237
2024,1,B,0,1,1,2,9.536307366392911,362.5799669229507,25.497313962898314,22.491009648912488,0.14470730460541284
2024,1,B,0,1,2,1,10.458673877261045,424.8238542790191,27.37715501148282,24.068002880467755,0.15447049203444482
2024,1,B,0,1,2,2,10.175837149505218,306.11827731463444,28.829092501264984,24.47870499592222,0.1543818732192483
2024,1,B,0,2,1,1,9.69670551962848,254.01951773726248,29.398713820937488,24.678013885537023,0.16253975263502932
2024,1,B,0,2,1,2,10.026081050455986,391.52083736357804,26.19981578019355,22.579599218550463,0.14401317920920326
2024,1,B,0,2,2,1,9.539419830354745,502.1394576391813,26.45529470422161,23.9653849173171,0.15654117958204408
2024,1,B,0,2,2,2,9.299580463593854,374.56458603081376,27.3258426199067,25.098366970967472,0.16381009513046893
2024,1,B,1,0,1,1,7.555373531631519,213.07627516259143,20.355614165941635,19.817895003755286,0.1507735983538162
2024,1,B,1,0,1,2,7.831296107063539,261.31210570616037,19.783978971241748,20.787304207771477,0.14087427141909542
2024,1,B,1,0,2,1,8.757686760073073,326.40478713065676,21.360211354497135,19.989718133863423,0.14967873032000942
2024,1,B,1,0,2,2,8.76223002796594,262.5777838823738,23.608784298563123,20.83799341552907,0.15107423173185713
2024,1,B,1,1,1,1,10.164116820992877,239.63233849121673,26.980509552644655,23.853873095542568,0.14970088566656828
2024,1,B,1,1,1,2,9.742484029476401,334.66411462691735,24.872207393160373,23.158051626065063,0.1521325764518811
2024,1,B,1,1,2,1,10.050165339020952,406.93018847814824,25.71674867233547,24.775238033679386,0.15486136278294468
2024,1,B,1,1,2,2,9.588340131449149,329.9629340727867,26.455595022434597,23.67583613076595,0.15341628689328438
2024,1,B,1,2,1,1,9.776139767661387,283.60624196326364,28.33818399880051,24.52975080492318,0.16869787699364333
2024,1,B,1,2,1,2,9.770456868897408,451.0054576597671,26.773820239846422,22.915125691053642,0.15632362812440892
2024,1,B,1,2,2,1,9.397459222706122,488.28259805442235,26.863438891183144,24.879969245916325,0.1611114148325717
2024,1,B,1,2,2,2,9.714197158629785,383.622893796717,28.296962232408237,24.3874389834331,0.16014355493900345
2024,1,B,2,0,1,1,7.643835258048996,214.45766355967245,20.470041079497484,19.410042215710998,0.15954822037879848
2024,1,B,2,0,1,2,5.431008329649686,188.77822491642507,14.660297967595273,15.366214274553517,0.13552358888652058
2024,1,B,2,0,2,1,8.374575369045075,237.55688082859888,21.60581426633024,19.649340368224824,0.14428641524077873
2024,1,B,2,0,2,2,7.770116519576982,270.9467148627733,20.774390920894948,18.716094838949328,0.13989442278573538
2024,1,B,2,1,1,1,6.940284693128775,198.9588734919533,18.54982867687862,20.578986545062687,0.17423297862315493
2024,1,B,2,1,1,2,8.0905589095031,311.08181052487964,19.06736710472918,20.237476383535622,0.14020165537867518
2024,1,B,2,1,2,1,9.192246517813539,304.8655728313589,24.006083419166156,21.914613349230795,0.1517904243581048
2024,1,B,2,1,2,2,8.792271736880929,313.8296165448817,23.25522008738439,21.368567946857784,0.15114012845387576
2024,1,B,2,2,1,1,9.792937903260583,251.79599610463862,27.28157123178761,23.72044360097185,0.1722506729753467
2024,1,B,2,2,1,2,8.99171714577227,380.8336064024441,25.402642149190562,25.351316739826334,0.1572408657724154
2024,1,B,2,2,2,1,9.49176666565131,450.0514078103876,25.92673918133646,25.479765823417253,0.1588319747714945
2024,1,B,2,2,2,2,9.48337407763136,345.7792759166621,27.644934569144574,23.76316419445366,0.155147084888246
2024,1,B,3,0,1,1,3.6484169863240083,141.45188193878653,9.176341348019811,11.977536888108506,0.13277521060276934
2024,1,B,3,0,1,2,3.5720988590589733,164.68558716251147,11.05042836893852,14.608622036432067,0.14096172846114624
2024,1,B,3,0,2,1,5.195405461549757,234.03143587446817,17.61603215601062,13.608879255644498,0.13344997236506878
2024,1,B,3,0,2,2,7.545187359198274,202.16541748784826,18.30494587928166,14.731121197640064,0.1269753481178833
2024,1,B,3,1,1,1,6.092730411661381,148.65809855423095,15.452307280455855,19.07295021902465,0.13831553196598478
2024,1,B,3,1,1,2,7.100333672470878,234.33104390285737,18.246992638278346,19.01902621488136,0.14456871562734724
2024,1,B,3,1,2,1,8.524975475778287,269.8275379837017,21.192060796935827,19.804704039934105,0.14657375004100004
2024,1,B,3,1,2,2,9.10798893284401,264.88521079543403,21.63194090016261,18.51332395307517,0.14757530199894553
2024,1,B,3,2,1,1,8.625765220466272,198.62551773712724,21.085022592839056,21.475540390627746,0.14638203334097216
2024,1,B,3,2,1,2,9.062323730474121,310.29724127443234,21.7817498393289,22.26716046723451,0.14791179076352717
2024,1,B,3,2,2,1,8.742646602672671,365.63234373143047,22.25574870896511,20.918189266646866,0.14693401185515587
2024,1,B,3,2,2,2,8.487048642295022,329.90620466482187,22.95598685629841,20.52926225471286,0.1460156953372057
2024,1,T,0,0,1,1,8.733696855991811,197.8416145704486,23.08818983780021,20.904791689341362,0.15843958990826282
2024,1,T,0,0,1,2,9.559260459144447,310.74750004677264,24.121610992017864,21.960155701580025,0.15277420483953982
2024,1,T,0,0,2,1,9.78783571581974,320.84399719532814,23.790072693164014,20.52081265149974,0.14326431431989728
2024,1,T,0,0,2,2,10.225067704315665,239.4441924131263,25.816048406980865,22.532244847082605,0.1453652218169878
2024,1,T,0,1,1,1,10.894982644337869,265.99470716926095,28.8957052101163,25.527080143718194,0.18211124179468244
2024,1,T,0,1,1,2,10.52551569520806,411.1669625012614,27.326344251197533,24.300010187005608,0.16847009251172085
2024,1,T,0,1,2,1,10.749254156786247,424.13734720167406,26.6640350204268,23.954912415589927,0.15499404816811127
2024,1,T,0,1,2,2,10.777353328046335,328.4770618281854,27.663918370635535,23.540301140616315,0.1534088955456828
2024,1,T,0,2,1,1,10.359558931217514,218.93267640376237,27.38224373311976,27.484987930763886,0.1891024012869078
2024,1,T,0,2,1,2,9.852164554571013,415.2402616149726,27.354617844137568,25.722741236013352,0.157607553947675
2024,1,T,0,2,2,1,9.669968306980811,482.9959093673265,26.55334229382492,23.93194320139986,0.1456928776485637
2024,1,T,0,2,2,2,10.317322445495567,381.79136850294435,27.094453558744444,24.572146338409706,0.16102750192014897
2024,1,T,1,0,1,1,8.183758751759154,239.22136957193646,20.843289906134686,22.03868645492948,0.15740316516312716
2024,1,T,1,0,1,2,8.15399556249878,319.44667004033835,19.422522002632522,19.930755751279726,0.14592837773846778
2024,1,T,1,0,2,1,8.657117947093235,326.19721329635763,21.55423703743006,18.762026979108022,0.14240862834265658
2024,1,T,1,0,2,2,9.339303363028968,258.81382396400915,23.501429097189842,22.231884946712462,0.13967625516739354
2024,1,T,1,1,1,1,10.2583726563981,268.5484129485852,27.141536354614658,25.698289860170842,0.16268656120659383
2024,1,T,1,1,1,2,9.392163708001107,383.03550875430085,25.210409238057434,23.768677999639916,0.15538025196969932
2024,1,T,1,1,2,1,9.795726408472095,397.3578071151113,25.60908495085059,22.606411121890837,0.1462583323812485
2024,1,T,1,1,2,2,9.930707962840279,297.8839471845335,26.973329005246278,23.025702885707513,0.14208973199810482
2024,1,T,1,2,1,1,10.272576046148712,314.9270377061962,27.75448825657558,26.449943170733714,0.17332670401021505
2024,1,T,1,2,1,2,9.98304689698977,438.6388555507881,28.506435719831387,25.761774793670284,0.167246351649959
2024,1,T,1,2,2,1,9.497214627203842,491.24267985251515,25.857593043510985,23.2912755215803,0.15191891361744836
2024,1,T,1,2,2,2,9.675579630179586,413.52767686565784,27.918706608892204,24.612861469633522,0.14960339057714248
2024,1,T,2,0,1,1,6.381034897369034,184.29700041973476,16.362710798248795,18.361258876065243,0.15143298415714698
2024,1,T,2,0,1,2,6.917063318484208,245.58757564404664,15.489158055061834,18.21304569676372,0.1429007124648781
2024,1,T,2,0,2,1,7.68465858332459,276.93482537498727,18.23505361856175,17.22484153358786,0.14168586096454713
2024,1,T,2,0,2,2,8.59253570678239,241.333186657723,21.961947828730008,20.883048029547336,0.1361014064953619
2024,1,T,2,1,1,1,8.599007917833765,233.80611480132498,22.64580630708627,23.49990000676469,0.1646240598459646
2024,1,T,2,1,1,2,7.8767373419618565,276.85832859448163,18.338245176070693,21.428115933569845,0.15237903415926346
2024,1,T,2,1,2,1,8.419694839295513,333.9604902099955,21.380100534735035,19.450772775636416,0.1456120604577523
2024,1,T,2,1,2,2,9.400190854992465,269.73792277386934,24.40190308755813,21.921607303477256,0.14572762059655575
2024,1,T,2,2,1,1,10.042025318188374,274.82783953406374,26.07026840205105,24.702884641335462,0.174698633887631
2024,1,T,2,2,1,2,9.850218323992229,405.6468541078671,26.58069202270669,25.87217235445174,0.16266193299768156
2024,1,T,2,2,2,1,9.63476325313034,426.7430800307548,25.55260933285117,23.51905740820327,0.1572489172377253
2024,1,T,2,2,2,2,10.33215280333215,355.490508152483,26.899700845702938,23.65320716187432,0.1474311830447777
2024,1,T,3,0,1,1,4.391417994224635,179.00945515344523,12.162202751968904,15.25740569609613,0.14957875675598684
2024,1,T,3,0,1,2,4.983457371932438,156.53885651596298,9.891048089397533,12.91241325563839,0.14932528768104095
2024,1,T,3,0,2,1,6.691414646948513,201.7266428568131,17.13415636179641,12.317337761407028,0.15120569330976166
2024,1,T,3,0,2,2,5.809112719296629,178.93424215880103,14.754497154631451,13.58492644628847,0.14273923452865778
2024,1,T,3,1,1,1,5.983167591279674,215.59810209918535,12.96830031442665,16.061760381216974,0.1611002656717543
2024,1,T,3,1,1,2,6.554891392201787,188.01975958695027,16.178109623504206,20.5311078373219,0.13427518228057014
2024,1,T,3,1,2,1,7.311249118336204,266.46479829822937,17.62778845372144,17.381921044703052,0.13904669174515716
2024,1,T,3,1,2,2,7.777891240401717,225.95784628043785,20.950402398151837,18.562605941289192,0.12704262213141032
2024,1,T,3,2,1,1,9.110550274299529,263.03515059411836,23.109179561842872,24.855092127412536,0.17730689951239637
2024,1,T,3,2,1,2,8.005785735786896,316.7838711386043,17.770264133618372,22.73595621383424,0.16322743867780226
2024,1,T,3,2,2,1,9.385998749252657,402.3313430183043,23.35984273721416,21.416163111746542,0.14129899942134255
2024,1,T,3,2,2,2,9.730502847473684,366.2946572928469,24.69829932687639,23.813752029533255,0.15379752750001205
2024,2,B,0,0,1,1,9.574006832666246,218.50246396472554,24.620162510935636,22.313589665842333,0.15926503195913583
2024,2,B,0,0,1,2,9.624847756454129,302.86066250764975,23.76667781663101,21.79009407464642,0.1488431424766614
2024,2,B,0,0,2,1,9.88427307857549,357.8336231755305,25.170685190456897,22.53104672564075,0.15156429776442532
2024,2,B,0,0,2,2,10.381328286485473,266.7956057576373,26.218167894977,22.875818223991132,0.15624537215910866
2024,2,B,0,1,1,1,10.78299200530716,287.2598532306545,28.977062342088942,24.332897224226727,0.18130622941407884
2024,2,B,0,1,1,2,10.327800481657196,380.4602732330407,28.108131354005245,24.057641221728336,0.14342238072763014
2024,2,B,0,1,2,1,10.295222927203238,436.3705384929542,26.30535298240657,24.11823299663575,0.15665699399616145
2024,2,B,0,1,2,2,10.645818778165324,322.83638245436396,29.007029470462133,25.30435024643818,0.1591396352666157
2024,2,B,0,2,1,1,9.368288339216436,293.8695273653472,27.752398680857866,25.35885582822855,0.17076732624968988
2024,2,B,0,2,1,2,9.360214715379792,421.56069273080936,25.539742221193713,22.86370272080436,0.1547109808159368
2024,2,B,0,2,2,1,9.276381166954113,476.1253611388298,25.27512443258522,24.023517667595176,0.15672071932191226
2024,2,B,0,2,2,2,9.754629316214007,398.27339160274386,27.74014290279724,26.096457752371865,0.15372756301375692
2024,2,B,1,0,1,1,7.9496469391959295,235.862123276702,20.501988279647744,20.129532666300456,0.14795691653476936
2024,2,B,1,0,1,2,8.143339207401013,278.68552658856163,20.092916351639754,20.03905502752531,0.1364459642384754
2024,2,B,1,0,2,1,8.694123894512845,346.6399268008816,21.877279668711505,20.82218028304531,0.14615180440804262
2024,2,B,1,0,2,2,8.584922446209122,272.84664743071204,22.710222639762158,21.662854879035674,0.14941848849169548
2024,2,B,1,1,1,1,9.747453802331668,266.9252422830476,26.072854006508074,24.026455986692255,0.1649250329220618
2024,2,B,1,1,1,2,9.515877069069974,355.47889636187733,25.140122134457474,23.6752916111508,0.15210102590897542
2024,2,B,1,1,2,1,9.265422460222382,455.39918916061134,24.51880597513276,23.24474646176812,0.1477712954836719
2024,2,B,1,1,2,2,9.376534133982124,311.1797630276288,25.558156053121508,23.22511016420087,0.1554870880901919
2024,2,B,1,2,1,1,10.319793463043235,278.31763876733703,28.15385710877777,23.915811459897395,0.1678493502446717
2024,2,B,1,2,1,2,9.91365846950187,402.79309531670935,28.750510631919806,25.247667223743946,0.16348053429026146
2024,2,B,1,2,2,1,9.299265568683504,472.7199801528862,25.418327558287572,24.406777162184778,0.15727761104303606
2024,2,B,1,2,2,2,9.233398057387996,385.89690597692567,26.657513185187824,25.311510504688062,0.1583831482066596
2024,2,B,2,0,1,1,7.334875579170026,213.64188114892914,20.323799839236692,21.04294185432167,0.16555337004523143
2024,2,B,2,0,1,2,7.167695097442311,246.39178484362213,16.256727775100067,18.21973838213424,0.15387855519905652
2024,2,B,2,0,2,1,8.24281780555494,306.09754389624567,20.190089165354333,19.982656721734113,0.14887636491355075
2024,2,B,2,0,2,2,7.535409645908238,265.97464021907956,21.19267969633561,19.951992902057047,0.14945080756950285
2024,2,B,2,1,1,1,8.807082319384572,229.5905947092175,22.605279624805537,19.779080701527892,0.1683792923667217
2024,2,B,2,1,1,2,8.72655189781902,305.5048442080758,21.223795184858215,20.38265587321946,0.1385437503970706
2024,2,B,2,1,2,1,9.003851418331543,363.5204397527746,21.630132622521128,21.629747803649547,0.15420826870987406
2024,2,B,2,1,2,2,8.309199115722684,270.90549265128095,23.285211663676936,21.382818595822556,0.1572014336203899
2024,2,B,2,2,1,1,10.380187954472818,263.35467662753496,28.405988831156442,23.854951204510755,0.16479472706734694
2024,2,B,2,2,1,2,9.54936253748907,319.291292073009,25.162401831458116,24.10613716181007,0.154686579891186
2024,2,B,2,2,2,1,9.246587971831376,437.72386612478397,26.657236729636974,25.022163772413773,0.15991703434232982
2024,2,B,2,2,2,2,9.57146445199948,392.29340810816694,26.381717229426563,25.319575693243355,0.16352113179498373
2024,2,B,3,0,1,1,4.74324649826818,181.2439399740949,16.88075927061932,17.17035394990641,0.12950464268125678
2024,2,B,3,0,1,2,5.079821244637261,180.1101929306139,12.063401969933679,11.852320848891564,0.15238590451568637
2024,2,B,3,0,2,1,5.786729439367568,193.29922222441522,16.599664446246347,12.80658637368701,0.1324873020855858
2024,2,B,3,0,2,2,6.765512992797018,213.07639313398445,17.221050643006006,15.853431387906848,0.13501429765051878
2024,2,B,3,1,1,1,5.427084248540192,219.6431100871334,15.427275136040382,16.371433335450796,0.15679499761708235
2024,2,B,3,1,1,2,7.404391491397342,253.3776540362037,16.279373610186955,17.882279085419682,0.1307958605036674
2024,2,B,3,1,2,1,8.299741861458566,288.71737690392956,19.887489983891232,18.821815054733992,0.14938100345156752
2024,2,B,3,1,2,2,7.855924635215756,287.37753919130347,21.495347517882085,18.62568792595106,0.15588450323215594
2024,2,B,3,2,1,1,8.653244888095635,240.6733070440419,21.566614544428905,22.223605658047877,0.14800119763508324
2024,2,B,3,2,1,2,8.40466284479018,283.9131861797754,20.45089193372981,22.198588882296615,0.13646521597989783
2024,2,B,3,2,2,1,8.973909273344313,397.5647733098977,22.98045366144647,22.07761076283373,0.15819900491588895
2024,2,B,3,2,2,2,9.283316828245788,316.0830992170361,23.707212541252698,22.269130840536793,0.1609305834629452
2024,2,T,0,0,1,1,10.069544625483928,229.45025603560055,27.07310236700291,23.515860448926624,0.1628340708689476
2024,2,T,0,0,1,2,9.468269862502712,321.4615089955311,21.564688443918822,21.896206053119702,0.1557186378263692
2024,2,T,0,0,2,1,9.862492756303018,371.65641002935536,25.04611091440652,22.06953631777491,0.14380267736650595
2024,2,T,0,0,2,2,9.939439526200145,241.40713838963546,25.334289217434808,22.675279797701876,0.1455234821071438
2024,2,T,0,1,1,1,11.095913067821087,274.4954857281854,28.184261810260903,24.911375637689417,0.16216159971614394
2024,2,T,0,1,1,2,10.11650192917612,394.9277632254702,25.63664463210363,25.150170956144525,0.16146045722685964
2024,2,T,0,1,2,1,10.418465423552432,424.15273780722026,26.6396116664999,23.959627063006725,0.1456063431994202
2024,2,T,0,1,2,2,10.624973053248025,298.3110533605672,27.72854755543364,25.17529869040933,0.15409794469772742
2024,2,T,0,2,1,1,10.411986986730986,339.588657763459,30.281583111556465,25.84008778853508,0.17174348509262474
2024,2,T,0,2,1,2,10.162488174051791,371.55813054284675,26.74455543073676,27.110813836422928,0.16511336671245694
2024,2,T,0,2,2,1,9.296858228769224,475.2056639760926,26.02982610824166,23.45301392656339,0.14750602457627213
2024,2,T,0,2,2,2,9.777230836519367,386.97052763885415,26.987128903590154,24.90297055075285,0.15400122408757774
2024,2,T,1,0,1,1,7.9028569580349854,241.9312296358439,20.670859151359068,20.797898663275515,0.16997819175408782
2024,2,T,1,0,1,2,8.447312307078633,300.46126189542343,21.38755350254184,21.153526196161224,0.14677830720055315
2024,2,T,1,0,2,1,8.341292517572482,341.12263761020836,21.998947289113456,20.39196706792457,0.13813728274634224
2024,2,T,1,0,2,2,8.46540037474209,225.74959891171162,22.039347990765258,21.0473342056628,0.13939601660948947
2024,2,T,1,1,1,1,9.957304700613323,265.06661841560805,24.637660713140072,22.768316951215024,0.16354127287405015
2024,2,T,1,1,1,2,9.422261739469489,350.01985793448824,24.844518492850533,25.58024148030989,0.16009700538806507
2024,2,T,1,1,2,1,9.427664518529653,432.40958708641153,24.985479225315707,23.07006270242827,0.141996752827707
2024,2,T,1,1,2,2,10.076451711491861,289.74139521089967,26.792014002687704,24.02717536784243,0.14045060209997617
2024,2,T,1,2,1,1,10.760701854375563,300.20656139778384,29.349262179828152,25.349281534095944,0.15121672321800653
2024,2,T,1,2,1,2,9.876531889078118,386.3492663251361,25.5402771623978,25.682900138900433,0.16389661357249377
2024,2,T,1,2,2,1,9.496423530715273,476.84126922031766,26.169095510592868,24.31421731193405,0.14961274929289156
2024,2,T,1,2,2,2,9.891837526691887,379.31888414763137,27.477175493525362,24.38305288801292,0.14443604434367813
2024,2,T,2,0,1,1,6.219046253292805,173.2483891651334,17.942976819361903,19.886560482959762,0.14610000257997616
2024,2,T,2,0,1,2,7.990350530149508,253.93954735532978,18.341833812488396,19.798194180392127,0.14455699836239472
2024,2,T,2,0,2,1,7.66242296135649,288.8152000019626,19.624053998667268,18.219307036366985,0.13800308251481094
2024,2,T,2,0,2,2,8.142428901076014,215.6586423446823,21.48279977125097,20.70018082801662,0.1366730458049776
2024,2,T,2,1,1,1,8.170536768130058,220.00493677461284,23.3851520625834,24.18477566835724,0.15052239211220195
2024,2,T,2,1,1,2,8.360907693223838,299.8935833623688,18.30531811380944,21.251815366420225,0.14524861502090758
2024,2,T,2,1,2,1,8.817531795525278,352.60036012178654,24.201881357142433,21.480515839694082,0.14564345040622415
2024,2,T,2,1,2,2,8.467824907886731,255.76377244185397,23.11814168559683,22.18694806847671,0.14210472863453533
2024,2,T,2,2,1,1,10.333919565171227,259.14077460002005,26.680888940978196,24.519540596116745,0.15697081146534497
2024,2,T,2,2,1,2,9.92456464997668,384.84289501619935,26.28695011332862,25.59990465096092,0.1664895860464413
2024,2,T,2,2,2,1,10.261908332610146,483.93946586461476,25.976836345880642,23.981168333254562,0.14278692728503847
2024,2,T,2,2,2,2,9.730861467142843,333.7349946178684,25.633781149370716,23.829683161462757,0.1426417364527582
2024,2,T,3,0,1,1,4.149264929423696,183.1893656006537,11.937381414616178,16.39844262441182,0.17090897658309184
2024,2,T,3,0,1,2,5.046378548685439,196.36630522544124,9.748925769027066,12.290935592951621,0.1616880925465556
2024,2,T,3,0,2,1,5.801854411491123,190.53715518094256,15.01246752061122,12.549705634308696,0.1367495327610073
2024,2,T,3,0,2,2,6.50700873365924,165.05680189805577,20.520278289860713,13.31192936574542,0.13428746979301942
2024,2,T,3,1,1,1,6.33546817379935,268.96602367929034,17.98785154845427,20.71904019162981,0.14910435333151123
2024,2,T,3,1,1,2,6.916424046153244,229.13219192070343,18.98383145124115,17.832591264849707,0.1606987959742485
2024,2,T,3,1,2,1,8.42965006040447,299.778318134274,19.933492855305385,18.1478685737378,0.1299472909293817
2024,2,T,3,1,2,2,7.2973469852434345,213.95858792103053,19.968748711031154,18.56964097781369,0.13724692953476123
2024,2,T,3,2,1,1,7.693598680693445,275.5371579499056,22.942392618119772,23.288800833668482,0.16867149936542036
2024,2,T,3,2,1,2,8.39434115260432,316.97046569037065,17.543717203648672,20.282770512443054,0.17181244970315937
2024,2,T,3,2,2,1,9.65111441043533,428.3243002226293,24.59315211270489,23.068444667368542,0.14186240770742017
2024,2,T,3,2,2,2,8.93902775088309,304.38305730074,22.97720462790206,23.178276446424828,0.14070538805920207
2024,3,B,0,0,1,1,9.200362524207709,224.57394013707082,24.62112867551923,21.91329220219706,0.15621453967205703
2024,3,B,0,0,1,2,9.606071386613456,318.6801127310334,24.31409586725066,22.441238121479707,0.1489696217881856
2024,3,B,0,0,2,1,9.69161444917746,383.70369831118876,24.284246324016575,23.30149855083999,0.15242826236457696
2024,3,B,0,0,2,2,9.923310626425781,257.9540906603812,25.863017719301094,23.055009841587246,0.15645142458854708
2024,3,B,0,1,1,1,10.625522218402963,279.6155005280905,29.583231923844632,24.65005572035096,0.16830023206229383
2024,3,B,0,1,1,2,9.949299621567206,401.87706740725184,27.438722827862943,24.997545960566796,0.1521830205274221
2024,3,B,0,1,2,1,9.798739597974313,422.52621542582693,24.9200289805545,24.678469911383466,0.15571255923629765
2024,3,B,0,1,2,2,10.185484976306753,354.3638548760971,28.381407429179436,24.552870228285922,0.15614389992069147
2024,3,B,0,2,1,1,9.97162744056461,286.4105471935384,28.820670630789465,23.994792176207856,0.16507489432824368
2024,3,B,0,2,1,2,9.600320342387333,399.9542452996752,28.16850859396391,23.82787728697423,0.15289226899397343
2024,3,B,0,2,2,1,9.0812809900507,474.8924113309902,25.368530568130492,24.71070277095042,0.1510727019393684
2024,3,B,0,2,2,2,9.58301233230018,403.29242047778627,29.04590171083572,26.34646579209396,0.15450649795277505
2024,3,B,1,0,1,1,8.231571407927378,237.08001205278262,20.9331608805699,21.508602176068244,0.15067889889590858
2024,3,B,1,0,1,2,8.556272464665417,308.37307714570755,20.462013409878534,21.189037686947938,0.14480192599623262
2024,3,B,1,0,2,1,8.814281867886235,369.05175842753926,21.374268659816256,21.28500923658799,0.14530032687464367
2024,3,B,1,0,2,2,8.977806395751887,255.33879168127248,22.978550970348138,21.99497566683859,0.14865308972578825
2024,3,B,1,1,1,1,9.186381545501767,243.4947376785087,25.78341574452134,23.834539520916348,0.16034029997487254
2024,3,B,1,1,1,2,9.777939560716405,403.7415335224482,24.54849256538027,23.960992556943264,0.1610784364061598
2024,3,B,1,1,2,1,9.857822708608682,406.2346589203406,25.029161088467966,23.723273315412097,0.1504955987414103
2024,3,B,1,1,2,2,9.517380207233726,297.38243396921285,25.95588571032925,23.65192980841293,0.14721127922100324
2024,3,B,1,2,1,1,9.668293389021219,293.29344830573183,28.836092739537403,23.657454917260818,0.15660653632867153
2024,3,B,1,2,1,2,9.509588121880055,416.3066871222823,25.51601927969194,24.48103094358277,0.15258684408175036
2024,3,B,1,2,2,1,9.58562116445932,459.7417880708844,24.376237112867816,24.91086095564226,0.1547310936567127
2024,3,B,1,2,2,2,9.558148926204007,401.0071348364237,28.270691950421753,25.013348786620472,0.15200002775156635
2024,3,B,2,0,1,1,7.9798751791013895,208.02052546390433,20.916934466127532,19.59710870770938,0.11627849604464209
2024,3,B,2,0,1,2,7.4526536629875935,280.9882480952864,18.511926993309753,19.663095798399645,0.14953441099210305
2024,3,B,2,0,2,1,7.992634572559517,313.2981851464296,19.20641448316424,19.614449215293707,0.14819346469163755
2024,3,B,2,0,2,2,8.45849397923214,261.93460313227723,21.67088771937209,19.53040903825942,0.14869255382000773
2024,3,B,2,1,1,1,7.83175711991546,227.28102817711712,20.274976536679024,19.785835504867126,0.1423531467312789
2024,3,B,2,1,1,2,7.99596158637329,320.8165651554052,20.801689136554916,21.42979893980686,0.148216022466502
2024,3,B,2,1,2,1,8.90648850625842,402.2910470393754,21.84851654748641,21.66877477523875,0.142273979670371
2024,3,B,2,1,2,2,8.95585121447561,285.43378897112194,21.361098819923942,21.804355062053297,0.15100981972748492
2024,3,B,2,2,1,1,11.03738515384839,309.5721723305122,27.63339132168597,24.981392394039815,0.1594655898524253
2024,3,B,2,2,1,2,8.884859438965032,403.1603791120286,23.42857819989004,23.938353630121814,0.16064323165547323
2024,3,B,2,2,2,1,9.482404098728187,465.73490406316307,24.29248416971472,23.931960324409204,0.15010084123879747
2024,3,B,2,2,2,2,9.309958724890743,398.5787280701775,26.49785363495568,23.99737075319119,0.15169306473964853
2024,3,B,3,0,1,1,3.555439574993301,179.53240740687278,11.457728708186945,18.458749399330777,0.10260833753137406
2024,3,B,3,0,1,2,5.6289705282429034,209.8666602978863,15.534571169545472,17.2881923394484,0.12235685023291665
2024,3,B,3,0,2,1,5.552393490338258,230.61659340096952,12.917255999874946,13.700210820562521,0.14477598900349942
2024,3,B,3,0,2,2,6.428643173573148,163.36642475697033,17.405940118575028,15.665742432216577,0.15080518049970895
2024,3,B,3,1,1,1,6.24380812862998,164.31231430524835,15.349741997109348,18.65821661152988,0.12066425761137747
2024,3,B,3,1,1,2,6.7182671921975405,242.61542537873123,15.822467182525141,17.669606394584164,0.13215297778816237
2024,3,B,3,1,2,1,7.660275629533845,295.5148927270785,18.963548432857237,17.425784783974642,0.15105456614963583
2024,3,B,3,1,2,2,7.931296276919432,243.48789606819068,20.295020350729246,19.224909435673514,0.15323394941292826
2024,3,B,3,2,1,1,6.9957703590761104,242.19041637923183,19.091216246680798,21.23618376415455,0.13087543547676558
2024,3,B,3,2,1,2,8.641138176417453,326.5148859048259,21.668459869971056,21.367346054946662,0.1560810469967687
2024,3,B,3,2,2,1,8.578396176531701,385.6224262483695,22.156887892702393,23.991544689105964,0.15094310788111917
2024,3,B,3,2,2,2,8.855788791497522,301.95416233858765,25.97267090267166,22.5032603738102,0.1553234287089314
2024,3,T,0,0,1,1,10.189699542278744,242.5707476212937,26.463693761340632,23.681078867669108,0.15334569916859384
2024,3,T,0,0,1,2,9.657393707188454,335.77964800246673,22.723509785892194,22.452334699401472,0.15485716952790518
2024,3,T,0,0,2,1,9.924130902601847,372.9588828707631,24.555485287623004,23.427084610182444,0.14896915267330002
2024,3,T,0,0,2,2,10.021990915055657,253.17171966869262,25.77666067462592,22.88514358528749,0.14601500594903005
2024,3,T,0,1,1,1,10.296300132875572,281.87144885520377,27.564042931194383,26.246468628032417,0.16255578084106323
2024,3,T,0,1,1,2,9.965947438080262,399.43377862925854,26.760369255420684,23.49270439796267,0.16655544739811193
2024,3,T,0,1,2,1,9.995878045598943,427.55046726616223,26.180899309054166,24.615511564809008,0.14628318515700844
2024,3,T,0,1,2,2,10.619131465032156,303.26562963157454,27.835999944698248,24.067953289560947,0.14656981150988638
2024,3,T,0,2,1,1,10.84886335489519,303.4091261877274,29.5932416854109,27.764710851220848,0.17392171590770675
2024,3,T,0,2,1,2,10.333928502550467,411.6923876671939,28.437745666885675,23.573407996037737,0.16538410947263749
2024,3,T,0,2,2,1,9.323652201879469,434.2682427706358,26.097679354589644,24.587543567381857,0.1478367360863601
2024,3,T,0,2,2,2,10.200417726208881,376.90236976233535,26.603305767155693,23.07157114356571,0.14532909929696552
2024,3,T,1,0,1,1,7.969239278761713,225.38463556252097,20.817210382442894,21.001030278338025,0.15640397888041993
2024,3,T,1,0,1,2,8.353522219127147,315.2792424644674,19.980093851377372,21.187755886249512,0.1595524278637568
2024,3,T,1,0,2,1,8.993537422974061,345.00519036914534,22.097364574223825,22.039624509989206,0.14438277590956522
2024,3,T,1,0,2,2,9.01543627631735,248.62073198518297,23.15825057636285,22.247933844693794,0.1416286270163767
2024,3,T,1,1,1,1,10.102584927879429,254.26699825818963,26.306209712405035,25.03770250179242,0.16616687993395854
2024,3,T,1,1,1,2,9.455142591999138,381.88270011045034,23.531325008754237,23.99306253464244,0.17643765972756684
2024,3,T,1,1,2,1,9.224223529154076,408.0353800550294,24.20871583329669,22.832498033706088,0.14905159691505124
2024,3,T,1,1,2,2,9.979527272922386,309.10355772535496,26.07224528552723,23.78607822503554,0.14576205752641785
2024,3,T,1,2,1,1,10.05457776835426,340.74504288471536,25.585489784986365,26.034398857967968,0.15166953923882032
2024,3,T,1,2,1,2,9.75515813037285,401.862251253505,26.583752667247172,24.981138456794977,0.16754000173834033
2024,3,T,1,2,2,1,9.797770458172009,436.69326886572395,25.55044425075418,24.488768807927514,0.15632494565501853
2024,3,T,1,2,2,2,9.743268023394227,381.52472010226063,27.23015421558184,25.093193235635194,0.15483274838776329
2024,3,T,2,0,1,1,6.528013459691296,239.29899380726744,16.249275149433636,17.574189669452597,0.1532508146893562
2024,3,T,2,0,1,2,7.270288583800916,256.3255181641635,17.1356945823371,20.10021594702901,0.15133785723376678
2024,3,T,2,0,2,1,8.242108423503769,298.21375096320986,21.061051084415503,21.649240440693763,0.1389527998412647
2024,3,T,2,0,2,2,7.658549027067721,245.82256430186808,21.74015481516796,20.47616048632421,0.13703345949278184
2024,3,T,2,1,1,1,8.892878362856257,269.65087652933806,22.184934941808894,23.598780350768802,0.14583605236784933
2024,3,T,2,1,1,2,8.184050695366972,262.6690919346675,19.31633744484923,21.171428835642377,0.1563005106218049
2024,3,T,2,1,2,1,8.78276918429895,374.1642137813348,21.546019127912732,22.22649606947378,0.13665941275314705
2024,3,T,2,1,2,2,8.896661366450239,283.6578319759337,21.510909005120464,22.112740882346635,0.13880625765434904
2024,3,T,2,2,1,1,9.752793944178771,322.04815704994314,25.187337065578593,24.357068051746015,0.1580269427780388
2024,3,T,2,2,1,2,9.22972136675377,407.4949794431817,23.32510680602836,24.670035694731375,0.17403799084131194
2024,3,T,2,2,2,1,9.351801862879237,476.7661467317305,25.408814396659324,24.437024681377945,0.14556935020534095
2024,3,T,2,2,2,2,9.376494155104696,328.3380075038597,25.82418044326499,23.681484375601805,0.15339638937986005
2024,3,T,3,0,1,1,6.86475600773629,153.92529204469866,14.91582784442671,15.322010768654723,0.15669664982174786
2024,3,T,3,0,1,2,4.970902169212997,169.41216495176369,11.274853281684255,14.756649119629214,0.14078255372736428
2024,3,T,3,0,2,1,7.351790027664825,199.94249916797833,15.30579245323919,17.62586266921595,0.13270717252259392
2024,3,T,3,0,2,2,5.5195496007005005,175.21502695711894,16.893373630205794,12.795676524299093,0.13711471265183423
2024,3,T,3,1,1,1,7.926132400178658,263.16883464482174,20.36593499039005,20.70905752454406,0.14499201556504177
2024,3,T,3,1,1,2,7.882119675107638,236.370673082737,20.222356549481834,19.8040442064788,0.1470224232503058
2024,3,T,3,1,2,1,8.13626771817794,260.1066056317845,21.017054894872015,19.907698257416115,0.1392359202539105
2024,3,T,3,1,2,2,7.630787053502114,235.0983715145416,21.122203773626225,19.77005947528231,0.13392434669643977
2024,3,T,3,2,1,1,8.795501892113775,365.9588485747642,19.766285599229366,23.851847470826833,0.13412073193062884
2024,3,T,3,2,1,2,9.450678397775123,320.3533163128646,24.089085704699148,23.72584267065198,0.16730606846891047
2024,3,T,3,2,2,1,9.433814893511673,400.3623225933499,24.14902536160102,23.252357538654625,0.14138229926326554
2024,3,T,3,2,2,2,8.52505087054413,263.81822618035454,21.13852525123337,21.62185676355997,0.1381412957408743
2024,4,B,0,0,1,1,10.407667014488,276.33359544316374,26.302674408500348,24.23776307887475,0.14897903084916636
2024,4,B,0,0,1,2,9.644941041992674,351.0477358719708,24.126711067638745,22.843366501952076,0.14156369527037327
2024,4,B,0,0,2,1,9.720673458181471,362.60217464568905,24.105620876715623,23.185059708853828,0.15509865280465807
2024,4,B,0,0,2,2,10.1496825584944,275.801195149521,26.217453454711432,23.95167180848703,0.15621514010283546
2024,4,B,0,1,1,1,10.784663872620188,298.1105173613068,27.822172610940676,24.403523274163984,0.16050018847877853
2024,4,B,0,1,1,2,9.960520235895753,385.2054764917968,26.736777175591868,24.407754159511576,0.14952238428925915
2024,4,B,0,1,2,1,9.528151667199028,431.8150589587069,25.517017095247525,24.47440600239359,0.14921591253782748
2024,4,B,0,1,2,2,10.001481980252478,345.919890538092,27.29647836376048,25.113180727151477,0.15725542690379463
2024,4,B,0,2,1,1,9.437212025250432,327.831287474184,26.014460393699114,25.039399778707505,0.1541913747725618
2024,4,B,0,2,1,2,10.603311594469591,413.3749930071317,28.195281307467027,24.926876929251918,0.15981283310022992
2024,4,B,0,2,2,1,9.140592628775858,459.9097304579962,27.008130562546214,24.088236871768817,0.14151028153274225
2024,4,B,0,2,2,2,9.217240036091203,403.5824232164282,24.84667263145571,24.952874694810152,0.1531367992362474
2024,4,B,1,0,1,1,9.030284166468611,257.8297191344729,22.82366693666455,22.0592535920643,0.14573157203924397
2024,4,B,1,0,1,2,8.293716309836073,318.7888899303928,21.832418020726866,22.158323500469393,0.1326420718171489
2024,4,B,1,0,2,1,8.920681203857809,360.8833454749918,20.776834245389193,21.574144109903166,0.15804031862581785
2024,4,B,1,0,2,2,8.49963004031769,261.72126379530107,22.6041044169727,22.342555372483627,0.1504438000956901
2024,4,B,1,1,1,1,9.748986602048497,271.82792788132747,25.20217258800002,25.134661171511315,0.1581340791679102
2024,4,B,1,1,1,2,9.99538699825468,338.9359336445496,26.193951719388433,23.889569918643964,0.14751443244806106
2024,4,B,1,1,2,1,9.239032200462116,445.01253289320795,24.807886824704305,25.1589846933958,0.14934772020737563
2024,4,B,1,1,2,2,9.939542964708702,320.26584096311916,26.678438140781168,25.100210116764572,0.15870254248819987
2024,4,B,1,2,1,1,10.57669538511059,306.99815837381385,26.90003435084384,25.052217666234778,0.16002625791319255
2024,4,B,1,2,1,2,9.89170376671586,400.57229964925745,24.62570676288857,25.41970173459307,0.15313004777050773
2024,4,B,1,2,2,1,9.271090882181365,472.9434308638395,25.434716943158836,26.50492933345563,0.1568573190776664
2024,4,B,1,2,2,2,9.360849103429258,421.08132279671685,26.544873159624284,24.905535257006942,0.15824566174472005
2024,4,B,2,0,1,1,8.896014082564896,211.59411072376864,22.20129038136498,20.92879262218754,0.13090435528599534
2024,4,B,2,0,1,2,7.216667213365536,255.14448995750516,19.275846984263175,20.395825062331607,0.1254286041113379
2024,4,B,2,0,2,1,7.981145667751399,310.4149201141395,19.492264180019472,21.29016058049005,0.15974909663812886
2024,4,B,2,0,2,2,7.774679562219093,275.4465441678168,20.722427748648357,20.930476721967292,0.1518497364766569
2024,4,B,2,1,1,1,7.713027842054495,247.8102535097162,21.446618403343077,23.034651636018157,0.1442642541977835
2024,4,B,2,1,1,2,8.255498612344892,323.1863739159313,21.433942951261702,19.34306300974525,0.14012028098718896
2024,4,B,2,1,2,1,8.265011757728681,371.23757956253036,21.076697997694477,22.34115915710087,0.15090752850903408
2024,4,B,2,1,2,2,8.346447268290376,299.1119233352011,22.088634740834664,22.273873043675113,0.1498923189694188
2024,4,B,2,2,1,1,9.54631029376445,305.4080628740774,25.159307111929518,24.89448588388163,0.15330880155209536
2024,4,B,2,2,1,2,9.400361887580669,378.7803257764032,26.82535665203985,25.800746750484024,0.15659125962690126
2024,4,B,2,2,2,1,9.571754053296285,452.9531274749337,24.447658601710494,25.130512456163675,0.14997863376797507
2024,4,B,2,2,2,2,9.14931328235332,345.11984233196995,24.71278390961915,24.602332017416526,0.16031536632121116
2024,4,B,3,0,1,1,6.852865129241193,185.4517858433105,15.126119620924465,17.300092480912607,0.11031600608184411
2024,4,B,3,0,1,2,6.04892180364953,162.33168930407172,14.944236572895214,13.469268419910856,0.11727603077907316
2024,4,B,3,0,2,1,6.125868179406863,162.47123715265386,19.89631316226594,15.728442156483355,0.1480944205367699
2024,4,B,3,0,2,2,6.709911562443416,170.75975426892694,17.652227212844757,14.681269245705879,0.1324562700736138
2024,4,B,3,1,1,1,6.333052064907605,259.02353190872435,16.169890740992294,14.840064291447495,0.1353741054720204
2024,4,B,3,1,1,2,7.09770722741585,212.8546199361879,17.446368859023508,17.145280780668028,0.15120250004802033
2024,4,B,3,1,2,1,6.583278073940992,312.4248083529101,19.244040331627343,20.115216148641547,0.1450486166144087
2024,4,B,3,1,2,2,8.444552906903125,254.98963436082664,20.120155517120267,19.478306428577604,0.14345802628801402
2024,4,B,3,2,1,1,7.897121828442771,286.7730480632259,19.83996499073819,19.76969736033613,0.1447902059707407
2024,4,B,3,2,1,2,9.458763363546423,307.40828935964726,23.276904045332177,23.50002038915796,0.12670353155492753
2024,4,B,3,2,2,1,8.223989264626722,399.8402124279257,21.114290252185853,24.29059975368786,0.15575696146461274
2024,4,B,3,2,2,2,8.72071471892481,336.0135266021555,23.60262195604282,23.471792187214536,0.15808662386025807
2024,4,T,0,0,1,1,10.204744594453963,240.55656646448938,26.268187105890295,23.016212537476576,0.16335378001090667
2024,4,T,0,0,1,2,9.604405042136772,326.1937569986036,23.586202865089007,23.00266570985862,0.1516390082392707
2024,4,T,0,0,2,1,10.010327957989697,363.30590558120866,25.063938689612872,23.457775043520446,0.15117642403265275
2024,4,T,0,0,2,2,10.30187135747698,277.95054208088095,25.7090388605298,24.042849651058546,0.14760931392104784
2024,4,T,0,1,1,1,10.743784208430553,277.3011871780621,28.41238045333669,24.574213716896292,0.16088683968225725
2024,4,T,0,1,1,2,10.64942211943893,364.87818777950116,27.15747718708529,25.105145866035137,0.16007489538685563
2024,4,T,0,1,2,1,10.01578785831167,418.7247849283112,26.333073499006804,23.762477779848204,0.1496896138745472
2024,4,T,0,1,2,2,9.995880913112266,335.2216279849388,26.238443718338107,25.68508926215362,0.14620710877975682
2024,4,T,0,2,1,1,10.005367029823992,232.2244397690261,28.99488348555528,24.249749118226795,0.17236886658113185
2024,4,T,0,2,1,2,9.909469261620513,394.2840346319786,26.08614376099876,25.386350263807383,0.15763891709164676
2024,4,T,0,2,2,1,9.473412705231326,481.28720428936793,24.062190615972792,23.169987412237056,0.15135924723121083
2024,4,T,0,2,2,2,9.54150116050898,372.9090037078113,26.1719850168749,24.030197760629072,0.15364506354073032
2024,4,T,1,0,1,1,8.24498440832772,218.35997046518142,21.811151629144675,21.471129836555114,0.15963813760141707
2024,4,T,1,0,1,2,8.073233898366537,319.3640565187421,19.395465318408153,21.276538517356116,0.1372577094445965
2024,4,T,1,0,2,1,8.802151864678365,361.5330990308743,22.38536534913899,21.18091285233634,0.14020423978309632
2024,4,T,1,0,2,2,8.66132776867428,270.9512011348819,21.383869854294485,21.525385339704158,0.1445955108881799
2024,4,T,1,1,1,1,9.955217016698407,263.023676933321,27.51014323723591,24.848240554732147,0.15274082101273068
2024,4,T,1,1,1,2,9.323826345140004,389.33850600699384,24.577332629303367,25.007883908162896,0.15790471562087083
2024,4,T,1,1,2,1,9.762358454267531,411.17742102167625,24.581609708097012,23.86161824093498,0.14859847727037173
2024,4,T,1,1,2,2,9.891116474505651,312.37516594749934,26.14300419916107,24.384531830038004,0.14683682036576184
2024,4,T,1,2,1,1,10.171796141307599,330.66962883405745,27.106778690685783,24.985197295275697,0.14892025133991463
2024,4,T,1,2,1,2,9.736841620365732,409.23599941444843,27.814089875928666,26.751696660969763,0.16324908076015812
2024,4,T,1,2,2,1,9.63648967891516,463.62102577864607,24.6035838934131,23.64932507318207,0.1461400997585065
2024,4,T,1,2,2,2,9.696846209054812,380.18953063691055,25.9695926360535,25.284506710224633,0.15200123489792644
2024,4,T,2,0,1,1,7.5341379925582075,217.58174618766634,17.709222586513697,20.51568364777516,0.1431507790693022
2024,4,T,2,0,1,2,8.690117492958562,326.14144422061975,21.61969749404961,20.314203325140582,0.12963513027402251
2024,4,T,2,0,2,1,7.915573990856728,335.13356227356195,19.795791162154774,20.095754791908934,0.14219689317260073
2024,4,T,2,0,2,2,9.358599473065464,238.62494599411554,20.19503424436041,22.24120308935249,0.13598517437747526
2024,4,T,2,1,1,1,6.912326487887859,308.5027997750456,20.025840669559962,22.53386075370224,0.16834651834598036
2024,4,T,2,1,1,2,8.737284002016434,353.5037758758632,20.973476728210617,22.13277837109622,0.14295439618941874
2024,4,T,2,1,2,1,8.272255433291896,374.84426268826087,21.178975460809074,21.979464380263767,0.15577295192275775
2024,4,T,2,1,2,2,9.308367984481166,285.2007932254249,22.6103008947207,23.39891079327035,0.14172203630640343
2024,4,T,2,2,1,1,10.21582314978747,294.70093839187047,26.603470490962977,24.473623607309317,0.15417465970596583
2024,4,T,2,2,1,2,9.445399663334651,400.11414632433275,26.0230777070086,25.881768394618067,0.15721439005891866
2024,4,T,2,2,2,1,9.13457173156982,470.8823676116608,23.60109628646391,23.273786649594015,0.1461858888792145
2024,4,T,2,2,2,2,9.359928814563816,358.8189629650714,24.951107289920174,24.18872959232935,0.1491628547321673
2024,4,T,3,0,1,1,5.803677375178899,301.8213405809226,15.863780646706827,17.51849508983898,0.15919939315026221
2024,4,T,3,0,1,2,4.4639958393596775,128.71682319460496,8.799571597621167,12.570806162002325,0.13956294814136447
2024,4,T,3,0,2,1,6.15991911437796,194.40585186578238,15.298804531600009,14.493872829448177,0.12968545152468142
2024,4,T,3,0,2,2,6.91157455535345,235.39740032575594,15.767838314283695,14.825741519629972,0.14006717442280453
2024,4,T,3,1,1,1,7.355529145429253,282.22884526193207,19.6295668398933,21.60871027767133,0.1599162620423841
2024,4,T,3,1,1,2,8.512186401285387,284.27620199241784,21.697280920238306,20.321296791103208,0.15323025055684758
2024,4,T,3,1,2,1,7.614392517128603,303.21875995441826,21.013178209452914,19.211677745518866,0.15367151775850144
2024,4,T,3,1,2,2,8.124448056477759,263.7943860287871,18.488785038417625,20.75224564886583,0.14044016976141163
2024,4,T,3,2,1,1,9.382748713330441,264.46559731107794,20.242664372531234,22.883796120780126,0.16468293929059483
2024,4,T,3,2,1,2,9.912512810721049,321.1926490045854,25.182406537801214,24.561721055839136,0.13830540859713827
2024,4,T,3,2,2,1,9.087366996515108,382.3338624280453,25.11386227632478,23.924523108043203,0.15437046468860816
2024,4,T,3,2,2,2,9.458329356190555,332.25791836963157,22.29628064505544,23.603514265373175,0.15472616225102184
2024,5,B,0,0,1,1,8.947904847421738,228.5841228282961,23.1913966888212,22.416619770441137,0.16659321047704787
2024,5,B,0,0,1,2,9.310402216487587,318.19019996666304,23.05501957612991,23.14337659939392,0.15626489415114156
2024,5,B,0,0,2,1,9.456227604526081,367.37994068115273,23.226132713415236,22.461801039217068,0.1532811580335764
2024,5,B,0,0,2,2,9.541994827197742,287.361004119991,24.46083681484961,24.249775392105693,0.15395673462584197
2024,5,B,0,1,1,1,10.142405247147048,248.6204949407182,26.216815330969858,24.827391983210664,0.17412651497304837
2024,5,B,0,1,1,2,9.918968687771594,366.4973601835167,26.131697117751994,24.852435848110343,0.15012987107400777
2024,5,B,0,1,2,1,9.882830046181864,445.5693419027297,24.893648492203855,24.252157295701483,0.15133798864880132
2024,5,B,0,1,2,2,9.749510372148167,345.0154599885879,25.993660889993027,26.311230672810527,0.15535128216197108
2024,5,B,0,2,1,1,9.425515524728432,218.6422887707409,29.510094451122836,24.222512444321914,0.1824988586582428
2024,5,B,0,2,1,2,9.922468762476182,384.0814245903838,27.154292028196426,24.17625556136682,0.15886696064714015
2024,5,B,0,2,2,1,9.24074368490571,491.3963853881133,25.07040355800079,24.784554422607293,0.1560370176337822
2024,5,B,0,2,2,2,9.15132830690173,398.32948604068264,24.9053446952255,25.58219911749116,0.14473971215906814
2024,5,B,1,0,1,1,7.824357731809692,229.4331119050518,20.913417086616157,21.425387617009694,0.16015424298940834
2024,5,B,1,0,1,2,8.402296548392247,321.4757470946226,18.832735399005955,21.348182662161477,0.1495763537368651
2024,5,B,1,0,2,1,8.384200575311183,343.55511430405227,20.17522665523499,21.358778652465,0.1482220393759297
2024,5,B,1,0,2,2,8.945061613262078,276.5382526746443,22.658244404122026,22.421588009938645,0.15215938457857253
2024,5,B,1,1,1,1,9.587420390516591,280.429521376663,26.270785744037802,24.523247560225162,0.15249102836891257
2024,5,B,1,1,1,2,9.954789336032334,346.0285504183038,24.046951073956595,24.63404765649326,0.15503906051710653
2024,5,B,1,1,2,1,9.144275240785378,428.1591612125456,23.005793234098473,24.658061536955834,0.147540235163167
2024,5,B,1,1,2,2,9.720327802421519,314.5473930816987,25.636802580814724,25.328932655537944,0.14994904213266286
2024,5,B,1,2,1,1,9.769791584209985,279.3935177079907,26.944419816006995,25.34991546079854,0.1659046895568031
2024,5,B,1,2,1,2,10.046473294546669,398.243888057174,27.41913509909577,24.874177205214107,0.1575942067161676
2024,5,B,1,2,2,1,8.850329404073847,482.77473930609585,23.43038905442677,23.626631927846454,0.14663387398835454
2024,5,B,1,2,2,2,9.262018221780849,424.27419012360593,25.696406839560726,25.57305410675822,0.15666878756220975
2024,5,B,2,0,1,1,5.955955262109435,195.69807169774847,17.39218589492278,17.546901789030223,0.1586047671483673
2024,5,B,2,0,1,2,7.376527998505955,292.6827188939691,16.591135028860702,18.461693735576052,0.1380953352811037
2024,5,B,2,0,2,1,7.97406907092532,257.53153506509005,18.219773393190497,19.517119415923762,0.1413653398236332
2024,5,B,2,0,2,2,8.218328043706933,226.13001515748752,20.15554264089361,20.58200729655703,0.16204717854639278
2024,5,B,2,1,1,1,7.315690948506805,199.9639607815395,18.087738841619558,21.920831354273353,0.15799681793713455
2024,5,B,2,1,1,2,8.596417233002173,323.55885060081187,18.26974882271365,20.29603278824387,0.14968760409993864
2024,5,B,2,1,2,1,8.821975894850423,371.15191293743294,20.85827624858504,22.84956239846542,0.14480762718316417
2024,5,B,2,1,2,2,8.694193065376746,262.3160104154495,20.485824805046768,23.332259336456872,0.15511654504716263
2024,5,B,2,2,1,1,9.594208521147538,276.85370775471506,25.741521048221067,23.520377100016987,0.15889397877856987
2024,5,B,2,2,1,2,9.608236781851254,354.422899949734,25.605502979494076,25.24349307635326,0.15658860234619695
2024,5,B,2,2,2,1,9.241623185682137,453.51354390862804,25.330154673705774,26.44045038830487,0.1498903240840487
2024,5,B,2,2,2,2,9.202883618239305,376.17979987236873,24.49147464092442,24.816037039469204,0.15042927669458858
2024,5,B,3,0,1,1,6.340660921571855,223.90669622119248,20.603793186794114,14.018912780724058,0.1639066408645713
2024,5,B,3,0,1,2,6.341651603907121,228.16103168731553,15.390240767130793,17.196743746068975,0.13828506387942743
2024,5,B,3,0,2,1,6.617090821854488,230.4336178060641,16.520224426274357,15.749416930441976,0.14462690132424552
2024,5,B,3,0,2,2,7.334379088034835,207.53705035271085,18.241921429538063,14.714694076123847,0.16214515540682914
2024,5,B,3,1,1,1,7.171230100588397,257.6814588837976,18.548355333290218,18.72777335966906,0.1392328345008718
2024,5,B,3,1,1,2,6.908108437838825,272.2964659209638,16.789837103459234,19.190225694531335,0.14529853891701155
2024,5,B,3,1,2,1,8.003401682956031,314.05503194712026,20.091367134961917,21.128257792137692,0.15326695336119844
2024,5,B,3,1,2,2,8.013051343602898,259.5683030266173,18.71515792974647,22.002962279795366,0.15577932433828098
2024,5,B,3,2,1,1,8.295867923362861,252.9718888868488,22.566028344575173,22.524014138101695,0.15645982987616097
2024,5,B,3,2,1,2,9.026351760942902,311.39868533013987,22.14501615742564,21.991346728160252,0.15635772559719507
2024,5,B,3,2,2,1,9.039828123365353,385.15315681995094,21.454225618533304,24.36594924005446,0.13310986290101318
2024,5,B,3,2,2,2,9.718970941923335,317.6288566294494,23.09364615971283,24.178417221336886,0.15431519830032864
2024,5,T,0,0,1,1,8.940237813032823,244.20764596960498,23.38774048415241,22.338855990452764,0.16464845839553674
2024,5,T,0,0,1,2,9.7797602666908,324.6101128078914,24.845765461121537,24.36071431190116,0.14759712421031684
2024,5,T,0,0,2,1,9.91097496717619,359.0300341998436,24.28439701487981,23.31041307100077,0.1463962424685444
2024,5,T,0,0,2,2,9.945656122673821,278.8800779867571,25.077112458006614,23.448476570342493,0.15118909814161827
2024,5,T,0,1,1,1,10.478543129475032,274.26806624677016,28.16169597805173,25.42755887119509,0.18592864891784125
2024,5,T,0,1,1,2,9.94405950079444,370.80173771389735,25.094295007950464,24.731666513358928,0.15398911782270708
2024,5,T,0,1,2,1,10.210872615257447,415.5965920850504,26.160980214551874,25.257729912874407,0.14499819424578167
2024,5,T,0,1,2,2,10.070588923989586,307.65759501484894,26.83744996060595,25.235137252685917,0.15188409960223198
2024,5,T,0,2,1,1,9.401541355875246,275.91011749678376,26.893420170621056,24.16885099726556,0.17325700933827917
2024,5,T,0,2,1,2,9.799518295558856,396.4109233507807,26.219838714668196,26.194388307125088,0.17028301505871402
2024,5,T,0,2,2,1,9.590806046564685,459.88262187655954,25.569850005759925,25.088470589771795,0.1456414689832728
2024,5,T,0,2,2,2,9.73942419632469,383.4742020991573,26.310477939265024,25.54848737547753,0.14365175560573526
2024,5,T,1,0,1,1,7.776731417563198,211.55296399971607,20.1668817771633,21.046344849554767,0.15659396152492835
2024,5,T,1,0,1,2,7.6805674240737885,309.8643651720279,19.49564291431478,20.96556098271834,0.1470738388917636
2024,5,T,1,0,2,1,8.771610557697663,356.4718188621285,21.34086558568987,20.502118879408144,0.14126511488517998
2024,5,T,1,0,2,2,9.218479273237039,274.85143743755975,22.469734709127426,22.29259271828521,0.15106900815147883
2024,5,T,1,1,1,1,9.464706197994321,267.0226058684748,23.000652524189743,22.691654295929336,0.1701489621528459
2024,5,T,1,1,1,2,9.27458490855476,385.06641823562677,23.987384421858856,25.329527543593834,0.15687277842904399
2024,5,T,1,1,2,1,9.720161860243683,414.15481346943994,23.513246459931896,23.48049866343752,0.1391821278053906
2024,5,T,1,1,2,2,10.063887028095579,289.01598169679244,25.438066184426052,24.9933826645186,0.15346958654463763
2024,5,T,1,2,1,1,9.01058868260635,296.60167273019243,24.69010885485397,26.757716495895284,0.1723900250285363
2024,5,T,1,2,1,2,9.49604261023833,378.76331445465064,24.359835068392865,23.901154760524154,0.15912910357200624
2024,5,T,1,2,2,1,9.643880850487099,455.76417397919164,25.273988839747435,23.304054551860133,0.14693506963992853
2024,5,T,1,2,2,2,9.621553749392199,375.14050784383454,26.30306747256696,24.21607562292023,0.1467389260900026
2024,5,T,2,0,1,1,7.449174359936597,237.837209608412,20.924450437148042,20.787905969081823,0.14809434880934233
2024,5,T,2,0,1,2,6.99662598894269,246.14933141132832,17.880076787267754,19.105857097682414,0.14721044171275074
2024,5,T,2,0,2,1,7.820493456569269,258.7301809494896,18.299454894182457,20.73742296929395,0.14141647070032878
2024,5,T,2,0,2,2,8.614934020809663,216.07267927878894,21.804854692684774,19.90161491132682,0.13265708954469016
2024,5,T,2,1,1,1,8.386171828867214,237.88851357744244,18.803554096166756,20.322096119303065,0.1599922754630617
2024,5,T,2,1,1,2,8.935528378067168,315.61958627072005,20.82158278941097,21.331262845539868,0.14892016963552246
2024,5,T,2,1,2,1,8.676677756646328,369.9723753395538,20.157341744091358,21.54218072381405,0.14868709974255523
2024,5,T,2,1,2,2,8.62356744757033,288.1148849295591,20.788041585778988,21.629826731041934,0.15749851012106703
2024,5,T,2,2,1,1,9.238384252010052,324.48587110859,23.922275857955295,24.85966675887402,0.17555780446681124
2024,5,T,2,2,1,2,9.448610340299128,339.85205882341637,23.275468165761747,25.400213666168618,0.1552952979343227
2024,5,T,2,2,2,1,9.20329091581838,454.6080735659853,25.255999858942126,23.64086790692592,0.13534311005274297
2024,5,T,2,2,2,2,9.588710436556322,341.56696125769946,25.29267577569797,23.514526208050437,0.1538805835024339
2024,5,T,3,0,1,1,6.3023353090601395,327.1903831104373,16.65122730517553,13.161541588823463,0.1374463978445226
2024,5,T,3,0,1,2,5.645596518042572,202.60735248630908,12.38419282774091,15.571930263562457,0.13355859196264588
2024,5,T,3,0,2,1,6.452711970566447,188.31745408320745,17.295725040347868,15.28028449092552,0.1401404146582494
2024,5,T,3,0,2,2,7.311585639877047,216.21264435350415,19.310020625257685,14.68696265313656,0.13207533633250446
2024,5,T,3,1,1,1,6.335886487864818,234.60578043540406,15.93612140775096,17.889195883883897,0.16641358436413045
2024,5,T,3,1,1,2,7.461884228965783,220.711509458132,17.97345298734531,18.931902733376816,0.17016754056170905
2024,5,T,3,1,2,1,8.045796959230639,266.54311856205845,19.78165431747431,19.758175594683323,0.14055848946506322
2024,5,T,3,1,2,2,8.375775390372468,242.29014433712825,21.750547566174056,20.90202294586301,0.15468322266239756
2024,5,T,3,2,1,1,8.565867185028548,295.34181020442617,21.373561579655867,24.57302484609087,0.14898714444230132
2024,5,T,3,2,1,2,8.46987840034493,346.98984608030037,20.477738894393106,22.915783964992706,0.14173809305017868
2024,5,T,3,2,2,1,9.244172456186973,375.7218158805641,23.2358832129465,22.36997998081397,0.13546371532943788
2024,5,T,3,2,2,2,9.536414260613299,329.94770518097806,22.37066023454242,23.909052447525553,0.1525465559647437
2024,6,B,0,0,1,1,9.002189484558757,233.19463537420907,23.39851646375677,22.937374234999176,0.16351720355632404
2024,6,B,0,0,1,2,8.80908082253009,324.2910056729105,21.81406651609937,22.741665423649646,0.16224136565412503
2024,6,B,0,0,2,1,9.445073225231315,358.76126656372304,23.192099399740158,22.30869854547212,0.15715382633608507
2024,6,B,0,0,2,2,9.499988941637053,281.66820689373935,24.242854613517892,23.818289703152224,0.15600724870341318
2024,6,B,0,1,1,1,9.420351320672514,275.0879086910414,26.01643471806308,24.391443412490183,0.17580088018551962
2024,6,B,0,1,1,2,9.545742078355023,351.0382414952265,25.287919291696927,24.73818320737234,0.158705045237538
2024,6,B,0,1,2,1,9.438439387111668,437.6180441049843,25.322533577585084,25.141807297423192,0.16019246794924039
2024,6,B,0,1,2,2,10.381545681896984,330.04192210207344,26.010780277353447,25.91619526951284,0.15459274767761128
2024,6,B,0,2,1,1,9.337756580879045,290.31264528444024,24.76643503560653,25.078132984082924,0.18148926677042218
2024,6,B,0,2,1,2,9.296816028865761,384.9833698888255,24.86789840519424,25.37282779160827,0.17124571970180885
2024,6,B,0,2,2,1,8.801016977437024,492.8661276498531,24.067604653232785,23.157501931731044,0.15948789038671532
2024,6,B,0,2,2,2,9.272309418516167,394.51141890361134,24.6791459316582,25.01530379247196,0.1538859633920422
2024,6,B,1,0,1,1,7.522910542503354,228.39417100930297,19.660054743933742,21.380659315501187,0.16836742269884905
2024,6,B,1,0,1,2,8.530453015744722,317.9806688701364,20.43825840112527,23.00783607835153,0.15788593208534626
2024,6,B,1,0,2,1,8.697885483099668,327.3768456351792,21.146588395413293,21.1497917043702,0.15946006237363175
2024,6,B,1,0,2,2,8.395603383331817,258.1298948235711,21.071454990173187,22.061324107188863,0.15504612992415928
2024,6,B,1,1,1,1,8.767654649388762,267.3255551654728,22.580149243018138,24.567986164588838,0.17165930692139245
2024,6,B,1,1,1,2,8.405965659232224,402.4078409051172,22.317567821377175,23.08366068589494,0.16557195076689127
2024,6,B,1,1,2,1,9.10568291000886,430.06355004355873,24.52299390917164,23.97661354800543,0.16177767531530018
2024,6,B,1,1,2,2,9.158728205718678,325.0444884264679,24.333755618269304,24.9884500791991,0.15394208675343257
2024,6,B,1,2,1,1,8.7934948699774,290.56311735601645,25.627900209225874,25.228676649581953,0.17141878693364856
2024,6,B,1,2,1,2,9.098489568602051,392.1785453605516,24.99435759049487,25.670857378247717,0.18380324302936774
2024,6,B,1,2,2,1,8.896673343796968,513.3131760066558,24.769423316361955,23.365437647997354,0.15658608868206766
2024,6,B,1,2,2,2,9.612313022321844,429.0296068268435,25.921397782965197,25.645546249377254,0.15558433124354576
2024,6,B,2,0,1,1,7.55729335232438,192.41456530407885,18.982202939081326,20.34776593145908,0.15793298997833158
2024,6,B,2,0,1,2,6.64808475206476,293.7770547932023,17.742493905506052,20.142975048063686,0.16274674545127882
2024,6,B,2,0,2,1,7.948227165350329,255.28989119676058,20.205998664424857,18.220769556749147,0.15478777626296625
2024,6,B,2,0,2,2,8.308337327445027,245.20101585663787,20.556202788135963,20.67652342198186,0.15402484139342715
2024,6,B,2,1,1,1,7.909666576427436,230.24931359685687,19.23915312097753,21.478413720430396,0.1592972951876564
2024,6,B,2,1,1,2,8.213973442231708,336.3208411399765,20.763649957520506,22.750018683565592,0.15786409795534104
2024,6,B,2,1,2,1,8.367740892573979,346.1353592299859,21.68062363715907,21.885210680952007,0.15572817043695275
2024,6,B,2,1,2,2,8.028703007640816,287.60876996540543,21.48048218615628,22.047731272821974,0.14999274389609943
2024,6,B,2,2,1,1,8.373674632291602,306.0896581211882,23.64454504565184,24.29039701843548,0.1840349328943291
2024,6,B,2,2,1,2,9.366372745315944,378.12313811037234,23.825770137922568,25.07357877522979,0.1744989414155415
2024,6,B,2,2,2,1,8.94942872547651,475.2461452408357,24.708642366391942,25.18015444088078,0.1624429141587411
2024,6,B,2,2,2,2,9.38399990045946,380.9067727308905,24.843296485415358,25.516696744680363,0.15889264477416754
2024,6,B,3,0,1,1,6.364304686935423,202.25258508331498,13.37417508039647,16.879840437200343,0.12164670771874399
2024,6,B,3,0,1,2,5.655369725322511,192.78159627922895,13.5127854610517,17.189254526090597,0.1334215328425134
2024,6,B,3,0,2,1,5.3625821571593235,255.35413203190734,14.688596933695422,15.028573658688067,0.1433444207206889
2024,6,B,3,0,2,2,6.540306218758988,216.88158799638626,16.158324933752883,18.60709490193766,0.1638899402980743
2024,6,B,3,1,1,1,6.278815749993005,211.33403750826446,17.21496622806036,17.69883257547285,0.15024876588966185
2024,6,B,3,1,1,2,7.171314953490897,249.8324923081483,18.59287232386949,19.476651213905026,0.14850462036674233
2024,6,B,3,1,2,1,7.520129243196355,273.27000416661014,20.22212286711595,19.931306465765896,0.14060828223211183
2024,6,B,3,1,2,2,7.140638682206191,285.8098737313755,21.015631589246276,20.729246300678163,0.1600526892058455
2024,6,B,3,2,1,1,8.086282776778658,271.6653271615492,19.93257481971525,23.241676758367497,0.18681514021843915
2024,6,B,3,2,1,2,7.730987556007849,272.29173431387426,18.4935907747779,21.470765392929152,0.16695591173661312
2024,6,B,3,2,2,1,8.743956265489818,374.6409135079651,23.161857548338894,22.964100082901233,0.1557720770446922
2024,6,B,3,2,2,2,8.653022280644178,379.4757625838901,23.74944915528712,22.533869920393297,0.16799283291781494
2024,6,T,0,0,1,1,8.727645294197748,235.53208117030954,22.892848248982475,22.462683867399704,0.15993599074309583
2024,6,T,0,0,1,2,8.772487822071392,329.1720913456895,22.427037524674127,22.081631281978893,0.14918970709988602
2024,6,T,0,0,2,1,9.539120544425185,368.5738471961533,24.82193577544526,22.488522121448952,0.15152042994416112
2024,6,T,0,0,2,2,9.722312080170905,282.42495814992463,25.269096296814972,23.413646978597107,0.14950374128630245
2024,6,T,0,1,1,1,9.912705025179646,280.427859076832,26.742595192352987,23.562605462463228,0.16260844601627347
2024,6,T,0,1,1,2,9.102763291479718,381.28071454250477,24.710642961510732,24.600052393984026,0.1526310712329624
2024,6,T,0,1,2,1,9.477875059636284,433.7005482447819,25.336318175429138,23.859718551008857,0.15193315759308407
2024,6,T,0,1,2,2,9.756592254825499,340.7579947289671,26.044095686472648,24.232303446260303,0.1544948423807769
2024,6,T,0,2,1,1,9.457101141168343,316.8879049121344,26.50039782075323,25.86887873141097,0.15155925079582933
2024,6,T,0,2,1,2,8.892574681866726,422.6172778417981,27.559969724823453,25.410127220860996,0.17576690242587067
2024,6,T,0,2,2,1,9.633855166883324,513.7760162106933,25.471505964756204,24.287579232524482,0.15026323918096482
2024,6,T,0,2,2,2,9.145852442675947,435.7468063246085,25.337587750444335,24.28716797097268,0.15320738692573121
2024,6,T,1,0,1,1,8.088915746686276,248.12063625111352,20.73883293874616,22.046951332020484,0.1463316404813593
2024,6,T,1,0,1,2,7.274784733652493,289.58989865251766,18.64048288627583,20.464191781942787,0.15747821041148635
2024,6,T,1,0,2,1,8.434521720935065,356.2725626776344,20.886483052891226,20.78426197199667,0.1478505247186446
2024,6,T,1,0,2,2,8.461807641395485,275.86913326202256,21.74394703880512,22.196865273217483,0.14363212040957488
2024,6,T,1,1,1,1,8.745331604455776,257.85478738421705,23.413312577004678,23.727515405899183,0.15276576490168037
2024,6,T,1,1,1,2,8.561242024671715,353.9743316712665,22.79867564547405,23.52395938707903,0.15930541507193402
2024,6,T,1,1,2,1,9.582481435940293,431.8690004973534,25.73727373863645,24.137190453430808,0.15858195034867967
2024,6,T,1,1,2,2,9.452207778589653,305.2506736254629,26.15613232545793,24.61967578884554,0.15530792211340091
2024,6,T,1,2,1,1,9.2467229327577,267.29181947382233,26.789883430644515,23.80081202237149,0.15241785954492293
2024,6,T,1,2,1,2,9.286106750349779,422.5050759801734,25.585407017354584,25.737627309827246,0.1604044455400729
2024,6,T,1,2,2,1,8.864076126838503,494.4414973986286,25.616194152453495,23.75375959407919,0.15219852325887018
2024,6,T,1,2,2,2,9.351608980964235,393.8640138567832,26.482734121346347,24.676677079670885,0.15223444535388062
2024,6,T,2,0,1,1,6.934629456240067,209.49724502114685,17.97637047211939,19.263878195955066,0.14893300634293677
2024,6,T,2,0,1,2,6.6523604490738215,306.83325971313343,18.13141210122575,18.01470024793807,0.1432286506071808
2024,6,T,2,0,2,1,7.945308698756113,290.60699124116013,21.110735891529647,18.98241651189764,0.15429229893613963
2024,6,T,2,0,2,2,7.5247500358028505,269.0078337411505,19.878109899891474,19.88062628815077,0.13341265709952335
2024,6,T,2,1,1,1,7.816502316557766,228.3352415747459,19.649453949663968,21.62784581082793,0.15910632714675382
2024,6,T,2,1,1,2,7.112754658455006,307.7776236808534,16.70922820943963,19.283056382990658,0.14496017724215532
2024,6,T,2,1,2,1,8.41668872432767,365.68758408101024,20.84650496494206,20.632559678258048,0.15430817077368444
2024,6,T,2,1,2,2,8.18990280220353,259.30653243726147,21.30541988211277,20.32710025282137,0.1481506685243776
2024,6,T,2,2,1,1,8.896472639574442,246.83358164952745,22.588460635994746,24.593667554115658,0.16814049500092967
2024,6,T,2,2,1,2,9.151019207383415,400.1536261259588,24.948713636138788,22.720387958399776,0.1524034104561263
2024,6,T,2,2,2,1,9.687170572208696,432.6505036393498,25.077172021920166,23.681532596212502,0.14706891241560122
2024,6,T,2,2,2,2,9.164304677870996,402.3132827276939,24.995020085620336,24.73111779055233,0.14729442982436114
2024,6,T,3,0,1,1,3.8547974754005723,190.0484387451213,12.67649135241325,12.942281874021505,0.13202876473234448
2024,6,T,3,0,1,2,3.9441570125544656,212.18464206556533,12.847649167958489,12.741508490178925,0.14750289860482535
2024,6,T,3,0,2,1,6.123977248773045,251.65322434379067,17.346758539216932,15.875715508551572,0.1427147765326325
2024,6,T,3,0,2,2,6.097979444660565,164.4541745837701,16.85481823868287,16.21086624993754,0.14399853869577067
2024,6,T,3,1,1,1,8.282695720786645,260.6748048175479,21.146241039525247,22.076385245363827,0.13636992901403933
2024,6,T,3,1,1,2,6.6714324463315124,279.2265142490038,17.30971741911062,17.4095335036813,0.1680946709525969
2024,6,T,3,1,2,1,7.482987267419479,252.96544965970952,21.03177845088441,18.754202147480633,0.14534846623647332
2024,6,T,3,1,2,2,7.9858469413656215,281.1314032916265,22.734001716331267,18.7078924722537,0.14958189114917653
2024,6,T,3,2,1,1,7.685176848110847,304.83493029526073,21.18616443965458,23.007955585786547,0.16022243047848211
2024,6,T,3,2,1,2,7.301977228638316,288.4144198242825,21.764429594742424,22.067083399729626,0.14340915767678455
2024,6,T,3,2,2,1,9.317560273798351,403.1672990041286,24.533887071048113,23.65424875659459,0.13839433411153615
2024,6,T,3,2,2,2,8.013470890374032,308.9014511767133,21.093817161249383,22.384787405229265,0.15289791980064044
2024,7,B,0,0,1,1,8.160237186903537,228.28123708865462,21.870888012174206,22.55714991463543,0.16121554142405195
2024,7,B,0,0,1,2,8.910993405606227,306.4522641785392,22.41250869413451,22.187502919077335,0.15815505761554077
2024,7,B,0,0,2,1,9.331024716639055,387.2428176427238,23.559408353624594,21.213008353662232,0.15622754013317786
2024,7,B,0,0,2,2,9.438966754698807,287.0468709714368,23.630663262498917,22.84480324538455,0.15743369738166862
2024,7,B,0,1,1,1,8.901646482301638,265.29413076048985,23.57830025218355,23.658162709547508,0.16997052930497053
2024,7,B,0,1,1,2,8.568258448104432,405.8310037334104,23.01688165365376,23.6544095275141,0.1620327634112193
2024,7,B,0,1,2,1,9.347497131275057,451.2155632486383,24.6962804787721,22.82436998091879,0.15603178400439177
2024,7,B,0,1,2,2,9.535198157300389,355.05382709425646,24.15502645735644,24.543004079237043,0.15829169632776738
2024,7,B,0,2,1,1,8.485961857767414,267.99875278541117,23.749052816737844,24.076299592699336,0.17192146697436497
2024,7,B,0,2,1,2,8.773134572000657,426.90907874100157,25.349525361065925,23.84931210115603,0.1944270572637625
2024,7,B,0,2,2,1,8.40887358123593,496.45671882486005,23.019524390228177,22.296511252113817,0.16733935486857143
2024,7,B,0,2,2,2,9.002601202612192,409.31891744747156,25.13636197277254,23.95178158734227,0.15665558311863786
2024,7,B,1,0,1,1,7.4282094915485475,210.56570163412655,20.330251766433097,21.05056814836782,0.1505115995360963
2024,7,B,1,0,1,2,7.080782060863588,290.1331548984791,19.704372117695833,19.37668793484047,0.14396194991081995
2024,7,B,1,0,2,1,8.307569687989266,363.31427076311525,20.970855584184232,19.798097038988114,0.15594407763346468
2024,7,B,1,0,2,2,8.20334685738061,287.55661842404567,21.0816938918624,21.38810902105751,0.1533972684959352
2024,7,B,1,1,1,1,8.229163693573867,286.1016236032441,22.741366008443187,22.741150723235503,0.1691772792588641
2024,7,B,1,1,1,2,8.89875843723986,356.6259792383514,22.739238569270217,21.941072081591454,0.1546087076353939
2024,7,B,1,1,2,1,8.549061997339017,451.241538515099,23.516915803695422,21.34412955541737,0.1576143012788044
2024,7,B,1,1,2,2,9.423854290799328,351.39482471959934,24.744058412888428,23.523844523604158,0.15698572835810912
2024,7,B,1,2,1,1,8.559459822445689,276.5629651565129,23.56509824795033,23.106390544698936,0.16334604636597364
2024,7,B,1,2,1,2,8.208305662421825,420.75530794583153,24.51042010918615,23.593769277632298,0.15674849279957018
2024,7,B,1,2,2,1,8.923463558546306,521.9951521805068,25.61558841893229,22.8813023468914,0.15325640305744384
2024,7,B,1,2,2,2,8.743064842741415,429.4642112377065,24.920057250813606,23.337655434074133,0.15578083128976727
2024,7,B,2,0,1,1,6.883435556806868,195.41218282469654,19.531565375562614,19.631053944067457,0.15308527924896967
2024,7,B,2,0,1,2,6.3520305672073345,190.65101473460206,18.288873915292182,17.417500650544273,0.14376485179163329
2024,7,B,2,0,2,1,8.22930925134129,292.65155077235175,19.774014627218417,19.012063531982996,0.1464560545268326
2024,7,B,2,0,2,2,7.515322988020318,271.77261841672686,19.023834753952407,20.37819354699121,0.15520687346002882
2024,7,B,2,1,1,1,7.789218843394122,229.35840249580426,20.681945719147656,21.593150021719183,0.16696031188439153
2024,7,B,2,1,1,2,7.750328528833593,285.6673249071334,21.464667781040227,19.815330878489267,0.15140914265009836
2024,7,B,2,1,2,1,8.260981418900133,343.4982585658815,20.71894891549977,20.128838557026587,0.1506485070939224
2024,7,B,2,1,2,2,8.439501705946673,293.47531998105705,21.909273276463633,22.836909524441893,0.1531392197500379
2024,7,B,2,2,1,1,8.354196457533886,223.84619959906544,21.021087855107663,23.38199703469681,0.15002743075971858
2024,7,B,2,2,1,2,8.132566279175672,396.21082115649637,21.854351415339277,23.755581099751975,0.1577559480403725
2024,7,B,2,2,2,1,8.770309097636222,492.0503894744104,23.64387013330232,21.8569490153358,0.15388891191349183
2024,7,B,2,2,2,2,9.07562391371621,397.28660876458423,24.658758769131662,22.68516988378939,0.15940289500374555
2024,7,B,3,0,1,1,3.8137069469347233,154.33165518303852,10.748679609212838,11.565730390912822,0.13385528808676522
2024,7,B,3,0,1,2,5.136738711395323,145.2561743988759,13.650534496707957,15.053616085512477,0.12038375889160738
2024,7,B,3,0,2,1,5.894810517889674,197.2671259972147,15.376089946125349,13.763424007311006,0.15483588779067853
2024,7,B,3,0,2,2,5.270828637868123,187.48091748957557,15.9680216945023,14.764455983671366,0.13944497192589417
2024,7,B,3,1,1,1,6.469237862712308,220.34406975420086,18.602425059377776,18.413473537967832,0.14914724960348982
2024,7,B,3,1,1,2,5.744528185962983,188.31624994307577,17.700582403110932,19.425628758591937,0.13343117097687557
2024,7,B,3,1,2,1,8.209827536080649,287.7680527808422,19.034758315321955,18.32183762243872,0.15373221978222973
2024,7,B,3,1,2,2,8.08237298717959,244.41071887089407,19.756152113123676,20.799977978595592,0.1496941111922362
2024,7,B,3,2,1,1,7.400575300030973,217.43732894921186,21.316861699805443,19.730854569014006,0.15530994007305052
2024,7,B,3,2,1,2,8.118432632891688,350.29389370631634,22.68131461357912,22.396305028363972,0.1684512175403915
2024,7,B,3,2,2,1,8.082367784041535,387.803852003126,20.898118847680827,21.64971466357686,0.16478664302513868
2024,7,B,3,2,2,2,9.00500151370153,319.1452246331469,23.057481126317274,22.97840362417538,0.1499517666346438
2024,7,T,0,0,1,1,8.483227097142963,218.9965988997272,23.148249564815085,20.609343029204638,0.17156953898799093
2024,7,T,0,0,1,2,8.421750990201133,322.94708422291365,22.252276545668828,21.278483598208787,0.15337566397091032
2024,7,T,0,0,2,1,9.316412581084728,391.3382167226362,23.89895015573943,20.839350593262502,0.15107365753004187
2024,7,T,0,0,2,2,9.488086645691105,279.16802335228016,24.878457271490305,22.99995457500885,0.14883160230697762
2024,7,T,0,1,1,1,9.44562430055111,244.68911198285042,25.345874294365693,23.337599822150327,0.19156431007713037
2024,7,T,0,1,1,2,8.765814480355841,388.806896873315,24.599180333367656,22.539012440116675,0.15541828094143312
2024,7,T,0,1,2,1,9.382673506162714,453.13575394174615,25.434002464194457,22.62957709834727,0.15413649750485064
2024,7,T,0,1,2,2,10.020432165760548,368.00353489645704,26.360579312373755,24.183167590432138,0.15653711309452206
2024,7,T,0,2,1,1,9.287563106566855,255.33114046450208,27.040624119684935,24.524283621747276,0.19089580168778592
2024,7,T,0,2,1,2,8.090739676539334,406.41172966338326,25.375144541041344,21.965088937842037,0.14477013557730514
2024,7,T,0,2,2,1,9.078908896408391,496.59796888339474,24.937870982765364,21.76680519134766,0.14633049518323027
2024,7,T,0,2,2,2,9.357992385802154,432.9993222936447,26.29772306570792,23.58256201688304,0.15504291015033908
2024,7,T,1,0,1,1,7.082460910482708,223.45207976746653,21.215694283922126,18.970637884446266,0.1622041914425512
2024,7,T,1,0,1,2,7.10183168441188,292.756717486332,19.25268311660191,19.231274720166518,0.14956496828187196
2024,7,T,1,0,2,1,8.537066953600991,381.5414747926157,22.590911703004206,19.600287005613644,0.1515905146232037
2024,7,T,1,0,2,2,8.429272888805295,254.24987679257106,21.960982587995804,21.567683660002587,0.14677174263744547
2024,7,T,1,1,1,1,8.214019846653445,264.786501910972,23.113589473002513,22.42644757748164,0.18114594365451786
2024,7,T,1,1,1,2,8.0432011603514,362.5207968271973,23.824965168257602,22.658496096846235,0.15820750339741277
2024,7,T,1,1,2,1,9.302700888966456,437.65748458710203,25.214173486884746,22.71566357937501,0.1535690884686005
2024,7,T,1,1,2,2,9.537931102833303,352.3603059454872,25.444647680525275,23.9487905612199,0.14729115481280555
2024,7,T,1,2,1,1,8.985570770546609,275.3935213846584,25.960846687008015,22.866130862922063,0.19409545837562833
2024,7,T,1,2,1,2,8.95580427818904,411.54671695094703,26.08367819855767,22.952680742729438,0.17437309743895668
2024,7,T,1,2,2,1,9.199980168761575,504.9132748811749,26.09122480183151,23.13116591722738,0.154446831055302
2024,7,T,1,2,2,2,9.157802319450877,430.09087413634717,26.261854928710623,24.28603781631188,0.15195030758654812
2024,7,T,2,0,1,1,6.423314466196585,225.99333153139114,18.124611023288786,17.131630246815792,0.1471292872624617
2024,7,T,2,0,1,2,6.575102304019665,206.88110525741655,18.280980326205235,17.23270650767319,0.1563019204319916
2024,7,T,2,0,2,1,7.591933198204516,276.28477749662596,19.07325749091923,18.459301446844986,0.15153492979488542
2024,7,T,2,0,2,2,8.32753460790891,222.8893309474276,20.692303720418398,20.164180461298884,0.1507313229128965
2024,7,T,2,1,1,1,7.059005445447476,223.48005105382984,20.951513254809743,19.68089540905537,0.17714172068964693
2024,7,T,2,1,1,2,7.235572425471887,291.45803458733394,19.23750626501263,19.943951208740113,0.16632997098703084
2024,7,T,2,1,2,1,8.321939802320207,374.6167356809114,21.112889294754574,18.717925458472582,0.15000095421833262
2024,7,T,2,1,2,2,8.710244428321477,279.89276429974586,23.06745167261187,22.270195626828524,0.1460104881662001
2024,7,T,2,2,1,1,8.36284152968938,288.88371790128156,22.738368080831457,21.85650022669369,0.1754845394563649
2024,7,T,2,2,1,2,8.32605874279431,329.57866609013945,23.58959707991308,22.11368580167124,0.1675088775557178
2024,7,T,2,2,2,1,9.094413869269891,474.3736452591088,25.60232722431336,22.154336552966704,0.15286789189261962
2024,7,T,2,2,2,2,9.16952779024748,387.37602461231234,25.096494377032403,25.25444221049879,0.15345387776248112
2024,7,T,3,0,1,1,3.54342219651358,153.10313463371762,10.038669502814502,11.573118012765894,0.15535699886588042
2024,7,T,3,0,1,2,4.317849857609355,132.11164467708997,10.761334391487917,11.537517904977769,0.14416860918482122
2024,7,T,3,0,2,1,6.4790912713297715,213.8150172029502,16.167783508314603,14.264545369568822,0.13849228500644623
2024,7,T,3,0,2,2,6.794601120172332,210.3015059864415,17.97619516394988,17.20279172426865,0.14092888444341406
2024,7,T,3,1,1,1,6.4889142230237455,214.2811469628942,17.679227605715134,15.630391869443786,0.1561268073281227
2024,7,T,3,1,1,2,6.370302312709151,266.1685570787446,13.482218061918337,15.164088018269709,0.1532195964518898
2024,7,T,3,1,2,1,6.442904334240142,283.12280805368215,18.340970050440728,17.04984554310244,0.14070872221792072
2024,7,T,3,1,2,2,6.870620607214564,268.7182019447031,20.76306812825139,18.889820093244055,0.15595928747305354
2024,7,T,3,2,1,1,7.275242365151892,199.63328138544475,22.408272910397123,17.64046178500948,0.17351087574474572
2024,7,T,3,2,1,2,7.53833114916212,375.54369058466773,21.73534667544929,21.667059389532366,0.16094991873095957
2024,7,T,3,2,2,1,8.018842677501558,372.6922266281555,21.40436996755913,22.249599714959448,0.14736218487878178
2024,7,T,3,2,2,2,8.903473490641815,314.5191894594318,23.500657215859054,22.835528257680167,0.15136147057752594
2024,8,B,0,0,1,1,7.8893402701847375,221.81529382428292,21.610493061973155,20.253997351304903,0.1628096824376287
2024,8,B,0,0,1,2,7.806627735315322,321.471373638646,21.25985240685663,20.456626110937233,0.14833868561920927
2024,8,B,0,0,2,1,9.149989308281183,379.45956182474606,22.600626877435513,20.670090157367913,0.15257079652041472
2024,8,B,0,0,2,2,9.15204527422443,269.95991872648284,24.034641310620263,22.77122595946249,0.15359132523118665
2024,8,B,0,1,1,1,9.14680576447089,269.57100083529303,24.123832334465835,23.763877772806136,0.1543269839841883
2024,8,B,0,1,1,2,8.325118648245505,342.17585457919984,20.96099724884717,21.58482683869324,0.14407182908705454
2024,8,B,0,1,2,1,9.486982628379534,471.90974664364416,25.26329090300815,21.930980898012642,0.16271454218929313
2024,8,B,0,1,2,2,9.725261522002075,334.4809281526684,25.918144155008942,24.173534575899964,0.1532592115543857
2024,8,B,0,2,1,1,8.21546865685728,238.6443162011032,21.932321619238074,22.971108913215808,0.1686660673887077
2024,8,B,0,2,1,2,8.181300740427663,420.8389438548626,21.82957452827949,22.070454985529476,0.17675656137782286
2024,8,B,0,2,2,1,9.021057084546085,488.01238793154494,26.723863184343134,21.179482691825875,0.1595254348859402
2024,8,B,0,2,2,2,8.632007807706312,414.4548396978544,24.04642283610181,23.525057652280463,0.15344522666762886
2024,8,B,1,0,1,1,6.574996151216393,220.04668262789565,19.508995492979537,18.21877672955813,0.1670485991817124
2024,8,B,1,0,1,2,7.2079400041864075,322.77040342628635,19.27213333056164,19.07850210020387,0.15109877634004307
2024,8,B,1,0,2,1,8.249848260465205,359.69669186366355,21.177695563759574,19.21543841961516,0.15175277778682775
2024,8,B,1,0,2,2,8.305911343093067,259.1725166996384,21.71755639757863,21.849312419844985,0.15485613704453624
2024,8,B,1,1,1,1,7.790491380575591,235.25505602726054,22.309460416557794,21.58994985635076,0.1747103437739446
2024,8,B,1,1,1,2,8.3116232610552,352.87916473421217,21.16201450737062,21.24892528854925,0.14194721701322985
2024,8,B,1,1,2,1,9.403235424597856,409.25544546002857,23.681029514155643,22.97901344654716,0.14744782455145944
2024,8,B,1,1,2,2,9.39992279131821,302.1832982791718,24.94389562168301,23.009294540486668,0.15731927019232103
2024,8,B,1,2,1,1,8.45507605250073,277.25934342515967,23.66851455956496,23.249318243689732,0.1760713249359855
2024,8,B,1,2,1,2,8.186077420426875,369.1398427177754,21.02872435221553,22.01646950408639,0.14778568647725018
2024,8,B,1,2,2,1,9.335406234870133,495.8965938521719,25.358496880804367,22.734659605141864,0.16101665151546068
2024,8,B,1,2,2,2,9.239915517932722,419.1469875764152,26.758633491557976,24.116921987418426,0.1519293747719257
2024,8,B,2,0,1,1,5.284183011862443,218.92262968520782,16.81353194031548,17.18521736129077,0.1524305036159161
2024,8,B,2,0,1,2,7.105579022326236,271.53182088717756,17.330650101900723,18.316852538912144,0.1315777806870238
2024,8,B,2,0,2,1,7.700502521519052,302.29613046278274,18.444316359850234,18.128074153367347,0.14559800633019065
2024,8,B,2,0,2,2,7.8059342976673385,245.95021356341263,20.016361421915622,19.882799392022132,0.14981151323919176
2024,8,B,2,1,1,1,7.491106602950567,289.7836911948816,20.942377401518332,20.735780533423803,0.13299208511779867
2024,8,B,2,1,1,2,6.910825851872345,269.58626339272195,18.04302106733947,18.01741938066989,0.12588494603806594
2024,8,B,2,1,2,1,7.947911900346214,373.2731772386649,20.476787044684478,18.682398453066348,0.1323486716458919
2024,8,B,2,1,2,2,8.186772568704953,282.64833395258074,21.97551541142382,22.444054459815423,0.14859117489159682
2024,8,B,2,2,1,1,8.511639429424836,262.32289878802925,21.741735384164077,24.111832416584054,0.1535835154983366
2024,8,B,2,2,1,2,8.211499455891817,327.5788786874435,22.738370019707055,22.494544809162964,0.14955477608655207
2024,8,B,2,2,2,1,9.093195932299707,466.5779751114651,24.207908081639225,22.012820188290053,0.14786700230557126
2024,8,B,2,2,2,2,9.2353596822117,396.05070919366744,25.682970102901038,24.38259777543436,0.16010978040542595
2024,8,B,3,0,1,1,5.46117081685869,210.66342655352565,13.517048845237836,10.299429193803986,0.12837157693763263
2024,8,B,3,0,1,2,4.7397133342087425,184.3638167991808,14.395483431565477,14.159599393260356,0.13100077677159747
2024,8,B,3,0,2,1,5.113809030083722,179.47446807566982,15.240657702744242,14.489022603942823,0.14207654201913447
2024,8,B,3,0,2,2,6.644007812519086,236.19778033247212,17.56074556230506,16.47588721479347,0.15415898247772
2024,8,B,3,1,1,1,7.072947549885716,228.67303780217898,20.598349086256224,18.132479148726745,0.17460842756137096
2024,8,B,3,1,1,2,5.978270431782036,224.9623440382744,16.18939740578741,16.223105292189018,0.1374661334282295
2024,8,B,3,1,2,1,7.15205772054202,299.1515212586182,19.159136944805436,18.792128107213117,0.14157535066348043
2024,8,B,3,1,2,2,7.691482625898327,247.0509705146264,18.96629896904756,20.902949648788983,0.14462437478495044
2024,8,B,3,2,1,1,7.141997445852462,249.339798316169,19.335557788691062,20.393766457162027,0.16709286457755432
2024,8,B,3,2,1,2,7.481850750905851,274.2171752571213,21.964915715121247,20.88807415367616,0.14914585198419203
2024,8,B,3,2,2,1,7.593528222623551,382.7385518289371,20.642450533322727,19.602830895078068,0.13873105765988503
2024,8,B,3,2,2,2,8.703153210414303,322.3129613701721,23.591590642302755,22.714837271833687,0.14700132251384315
2024,8,T,0,0,1,1,8.039210094718927,216.0122645503972,22.022557687475143,21.61457432629786,0.17290865657293267
2024,8,T,0,0,1,2,8.197241409827493,310.0620118503518,22.096965224358904,22.25537822490351,0.1431383861496225
2024,8,T,0,0,2,1,9.450788668693564,374.35455068274376,22.914266156993815,20.524242616231305,0.15258275254653964
2024,8,T,0,0,2,2,9.397762267646886,298.3483989710055,23.58842702787993,22.543243723973823,0.1455116945311025
2024,8,T,0,1,1,1,9.000318628846323,224.14773647002858,24.20182783131515,22.29616089868291,0.16858667415747736
2024,8,T,0,1,1,2,8.525129905773511,398.9976142509413,23.85190241105402,23.104508562680945,0.15609302439998943
2024,8,T,0,1,2,1,10.14824589972886,453.8630936572837,25.87939324688154,22.049484791425176,0.14884769454784322
2024,8,T,0,1,2,2,9.692670231531878,369.0229433621831,24.8934201084219,24.01448318682906,0.14825054730094164
2024,8,T,0,2,1,1,9.146052212672032,294.780889668471,24.74932815131498,21.73321007374321,0.16186214876929866
2024,8,T,0,2,1,2,7.596048145619305,452.2642740495207,22.572263545883406,23.3907101644348,0.1701510844048729
2024,8,T,0,2,2,1,8.701000713296894,509.7568613851849,25.642657728617063,19.962623233939013,0.16224549587069564
2024,8,T,0,2,2,2,9.407702011860561,418.10312059240874,24.023147152978026,23.34668322062905,0.1498783026275889
2024,8,T,1,0,1,1,7.586605715137689,214.95698761924143,19.177212539208163,20.630772082536815,0.1786075291854998
2024,8,T,1,0,1,2,6.974392593140222,296.8437611403041,19.365250227934546,20.427524661865473,0.1367797028789221
2024,8,T,1,0,2,1,8.361990140791763,354.2817195945491,21.089488778379827,19.403810245481097,0.14969887760287154
2024,8,T,1,0,2,2,8.922649561320185,304.5931648697764,21.87728194497673,21.58679053413668,0.16019530120177183
2024,8,T,1,1,1,1,8.439301332026243,233.12338508351678,22.37920376013678,22.114422471103563,0.1939296865519874
2024,8,T,1,1,1,2,7.513905010668152,326.6934212130443,20.541429511736183,21.677601641788886,0.14339432434761487
2024,8,T,1,1,2,1,9.017723799798956,434.8295815159739,23.91176794800584,21.599519239714564,0.1536217908803709
2024,8,T,1,1,2,2,9.689415776221637,357.97074443454494,24.878930626325538,23.113918419955287,0.14675513728544531
2024,8,T,1,2,1,1,8.70570939645655,269.0377486623792,23.87557844569394,22.255560916954646,0.16092650348996743
2024,8,T,1,2,1,2,8.282483941309767,382.82393535579007,23.34547000181808,24.661927841017675,0.15390728465247822
2024,8,T,1,2,2,1,9.137580058774212,513.7596717519656,25.320802609312338,21.236269016527476,0.16524591157612617
2024,8,T,1,2,2,2,9.395475881965949,448.3648938809795,26.353380016593707,24.329575565242628,0.1437838398091767
2024,8,T,2,0,1,1,6.403543618065304,187.78401440609065,17.795123776848527,19.725503469606018,0.17212470215004902
2024,8,T,2,0,1,2,6.064194832587617,310.02253408441635,18.75682053933825,19.132699518763165,0.14422770088560394
2024,8,T,2,0,2,1,7.816189366804349,309.51793236604124,20.96390578401873,18.72397746804737,0.14344932859095608
2024,8,T,2,0,2,2,8.244200364757887,266.0964080282976,19.493568743676793,20.474639326787578,0.152829628878797
2024,8,T,2,1,1,1,7.3722633367497385,236.88691969162437,20.208483453941135,21.869523656346793,0.18255213727487576
2024,8,T,2,1,1,2,7.283703668685006,314.9255511442791,18.67019588118053,19.131809337532406,0.144295757542312
2024,8,T,2,1,2,1,8.392812246353571,372.6147458656404,21.30379666132836,19.829171938463535,0.147286991768348
2024,8,T,2,1,2,2,9.151034484374433,323.14088467524516,21.970108004760483,22.014327065145732,0.14087577970549914
2024,8,T,2,2,1,1,8.409554189886503,275.10339112992665,22.597270226771105,21.461054792430968,0.17493967699382815
2024,8,T,2,2,1,2,7.945659184014516,372.36471159301055,21.12092625460741,21.50339784760062,0.15932673284394674
2024,8,T,2,2,2,1,9.132980680248519,472.630552565066,25.356981901587677,22.634245486097857,0.15086543568449054
2024,8,T,2,2,2,2,9.539576375319093,442.50294919678197,26.199540052477072,24.31856732874387,0.14592590666369054
2024,8,T,3,0,1,1,4.729431263874133,133.3643613654996,11.046502758477157,15.910166409066397,0.1257191495795867
2024,8,T,3,0,1,2,3.292061987377211,191.41051106684463,11.897795549237003,14.297322148073127,0.1422522302679864
2024,8,T,3,0,2,1,4.491023322825736,160.38109100221814,15.501925442602035,13.460557798588352,0.13781407073561244
2024,8,T,3,0,2,2,5.393446542112347,181.65051044769191,14.167508088209278,13.2014240920975,0.13961690133240018
2024,8,T,3,1,1,1,7.424275844860442,177.54083503022986,19.194007384943493,20.4451694279268,0.15914023958531698
2024,8,T,3,1,1,2,6.551425629570858,316.60331278004605,16.201479182177327,18.94526137148386,0.17090907583732645
2024,8,T,3,1,2,1,6.52495173787034,292.51407461496,17.943220700195127,17.402512888479702,0.1490463392119137
2024,8,T,3,1,2,2,7.733691051326249,325.80761652449263,19.558228242614565,17.678241924919906,0.1434204983218958
2024,8,T,3,2,1,1,7.467528130052154,256.1291684247013,19.67992790052704,21.32149376444851,0.1600488858438307
2024,8,T,3,2,1,2,7.431675756314322,267.9785280101773,16.882806390953345,19.154479881584724,0.16329635035131468
2024,8,T,3,2,2,1,7.9042115422691115,401.5192616394574,20.859072270546545,20.82288045838988,0.15144190874539754
2024,8,T,3,2,2,2,8.839100439043074,375.60869611934464,23.821214485724543,22.78557769242544,0.14589545806739884
2024,9,B,0,0,1,1,7.283868036373883,245.28977327678825,19.47418662059153,20.595243135816055,0.1409773952757628
2024,9,B,0,0,1,2,8.157217223871285,297.0029017241709,19.83582206556058,19.913692490055233,0.128006104442127
2024,9,B,0,0,2,1,9.337251523704179,377.742244528513,22.336311901437938,19.655077372659598,0.14970280232292388
2024,9,B,0,0,2,2,9.111976514099823,305.9747188689552,23.439924270855702,20.686769440681147,0.15324273051711615
2024,9,B,0,1,1,1,8.728879179255827,264.9026580518115,22.86651673901739,25.482599291535298,0.15861559050084748
2024,9,B,0,1,1,2,8.732711107215932,351.5455828165145,21.73588932068634,23.019850817047068,0.12396641648258294
2024,9,B,0,1,2,1,9.009006404510732,455.2619141888998,23.03726767174536,19.42098614985621,0.15431410951098312
2024,9,B,0,1,2,2,9.310893150858638,332.2681022944686,24.902669237250226,21.728710199773804,0.14424969819267572
2024,9,B,0,2,1,1,8.341718100670429,261.50604926886587,22.675010816985175,21.274865778684777,0.11771752413812699
2024,9,B,0,2,1,2,6.962487600089173,358.4722343388897,26.78746991689758,21.795031338973406,0.14264842548152712
2024,9,B,0,2,2,1,9.435384898458828,503.5429100264907,24.38238200191828,19.44488505897951,0.14788287066970426
2024,9,B,0,2,2,2,9.15040498682638,416.63502331219246,24.65526288138728,21.44620335438455,0.14942581539404942
2024,9,B,1,0,1,1,6.9202674060902405,280.50405569387436,17.879862433066375,18.57021895112489,0.13160184255198307
2024,9,B,1,0,1,2,7.867075990434403,244.44502435595226,19.205317382432547,17.909124867657233,0.1558963580597011
2024,9,B,1,0,2,1,8.123921962722283,362.9022086095971,19.662386728300664,18.296244739309184,0.1444514770696634
2024,9,B,1,0,2,2,7.7515058792062055,289.443865470421,20.400791718582287,19.68244350905456,0.1570283053262369
2024,9,B,1,1,1,1,6.336075075476057,293.88852466108864,15.611117892180296,21.785556506740406,0.14565779054139977
2024,9,B,1,1,1,2,7.623611673180397,304.66041629447244,17.89304477268192,18.274720734369552,0.12579953627136817
2024,9,B,1,1,2,1,8.962609959283162,437.7973036320125,22.548975392895546,20.795597520570222,0.13962667345374635
2024,9,B,1,1,2,2,9.18540671339436,336.30870677063564,24.248194966567922,21.470143150050042,0.15782929624580003
2024,9,B,1,2,1,1,7.93058420859745,313.85308319980396,27.790887695426026,23.70874741322792,0.12169124445549251
2024,9,B,1,2,1,2,8.405997133134932,376.8370375349927,22.29324680137252,22.600919316511245,0.1292233012831393
2024,9,B,1,2,2,1,8.333086525422457,494.8337027370002,22.1377565065355,18.967964083800624,0.14153808977242321
2024,9,B,1,2,2,2,9.506025528306296,395.8113439284403,24.548034983601728,22.830212807354457,0.1482904016305401
2024,9,B,2,0,1,1,8.92975297064072,358.7830495107733,19.591711977592933,20.616169036372682,0.16153184195899786
2024,9,B,2,0,1,2,6.049227061656577,212.0742542866184,15.62289090310105,17.32974197399651,0.16639290278860747
2024,9,B,2,0,2,1,7.524247926642837,295.0065448371158,18.458386778746906,16.847985194323567,0.14282633430032898
2024,9,B,2,0,2,2,7.1124843363408035,291.9698829337042,18.762324299236077,18.331052141890005,0.13770154511820412
2024,9,B,2,1,1,1,7.822206675308562,426.0551712014729,16.335862782275186,20.60277592395372,0.1475294838827341
2024,9,B,2,1,1,2,6.6087480903400015,386.7097469417459,15.973312915428142,19.61597587265576,0.12466279099098215
2024,9,B,2,1,2,1,7.895209821860515,369.7414928880758,19.530987360287632,17.84606413889084,0.15171176413162044
2024,9,B,2,1,2,2,8.061651943503792,335.1333048871939,21.26702626864146,19.945643304543523,0.1512476671971983
2024,9,B,2,2,1,1,6.861459288272094,355.2973637079877,14.532444785439445,23.322533702352192,0.1231959824650888
2024,9,B,2,2,1,2,7.374289861167769,340.9152200837275,14.719058002716292,19.76702706136734,0.11719728352754158
2024,9,B,2,2,2,1,8.118987661932376,461.78098547627684,21.372876885579302,18.14045111003872,0.149844759975854
2024,9,B,2,2,2,2,8.783619985662,394.2721785168193,22.11423035534014,21.680330508722626,0.1569089818312702
2024,9,B,3,0,1,1,5.516236202274669,422.721570571914,13.050458924654993,11.278774947337082,0.091812106490453
2024,9,B,3,0,1,2,6.043185442373017,207.89759688147169,14.263559141590024,17.05802597314664,0.13174179487301532
2024,9,B,3,0,2,1,4.7359665078673086,199.5706807709687,13.65603402258175,14.188925398038034,0.14143808273654404
2024,9,B,3,0,2,2,5.7728995037605975,223.9121746877035,12.63551602027887,14.345654735917515,0.1460151482088795
2024,9,B,3,1,1,1,1.9500031282026205,102.56580848411406,8.357978537900179,14.980443322812581,0.17382060047646827
2024,9,B,3,1,1,2,5.492781019135553,136.35022274187236,18.0698318575662,14.73291273881392,0.1698120863509989
2024,9,B,3,1,2,1,7.1475385670507485,297.28391147283935,18.230162292079694,16.673153356097867,0.132324378901886
2024,9,B,3,1,2,2,7.114669902034429,313.1994964014734,20.71063594326506,17.113986427570346,0.165870305474064
2024,9,B,3,2,1,1,7.173780279601553,225.65603875515203,15.149917789666937,18.955680584291,0.16359418874153198
2024,9,B,3,2,1,2,6.962993543751649,260.73183840974684,18.8129824418507,19.672772758660937,0.1483431883038284
2024,9,B,3,2,2,1,8.17526990668049,395.11128810112416,21.440784814003877,18.937834014008637,0.13605086891352974
2024,9,B,3,2,2,2,7.9060639520099665,404.9953042750637,22.231455830447818,20.53486808681616,0.14459403061015402
2024,9,T,0,0,1,1,7.882096135386408,208.26027537208805,21.312978036904422,20.05174338620588,0.1546342967287176
2024,9,T,0,0,1,2,7.991683802916445,274.9326275568331,21.78283033747856,20.200061821396996,0.14717212655882123
2024,9,T,0,0,2,1,9.17467017976961,375.20675073654724,23.337195517842567,20.027298125305744,0.14517558684438966
2024,9,T,0,0,2,2,9.15739866910336,276.019294543749,23.67785948384018,21.73164941650183,0.14491043781087468
2024,9,T,0,1,1,1,9.64505299765953,231.5612910995408,25.15248144706685,23.30777696540429,0.15346542321631346
2024,9,T,0,1,1,2,8.921719830638244,369.3713335798457,24.86372022526023,23.49942696387471,0.16458239640757302
2024,9,T,0,1,2,1,9.575216929907729,452.9409753671446,24.79501260567406,21.962678171695277,0.1494514293397901
2024,9,T,0,1,2,2,9.740053185471771,330.6883230643696,25.061023054941828,23.15775014909117,0.14914160041938548
2024,9,T,0,2,1,1,10.157777152500636,220.0177822540578,29.04151341919555,26.208209260746873,0.19385780572194872
2024,9,T,0,2,1,2,8.296045484398306,433.5010362047431,25.099305097210177,23.535645993614413,0.16635531352164903
2024,9,T,0,2,2,1,8.920113376957016,491.84430935417186,23.892404825645414,19.61602199438783,0.14413339069426645
2024,9,T,0,2,2,2,9.341052436128082,437.5212522435326,23.664870808561137,23.267755837523904,0.1400784690487309
2024,9,T,1,0,1,1,7.251947110570556,186.15262347810338,18.728369434533274,17.139816237907574,0.14177910875984912
2024,9,T,1,0,1,2,6.901456276074496,280.9852157241022,16.817973287853228,17.120595067717712,0.13944733076510044
2024,9,T,1,0,2,1,8.135473563766453,358.21462415810424,21.409431713625118,17.84693241404767,0.14074745390998353
2024,9,T,1,0,2,2,8.267104534591432,280.78450771589434,20.22796582278418,20.19032930394646,0.13795102566019782
2024,9,T,1,1,1,1,7.819753388456713,220.01160523511885,24.10567543491798,23.507037551968335,0.1384815484765842
2024,9,T,1,1,1,2,7.698757157326565,348.6213186542561,21.876791154439058,21.85192459191494,0.15235705080828377
2024,9,T,1,1,2,1,8.854233718177833,394.04787552489336,23.017126047496696,20.006616060373425,0.14737544544110648
2024,9,T,1,1,2,2,9.197234721423683,326.41667101700017,23.752219270067123,22.287437237814963,0.15497481459717347
2024,9,T,1,2,1,1,8.68129412820163,232.48492706194278,25.357503696162794,23.04542649511548,0.1406026147547977
2024,9,T,1,2,1,2,8.393268875083699,397.16375303013984,25.07083071037057,25.700987453124572,0.16023697840624523
2024,9,T,1,2,2,1,8.8724594715046,482.28758948635266,23.215642700953822,21.158480436806116,0.1478093359094554
2024,9,T,1,2,2,2,9.095066617070875,431.7857702629039,24.375492889898094,23.26939670677269,0.14498297397956975
2024,9,T,2,0,1,1,4.860598810992165,172.2788451508914,14.738419409557347,15.081611468471786,0.12725045682315697
2024,9,T,2,0,1,2,5.817935404840962,217.0257959068912,14.34158286309908,15.022157403303671,0.09887820969411676
2024,9,T,2,0,2,1,7.387375531891985,291.86277837174674,19.248008076517124,17.41007125204394,0.14053013815177667
2024,9,T,2,0,2,2,7.601606790378242,269.01784770880477,19.358458451520402,17.516969447093615,0.13481828302853116
2024,9,T,2,1,1,1,6.941761405751252,180.42448307561665,19.873825150139194,19.7186259426848,0.14955311924132542
2024,9,T,2,1,1,2,6.404513022054619,304.57429478400684,18.09445583170788,16.6993418533016,0.12417668508763963
2024,9,T,2,1,2,1,7.666991620307504,337.19431762042876,19.40577821308136,17.96198576702669,0.1356935859136024
2024,9,T,2,1,2,2,8.574878562397055,311.94423308688266,21.346381709131844,20.73322129456172,0.14624091683902138
2024,9,T,2,2,1,1,8.145730798538189,332.8913026667792,24.42538392983157,22.57928171550443,0.1586289867109719
2024,9,T,2,2,1,2,7.557194183840793,325.8115922095106,22.174827268302483,23.744779331211532,0.1387764654427835
2024,9,T,2,2,2,1,8.913705404885476,456.27667079766405,24.2024800511574,21.78047944946828,0.14345008422134714
2024,9,T,2,2,2,2,9.19289322919432,413.14930060359626,23.789210825973356,22.92477819944565,0.14897830024064757
2024,9,T,3,0,1,1,4.4572921506421945,179.97531957637315,12.417076353548484,14.249914072816267,0.1196404972597441
2024,9,T,3,0,1,2,3.7232278216740755,141.0806470867552,9.535905258282773,11.194927579623815,0.08630888551407279
2024,9,T,3,0,2,1,5.599651531906862,220.38955666181957,15.609127374624864,12.764868921104243,0.16218702304736224
2024,9,T,3,0,2,2,6.703222024508359,191.61540037642317,19.844698069658428,16.439039142838013,0.14080113264293648
2024,9,T,3,1,1,1,5.104045650748642,181.05765195655135,14.123292609983578,15.165937613055892,0.1359082651984826
2024,9,T,3,1,1,2,6.099726938395569,240.37280220237207,17.4613946158767,13.893563996840367,0.16159586001190906
2024,9,T,3,1,2,1,6.6583813102029135,272.97117902573166,18.3037772232492,15.846637106755825,0.14504340122458814
2024,9,T,3,1,2,2,7.283300127648478,285.264815736705,20.12148980451368,18.97500237472439,0.14551350417809025
2024,9,T,3,2,1,1,7.8084808613499765,361.92044438706426,24.599919571131885,20.096686444371233,0.11682568086515019
2024,9,T,3,2,1,2,6.914795858900702,389.3249503961993,20.906251457658325,19.58433454209235,0.16931591879710575
2024,9,T,3,2,2,1,8.61858424098885,418.2845344129573,22.268286245736107,18.593566276644367,0.15389389692665847
2024,9,T,3,2,2,2,8.255120580254996,343.9508000371761,21.302390827123773,21.609368844193746,0.14542659927162196
2024,10,B,0,0,1,1,6.849192127543215,82.20657838640406,25.22249498106799,20.85997014374661,0.06626277107094156
2024,10,B,0,0,1,2,6.055744528471924,290.4453333087824,13.374021315814092,15.896638200842869,0.12575399808870547
2024,10,B,0,0,2,1,10.203185953316959,407.4324439656737,21.352182191045465,22.322814755470937,0.15884050997445945
2024,10,B,0,0,2,2,9.577684729366512,314.24622681270284,23.507290588827495,21.52931368251281,0.15935506926564927
2024,10,B,0,1,1,1,,,,,
2024,10,B,0,1,1,2,6.811508526016832,348.12205489837413,15.861438796780071,15.680500178190178,0.1165236137441678
2024,10,B,0,1,2,1,10.341525179897213,452.38891588973615,25.319266160057346,26.198566089390436,0.14480842071905742
2024,10,B,0,1,2,2,9.659142230301319,350.9373413779197,25.841564064256588,22.679818751158813,0.17069115171586013
2024,10,B,0,2,1,1,,,,,
2024,10,B,0,2,1,2,5.746329990621064,320.762666546467,15.775681148289605,18.255249494468096,0.1005885819812568
2024,10,B,0,2,2,1,8.46225046712631,412.14687330884954,23.507057636150225,16.56204030898854,0.13331109786893125
2024,10,B,0,2,2,2,8.199703145067318,494.52735394364106,23.723160229436395,22.700657645588933,0.1364246585396022
2024,10,B,1,0,1,1,6.069915348119219,351.61208213029306,21.057083593492553,31.441404775285303,0.05536621472823784
2024,10,B,1,0,1,2,6.091210224577706,142.57489783151397,22.7481602592935,15.68611002370675,0.12712916096107385
2024,10,B,1,0,2,1,9.170107533679484,398.3555694042687,23.81037129255754,20.99244919063071,0.14611108003724996
2024,10,B,1,0,2,2,10.08336683093713,339.383564122046,22.050999058965193,22.809267986144572,0.1597525163011098
2024,10,B,1,1,1,1,7.806458864299494,112.07642481806778,23.350009417664054,9.022328974549751,0.09292797318353606
2024,10,B,1,1,1,2,1.6754737638451107,78.050293401114,11.126765055636492,6.867615794679645,0.1113691622488021
2024,10,B,1,1,2,1,10.843383659896077,449.53107219880764,28.359831412089562,26.91232579301355,0.1553484210136213
2024,10,B,1,1,2,2,9.89377542986372,387.20132994166147,23.919465187720913,21.438649795735518,0.13869816818474018
2024,10,B,1,2,1,2,7.952196284675068,406.6600337812901,21.586983969210344,18.833192786923952,0.14096767352048406
2024,10,B,1,2,2,1,9.80584123202874,490.96487858879743,25.294611694840288,23.823326773118307,0.15225408468097285
2024,10,B,1,2,2,2,9.165616316650837,454.46501228621656,24.790576980472284,23.066838910712846,0.13735027714665093
2024,10,B,2,0,1,1,,,,,
2024,10,B,2,0,1,2,6.173550862348169,202.25542019931135,24.011928872264026,17.803355056936134,0.1889074137198785
2024,10,B,2,0,2,1,6.167680789064028,252.41763790422053,19.152726780391543,12.195768088766313,0.1443321687040246
2024,10,B,2,0,2,2,6.581585790239742,177.69901050586049,17.43377591502579,15.918102651038533,0.19224361145370197
2024,10,B,2,1,1,1,,,,,
2024,10,B,2,1,2,1,10.4983009259851,415.25926035972253,25.655888124334137,20.642461300751897,0.1323214751482042
2024,10,B,2,1,2,2,8.186233215433779,239.95061712825387,19.043218491807632,21.462625269104965,0.1510962503182322
2024,10,B,2,2,1,1,,,,,
2024,10,B,2,2,1,2,5.686802377937378,314.4318287384558,19.256894498656344,19.809148199482166,0.13973560699372503
2024,10,B,2,2,2,1,8.18125626050181,501.23482796828097,19.649193914221456,19.329300222198995,0.14060271624571644
2024,10,B,2,2,2,2,8.668511419226048,317.1651046572341,25.733027341792777,20.12501052213038,0.14318473722341143
2024,10,B,3,0,1,1,,,,,
2024,10,B,3,0,1,2,2.452184111494613,123.18901909261243,1.7852227816157817,7.39945911058144,0.1697829083221669
2024,10,B,3,0,2,1,5.1175513629450675,108.4758154086496,15.476191675695192,12.20823060858456,0.13124460391628623
2024,10,B,3,0,2,2,4.249407252782438,178.21254720404045,16.99937903552166,17.051323362495385,0.20589018594062872
2024,10,B,3,1,1,2,3.394624770623894,206.40951294291963,3.9782516817483202,13.22408968977953,0.17134065405890503
2024,10,B,3,1,2,1,7.816300335075704,246.7086254277655,21.426836594189954,15.55298319687747,0.15377285583239225
2024,10,B,3,1,2,2,11.719030067360393,298.21156502963504,21.137451017974538,28.274359335821146,0.16341832456084213
2024,10,B,3,2,1,2,3.771707570849047,323.12658579881673,0.7884947717011255,3.6416706337888396,0.24839954116302213
2024,10,B,3,2,2,1,8.872630877433826,469.74326166431024,22.124144394281995,19.545681854478186,0.16283557561301426
2024,10,B,3,2,2,2,8.632937638174816,375.17323017406034,19.640068363760463,22.16770396150358,0.17281382148828445
2024,10,T,0,0,1,1,9.814520409194733,243.8206058551724,29.314752675247973,24.387156834133513,0.13363851768701768
2024,10,T,0,0,1,2,4.188889070905507,461.6972135573198,14.089771984475318,16.14920200072668,0.09670667233818601
2024,10,T,0,0,2,1,8.483900913740433,392.93507303100665,24.291701027479263,19.5958396157378,0.1538614152879004
2024,10,T,0,0,2,2,8.785773664930176,285.1401488198512,23.307009830356773,21.71196586223649,0.15506376149942017
2024,10,T,0,1,1,1,7.396951432853942,243.632413714801,21.81310696745357,19.0536228468452,0.20875707925977366
2024,10,T,0,1,1,2,3.9297647815225787,476.7939781498923,11.012164558774257,11.663633072789398,0.1278335542433057
2024,10,T,0,1,2,1,8.874138541762003,492.1709396590111,25.505414882174076,20.83219725946485,0.15762688892290633
2024,10,T,0,1,2,2,8.62775387425423,249.1850042678949,23.274133701893415,23.22427175687916,0.15895164126496888
2024,10,T,0,2,1,1,7.732763315199098,259.59667793628546,22.79842892112671,22.66728068351924,0.17069490359182432
2024,10,T,0,2,1,2,4.053313500499741,327.5922416027787,16.201423188385846,20.50508168495475,0.053698216218045935
2024,10,T,0,2,2,1,7.221147511735473,499.009332585624,22.453170114732373,17.203760969927767,0.14819331640055042
2024,10,T,0,2,2,2,8.581601247119476,258.00730964024297,21.540273757138756,22.137720286626504,0.15271733142257557
2024,10,T,1,0,1,1,5.541671688218281,188.86450367922484,18.185634246560298,20.006961545063923,0.0873566246295418
2024,10,T,1,0,1,2,7.4268338543419725,302.00599191075673,14.501680716661777,16.720686457608927,0.05539507754906265
2024,10,T,1,0,2,1,8.028978771598064,452.65109088379086,24.48215632167448,18.884236978282612,0.1558924782418337
2024,10,T,1,0,2,2,7.027517244175518,264.6172964907833,20.95176222996736,21.456086140004565,0.14282125782069888
2024,10,T,1,1,1,1,5.090717721173186,252.2438885285429,20.883019767484935,17.997929345228393,0.05481233156568583
2024,10,T,1,1,1,2,5.20592972484262,165.66363190714696,9.467058591083083,8.896686751070122,0.11348414015476646
2024,10,T,1,1,2,1,8.330604566190168,421.1007313887385,23.07778685090466,17.43094475688584,0.14158992798264472
2024,10,T,1,1,2,2,9.237038936190674,300.276173811583,25.12681386521596,24.62993779645945,0.1624421792706153
2024,10,T,1,2,1,1,9.833604769700003,184.6344570104819,31.58032040647396,28.03835966719721,0.11784102136164447
2024,10,T,1,2,1,2,1.5757631484458485,305.3482625626024,5.469921958127009,12.957838962381036,0.06561742733451224
2024,10,T,1,2,2,1,7.577713114504881,479.8800052999802,23.906067655785918,21.479450523248996,0.13746128513978295
2024,10,T,1,2,2,2,9.297222364305807,444.12739343180584,24.052798207728642,26.4595994705587,0.13986850435298015
2024,10,T,2,0,1,1,1.6015968593875507,451.07048678671043,5.182032045925613,6.110604670979788,0.049419692937127814
2024,10,T,2,0,1,2,9.170704698476925,509.97599115873413,7.672660307655138,25.745046210144974,0.11955855340236714
2024,10,T,2,0,2,1,8.09185650227493,389.84955815367243,23.62792031006352,17.89660746178641,0.11872343667334731
2024,10,T,2,0,2,2,5.105405952538685,150.51393050989074,16.52192764297033,16.8019282774588,0.1136575124615583
2024,10,T,2,1,1,1,,,,,
2024,10,T,2,1,1,2,7.445438218578303,247.65115751125947,15.233214654792992,18.226922210144714,0.12814078377576232
2024,10,T,2,1,2,1,9.326926455796036,401.1146402077993,25.495483073248927,18.893154747586706,0.14218497279611605
2024,10,T,2,1,2,2,6.843477912687482,265.65141625494556,19.7514555583829,19.120453042468277,0.16431323215237525
2024,10,T,2,2,1,1,11.899416960506917,195.1971572538903,27.446498574059195,22.378719389541335,0.09458427472365574
2024,10,T,2,2,1,2,9.878294562659413,424.97221545257133,17.8369278430732,20.160792910862078,0.048987103064650206
2024,10,T,2,2,2,1,8.2723766500733,537.4290366886394,24.20262306680448,22.670988087028448,0.15443522576012747
2024,10,T,2,2,2,2,9.504889244628421,475.3477876933753,26.24545202115589,24.58790675647071,0.15634002797421903
2024,10,T,3,0,1,1,4.3571919856715,116.17057308113787,7.654430906344379,2.6131838205530045,0.05815953275259364
2024,10,T,3,0,1,2,,,,,
2024,10,T,3,0,2,1,3.3821649154279134,199.52586216510198,11.077989811015108,9.62283230593291,0.14421187247808814
2024,10,T,3,0,2,2,5.373513561907141,160.70690766000973,10.772781948892908,12.431191748983684,0.13801834846316627
2024,10,T,3,1,1,1,,,,,
2024,10,T,3,1,1,2,6.69644358347524,302.0891010253983,14.854203577298694,19.325146095609906,0.01160942828049682
2024,10,T,3,1,2,1,6.240816401639645,306.62352376221736,17.458741549406543,15.632555342117262,0.1466571056091079
2024,10,T,3,1,2,2,6.416800214487517,404.6442678306899,21.690021008886923,20.046073839143958,0.17360940821026272
2024,10,T,3,2,1,1,,,,,
2024,10,T,3,2,1,2,2.425629052431544,449.0981516884701,13.881614716127226,16.64167192736355,0.20024557972649487
2024,10,T,3,2,2,1,8.265484745429212,481.69446668095964,19.269317619621106,13.86214363654685,0.17578149877446153
2024,10,T,3,2,2,2,8.157203186365773,480.1799920888537,24.52029484887276,19.160904996492828,0.15376333303636347
2024,11,B,0,0,1,1,5.847069317407148,130.65908282380883,19.13164440089863,16.183218549583696,0.13022656785633654
2024,11,B,0,0,1,2,6.666476905632625,172.3771447533963,20.45288589026008,16.46026272704459,0.15701777701903696
2024,11,B,0,0,2,1,7.855806345517082,421.064567263074,19.91313259547021,14.77515203395502,0.16181589517304962
2024,11,B,0,0,2,2,9.3370294807557,331.476842797107,21.103198313018726,19.231021928840413,0.1587479266452198
2024,11,B,0,1,1,1,11.580535289153667,186.77303347467844,42.970665678838394,26.142085804232092,0.15210256679293752
2024,11,B,0,1,1,2,,,,,
2024,11,B,0,1,2,1,10.43246812687112,431.3099450068571,22.44032160584238,12.152614860851218,0.17563349337857984
2024,11,B,0,1,2,2,10.381464672492612,452.6319478787709,19.80265990049179,17.932211129768014,0.13359677462551597
2024,11,B,0,2,1,1,8.95267895660288,288.19551080820105,40.96326151956165,14.606280514901801,0.1280570380728837
2024,11,B,0,2,2,1,7.320936652277944,476.39786706771343,28.52698794643416,17.918557696282367,0.1695540094974657
2024,11,B,0,2,2,2,10.802133138104406,496.26080735579365,26.656128652502936,15.508422917482616,0.1025397843854676
2024,11,B,1,0,1,1,6.189294055444603,188.7439472507914,17.337235830404094,22.6774268301994,0.09720352937938788
2024,11,B,1,0,1,2,,,,,
2024,11,B,1,0,2,1,7.639643134445149,342.0018164256202,20.491971578062785,18.725802492326615,0.15321971589088898
2024,11,B,1,0,2,2,6.682584122549084,596.2987223831711,19.218980144445293,16.981460318948162,0.16666690024690595
2024,11,B,1,1,1,1,9.03221123904145,117.43556282773385,28.19677215836356,15.8315831857293,0.14691372494313343
2024,11,B,1,1,1,2,,,,,
2024,11,B,1,1,2,1,8.526271318077654,486.72950501618993,21.672597915108692,18.14240307593686,0.19882299208883744
2024,11,B,1,1,2,2,10.472689864406723,501.61203857353473,21.664514193648525,18.70421937625675,0.1467491519714776
2024,11,B,1,2,1,1,2.0854246569943506,100.31446871380695,23.079540506763415,8.881546755492536,0.11859874746387485
2024,11,B,1,2,1,2,,,,,
2024,11,B,1,2,2,1,9.41957878910212,764.036663276226,21.832006367531207,14.815911695339661,0.11898479359317413
2024,11,B,1,2,2,2,11.177930047323475,532.7449868995036,22.342294049865753,16.163629893030127,0.10449398060585659
2024,11,B,2,0,1,1,,,,,
2024,11,B,2,0,1,2,,,,,
2024,11,B,2,0,2,1,5.505892272310236,217.63376021180315,16.562256076688993,20.203127431804074,0.14995108954970243
2024,11,B,2,0,2,2,2.9311531860344693,31.40876045521914,7.409483856742882,8.755944770459285,0.4339172590483121
2024,11,B,2,1,1,1,6.234471054815582,160.73955051573336,19.45259729093607,14.924595240519366,0.10102307607670635
2024,11,B,2,1,1,2,,,,,
2024,11,B,2,1,2,1,7.432222246051711,353.9679767077226,17.404425185924023,16.68764579763143,0.1492979840763589
2024,11,B,2,1,2,2,5.656607118309448,489.7954230592791,18.597574681262916,21.42607975000468,0.23884711715231083
2024,11,B,2,2,1,2,7.186621482541929,213.1372488953226,19.483339111918166,20.48343297423554,0.014653137036143531
2024,11,B,2,2,2,1,7.5133773884287445,547.3017113266033,22.927780563817585,19.865087952322884,0.14861845337257798
2024,11,B,2,2,2,2,6.762663325199615,513.8310100309678,16.136862668824445,20.28253542996481,0.1868375799324109
2024,11,B,3,0,2,1,,,,,
2024,11,B,3,0,2,2,,,,,
2024,11,B,3,1,1,1,,,,,
2024,11,B,3,1,2,1,8.256944911276621,439.6805988442065,15.411970060122332,18.74444257189981,0.111287607568023
2024,11,B,3,1,2,2,6.793674668395604,368.21489946316217,20.4967784034142,22.1584925975347,0.22909931439588951
2024,11,B,3,2,1,2,,,,,
2024,11,B,3,2,2,1,5.975511507892226,531.9479761199353,19.28877358752149,17.81650274985847,0.13746488948437843
2024,11,B,3,2,2,2,8.665975940423554,168.49430227755468,20.67564186484505,19.01500597168808,0.3077856163522483
2024,11,T,0,0,1,1,11.442133819062484,605.5177507169657,9.618945184547696,12.815386559913048,0.0739339342476331
2024,11,T,0,0,1,2,6.7232845445263205,129.50047295923943,14.804429053687501,12.314305664131725,0.04674214233430043
2024,11,T,0,0,2,1,9.39854254326697,421.2802831397925,24.103972224208288,20.37957231278047,0.134139962208275
2024,11,T,0,0,2,2,9.415807109010057,328.97244984329546,25.888092084539327,20.888522448348574,0.12499191734423827
2024,11,T,0,1,1,1,3.609780117957318,348.77334875245253,18.68996359761035,21.741553622499016,0.09312596308226825
2024,11,T,0,1,1,2,4.914392129246502,137.9777462129311,5.000729867229383,5.8998868501861965,0.08738425601903356
2024,11,T,0,1,2,1,8.649468596393662,538.1416305672434,26.419171253580082,18.609208894425073,0.1307033690995311
2024,11,T,0,1,2,2,8.979570810402043,284.1133229691939,23.001604571954562,20.86124767413195,0.1460682074826522
2024,11,T,0,2,1,1,,,,,
2024,11,T,0,2,2,1,8.907917670857156,738.5289195866238,37.84260986380532,23.720828188671735,0.13166436950747995
2024,11,T,0,2,2,2,8.177973743877855,317.6911502889714,21.051694840396056,20.63834770125351,0.13800223843001938
2024,11,T,1,0,1,1,,,,,
2024,11,T,1,0,1,2,6.4964902319124205,120.67670957286369,24.854704149583704,24.031595388571272,0.11217558305323554
2024,11,T,1,0,2,1,9.689892348386548,474.99272018839224,19.420006336331667,22.855622496911003,0.12780758276817328
2024,11,T,1,0,2,2,11.199862095579565,476.7363003088411,23.798564950906986,25.735209806025257,0.12849891290770338
2024,11,T,1,1,1,1,,,,,
2024,11,T,1,1,1,2,2.341542725071086,455.020612097225,8.028342837929465,11.920126788475587,0.08515914591712005
2024,11,T,1,1,2,1,8.69100730359021,393.18170079453415,21.34154989518112,22.806589642372998,0.13651479241659115
2024,11,T,1,1,2,2,8.25536737482551,532.3861753948539,20.619745097873217,22.044647298363234,0.15081998831609383
2024,11,T,1,2,1,1,11.528668960465483,130.42584578985856,32.33111406687063,20.517905337655694,0.11877272603590436
2024,11,T,1,2,1,2,,,,,
2024,11,T,1,2,2,1,7.670902675996837,489.2246781925614,19.86326887709186,14.679720881159097,0.14272047512479125
2024,11,T,1,2,2,2,9.799562711265017,571.3865295664019,26.425494084688015,21.699122759224196,0.11021616969596881
2024,11,T,2,0,1,2,,,,,
2024,11,T,2,0,2,1,10.886889557322299,230.8515149133264,24.337399317958727,23.979421838447692,0.1319716790998904
2024,11,T,2,0,2,2,9.16829551831261,318.9769086052051,21.782924015496377,21.267488098096273,0.1241071601703768
2024,11,T,2,1,1,2,0.07778174593049973,103.19516364636495,3.698734151030592,3.5003199882296467,0.03910300499961601
2024,11,T,2,1,2,1,7.322516939777828,320.50928911395573,15.323251468697972,17.34258896287263,0.12098104445813741
2024,11,T,2,1,2,2,9.755542437178455,239.6375761035176,21.8213583241811,24.984906215892085,0.12636501347591908
2024,11,T,2,2,1,1,,,,,
2024,11,T,2,2,1,2,,,,,
2024,11,T,2,2,2,1,8.133796289029407,379.28877530119524,16.256024024113998,18.46056045942655,0.11361477195737547
2024,11,T,2,2,2,2,8.736331894021646,593.7643217879044,26.26088005996673,12.811741833542126,0.11550979726845689
2024,11,T,3,0,1,2,,,,,
2024,11,T,3,0,2,1,13.741648466129034,210.59087099555563,26.210161385615315,28.72889069205422,0.15519218336200655
2024,11,T,3,0,2,2,1.3559464591199761,102.20731906277553,11.549507210699513,15.50221405083803,0.09166157881031729
2024,11,T,3,1,1,2,0.6010407640085513,86.55694108504518,0.8261835631383622,5.758677625983243,0.006866006845321453
2024,11,T,3,1,2,1,8.416849549168223,497.55857654197484,26.819111255808394,23.67849713824157,0.1147612872340627
2024,11,T,3,1,2,2,3.839939465668696,323.46920319663604,16.828896316801846,25.136126028387906,0.16428926109152717
2024,11,T,3,2,1,2,8.71509107812419,162.66284394415337,27.156365220791237,14.244029710899932,0.16573168737450295
2024,11,T,3,2,2,1,8.099689440254574,376.0277557093486,17.175411917683235,22.5516948905905,0.1259029492373656
2024,11,T,3,2,2,2,9.977192579411634,581.4391467799245,26.445315607242556,17.57031662781484,0.15330501722600828
2024,12,B,0,0,1,1,0.7162991693419865,92.18551106329012,7.23250029001036,2.728300804530177,0.01305319118070369
2024,12,B,0,0,1,2,,,,,
2024,12,B,0,0,2,1,10.731694274437752,489.66242828921963,20.466459332031867,15.754443822109366,0.2009516347236201
2024,12,B,0,0,2,2,9.972686005891365,260.9632773307719,23.394458959551617,18.643454413394792,0.21449853336716934
2024,12,B,0,1,1,1,,,,,
2024,12,B,0,1,2,1,10.022909322037076,609.3508831147927,21.658176675610168,18.12483020394797,0.19361087185382952
2024,12,B,0,1,2,2,11.210747555040975,566.0638140854625,23.548381874729635,23.426249497270813,0.1846615367509923
2024,12,B,0,2,2,1,8.80795959629698,640.5546056543502,16.32864817082745,8.76190525033416,0.12971569639664535
2024,12,B,0,2,2,2,4.385000000000014,123.12560944011598,14.27316224119005,20.728842444044002,0.3389628289847329
2024,12,B,1,0,2,1,13.18259421737618,480.84894438898374,28.752657277928243,21.129332781112613,0.27421326289951775
2024,12,B,1,0,2,2,11.997153021406689,449.30628636450956,19.886818240434927,18.602801452815033,0.14211201552698793
2024,12,B,1,1,1,1,,,,,
2024,12,B,1,1,2,1,8.796570987768888,590.6808031133792,20.48186357678654,23.95324042662525,0.196917244522861
2024,12,B,1,1,2,2,10.559515278131414,609.5818906218288,19.714206930897383,17.73983896736041,0.19169050149560438
2024,12,B,1,2,1,1,0.245366053071748,21.587970029625197,3.2712173911252065,4.343544824794606,0.00727612877840951
2024,12,B,1,2,2,1,6.845105216362775,623.7626901499297,15.25818314747608,16.70002665022056,0.25514039770994673
2024,12,B,1,2,2,2,7.191298995181275,73.0059017836099,24.32882740614712,17.212978551745692,0.22467746436889943
2024,12,B,2,0,2,1,,,,,
2024,12,B,2,0,2,2,11.928891398617054,33.23401871576773,16.477921454024475,28.184498480636478,0.18734087060756394
2024,12,B,2,1,2,1,8.908561069742603,584.8242115371081,23.05127776856054,21.60348522491992,0.27252861354360564
2024,12,B,2,1,2,2,9.295941410099358,450.51940069213447,27.91266230972961,20.095790909043615,0.11994944864400162
2024,12,B,2,2,2,1,7.850022881373991,209.26936364863505,12.667929350585618,30.143686138970494,0.19575471619934398
2024,12,B,2,2,2,2,9.653883931696424,694.5545839975429,22.515020660594562,17.69267951322429,0.1283718635449373
2024,12,B,3,0,2,1,,,,,
2024,12,B,3,0,2,2,1.0062129496284584,221.40220425732016,5.195679206802511,12.17722730016977,0.09782822317715884
2024,12,B,3,1,2,1,,,,,
2024,12,B,3,1,2,2,1.9106025227660501,20.65458907845908,9.371993277846501,2.380262846830156,0.12212441217872856
2024,12,B,3,2,2,1,2.268262683200523,81.21903734141797,5.4787275148219114,8.165999550677594,0.2305408319076399
2024,12,B,3,2,2,2,12.561751967779012,100.87585340407277,44.11511928602256,15.8510712925026,0.055974572798727106
2024,12,T,0,0,1,1,8.137472522506318,250.9514911437521,18.740877703410312,23.225473741468363,0.16558226797357475
2024,12,T,0,0,1,2,12.441477544889919,265.70259446000483,31.99495545355983,25.120458575719603,0.2025654618745369
2024,12,T,0,0,2,1,8.421665129625817,377.41195950376374,14.855218539238301,14.902426331824543,0.1452700206129568
2024,12,T,0,0,2,2,9.471326367616353,321.1501798476695,21.35538199072119,27.6038290603608,0.10648265869547557
2024,12,T,0,1,1,1,12.451523660446814,208.39046619267398,43.57267481987994,34.4532278540439,0.14625479584159506
2024,12,T,0,1,1,2,1.108743432900505,16.015968593875527,15.03683783396629,13.7181543977315,0.025123503935558077
2024,12,T,0,1,2,1,11.148082817238127,341.4174750214171,24.284633676282827,22.568105982669437,0.11147846582572418
2024,12,T,0,1,2,2,8.662618290266341,381.0941699895184,24.640611423536438,32.39273665034174,0.10875815381583377
2024,12,T,0,2,1,1,,,,,
2024,12,T,0,2,1,2,3.101339280590454,423.0451641330194,7.93115853727142,3.5490639427882957,0.06312921457877753
2024,12,T,0,2,2,1,7.235069200314073,396.17572872821665,26.714647864483137,14.88474511784912,0.11727698538076435
2024,12,T,0,2,2,2,7.581036789880646,469.6850989049293,21.358976392820132,6.576921585361952,0.0637530291343833
2024,12,T,1,0,1,1,8.885749640107287,280.96537228811655,22.44183857003105,24.263624842549806,0.2105598247529666
2024,12,T,1,0,1,2,13.322730093447705,389.54096612612676,32.64610999449063,26.812301817813477,0.23055812282372526
2024,12,T,1,0,2,1,7.463014525613878,262.1301476911259,14.143525530432644,19.74009563865721,0.1228427337231284
2024,12,T,1,0,2,2,12.42347867279263,719.3646061807401,19.195248156658835,33.376454835707165,0.19468025138917502
2024,12,T,1,1,1,1,11.760337950076098,207.28338481412356,19.933592645005067,26.80929005164068,0.23875767918540333
2024,12,T,1,1,1,2,8.429510918987726,723.9502153610656,21.78134131253935,11.681774155210043,0.020986577456396583
2024,12,T,1,1,2,1,8.002591761720815,276.0831774682267,18.47352825593577,20.957852872667587,0.1427410631011206
2024,12,T,1,1,2,2,10.79660399230548,479.4915289519374,18.792846724582912,32.98427562998264,0.1436451701125613
2024,12,T,1,2,1,1,,,,,
2024,12,T,1,2,1,2,,,,,
2024,12,T,1,2,2,1,9.781019986798045,262.0667956838484,29.25690806132069,25.770002775971356,0.13056267742243288
2024,12,T,1,2,2,2,2.91945162088134,439.7464163090664,6.06826963235814,25.270133810937107,0.05856133627801424
2024,12,T,2,0,1,1,17.534126853082807,222.77399141282177,28.728263595368933,44.3457068073675,0.2832033369330242
2024,12,T,2,0,1,2,6.323610308465687,237.27595762459111,17.240628403570444,10.143780374651586,0.23155181112082304
2024,12,T,2,0,2,1,2.3460863155476677,438.1567981137955,8.054724506151654,21.596361745210697,0.14250054362469408
2024,12,T,2,0,2,2,,,,,
2024,12,T,2,1,1,1,9.288268415946359,262.10049291572625,20.396211631452545,25.372303123268097,0.21053386952380526
2024,12,T,2,1,1,2,6.271272095835103,370.0728912390096,19.927455856506118,17.80962155894953,0.20057121932121771
2024,12,T,2,1,2,1,6.60708549210619,272.0855281340778,16.38355013548651,15.73615043417544,0.16356448844416083
2024,12,T,2,1,2,2,,,,,
2024,12,T,2,2,1,1,10.299010267982048,24.607315985291983,40.4236683348382,51.57969202161836,0.031833947289018415
2024,12,T,2,2,1,2,8.848224845508076,412.2671200710369,15.982571547861127,17.523056752818558,0.06292829437807233
2024,12,T,2,2,2,1,8.938529473177176,239.7415715634531,16.65631473199965,23.66162257462719,0.0544845162146352
2024,12,T,2,2,2,2,3.290220002775903,165.4796105264938,10.069099143212034,3.7306487983548746,0.03153432983802467
2024,12,T,3,0,2,1,,,,,
2024,12,T,3,1,1,1,2.9276807089116277,158.375203551566,8.487804368622074,24.904363918866377,0.19660397359497422
2024,12,T,3,1,1,2,11.411289234788498,291.0805064754422,11.607157813177178,8.734677935963065,0.03193294223838447
2024,12,T,3,1,2,1,11.493313621406157,553.1484217188004,20.000091041792786,15.76791553503506,0.11760599984694652
2024,12,T,3,1,2,2,,,,,
2024,12,T,3,2,1,1,0.728717595048544,88.53110018518926,3.5625749288026656,0.43496485298623205,0.01734068722206047
2024,12,T,3,2,1,2,3.381346211200508,240.6389826482817,16.061002302316005,16.38247346455962,0.07949687113339746
2024,12,T,3,2,2,1,8.70015645453192,496.18217934544947,37.296558257699864,12.297362606808557,0.16713275003222242
2024,12,T,3,2,2,2,6.60640057570434,544.7308489673286,17.690447087020345,22.878273641841947,0.21145812802223204
2024,13,B,0,0,2,1,0.6363961030678968,46.22357028616453,6.598013375251675,1.8402453980379894,0.0388979440330719
2024,13,B,0,0,2,2,15.304462773975434,625.8123298002366,32.66060588833282,23.325660158975136,0.06230920574040402
2024,13,B,0,1,2,1,0.9948992411294648,106.68827114542613,3.506966791972801,7.750031743160799,0.002375878784786899
2024,13,B,0,1,2,2,4.802669257819032,835.9699209899838,36.4285150211342,23.585475975799174,0.08548920984545368
2024,13,B,0,2,2,1,,,,,
2024,13,B,1,0,2,2,16.259213326603472,282.97706276304467,56.323529995242666,17.100528974859227,0.04815397179880376
2024,13,B,1,1,2,1,,,,,
2024,13,B,1,1,2,2,13.823937572197007,473.1251472919192,51.504102306709505,12.956388262359228,0.0036274577874871234
2024,13,B,1,2,2,1,,,,,
2024,13,B,1,2,2,2,,,,,
2024,13,B,2,0,2,2,,,,,
2024,13,B,2,1,2,1,,,,,
2024,13,B,2,1,2,2,,,,,
2024,13,B,2,2,2,1,,,,,
2024,13,B,2,2,2,2,20.35477580323596,387.0985362927638,62.56502013142008,23.590072169876887,0.17005210980755295
2024,13,B,3,0,2,2,,,,,
2024,13,B,3,1,2,1,,,,,
2024,13,B,3,2,2,1,0.6710443353460273,14.778531726798827,7.16645651664754,1.7003089660411719,0.007368052659963736
2024,13,B,3,2,2,2,,,,,
2024,13,T,0,0,1,2,0.880636890740634,10.681499582611846,1.7902480759194588,2.1783295717896607,0.02376452468140979
2024,13,T,0,0,2,1,0.053740115370183,26.120524497031106,2.5489078141431514,5.862127348070835,0.07646652731751326
2024,13,T,0,0,2,2,8.145520384440339,48.5667801417114,20.011734591817206,8.949100988926205,0.09569377322131943
2024,13,T,0,1,1,2,,,,,
2024,13,T,0,1,2,2,0.04666904755831391,9.008540392316622,3.001668286136894,4.994153774164348,0.03169959700059303
2024,13,T,0,2,2,2,,,,,
2024,13,T,1,0,1,2,0.6413458505361961,53.01886645336751,2.3403820243712317,1.1440987719598354,0.05089047504199573
2024,13,T,1,0,2,2,,,,,
2024,13,T,1,1,1,2,6.034449270645996,306.184307321587,11.60185451231828,9.22272303633802,0.11383712070322226
2024,13,T,1,1,2,2,17.413211593499934,355.5686449196552,32.04770566897106,21.71136016294235,0.21455033954762226
2024,13,T,1,2,1,2,4.730544366138001,41.88900571749108,21.373221700178938,23.55796952201102,0.0518097138575383
2024,13,T,1,2,2,2,,,,,
2024,13,T,2,0,1,2,,,,,
2024,13,T,2,1,1,2,,,,,
2024,13,T,2,2,2,2,,,,,
2024,13,T,3,1,1,2,,,,,
2024,13,T,3,2,2,2,,,,,
