match_season,inning,top_bottom,balls_before,strikes_before,pitcher_hand,batter_hand,speed_gap_fast_break,spin_gap_fast_break,ivb_gap_fast_break,hbreak_gap_fast_break
2019,1,B,0,0,1,1,14.378892058807438,-59.360358600904874,43.86898956550254,-30.472427053889444
2019,1,B,0,0,1,2,18.153607977740833,-33.23714242431288,49.830006387893924,-33.036793258178626
2019,1,B,0,0,2,1,19.646244883443487,-57.2724433405192,46.15937007905883,40.83895152945851
2019,1,B,0,0,2,2,16.389902339696704,-25.8583463282539,41.06665015395555,35.15018791673389
2019,1,B,0,1,1,1,16.010180845892066,-62.990578512396496,47.55226451482742,-34.776858372630045
2019,1,B,0,1,1,2,18.157323017408117,-84.2987185410334,51.528470611218566,-33.62368510894584
2019,1,B,0,1,2,1,19.160347197376254,-51.49852099109876,49.874612021715365,40.26895707939774
2019,1,B,0,1,2,2,16.932183837238583,-44.17631349929161,42.437996670319976,39.65707255053918
2019,1,B,0,2,1,1,11.893009090909104,-41.36634032633992,44.636548218181815,-29.96424515909091
2019,1,B,0,2,1,2,14.151330769230782,-164.66253333333316,49.24954221025641,-30.77348815948718
2019,1,B,0,2,2,1,15.451932098765411,-111.17885640025997,48.242579401956064,38.656288993088026
2019,1,B,0,2,2,2,14.508960648148161,-24.742916269840862,42.81753904166666,34.06570534027777
2019,1,B,1,0,1,1,11.192816659510498,-30.978422785172825,37.224247521110634,-27.957684411678834
2019,1,B,1,0,1,2,13.897224532559633,27.108805609284445,36.211190860090255,-28.438220129654255
2019,1,B,1,0,2,1,16.49798416795275,-32.879620030866135,36.01460184798574,34.41327207208238
2019,1,B,1,0,2,2,14.696139194139192,-4.060861875350838,37.24526350620957,32.967453126997114
2019,1,B,1,1,1,1,12.037673121993322,-111.64194214875988,40.2930118771062,-26.313379229678056
2019,1,B,1,1,1,2,15.935434597523226,-138.45756191950477,46.412293435758514,-31.443179589783284
2019,1,B,1,1,2,1,18.40312304158806,-17.26130051620885,44.44719041497826,39.344837476835366
2019,1,B,1,1,2,2,14.992582012910802,-32.78043377284985,42.506722241710676,37.523914297131746
2019,1,B,1,2,1,1,10.74883774519138,-130.86327556655897,41.95355833745953,-27.218131475528473
2019,1,B,1,2,1,2,15.828089217759015,-169.9655038759688,49.45065657632136,-36.58269481860465
2019,1,B,1,2,2,1,15.916211678832127,-108.50246571554908,50.59969534671533,37.956092958394166
2019,1,B,1,2,2,2,16.510713940648714,-45.694160662525974,46.68936837006424,36.92757884347479
2019,1,B,2,0,1,1,13.237692307692313,-44.45754147812977,39.963442639517346,-24.15040954147813
2019,1,B,2,0,1,2,11.215511794871787,-60.96723076923081,36.85447587692308,-26.665490061538463
2019,1,B,2,0,2,1,14.935797840281268,24.76311760063163,34.373082081868404,30.885843802360622
2019,1,B,2,0,2,2,13.95186553030301,44.41857954545458,33.30015256628788,36.84026809375
2019,1,B,2,1,1,1,10.315596562184012,-79.69056622851394,37.958781343781595,-27.63740481263903
2019,1,B,2,1,1,2,11.36330000000001,-140.46875,40.084941125,-30.8300964
2019,1,B,2,1,2,1,16.228204444444458,-90.69152471655298,37.26735382222222,38.026749572844444
2019,1,B,2,1,2,2,12.469816245816872,-11.003929865125428,32.71175462077882,32.62401127365379
2019,1,B,2,2,1,1,12.717953409090882,-61.54811363636372,40.419864045454545,-30.687866682954546
2019,1,B,2,2,1,2,16.949371005005773,-128.48903694968521,51.73602532537544,-35.551285548729304
2019,1,B,2,2,2,1,16.259188028710597,-67.07492032646724,47.70160041997778,38.80258651149278
2019,1,B,2,2,2,2,14.337634515699023,-87.34895428833534,41.82668644306872,35.8422690617928
2019,1,B,3,0,1,1,,,,
2019,1,B,3,0,1,2,,,,
2019,1,B,3,0,2,1,,,,
2019,1,B,3,0,2,2,,,,
2019,1,B,3,1,1,1,,,,
2019,1,B,3,1,1,2,,,,
2019,1,B,3,1,2,1,,,,
2019,1,B,3,1,2,2,11.593136524822683,5.382854609928927,35.504903058510635,30.236614608244683
2019,1,B,3,2,1,1,12.71460724043716,-107.82749821810421,47.40513426161202,-27.225997879781417
2019,1,B,3,2,1,2,14.066582995951421,-76.59182631579006,41.715936882591095,-30.178221091093118
2019,1,B,3,2,2,1,14.348704545454524,-69.14503679717382,32.15667095512083,31.2259013495397
2019,1,B,3,2,2,2,15.306844547996292,-15.661107227208504,37.05284303634669,33.63295311230196
2019,1,T,0,0,1,1,13.419989533568014,-52.74179748313463,41.32724062547146,-31.53582776819839
2019,1,T,0,0,1,2,15.298165847665842,-103.82488943488943,42.86543048402948,-34.810510955036854
2019,1,T,0,0,2,1,17.286708867902107,-58.645573770491865,43.43172598213946,39.276158696982655
2019,1,T,0,0,2,2,16.610454434380813,-16.738904428904334,39.745121310603444,36.33130168368468
2019,1,T,0,1,1,1,16.288944490131584,-100.28550042229745,47.27528104720395,-31.98119560779194
2019,1,T,0,1,1,2,16.852061511183862,-70.16426895799214,48.99355326104747,-35.048059825422804
2019,1,T,0,1,2,1,18.10017988370656,-72.42125325479174,48.330522797150394,39.67000520013197
2019,1,T,0,1,2,2,16.846059155956624,-80.53508238993709,45.01718951335339,40.42048877868927
2019,1,T,0,2,1,1,15.16070760869566,-152.07707608695682,48.86253794565218,-34.778294107608694
2019,1,T,0,2,1,2,17.526158653846153,-215.626699751861,58.71686536538461,-39.58017946634615
2019,1,T,0,2,2,1,16.042209541062803,-127.71353260869591,51.55103636292271,38.57889898248793
2019,1,T,0,2,2,2,16.01492289318962,-51.277036942675295,45.87958694935081,38.461767054005385
2019,1,T,1,0,1,1,11.590310156534414,-34.99875239188668,38.80999143720422,-31.396721803094287
2019,1,T,1,0,1,2,15.149881609195418,-23.586197318007635,38.55093881609196,-32.6772515335249
2019,1,T,1,0,2,1,15.763017623684306,-12.955240435240285,40.19865450850851,34.93513027448661
2019,1,T,1,0,2,2,14.843616297544528,-7.964980880720304,34.35925234833894,34.07947537698604
2019,1,T,1,1,1,1,13.577733429187631,-94.19918044572296,45.810725891732574,-32.738058160805174
2019,1,T,1,1,1,2,18.924673689212753,-126.45894295842754,50.040166056740055,-36.57891163733565
2019,1,T,1,1,2,1,18.66836928784913,-44.028290421600104,45.30562494185303,38.82109661043182
2019,1,T,1,1,2,2,16.51521481481484,-38.957924038687906,39.47059660246914,37.66344016049382
2019,1,T,1,2,1,1,14.404170169491522,-108.29924285714333,47.1353608079096,-26.788066159322035
2019,1,T,1,2,1,2,16.129099033816445,-54.44506280193218,45.06443955314009,-33.82223787487923
2019,1,T,1,2,2,1,15.967494056847514,-119.02493783095906,45.26014659195521,39.21990111714682
2019,1,T,1,2,2,2,15.13669448244417,-91.8993080871569,42.60138948890408,38.97090445814973
2019,1,T,2,0,1,1,,,,
2019,1,T,2,0,1,2,12.79246212121214,1.4874242424243675,26.0478053030303,-30.8552033030303
2019,1,T,2,0,2,1,12.384271983640076,-147.6066073619627,33.2818631545428,33.67025326497226
2019,1,T,2,0,2,2,13.030822314049573,-48.83590650826409,28.89993745506198,29.134656734690083
2019,1,T,2,1,1,1,11.071645454545433,-42.486181818182104,34.41984312121211,-29.527345473636363
2019,1,T,2,1,1,2,18.10393961952026,76.22365591397875,37.57820904052937,-29.460174444995864
2019,1,T,2,1,2,1,13.426111319340322,-49.97785685645522,33.84510757308846,32.93518741731634
2019,1,T,2,1,2,2,14.96478578629032,-25.839276209677337,34.83974481078629,35.697819460584675
2019,1,T,2,2,1,1,12.923044303797482,-120.35986990154697,41.67171963006329,-30.707515348101268
2019,1,T,2,2,1,2,15.52687784308715,-118.58503350308229,49.95189404804498,-34.26249916381293
2019,1,T,2,2,2,1,17.028468515037602,-63.84702425876003,47.66128206212406,39.95786544492481
2019,1,T,2,2,2,2,15.68882919768403,-75.95439205955336,40.14010770802316,39.65324561000827
2019,1,T,3,0,1,1,,,,
2019,1,T,3,0,1,2,,,,
2019,1,T,3,0,2,1,,,,
2019,1,T,3,0,2,2,,,,
2019,1,T,3,1,1,1,11.701585714285727,7.408285714285739,32.685294757142856,-25.473048062857146
2019,1,T,3,1,1,2,,,,
2019,1,T,3,1,2,1,14.618444094488197,-30.744514435695237,32.23247940157481,31.306005259842518
2019,1,T,3,1,2,2,12.18261617458279,-109.48137355584095,33.36573304878049,35.50851702567394
2019,1,T,3,2,1,1,14.332508398656216,11.982102628285247,41.76578477379619,-33.97288193729003
2019,1,T,3,2,1,2,11.254686111111113,-48.79694444444431,42.60466793611111,-28.900694665555555
2019,1,T,3,2,2,1,13.528384361233492,-88.76015023155969,33.167092703744494,37.16653893301705
2019,1,T,3,2,2,2,13.611934200782827,-85.37422617158609,31.3325273532212,35.82531001205967
2019,2,B,0,0,1,1,14.94017802758512,-84.85922377734869,45.740198636474524,-30.138681075141513
2019,2,B,0,0,1,2,16.379214123219228,-40.62174650323368,43.824714027970465,-32.5075815594652
2019,2,B,0,0,2,1,17.905616680743236,-45.905246199324665,46.21052898146115,37.52282203784206
2019,2,B,0,0,2,2,16.597959029441213,-19.450507951737563,41.4896800536125,36.633646848998566
2019,2,B,0,1,1,1,14.090006740815653,-84.4396511627906,45.131798715874616,-35.41906767339262
2019,2,B,0,1,1,2,20.27694087673285,-145.571553016111,57.36457609113901,-36.616471684338705
2019,2,B,0,1,2,1,19.069394065072018,-71.24319223985867,51.11840702983539,40.581277383963474
2019,2,B,0,1,2,2,16.56593105045222,-71.83185397067564,46.17037594107211,39.49582192275624
2019,2,B,0,2,1,1,14.296681060606076,-100.12167907361481,46.12828840909091,-29.199356934090908
2019,2,B,0,2,1,2,17.465033333333338,-108.57796969696983,56.66255555757576,-34.980627999999996
2019,2,B,0,2,2,1,18.14519360902254,-111.50200814536356,55.50536368734336,41.386540557330825
2019,2,B,0,2,2,2,15.99858516292312,-74.82197930899883,46.44860188472003,38.46005556991458
2019,2,B,1,0,1,1,11.721879614767275,-76.47439397561538,36.23247468952075,-28.98538698860353
2019,2,B,1,0,1,2,12.734936507936524,-23.438955026455005,37.704716693121696,-29.19528053968254
2019,2,B,1,0,2,1,13.455179951893513,-73.76869441181452,34.4954251577334,34.03802996405996
2019,2,B,1,0,2,2,13.80853056962357,-8.647110814419193,35.2079369676552,31.949533377264657
2019,2,B,1,1,1,1,11.736265843179396,-74.26039473684204,37.53768280880774,-28.242327120891517
2019,2,B,1,1,1,2,16.807789537223343,-91.39035418392723,49.560879722132796,-33.04240980358326
2019,2,B,1,1,2,1,15.38154094246677,-42.915185890882185,43.218244472209314,39.113446765363875
2019,2,B,1,1,2,2,15.640758049002713,-41.235206169505545,41.55695390051787,36.23347754072087
2019,2,B,1,2,1,1,15.371914142817445,-127.41544789227191,46.799794381217005,-27.30783481744929
2019,2,B,1,2,1,2,15.048271926605508,-180.45999063845693,52.52306053174312,-35.00003431431193
2019,2,B,1,2,2,1,16.10718973851901,-92.67541352549915,44.9857375686113,41.48418111096463
2019,2,B,1,2,2,2,14.980369137529152,-73.39303110955234,43.13055070912976,37.74008048539238
2019,2,B,2,0,1,1,,,,
2019,2,B,2,0,1,2,10.39395970695972,-94.62710317460323,29.265783870573873,-32.1317066072039
2019,2,B,2,0,2,1,15.774672882672888,-96.71573232323226,37.001874394716395,34.291214061383066
2019,2,B,2,0,2,2,13.807332308449134,-6.286717768283779,32.458683979707295,34.08460709396138
2019,2,B,2,1,1,1,9.111297619047605,-31.381339285714148,38.54900562499999,-26.155681847410715
2019,2,B,2,1,1,2,12.372735634028885,-97.26275548421609,36.31057774210808,-30.941644785446762
2019,2,B,2,1,2,1,12.658269928057564,-60.39941846522743,37.64408457841727,29.89713000172662
2019,2,B,2,1,2,2,14.27471737637363,-28.55980236757614,33.87879560096154,35.58285833914835
2019,2,B,2,2,1,1,10.053918060200658,-135.49178929765912,40.70980285953177,-30.99116363712374
2019,2,B,2,2,1,2,15.874680382775125,-87.04382205513775,54.25396867942584,-33.217319712440194
2019,2,B,2,2,2,1,15.001470491661621,-33.41722085889569,43.85050841207984,38.75911892249201
2019,2,B,2,2,2,2,15.374428202681031,-87.5907933227345,43.60797295129713,37.026529521944816
2019,2,B,3,0,1,1,,,,
2019,2,B,3,0,1,2,,,,
2019,2,B,3,0,2,1,,,,
2019,2,B,3,0,2,2,,,,
2019,2,B,3,1,1,1,,,,
2019,2,B,3,1,1,2,,,,
2019,2,B,3,1,2,1,,,,
2019,2,B,3,1,2,2,13.374731292516998,6.914591836734417,34.732871632653065,28.230898469387753
2019,2,B,3,2,1,1,,,,
2019,2,B,3,2,1,2,9.324334054834054,-207.82867965367996,36.1572401948052,-33.11267137662338
2019,2,B,3,2,2,1,14.794789944903556,-114.93717930291041,44.019701733126716,37.52728547899449
2019,2,B,3,2,2,2,13.515885999191482,-47.83353113703015,38.90566006205363,34.108035536592105
2019,2,T,0,0,1,1,13.018369126984126,-90.50606129032258,40.97726022222223,-28.44029177579365
2019,2,T,0,0,1,2,15.805980508737846,-82.61526937768576,44.57077553693204,-34.07903514381903
2019,2,T,0,0,2,1,17.64548929098966,-55.20372440372239,42.107622884523636,36.80899650257533
2019,2,T,0,0,2,2,16.014282906848663,-20.171734619273593,40.79924791493673,36.68945663599547
2019,2,T,0,1,1,1,14.05827259036144,-89.09250462962927,45.04885660542168,-29.625554855271083
2019,2,T,0,1,1,2,16.38846440451441,-104.99250303674444,48.94075982194832,-36.757644920032675
2019,2,T,0,1,2,1,17.394624280155654,-82.493181978969,46.19039021441245,41.67365698524514
2019,2,T,0,1,2,2,16.61977475689767,-73.79789309019407,43.42340314046461,41.649298138172924
2019,2,T,0,2,1,1,9.974265644955324,-184.71326259946954,43.93596400472541,-26.217032642401023
2019,2,T,0,2,1,2,17.76145074437757,-158.65506176750068,51.51785473234083,-35.119796335128285
2019,2,T,0,2,2,1,17.49114910136595,-111.79693633177521,54.434645252336445,43.03589634047448
2019,2,T,0,2,2,2,13.83999669731017,-86.48542634590194,43.50473638736807,38.14408812970291
2019,2,T,1,0,1,1,9.172066995986398,-68.00952937357988,35.796127992899045,-31.953086343624577
2019,2,T,1,0,1,2,12.46991559769475,-128.8424642126788,38.93349249459007,-33.872302348205984
2019,2,T,1,0,2,1,14.384854380261714,-117.77598628074293,35.84849259898308,35.85261896256147
2019,2,T,1,0,2,2,14.31026637203695,-29.444585241730238,33.59281979300924,33.44985024365603
2019,2,T,1,1,1,1,11.710734817813773,-67.97072874493915,41.80652982692308,-30.676508555668015
2019,2,T,1,1,1,2,14.905896982456142,-143.45405090909117,45.38284139929824,-35.41779799578947
2019,2,T,1,1,2,1,15.485839278597041,-93.27075278995608,44.38725257926963,38.11303055108406
2019,2,T,1,1,2,2,15.647897183974678,-94.71341784523429,42.07765598934519,38.462374017019144
2019,2,T,1,2,1,1,15.602769980506821,-85.23529761904774,45.17507118908382,-29.90458252241715
2019,2,T,1,2,1,2,16.706484809584936,-171.87867849223994,50.321619043645704,-36.375342802310655
2019,2,T,1,2,2,1,15.497153152487229,-115.70889267590701,47.074088338975535,42.2645877660581
2019,2,T,1,2,2,2,15.362065267017172,-53.6806991930348,43.53892042505534,36.72232846090896
2019,2,T,2,0,1,1,9.181696969696986,-98.02411616161635,28.526585227272726,-32.53110371565657
2019,2,T,2,0,1,2,11.374277705345506,-45.113272490221334,32.503824719687096,-30.315801734028682
2019,2,T,2,0,2,1,13.975624999999994,-14.451392857142764,29.09560723214286,31.23797241964286
2019,2,T,2,0,2,2,13.355532640692644,-22.621343722943493,29.583092851948052,32.55577682424242
2019,2,T,2,1,1,1,10.443091198303279,-87.58148664343798,32.22012432449628,-29.764996352067868
2019,2,T,2,1,1,2,12.258262328767131,-133.23380821917772,40.15368765068493,-32.66059581506849
2019,2,T,2,1,2,1,14.022622291021676,-22.789986731534555,29.833022178239716,34.93877605130473
2019,2,T,2,1,2,2,15.067954851431296,-56.919310994764146,39.834505963337186,37.43910593316109
2019,2,T,2,2,1,1,11.408770731707321,-134.05033449477332,39.92123882229966,-26.6792644989547
2019,2,T,2,2,1,2,15.948792219679646,-136.4926086956525,49.52316182151029,-30.098168076887873
2019,2,T,2,2,2,1,15.598514492753608,-106.13550724637616,46.85773446376811,36.35150163768116
2019,2,T,2,2,2,2,16.484737951807233,-67.52714005702046,43.017888539008496,37.122993973956646
2019,2,T,3,0,1,1,,,,
2019,2,T,3,0,1,2,,,,
2019,2,T,3,0,2,1,,,,
2019,2,T,3,0,2,2,,,,
2019,2,T,3,1,1,1,,,,
2019,2,T,3,1,1,2,,,,
2019,2,T,3,1,2,1,,,,
2019,2,T,3,1,2,2,13.038512499999996,-13.48032894736798,31.8665498375,34.00530719416666
2019,2,T,3,2,1,1,9.580388888888905,-84.6977777777779,31.490878499999994,-30.150181901960785
2019,2,T,3,2,1,2,12.851028985507241,-15.195316205533345,41.64153378061594,-31.38015791666667
2019,2,T,3,2,2,1,12.84774957983197,-92.83550420168058,38.44166465546219,30.248913850974787
2019,2,T,3,2,2,2,14.321164089096385,-54.58333195663408,39.74982022731252,35.05613802790019
2019,3,B,0,0,1,1,12.671399882104751,-94.92534093471158,41.72231549025813,-30.321537789898237
2019,3,B,0,0,1,2,16.00120961621596,-141.06787669916866,48.49434899923147,-35.118485843650035
2019,3,B,0,0,2,1,17.190611005065733,-48.506453214748944,44.722805742331694,37.60016366116658
2019,3,B,0,0,2,2,16.7604194160988,-32.16438920322389,40.917524878284624,36.33343157648843
2019,3,B,0,1,1,1,16.838648645127677,-5.605706449022819,49.19629177571652,-30.90511840033872
2019,3,B,0,1,1,2,16.889414062499995,-173.979245505137,52.52524019270834,-35.401556752
2019,3,B,0,1,2,1,17.508819470198688,-76.64506022489923,49.52853854537748,38.47320149232671
2019,3,B,0,1,2,2,16.409640650782137,-61.412696782342664,44.5751191470618,38.40358553344004
2019,3,B,0,2,1,1,14.031202917771893,9.549065934065766,42.98173397214854,-27.86153554840849
2019,3,B,0,2,1,2,15.645723039215696,-185.61977941176474,49.65308254166666,-36.55202249019608
2019,3,B,0,2,2,1,16.101187499999995,-88.36671264855659,50.9210120998273,41.55936029605263
2019,3,B,0,2,2,2,15.001978659611979,-77.67997406519271,44.355145604409174,38.119485897680775
2019,3,B,1,0,1,1,10.256406666666678,-52.03921818181789,36.227703955555555,-28.135112136666667
2019,3,B,1,0,1,2,13.340368445052448,-60.46449156406743,37.61846269858641,-31.316892240310075
2019,3,B,1,0,2,1,15.469412518147323,-56.949816894761625,40.95893340931016,37.52225118942898
2019,3,B,1,0,2,2,13.757706081298721,-56.68517428439509,35.24283640818463,33.10866587150197
2019,3,B,1,1,1,1,13.51903395061727,-96.97370370370345,44.57231379012346,-28.79777628395062
2019,3,B,1,1,1,2,15.815150614754103,-96.04150956284138,46.27839367810792,-33.11116172370219
2019,3,B,1,1,2,1,15.901203124999995,-89.98218749999978,45.937073078125,38.45770973333203
2019,3,B,1,1,2,2,14.979511232544013,-67.24624297924265,40.273674822100794,35.87429987455981
2019,3,B,1,2,1,1,14.742776214833768,-27.92602941176483,43.46265311253196,-29.790251803069054
2019,3,B,1,2,1,2,16.7092841774989,-122.77001344688506,53.04692064186463,-35.12486342268041
2019,3,B,1,2,2,1,14.863353671394066,-136.9819365771,45.6250576097337,40.16305240960446
2019,3,B,1,2,2,2,13.428012707182347,-33.33610527601377,39.25840829377853,34.216281288532315
2019,3,B,2,0,1,1,,,,
2019,3,B,2,0,1,2,6.95022943722941,-102.39443722943724,29.67691562770563,-25.112323616883117
2019,3,B,2,0,2,1,13.677250566893463,-34.36163265306095,34.52047984126985,31.136263965986394
2019,3,B,2,0,2,2,13.403925170068035,46.006156462585295,31.54646536734694,30.71765075170068
2019,3,B,2,1,1,1,9.555394487510753,19.526449016099832,35.01756592006891,-26.451503842377264
2019,3,B,2,1,1,2,11.39380609243696,-64.30244957983223,34.533878481932774,-28.49313610588235
2019,3,B,2,1,2,1,12.781492017416554,-76.8844315432998,32.21236949927432,33.982588579100145
2019,3,B,2,1,2,2,13.347938574938581,-57.088843434343744,33.00238406060606,33.329712368617685
2019,3,B,2,2,1,1,11.881397891963104,-145.10908801696723,49.50643873847167,-34.49591992490119
2019,3,B,2,2,1,2,17.375950301204796,-118.2436972891569,55.81045881777108,-32.97964932756024
2019,3,B,2,2,2,1,14.008377678571435,-100.12305676605502,39.42338294821428,38.305542611607144
2019,3,B,2,2,2,2,14.52774101382488,-55.14463594470044,39.32778500790323,36.83227703894009
2019,3,B,3,0,1,1,,,,
2019,3,B,3,0,1,2,,,,
2019,3,B,3,0,2,1,,,,
2019,3,B,3,0,2,2,,,,
2019,3,B,3,1,1,1,,,,
2019,3,B,3,1,1,2,13.489786363636355,-116.9581060606065,35.991389772727274,-33.806473427272664
2019,3,B,3,1,2,1,14.163909574468093,-222.96230496453927,40.05846569148936,29.42961175531915
2019,3,B,3,1,2,2,12.182149760765554,44.59791478696752,29.28810911961723,31.637583129186602
2019,3,B,3,2,1,1,11.688666666666663,-58.58125356125356,39.6426936996337,-25.48793979120879
2019,3,B,3,2,1,2,14.719787878787898,-155.56214756258214,45.84324806439394,-32.12105916212121
2019,3,B,3,2,2,1,14.434963863559602,-150.70539007092157,43.440223497804794,34.96251485612969
2019,3,B,3,2,2,2,13.616781997677151,-26.015892541534413,33.242968659814174,34.1457257649245
2019,3,T,0,0,1,1,13.59709644516191,-29.86588920502072,39.817384932494306,-29.63439868349092
2019,3,T,0,0,1,2,15.858841457810314,-84.43083847495882,43.844625908025186,-35.73271949297902
2019,3,T,0,0,2,1,16.549333223856436,-80.73771851428683,44.149522455628535,37.48862841815555
2019,3,T,0,0,2,2,14.691683610313675,-35.52526153324288,36.2693573148274,36.839677408489216
2019,3,T,0,1,1,1,16.112173515981723,-84.37833333333356,46.22331678510274,-32.877530115996
2019,3,T,0,1,1,2,22.069077144073205,-53.84364971270543,58.936075104277506,-38.627199029474355
2019,3,T,0,1,2,1,17.51079509865879,-106.544115705688,46.90130334390843,42.35766776711457
2019,3,T,0,1,2,2,17.140756847471593,-69.32193762830138,43.03703763355182,41.59135948332883
2019,3,T,0,2,1,1,15.379482029598307,-96.73378964059248,52.19860477801268,-37.6332075063425
2019,3,T,0,2,1,2,15.321814150943396,-119.67088679245262,50.500270084905665,-31.836096481132074
2019,3,T,0,2,2,1,14.56699917366754,-102.64155530600783,45.412122375430386,38.74936805933067
2019,3,T,0,2,2,2,15.48302394432649,-111.65781572010565,43.845587937485256,38.43176063486671
2019,3,T,1,0,1,1,11.421312783505158,-57.148404123711316,37.00100431113402,-31.020819904948453
2019,3,T,1,0,1,2,12.788707375886517,-13.164255319149106,32.53583742893617,-31.308475913617023
2019,3,T,1,0,2,1,13.884092223168906,-84.20324461229484,37.60727032614508,36.71307786310594
2019,3,T,1,0,2,2,14.185294312169304,-16.632021827362678,34.700100082010586,35.43986939259259
2019,3,T,1,1,1,1,14.108495614035093,-88.51934210526315,44.43253623057644,-34.3574189883041
2019,3,T,1,1,1,2,17.299480780101746,-45.53281030445032,44.91528321707179,-33.69099678914641
2019,3,T,1,1,2,1,17.276893193296615,-86.57481576763485,46.19701072225666,40.65280177114325
2019,3,T,1,1,2,2,15.026715079365061,-30.908331632653244,37.46453904963925,36.39615307287157
2019,3,T,1,2,1,1,13.51433854166666,-69.58651736111096,51.419463020833334,-32.81581296875
2019,3,T,1,2,1,2,16.275710942441478,-96.69519291587585,51.2965265085389,-34.913211796331424
2019,3,T,1,2,2,1,15.812543584905654,-108.74584905660367,46.98898160132075,40.64901319127962
2019,3,T,1,2,2,2,14.3280155399966,-110.23964981706831,41.8345288456588,38.364992156617305
2019,3,T,2,0,1,1,8.868505827505857,-99.56069230769208,30.17503296037296,-28.68163417249417
2019,3,T,2,0,1,2,,,,
2019,3,T,2,0,2,1,15.085041228070182,-88.4474078947369,33.753662390350875,37.045851907894736
2019,3,T,2,0,2,2,10.722374401913868,-29.448714114832455,27.331090519736843,29.35153229425837
2019,3,T,2,1,1,1,11.341471666666678,17.7265909090911,37.37607043333334,-30.68811384
2019,3,T,2,1,1,2,13.411186666666666,-57.91521666666631,41.064912613333334,-35.50251670666667
2019,3,T,2,1,2,1,14.477912335774931,-19.939132969034745,35.51477615637717,38.12918203953029
2019,3,T,2,1,2,2,14.703270740223488,-31.7163536742587,34.30140223247207,35.14522360798185
2019,3,T,2,2,1,1,10.98944486215538,-74.18379699248135,43.626005125313284,-32.755622930501254
2019,3,T,2,2,1,2,18.951615531914925,-23.503216952129605,51.336087861702126,-33.41766036404255
2019,3,T,2,2,2,1,15.542511428571416,-122.2768093936138,45.463357376666664,40.43138397590187
2019,3,T,2,2,2,2,13.885703452945165,-72.1719184834119,37.403211939930785,37.055468811829535
2019,3,T,3,0,1,1,,,,
2019,3,T,3,0,1,2,,,,
2019,3,T,3,0,2,1,,,,
2019,3,T,3,0,2,2,,,,
2019,3,T,3,1,1,1,,,,
2019,3,T,3,1,1,2,,,,
2019,3,T,3,1,2,1,13.96090930232559,-175.25385382059812,34.67769015503875,39.83328403100775
2019,3,T,3,1,2,2,13.860348508634246,-24.3898367346942,32.248123971742544,31.030460971742542
2019,3,T,3,2,1,1,10.60885486443378,-29.600748663101967,39.50250127591707,-23.375700749601275
2019,3,T,3,2,1,2,8.08052746478873,-67.45970266040649,33.32137844366197,-27.877137952042254
2019,3,T,3,2,2,1,14.610760889430395,-131.36917148949124,38.109042964666465,40.649698790740175
2019,3,T,3,2,2,2,13.129296666666676,4.658165517241741,30.098776433333327,35.71877972666667
2019,4,B,0,0,1,1,14.203886972783707,-67.89777184465993,42.337977792853735,-30.816174944373707
2019,4,B,0,0,1,2,15.976069052273488,-86.48501063969525,48.544074429231515,-33.61505107609484
2019,4,B,0,0,2,1,17.17360798350343,-54.25523144651106,44.367846942824336,38.36370316374162
2019,4,B,0,0,2,2,16.368960915482717,-21.683205709384765,39.371066279883934,35.74906297924526
2019,4,B,0,1,1,1,12.611495490196091,-146.35556218905504,47.124121970098045,-30.291189736078433
2019,4,B,0,1,1,2,19.843748356807495,-103.3768500190331,55.52652298122066,-35.824669379061035
2019,4,B,0,1,2,1,16.672012593582863,-73.9629134328361,45.04395928874331,41.16428569949733
2019,4,B,0,1,2,2,15.414506842426093,-77.80177915845161,42.19607853870924,38.81059864227154
2019,4,B,0,2,1,1,9.91639811172304,-66.51239968528716,45.17592831628639,-30.223535718332023
2019,4,B,0,2,1,2,13.705140688259092,-146.73982793522282,42.96242974898786,-30.26563804251012
2019,4,B,0,2,2,1,14.469383269476396,-108.00852234993636,48.730208716475104,40.86542269157088
2019,4,B,0,2,2,2,14.016833529550269,-69.13924850657168,40.3717700273134,34.04184478944353
2019,4,B,1,0,1,1,12.11103096926712,-107.22435675408224,38.58103250543735,-30.46657873049645
2019,4,B,1,0,1,2,14.83569602102105,-23.68763888888907,46.43776048536036,-29.272646568881385
2019,4,B,1,0,2,1,14.919772077922062,-38.86176245847173,39.258856112012985,34.21842510788961
2019,4,B,1,0,2,2,15.18376717032966,-78.09941822883002,36.50841121909341,35.410270062482134
2019,4,B,1,1,1,1,13.89007998937015,-146.1112394366196,45.77138169545575,-32.933023813446724
2019,4,B,1,1,1,2,17.732388197218,-111.57583941605844,52.560226076298036,-36.2918620473764
2019,4,B,1,1,2,1,15.230679776205363,-87.55133578841605,44.25672693467171,39.63798498224453
2019,4,B,1,1,2,2,14.19077017567227,-74.4846457796466,38.94251787436695,36.72562927951895
2019,4,B,1,2,1,1,13.755503750000003,-46.83068749999984,46.134324516250004,-28.791212577499998
2019,4,B,1,2,1,2,15.52776048237476,-145.601999244142,50.259135362894256,-34.88135934397032
2019,4,B,1,2,2,1,16.094196565351012,-54.78716138111304,48.04454886524857,38.5600496036298
2019,4,B,1,2,2,2,14.3831912555884,-55.88201879287453,43.153608627945744,35.90466339409108
2019,4,B,2,0,1,1,,,,
2019,4,B,2,0,1,2,13.94904787234043,-56.23183890577502,38.07597388297872,-33.98741310904255
2019,4,B,2,0,2,1,15.070024122807013,87.21798245614082,41.160645138157896,32.92909458114035
2019,4,B,2,0,2,2,12.715903773584927,-91.85412578616342,30.885693135220123,35.259555074213836
2019,4,B,2,1,1,1,12.196519668737054,-67.96371739130427,40.738968488612834,-34.35738166045549
2019,4,B,2,1,1,2,13.534540909090921,-87.35306493506505,43.452491077922076,-34.29687938311689
2019,4,B,2,1,2,1,16.16870566239318,-110.98751461988331,46.76784608333333,34.19958284668803
2019,4,B,2,1,2,2,14.377680314679054,-66.83017039307606,36.9967735563204,32.48173261903272
2019,4,B,2,2,1,1,14.9624059139785,-102.42592165898577,48.92838616487455,-29.654448568100356
2019,4,B,2,2,1,2,15.672761485826001,-127.4948680351904,49.90653587487781,-31.257968680351908
2019,4,B,2,2,2,1,15.24520765118612,-119.1999285714287,42.980003862178414,37.63084946982124
2019,4,B,2,2,2,2,14.499379612934263,-81.90726808510635,40.44545590413511,35.20605003766925
2019,4,B,3,0,1,2,,,,
2019,4,B,3,0,2,1,,,,
2019,4,B,3,0,2,2,,,,
2019,4,B,3,1,1,1,,,,
2019,4,B,3,1,1,2,,,,
2019,4,B,3,1,2,1,13.202879870129891,20.17268356643399,30.82306616883117,28.995758802797205
2019,4,B,3,1,2,2,11.530836296296286,-39.95213703703712,29.284168337037038,32.448091733333335
2019,4,B,3,2,1,1,10.334898826979455,-140.14766513056838,44.674811478005864,-33.46815065249267
2019,4,B,3,2,1,2,12.871436507936494,-40.93635912698437,42.57889531746032,-32.72012166666667
2019,4,B,3,2,2,1,15.102180180180198,-110.39045045045077,35.487079423423424,37.282692581981976
2019,4,B,3,2,2,2,12.058137406367024,-60.324799859550694,36.666407693937266,31.20404811844569
2019,4,T,0,0,1,1,14.967546277665988,-91.84918726645583,44.97959234118999,-34.090452844136244
2019,4,T,0,0,1,2,16.379007823129257,-75.60903673469375,47.425432066666666,-34.520884508447494
2019,4,T,0,0,2,1,16.036152560878378,-66.45353767165625,42.17124398369626,36.80094068425443
2019,4,T,0,0,2,2,15.244592465753414,-50.56821816925731,36.91949132305936,36.607824749543376
2019,4,T,0,1,1,1,14.552993346379665,-129.4496673189824,47.167016424990216,-32.8445069297456
2019,4,T,0,1,1,2,18.397058564693552,-72.44532237539761,49.27123433211106,-37.35664698313253
2019,4,T,0,1,2,1,15.987854352347014,-109.47933521456162,42.54474432254902,41.102637269838084
2019,4,T,0,1,2,2,15.886932546229474,-103.3152903225805,42.973766515986455,41.272278434230145
2019,4,T,0,2,1,1,12.326297619047608,-134.97368725868682,49.88773320695971,-34.24337182783883
2019,4,T,0,2,1,2,17.641459207459235,-104.34822261072259,57.82478185780886,-34.739920681818184
2019,4,T,0,2,2,1,16.616124199965427,-139.15906134515853,45.0551586584847,42.44595343694863
2019,4,T,0,2,2,2,16.079614098837226,-111.55603912882998,43.08853063880814,40.391906842296514
2019,4,T,1,0,1,1,11.0624393939394,-86.11521728917114,33.45483600505051,-30.689175868686867
2019,4,T,1,0,1,2,13.431789922480633,-37.11294573643363,42.53755802325581,-33.762121093023254
2019,4,T,1,0,2,1,14.491681434506887,-43.343695806680444,35.258254292674394,36.220917715285374
2019,4,T,1,0,2,2,14.390506232441425,-68.50424242424242,34.5284446212394,35.8987752869331
2019,4,T,1,1,1,1,14.55890934065934,-50.68625374625344,43.45874738311688,-32.04656851904096
2019,4,T,1,1,1,2,15.61878979591836,-123.59098261526833,49.50461430166977,-34.30785641335807
2019,4,T,1,1,2,1,17.171936667329504,-101.13987200325073,40.80395525945516,41.1479881927421
2019,4,T,1,1,2,2,15.295921212121229,-105.97591295938128,39.169398734401916,38.95304895677831
2019,4,T,1,2,1,1,12.575424318658278,-118.63370629370638,48.6264784067086,-29.478067382389938
2019,4,T,1,2,1,2,18.642876315789508,-81.71303728070188,55.65536298536842,-37.83807474473684
2019,4,T,1,2,2,1,15.578631578947366,-156.1605719190943,45.10469519005848,40.877515903508765
2019,4,T,1,2,2,2,15.648443487427926,-89.11001427401425,43.62146259417267,38.014913561963084
2019,4,T,2,0,1,1,,,,
2019,4,T,2,0,1,2,9.541033566433583,-81.39977622377683,31.94778657342657,-33.58212919300699
2019,4,T,2,0,2,1,14.040512782694222,-37.28493608652934,31.556619857423797,32.649149592428714
2019,4,T,2,0,2,2,12.079789322250633,-28.737046035805633,22.25379652046036,30.524193802429668
2019,4,T,2,1,1,1,10.867972073039766,-75.86083900226731,32.49566170032224,-31.08243620408163
2019,4,T,2,1,1,2,12.389102500000007,-63.478277173913284,35.34892086,-31.88125880999999
2019,4,T,2,1,2,1,13.732480793854037,-57.95020791415163,34.68943843982075,33.09855001696544
2019,4,T,2,1,2,2,14.232301421404685,-55.439766483516905,31.817649562290974,34.41308094732442
2019,4,T,2,2,1,1,13.008834782608702,-112.47998669032813,48.468356586956524,-33.91433764956522
2019,4,T,2,2,1,2,16.83676338688086,-134.30132195448414,49.5536802311245,-38.90630315261044
2019,4,T,2,2,2,1,15.02009997727788,-139.9050762938491,43.33379339472847,37.208631181322424
2019,4,T,2,2,2,2,13.950455133405967,-57.57920527763554,35.31363278054661,34.982348418292034
2019,4,T,3,0,1,1,,,,
2019,4,T,3,0,1,2,,,,
2019,4,T,3,0,2,1,,,,
2019,4,T,3,0,2,2,,,,
2019,4,T,3,1,1,1,,,,
2019,4,T,3,1,1,2,,,,
2019,4,T,3,1,2,1,13.535998461538455,-116.9411230769233,38.015559838461535,32.19474932692307
2019,4,T,3,1,2,2,11.31575650665124,-20.682926547137413,23.832666148640833,32.9714580838635
2019,4,T,3,2,1,1,11.130574358974357,-119.90986206896514,37.42211092307692,-33.80806716666667
2019,4,T,3,2,1,2,14.347175925925924,-37.662914653784355,41.101296375,-31.078152768518514
2019,4,T,3,2,2,1,16.98178570055738,-102.96001814150395,40.6259106023448,37.471847707476456
2019,4,T,3,2,2,2,13.328174668667174,-85.13776744186043,31.17589911427857,36.090232305576386
2019,5,B,0,0,1,1,14.288313085399437,-73.69872008858692,42.91956394996292,-30.730651692042805
2019,5,B,0,0,1,2,16.73197439668175,-113.9102305778797,48.20470463857466,-34.55079726977753
2019,5,B,0,0,2,1,15.6866286539601,-64.48686822921945,41.305501907416556,35.99602794093454
2019,5,B,0,0,2,2,15.929133904950888,-48.66557291666686,40.15907621744142,37.02449130542328
2019,5,B,0,1,1,1,15.558981747066497,-127.360395160395,47.982122326597135,-30.144744006301607
2019,5,B,0,1,1,2,19.228569404069788,-131.78549539728692,54.74456290600775,-37.69782764711724
2019,5,B,0,1,2,1,18.48361403508771,-61.20235087719311,47.237445905458095,37.654916094064326
2019,5,B,0,1,2,2,17.038958392151315,-65.31754960408125,44.13703094751905,40.419366830152455
2019,5,B,0,2,1,1,14.421403312629408,-150.50003901895207,49.9524582805383,-32.26255411180124
2019,5,B,0,2,1,2,15.415244252873592,-247.73015517241402,52.641227919540235,-40.95103722413793
2019,5,B,0,2,2,1,13.539248739495775,-189.47695839311336,44.264390655088704,40.21854908478058
2019,5,B,0,2,2,2,14.879535362957938,-47.00283828671354,41.96586843656717,38.86223606316146
2019,5,B,1,0,1,1,10.928459824046925,-86.70320625610975,39.38130985368524,-26.671965564711634
2019,5,B,1,0,1,2,13.748634482758618,-118.79549169859501,45.124752758620694,-32.82331663310345
2019,5,B,1,0,2,1,14.991221635777606,-85.33304042766486,39.40212547488316,34.43039875817889
2019,5,B,1,0,2,2,13.937571435532604,-52.30554762458087,35.59040105581165,35.477459536367476
2019,5,B,1,1,1,1,12.403209491525445,-123.71207966101701,44.696496654237286,-30.44123364745763
2019,5,B,1,1,1,2,16.99431010776665,-111.54647863247874,48.9769360367893,-37.936666840208105
2019,5,B,1,1,2,1,15.730610058489162,-100.19595498861827,41.55928914635555,36.60020453828981
2019,5,B,1,1,2,2,16.3738680539214,-88.24330818597673,41.62928197078025,38.75275508713484
2019,5,B,1,2,1,1,13.636243401759543,-103.9109242424247,44.92150486290323,-25.54472971664223
2019,5,B,1,2,1,2,17.94311870585554,-150.25427887901606,57.00083937685122,-36.51206917247664
2019,5,B,1,2,2,1,14.239740047233454,-123.31039473684223,45.57180512702429,39.672902048667346
2019,5,B,1,2,2,2,14.800725284900295,-103.75079794149542,44.81400394209401,37.18877147440527
2019,5,B,2,0,1,1,7.986491841491855,-96.65193473193494,34.37800888111889,-30.304317050815847
2019,5,B,2,0,1,2,,,,
2019,5,B,2,0,2,1,12.727145326001562,-148.1148900235662,38.30663925765908,34.75123256127259
2019,5,B,2,0,2,2,13.776102919708023,-107.64623175182487,33.90420827554745,37.49264516970803
2019,5,B,2,1,1,1,12.441313405797104,-22.171086956521776,35.285173532608695,-23.604135858550723
2019,5,B,2,1,1,2,9.47637499999999,-199.37944349315057,34.481535984589044,-33.07171297945206
2019,5,B,2,1,2,1,13.441965280052415,-58.24340157222423,34.17138030641992,33.854116150016374
2019,5,B,2,1,2,2,13.957235343222251,-58.74037988826831,34.60788685545496,32.19273929653888
2019,5,B,2,2,1,1,12.413965151515143,-108.12980270793014,40.790202750000006,-28.771913562121213
2019,5,B,2,2,1,2,17.964103928571433,-88.86392857142891,56.96686575,-32.918995224999996
2019,5,B,2,2,2,1,15.51463867114596,-105.65530701754415,46.00663579031355,38.5645088027249
2019,5,B,2,2,2,2,15.48982394873849,-59.76646190243082,38.811688263307964,40.30893605791216
2019,5,B,3,0,1,1,,,,
2019,5,B,3,0,1,2,,,,
2019,5,B,3,0,2,1,,,,
2019,5,B,3,0,2,2,,,,
2019,5,B,3,1,1,1,,,,
2019,5,B,3,1,1,2,,,,
2019,5,B,3,1,2,1,15.884307971014465,-118.29137351778672,39.97199427536232,33.12282588405797
2019,5,B,3,1,2,2,13.456570588235309,-90.5413058823533,35.81461271764706,32.902823479999995
2019,5,B,3,2,1,1,8.915696623634545,-91.74101787487552,38.550734110724925,-28.029244945382324
2019,5,B,3,2,1,2,8.17894047619049,-47.376150793650595,35.37704488095238,-32.31901107142858
2019,5,B,3,2,2,1,12.334644488579926,-53.565808261091206,38.27775928401192,35.611312497020855
2019,5,B,3,2,2,2,13.65382000179551,-96.68592340425585,38.42747530307927,35.49207595874854
2019,5,T,0,0,1,1,13.490239228723397,-122.57462116606803,45.112909449867026,-33.04445911875
2019,5,T,0,0,1,2,16.722314103011286,-143.8388543597057,49.062631476328335,-38.4326730376398
2019,5,T,0,0,2,1,16.01250524859492,-56.99073482652602,39.20495979275573,36.258525066623434
2019,5,T,0,0,2,2,14.78309639871918,-78.02131873734606,35.70033256096083,36.73316196952976
2019,5,T,0,1,1,1,15.295820238095232,-107.52115151515181,49.08615224583333,-33.515382559404756
2019,5,T,0,1,1,2,16.238357703857716,-182.10720085470075,53.075556517556016,-39.10789219318549
2019,5,T,0,1,2,1,16.561719968283327,-84.18464317375856,44.69698940744901,39.83156540466059
2019,5,T,0,1,2,2,15.553169682754714,-117.40111578533924,40.45102675671795,40.99227981449137
2019,5,T,0,2,1,1,10.647922580645144,-55.506696969696804,37.94697787683285,-33.50942456891497
2019,5,T,0,2,1,2,15.913000850340111,-162.71254251700657,55.35100231292517,-38.42224749149659
2019,5,T,0,2,2,1,15.987938229238154,-150.86717168011728,42.68891711027225,41.43040342280943
2019,5,T,0,2,2,2,14.636679997793436,-87.7145295454543,41.5789326930053,35.5943128951732
2019,5,T,1,0,1,1,14.379527272727259,-31.590363636363236,40.01255797727272,-31.924631157727273
2019,5,T,1,0,1,2,13.64037873754151,-111.2952089526143,42.48301302343067,-35.76600636474908
2019,5,T,1,0,2,1,13.989231444991788,-110.59256169505579,35.92734430796387,33.91150264753694
2019,5,T,1,0,2,2,14.385776271474256,-84.00825613001462,33.23640071431382,35.27646720632995
2019,5,T,1,1,1,1,13.812274615269672,-148.09206783206355,45.33544537128343,-33.07447188337965
2019,5,T,1,1,1,2,14.113381897522515,-185.56202561936925,44.92073346981982,-36.07909207052364
2019,5,T,1,1,2,1,14.58826679154403,-42.295155327459725,37.470543630978504,37.8440354129248
2019,5,T,1,1,2,2,14.060197895706168,-62.37731073897794,35.133021163756354,37.95100159259746
2019,5,T,1,2,1,1,13.90546422893479,-108.86342342342323,47.3366104173291,-29.833528168124005
2019,5,T,1,2,1,2,17.148120606060587,-129.0429870129874,49.06393221515152,-35.14741336886061
2019,5,T,1,2,2,1,14.049423597678924,-149.63980186480194,42.84260995694176,38.18459279846856
2019,5,T,1,2,2,2,16.174988056864194,-133.6997461480173,43.19132462629143,38.787856122877926
2019,5,T,2,0,1,1,11.058515151515138,-110.47515151515154,34.09936954545455,-27.822840103030302
2019,5,T,2,0,1,2,,,,
2019,5,T,2,0,2,1,13.318337056242498,-144.6245788156798,34.99003633944954,28.68703097846031
2019,5,T,2,0,2,2,12.82529292084729,-69.11017094017097,31.680278653010035,31.371088486259758
2019,5,T,2,1,1,1,12.437665880503133,-106.84324685534557,34.54366702830189,-26.953726279874218
2019,5,T,2,1,1,2,14.581866666666656,-153.26974901960784,45.25492666666667,-36.01556068235295
2019,5,T,2,1,2,1,13.529324378109465,-63.16524709784426,33.27750621227198,34.86268952547263
2019,5,T,2,1,2,2,12.717782657791531,-62.101349102579206,31.755991840306674,33.883811732907404
2019,5,T,2,2,1,1,12.713269607843117,-92.13683823529436,47.54688116789215,-30.430811828431374
2019,5,T,2,2,1,2,15.442391327063731,-180.25816378066338,46.298874739289445,-37.846606031696275
2019,5,T,2,2,2,1,13.82029724025972,-96.14141192141187,43.11379567191559,39.96686562516234
2019,5,T,2,2,2,2,14.237539522888454,-85.0092007400558,35.96022547040619,36.13644316007737
2019,5,T,3,0,1,1,,,,
2019,5,T,3,0,1,2,,,,
2019,5,T,3,0,2,1,,,,
2019,5,T,3,0,2,2,,,,
2019,5,T,3,1,1,1,9.371126623376611,-77.33607142857136,28.247361818181815,-28.821080694805197
2019,5,T,3,1,1,2,,,,
2019,5,T,3,1,2,1,12.828407509157529,-81.42266483516505,34.91635764010989,31.135792586080584
2019,5,T,3,1,2,2,13.27415789473686,-72.47368421052624,32.51021175438597,33.97388407105264
2019,5,T,3,2,1,1,12.956633333333315,-44.40700000000015,41.216155925,-33.271001633333334
2019,5,T,3,2,1,2,12.873836647727273,-123.20581101190419,46.365776511363634,-33.80430147727273
2019,5,T,3,2,2,1,12.886391037735848,-155.06670537010177,32.159237099056604,37.260096402830186
2019,5,T,3,2,2,2,15.205493527042577,-130.57366937914412,35.99341761680092,39.41089080362486
2019,6,B,0,0,1,1,15.951190213436817,-110.81399235794379,47.13322444833859,-32.48479629936939
2019,6,B,0,0,1,2,16.370203288573734,-138.10179635471422,48.16640954590603,-36.3508972249189
2019,6,B,0,0,2,1,16.587589511754075,-51.216458052217604,43.90630525085462,38.53007818247248
2019,6,B,0,0,2,2,16.642297376493573,-83.75310424342251,37.56347529462771,40.56804402937968
2019,6,B,0,1,1,1,14.20718851878101,-109.19301086699716,48.24385547318687,-31.329612069501536
2019,6,B,0,1,1,2,19.13617766618846,-125.84817376531964,56.00242539753706,-34.078379461166904
2019,6,B,0,1,2,1,16.83365745192306,-77.08458834134626,44.99019562319712,42.665122472866585
2019,6,B,0,1,2,2,16.389701445810545,-95.13844517927237,39.4500777316696,42.3617734741526
2019,6,B,0,2,1,1,11.140012471655325,-73.31213718820891,42.57119665929706,-24.36766304489796
2019,6,B,0,2,1,2,15.823892473118292,-142.4022140762463,49.472061006842615,-28.505352966764416
2019,6,B,0,2,2,1,14.484884343210979,-112.81032950022109,46.290408768686426,42.273945919062356
2019,6,B,0,2,2,2,15.059326023921727,-64.22227766139804,41.49996115612541,39.93875558127945
2019,6,B,1,0,1,1,14.07258974358976,-99.38388888888858,46.089854327188036,-32.257388353418804
2019,6,B,1,0,1,2,14.258293258909404,-84.78886750718902,40.169358801631596,-31.057438122799482
2019,6,B,1,0,2,1,14.579214114832538,-112.63176637086872,36.017541170394736,37.373896727332536
2019,6,B,1,0,2,2,13.594385253226676,-101.61899012042159,32.426908025798795,39.19181231893174
2019,6,B,1,1,1,1,12.555768333333333,-142.83736768368635,39.71488405775758,-30.967516508257575
2019,6,B,1,1,1,2,17.35811088039867,-104.06351328903656,47.08905150539868,-36.1852560024917
2019,6,B,1,1,2,1,13.910207029288713,-85.4188473904428,36.22161186803348,38.91278982196653
2019,6,B,1,1,2,2,15.22267213891081,-86.08414038048068,34.46824238387792,42.620516404622464
2019,6,B,1,2,1,1,14.921843700159485,-55.4269122807018,48.176386891307814,-32.226825110606065
2019,6,B,1,2,1,2,15.894791666666677,-164.86152777777806,55.310465638888886,-36.51037736111111
2019,6,B,1,2,2,1,15.4720526413806,-93.98740656483596,46.2156802011298,38.609343275684395
2019,6,B,1,2,2,2,14.73286569421407,-130.4261058740176,38.36129576373305,42.06922333196661
2019,6,B,2,0,1,1,,,,
2019,6,B,2,0,1,2,16.474557575757586,-99.85175757575735,44.38954163636364,-32.907987000000006
2019,6,B,2,0,2,1,13.60390207373274,-78.35358678955481,35.168370390168974,40.29906097158218
2019,6,B,2,0,2,2,13.224703785862175,-49.56102494331071,32.18503637829045,35.794818341319136
2019,6,B,2,1,1,1,11.765951408450718,-65.45549295774663,36.633998500000004,-28.371524223943663
2019,6,B,2,1,1,2,15.006752380952364,-80.01449999999977,38.90290980952381,-33.97752773809523
2019,6,B,2,1,2,1,13.281988849952228,-144.04810608474008,35.81424986036954,37.94962371137305
2019,6,B,2,1,2,2,12.994444607699108,-95.65276061427312,28.13668005806641,38.86490735163091
2019,6,B,2,2,1,1,15.338952404079663,-83.20751006036198,46.27088556702282,-31.438297372753762
2019,6,B,2,2,1,2,17.955348192348197,-166.14340119340113,53.933818265005264,-34.46214273148473
2019,6,B,2,2,2,1,15.305936158192097,-147.9808669394115,39.7892863819209,40.279394290113
2019,6,B,2,2,2,2,15.169902124413412,-117.9686239746593,38.69279378651147,40.5469131984142
2019,6,B,3,0,1,1,,,,
2019,6,B,3,0,1,2,,,,
2019,6,B,3,0,2,1,,,,
2019,6,B,3,0,2,2,,,,
2019,6,B,3,1,1,1,,,,
2019,6,B,3,1,1,2,13.725441860465082,3.4514186046508257,44.09877025581395,-28.448875720930236
2019,6,B,3,1,2,1,,,,
2019,6,B,3,1,2,2,14.259710597826086,-84.89339221014507,35.35174227672102,33.3882343152174
2019,6,B,3,2,1,1,11.31623913043478,-95.11304347826126,38.75591391304348,-26.624962543478258
2019,6,B,3,2,1,2,15.902350877192987,-2.237223493516467,45.76796738750877,-34.7154508877193
2019,6,B,3,2,2,1,12.370538793103464,-146.98881407269346,36.53260976982759,36.507184172413794
2019,6,B,3,2,2,2,14.095559448160543,-36.01365133779245,35.57672190133779,38.22641265928094
2019,6,T,0,0,1,1,12.384159242164046,-104.40710609243706,39.01138540253328,-30.717986962190857
2019,6,T,0,0,1,2,15.573924589309001,-126.34172991452988,47.44023860990874,-37.42516133244068
2019,6,T,0,0,2,1,15.9539104782789,-87.18403743636554,41.960672536685834,37.70434958162212
2019,6,T,0,0,2,2,15.428053866366355,-78.71935167310176,36.80648605155781,37.418436164818175
2019,6,T,0,1,1,1,13.191886417073619,-71.4602576754387,43.06055989455598,-31.303353128927473
2019,6,T,0,1,1,2,17.80220497539638,-140.13164844177163,53.24188661427009,-35.944564802624384
2019,6,T,0,1,2,1,17.578196643783357,-49.114486528822,41.738346862700226,39.59911896659039
2019,6,T,0,1,2,2,15.411926347966215,-77.34938318038212,39.95577725808079,37.92626563128333
2019,6,T,0,2,1,1,13.383565656565665,-73.77946617336147,45.88182702020202,-32.18676994242424
2019,6,T,0,2,1,2,13.7376916083916,-211.7017342657341,51.37629314685315,-35.48184931608392
2019,6,T,0,2,2,1,14.424321361502365,-120.7875838668374,44.97338555375587,36.243898486150236
2019,6,T,0,2,2,2,13.80377406696897,-110.15692039618534,39.55063780099407,35.388409355598185
2019,6,T,1,0,1,1,11.248226262626261,22.282454545454584,36.001075535353536,-30.220213646464646
2019,6,T,1,0,1,2,13.443017003676474,-73.68691156914883,39.32166823897059,-34.361188853247555
2019,6,T,1,0,2,1,13.883143162393182,-108.94575854700861,34.73320627777778,35.44300699594017
2019,6,T,1,0,2,2,13.035463187276179,-47.463150074097484,30.60190157436802,34.38555354541026
2019,6,T,1,1,1,1,11.579268940452891,-67.01624461052052,41.783002336035786,-31.649206496924798
2019,6,T,1,1,1,2,14.406361292733052,-97.82540444610504,46.17379535774332,-36.94112699252756
2019,6,T,1,1,2,1,15.07015115298087,-95.87835770528682,39.20329922110517,38.25483195486502
2019,6,T,1,1,2,2,15.043023907515206,-53.45740073666093,37.30573252945861,35.59592120076624
2019,6,T,1,2,1,1,12.115573703133037,-148.6902631578946,43.11267966414998,-30.20422827005649
2019,6,T,1,2,1,2,14.474681818181821,-151.20379754996748,51.7398324375,-37.74089305113637
2019,6,T,1,2,2,1,14.544516082679337,-124.73439205667182,38.95189287277551,36.72399965426108
2019,6,T,1,2,2,2,15.484798480270157,-49.0011444079546,39.77511620829186,36.19638294570529
2019,6,T,2,0,1,1,10.352857142857133,24.405857142857258,35.30589571428572,-26.32990734285714
2019,6,T,2,0,1,2,12.223928571428559,-78.96942857142858,35.874955,-33.379273845238096
2019,6,T,2,0,2,1,11.286984946236572,20.01051843317964,28.353006731182795,30.31100089139785
2019,6,T,2,0,2,2,13.24006790799561,22.43415936473184,27.38399012486309,31.615200146819838
2019,6,T,2,1,1,1,10.590833898305078,-18.64189265536743,35.400927057627115,-27.00074102244068
2019,6,T,2,1,1,2,13.049455505279042,-216.90290346908023,45.6950808295626,-37.756983587481145
2019,6,T,2,1,2,1,14.115671650717701,-62.187443609022466,31.816464083732058,36.88747612141148
2019,6,T,2,1,2,2,12.312313770053493,-51.80684491978582,29.68249083041444,33.73050437105615
2019,6,T,2,2,1,1,11.70810358056265,-175.73999360613834,45.705052631713556,-34.231227280562656
2019,6,T,2,2,1,2,14.17134859154929,-119.12631076783282,50.08243473811619,-38.50122644102113
2019,6,T,2,2,2,1,15.214259467369047,-88.69752052988088,42.862533824934154,34.952767246657885
2019,6,T,2,2,2,2,14.579010522598878,-87.07575287356349,38.57318531002825,38.004077410240114
2019,6,T,3,0,1,1,,,,
2019,6,T,3,0,1,2,,,,
2019,6,T,3,0,2,1,,,,
2019,6,T,3,0,2,2,,,,
2019,6,T,3,1,1,1,,,,
2019,6,T,3,1,1,2,,,,
2019,6,T,3,1,2,1,,,,
2019,6,T,3,1,2,2,11.584264752791057,15.412618664521233,31.826914561164273,28.30039886044657
2019,6,T,3,2,1,1,9.310678095238117,-147.36833684210524,36.771957904761905,-23.998257917809525
2019,6,T,3,2,1,2,11.534983333333315,-95.21045321637484,41.48247602777778,-38.660439555555556
2019,6,T,3,2,2,1,13.77488943768995,-151.33485317460327,34.53877137983282,38.84042411656536
2019,6,T,3,2,2,2,12.004317384050722,-48.46415202702656,29.444715108641972,31.752751884484482
2019,7,B,0,0,1,1,13.68240915322157,-101.1320112367539,40.388836714910894,-33.36764253531056
2019,7,B,0,0,1,2,17.036537386269657,-69.59470306038065,46.04263262282878,-34.62150540041357
2019,7,B,0,0,2,1,16.240274549939627,-80.34906532292189,39.38450819736525,39.7585795431848
2019,7,B,0,0,2,2,15.583671963271982,-72.35762991638876,34.31151941662716,38.88066437123303
2019,7,B,0,1,1,1,12.58067056737589,-106.70760369653999,42.31178069276596,-29.68831421787234
2019,7,B,0,1,1,2,18.619357529794144,-174.5179183098594,52.88307757908992,-37.962661348320694
2019,7,B,0,1,2,1,19.197378332293624,-174.97033179210575,44.02740024662092,44.023922417551226
2019,7,B,0,1,2,2,15.77111093258354,-143.864926191623,37.493348883645474,41.30363619038127
2019,7,B,0,2,1,1,13.344159012629177,-131.7699151302313,43.64665995407577,-28.373212421641792
2019,7,B,0,2,1,2,14.177131578947368,-213.9741666666664,53.92324268640351,-38.52308468530702
2019,7,B,0,2,2,1,16.52857058823531,-228.13566666666657,51.48006388235294,42.34750064010695
2019,7,B,0,2,2,2,14.060451201201204,-167.2254007712745,34.91817350431682,39.121990652402395
2019,7,B,1,0,1,1,12.706407648365612,-80.46206370272057,36.726597100920344,-30.088334547921296
2019,7,B,1,0,1,2,14.156666714082505,-64.14832574679895,41.69156672830725,-31.543441823613087
2019,7,B,1,0,2,1,15.033412502703882,-78.38373593570623,32.7093398995782,38.874828263789745
2019,7,B,1,0,2,2,14.36412213818781,-89.42863161214746,33.186764141561866,35.082942151160694
2019,7,B,1,1,1,1,10.929571472019475,-132.86665652879174,37.558811188361716,-29.705371232441202
2019,7,B,1,1,1,2,15.32369153825357,-115.0725933067074,49.102142431873474,-31.17304676020546
2019,7,B,1,1,2,1,18.160024506126533,-81.81722659323395,41.931932775393854,41.65270216890973
2019,7,B,1,1,2,2,15.581372793354092,-82.93312698412728,35.47291989706275,38.8462645340899
2019,7,B,1,2,1,1,12.428747252747229,-96.17934615384593,36.89268194129671,-28.23048357945055
2019,7,B,1,2,1,2,16.965195201490772,-144.24896961063587,53.6127465720941,-31.59346950200326
2019,7,B,1,2,2,1,14.607346040515637,-233.80905108074057,39.67549062237568,43.542957958379375
2019,7,B,1,2,2,2,14.578007888845491,-128.70923772445258,38.161314186809285,39.66386718402685
2019,7,B,2,0,1,1,,,,
2019,7,B,2,0,1,2,,,,
2019,7,B,2,0,2,1,11.485639130434748,22.128956521738928,27.316665465217394,42.18242562608696
2019,7,B,2,0,2,2,11.889485630498541,-100.57663636363668,34.48179074877811,33.64481263024243
2019,7,B,2,1,1,1,10.157161181434589,-85.64605907173018,31.687878429282698,-26.856466777215182
2019,7,B,2,1,1,2,15.309656363636364,-65.17940909090885,41.821640318181814,-34.02804497272727
2019,7,B,2,1,2,1,12.766111594202926,-50.43211594202921,34.53406784057971,34.109012326086955
2019,7,B,2,1,2,2,13.182968905799015,-82.79672432654161,28.85387536814484,35.47207140299135
2019,7,B,2,2,1,1,12.111851993620405,-91.85747368421016,41.71827298165869,-30.045268681977674
2019,7,B,2,2,1,2,15.605826086956512,-109.42565217391257,54.08501726086956,-32.70487645652174
2019,7,B,2,2,2,1,15.06264087447802,-164.7505469953776,42.53649805747974,40.090174143925324
2019,7,B,2,2,2,2,14.262388533393363,-115.9799823788544,37.7083960062928,37.242888880060455
2019,7,B,3,0,1,1,,,,
2019,7,B,3,0,1,2,,,,
2019,7,B,3,0,2,1,,,,
2019,7,B,3,0,2,2,,,,
2019,7,B,3,1,1,1,,,,
2019,7,B,3,1,1,2,,,,
2019,7,B,3,1,2,1,14.388571428571396,-112.11757142857186,37.173030385714284,36.3180142
2019,7,B,3,1,2,2,12.038689324437058,-116.28900333611364,27.14660022101751,32.15429742076731
2019,7,B,3,2,1,1,13.403747568523443,-141.35362511052153,37.35342925552609,-30.599463296198056
2019,7,B,3,2,1,2,15.387345755693588,-107.06710144927592,49.741758579710144,-30.554338930227743
2019,7,B,3,2,2,1,14.067036780973439,-105.1719240650873,40.892098301714604,40.38847436117257
2019,7,B,3,2,2,2,14.622279929266114,-108.87000538793109,35.887140524314766,39.022375059062774
2019,7,T,0,0,1,1,13.707306949931478,-110.40321414173968,44.58929495650246,-32.5879117570749
2019,7,T,0,0,1,2,15.804433746246232,-108.05783295281572,47.95301586711712,-35.38973025
2019,7,T,0,0,2,1,16.547871727939395,-86.53668448058716,40.52204863651959,38.69609356547642
2019,7,T,0,0,2,2,15.388381666888534,-56.67647938457367,33.856332958594066,36.0496222216802
2019,7,T,0,1,1,1,15.692704083484571,-142.3324718693284,46.33067376043557,-34.63736712341198
2019,7,T,0,1,1,2,15.235424828556347,-161.9770546861264,51.412879754861976,-37.92036721236076
2019,7,T,0,1,2,1,15.850604739427212,-73.01535354890666,40.65315105893985,37.478326896337265
2019,7,T,0,1,2,2,15.163747825243334,-73.3231664207251,37.99151968096433,39.73136780938473
2019,7,T,0,2,1,1,13.603232946299002,-64.91457639659666,46.53109724713352,-27.099470411320755
2019,7,T,0,2,1,2,13.210058974358986,-124.49107692307734,50.253967753846155,-34.07428972564102
2019,7,T,0,2,2,1,15.962395348837191,-187.71539313399762,45.95404953488372,41.28551568372093
2019,7,T,0,2,2,2,13.447585197489843,-113.77829306283775,36.919446402399416,37.15258984186046
2019,7,T,1,0,1,1,11.944219556305768,-49.996890523269485,38.42720405787316,-26.82867443724379
2019,7,T,1,0,1,2,12.12597557251911,-164.27267557251935,40.219805835877864,-34.34516266450382
2019,7,T,1,0,2,1,14.393516743575603,-35.759526198439744,31.712838354599718,34.9756251210787
2019,7,T,1,0,2,2,13.047751169013026,-75.92495726495736,30.583788100391338,34.73813178961516
2019,7,T,1,1,1,1,14.113030199430199,-147.56717013888874,47.45568229458689,-31.27553407920228
2019,7,T,1,1,1,2,13.624645380434771,-116.05514583333343,49.25729071920289,-36.09208865729167
2019,7,T,1,1,2,1,15.287874218289076,-74.51333374870228,38.69041032074729,35.94999064361849
2019,7,T,1,1,2,2,13.746103150031956,-97.09771962259356,32.86965702898422,38.0650110477247
2019,7,T,1,2,1,1,13.601553426990193,-86.31299023830024,46.50944706713495,-28.684853237582544
2019,7,T,1,2,1,2,14.804401823708218,-113.08643478260865,50.740736525835864,-36.39181762613982
2019,7,T,1,2,2,1,14.773705754950498,-158.9464006007338,42.46251927764026,35.369315688015675
2019,7,T,1,2,2,2,14.624730293617773,-124.89778390310812,38.095738768853664,36.46964384982125
2019,7,T,2,0,1,1,11.747456321839081,-60.175563218390835,34.863384344827594,-28.16688819770115
2019,7,T,2,0,1,2,,,,
2019,7,T,2,0,2,1,13.986106060606033,-53.6343044077139,27.379543034779616,31.213048539944904
2019,7,T,2,0,2,2,13.469550632911393,28.497594936708992,30.166644315752464,33.0074262221308
2019,7,T,2,1,1,1,11.089984210526325,-84.8312052631577,36.58815754736842,-29.961500224210525
2019,7,T,2,1,1,2,13.01945373134329,-47.163810945273326,44.636209183084574,-30.739117233830846
2019,7,T,2,1,2,1,13.80879415584414,-40.388925324675256,31.442613879870134,35.13083463571429
2019,7,T,2,1,2,2,14.379137010179903,0.7320519443246667,34.463183638962484,33.964939246181046
2019,7,T,2,2,1,1,10.468336009634683,-94.34138297872323,42.50494788173424,-26.47339939345644
2019,7,T,2,2,1,2,12.910971579643103,-153.45178072863428,52.72767246596166,-34.10984192339723
2019,7,T,2,2,2,1,12.835134992887617,-149.49758049535603,40.010401847083926,37.01882364807966
2019,7,T,2,2,2,2,14.113176811740374,-40.78205551985593,35.04212898022089,35.323932312219476
2019,7,T,3,0,1,1,,,,
2019,7,T,3,0,1,2,,,,
2019,7,T,3,0,2,1,,,,
2019,7,T,3,0,2,2,,,,
2019,7,T,3,1,1,1,10.696084415584409,-113.24357142857161,37.22877619047619,-29.71744183982684
2019,7,T,3,1,1,2,,,,
2019,7,T,3,1,2,1,12.411505411255433,-106.78723684210536,30.85707531385281,38.98668066277056
2019,7,T,3,1,2,2,12.869122289156593,-51.374602409638555,39.05422590361446,34.2150867126506
2019,7,T,3,2,1,1,10.494662337662334,-51.13906493506465,34.2822771948052,-21.510188875324687
2019,7,T,3,2,1,2,7.9013611111111,-253.62940126050444,41.982274595238096,-32.00102371428571
2019,7,T,3,2,2,1,12.238760924273635,-64.91757142857114,27.519045430473575,32.161514816424386
2019,7,T,3,2,2,2,13.093430634071808,-55.57392974495406,34.63940747802903,32.78910055282658
2019,8,B,0,0,1,1,13.867131209926654,-83.25035545356604,42.95934046232299,-31.397347331032336
2019,8,B,0,0,1,2,16.023519714826108,-96.07471155245184,46.254106399534415,-33.35187678728357
2019,8,B,0,0,2,1,16.005350166224474,-73.97372404527005,38.58188391922929,39.08646889615821
2019,8,B,0,0,2,2,15.116800930153914,-67.50353404696489,35.20639683400981,37.71983368843069
2019,8,B,0,1,1,1,13.384063210702351,-84.42862709030078,41.50522723829432,-29.534912069063548
2019,8,B,0,1,1,2,16.392880923076916,-92.48535686274545,49.02850378153846,-36.069484363076924
2019,8,B,0,1,2,1,15.556717042279772,-33.31897019286998,39.5759020811585,36.01962832713654
2019,8,B,0,1,2,2,15.678295173904104,-106.80133024301176,39.15158359918536,38.14515075943267
2019,8,B,0,2,1,1,13.477157575757573,-40.15522727272719,44.46343822222222,-31.84827751313131
2019,8,B,0,2,1,2,15.867963768115928,-123.8821541501975,52.68495031620553,-38.421741332015806
2019,8,B,0,2,2,1,14.877691699604767,-46.67290650406494,42.49339221343873,35.09981925612648
2019,8,B,0,2,2,2,14.105447263017368,-93.8940918170797,39.360417899023254,36.289662311703324
2019,8,B,1,0,1,1,12.82289589169001,-58.00098639455791,39.10587449019608,-29.638597430905698
2019,8,B,1,0,1,2,13.752349909584069,-201.47296564195267,43.703641448462925,-35.815555663050034
2019,8,B,1,0,2,1,15.547614459484194,-70.94810276679846,36.91222791130419,38.25481305245651
2019,8,B,1,0,2,2,13.256318085591658,-106.38497914032132,32.181382464999594,35.33378456353759
2019,8,B,1,1,1,1,13.324334444444446,-106.36003888888854,43.61771622222222,-32.22957283555556
2019,8,B,1,1,1,2,14.637722165991917,-170.34122975708533,45.2612424291498,-35.70844586234818
2019,8,B,1,1,2,1,16.806523883237503,-69.09063933681546,41.58391434918178,38.48780137737727
2019,8,B,1,1,2,2,14.829714819487577,-109.44511170106216,36.10127300285569,37.682872043890725
2019,8,B,1,2,1,1,11.016370652173919,-116.49103283801105,38.390794721268115,-26.782677902219774
2019,8,B,1,2,1,2,14.014632352941177,-158.0403260869566,50.321478461210575,-34.67167309164536
2019,8,B,1,2,2,1,15.3405165425972,-200.23601851166222,39.996959065756826,40.396205360215056
2019,8,B,1,2,2,2,14.758549451628767,-120.43597654396308,39.738982809196266,38.560954249582586
2019,8,B,2,0,1,1,13.98321014492754,-76.7027898550723,37.963927500000004,-30.926846536231885
2019,8,B,2,0,1,2,,,,
2019,8,B,2,0,2,1,,,,
2019,8,B,2,0,2,2,12.286498233995559,-98.77274613686541,33.35788843642384,31.22527075143488
2019,8,B,2,1,1,1,17.534412376779883,-185.62903066812714,45.943086084337345,-37.52889318784228
2019,8,B,2,1,1,2,12.780580168776368,-146.34285513361465,44.47711050421941,-32.495726490857955
2019,8,B,2,1,2,1,15.175804395604402,-181.08170329670338,37.76340602197802,40.00846624725274
2019,8,B,2,1,2,2,12.815764329841528,-103.48003913894354,32.46767587938221,33.820116925919955
2019,8,B,2,2,1,1,13.795989898989916,-131.1438585858582,44.34780266161616,-31.845440042424258
2019,8,B,2,2,1,2,15.094030145530155,-147.59082120582116,48.18376502425502,-33.81219044698545
2019,8,B,2,2,2,1,15.501420634920663,-179.2719696969698,44.50099670920635,38.009431570634916
2019,8,B,2,2,2,2,13.948753062830178,-143.8990025551684,39.4385231132067,36.261453968620884
2019,8,B,3,0,1,1,,,,
2019,8,B,3,0,1,2,,,,
2019,8,B,3,0,2,1,,,,
2019,8,B,3,0,2,2,,,,
2019,8,B,3,1,1,1,,,,
2019,8,B,3,1,1,2,,,,
2019,8,B,3,1,2,1,,,,
2019,8,B,3,1,2,2,11.420796404682307,-212.55094780219815,34.57214677006689,33.731134292516714
2019,8,B,3,2,1,1,13.81505758582503,-70.04206976744172,38.623847652270214,-27.746454857142858
2019,8,B,3,2,1,2,12.845519999999993,-257.72776190476225,43.34454819047619,-35.91713217142857
2019,8,B,3,2,2,1,14.588309160305329,-153.390544760583,38.259259622484386,34.48197685971549
2019,8,B,3,2,2,2,12.187338992332968,-147.5562467532468,33.94043520536692,36.8597496283023
2019,8,T,0,0,1,1,14.29104450227716,-100.27519561917143,45.98609664004338,-33.41727165025374
2019,8,T,0,0,1,2,15.924151219512197,-175.91525631103787,52.17653509617765,-37.43528743922461
2019,8,T,0,0,2,1,15.87352217681861,-57.351544715446835,37.11622629615914,38.01727817635823
2019,8,T,0,0,2,2,15.415194607000274,-50.379281080434794,33.281247715305625,37.11795609360555
2019,8,T,0,1,1,1,14.514582957474232,-119.10939328457425,50.45936974420103,-32.21104467042526
2019,8,T,0,1,1,2,14.955351851851844,-227.9661851851847,51.52607277777778,-36.00303742074074
2019,8,T,0,1,2,1,16.831446261989228,-59.57160160575813,40.677406601024835,41.25671014360137
2019,8,T,0,1,2,2,15.237952954649543,-60.21385529859799,34.85821881707284,38.43975624470123
2019,8,T,0,2,1,1,12.275027322404355,-109.32742714025471,46.80264398998179,-27.340243007494145
2019,8,T,0,2,1,2,13.698676190476192,-234.04310476190494,56.30270176190476,-31.219193085714288
2019,8,T,0,2,2,1,14.559506587615289,-66.20197324414676,41.33189118050066,39.733450674901185
2019,8,T,0,2,2,2,13.894272104607722,-88.00577193631943,35.27576888805017,37.52271759963234
2019,8,T,1,0,1,1,11.623865694164977,-77.47363636363616,38.49168558853119,-31.484305513983912
2019,8,T,1,0,1,2,14.494129583333333,-133.5137290322582,45.24903347916667,-36.35423887
2019,8,T,1,0,2,1,13.397443742098602,-38.43364669471475,28.914057226717233,36.6134465283228
2019,8,T,1,0,2,2,14.022810622710637,-10.059382723236922,30.89585305247253,35.01977991556777
2019,8,T,1,1,1,1,11.967462693462693,-82.58211099402843,37.85451434222685,-29.39073023972049
2019,8,T,1,1,1,2,14.399614316239322,-197.3984882478635,51.97264175106838,-35.07451090972222
2019,8,T,1,1,2,1,14.693496124031014,-106.84634168157436,38.36737513133997,37.71842318028793
2019,8,T,1,1,2,2,14.641794487449772,-39.87041899441374,32.70704604519921,36.844878498013
2019,8,T,1,2,1,1,9.976802450848382,-138.7924304418989,43.40966189200108,-29.942403999946137
2019,8,T,1,2,1,2,16.49794608532582,-187.92263947491756,56.27728163666198,-36.4988302139957
2019,8,T,1,2,2,1,14.432566186797743,-93.38269856644683,34.197194850421354,40.86898495700491
2019,8,T,1,2,2,2,15.013114786967407,-142.28987779618865,37.85672010378446,39.158558404060145
2019,8,T,2,0,1,1,,,,
2019,8,T,2,0,1,2,,,,
2019,8,T,2,0,2,1,15.284980519480527,82.83357142857176,37.242772980519476,35.70608989935065
2019,8,T,2,0,2,2,12.970455994897947,63.98382653061253,34.22117674936224,31.150784650510204
2019,8,T,2,1,1,1,11.332478048780501,-95.66212195121943,39.48413343902438,-25.726910020731708
2019,8,T,2,1,1,2,14.383053424657533,-168.96032876712343,44.588703006849315,-35.757467246575345
2019,8,T,2,1,2,1,15.088155760368664,-60.41216774193572,34.41045558525346,39.7641250202765
2019,8,T,2,1,2,2,13.96714143426297,-15.050227821110184,31.007082432602918,35.67937683643205
2019,8,T,2,2,1,1,11.523145837957841,-128.16674509803897,40.595209018867926,-24.94187437691454
2019,8,T,2,2,1,2,12.399725352112682,-230.60893045774628,47.85678233631162,-33.40006810358928
2019,8,T,2,2,2,1,14.338846448087423,-97.1247158469946,35.00965412540983,37.40327100409836
2019,8,T,2,2,2,2,14.990224102564099,-97.54417936086884,37.3785373336044,37.77717099611722
2019,8,T,3,0,1,1,,,,
2019,8,T,3,0,1,2,,,,
2019,8,T,3,0,2,1,,,,
2019,8,T,3,0,2,2,,,,
2019,8,T,3,1,1,1,,,,
2019,8,T,3,1,1,2,,,,
2019,8,T,3,1,2,1,,,,
2019,8,T,3,1,2,2,13.308305982905978,-32.6579715099715,33.17104403988604,34.279030372079774
2019,8,T,3,2,1,1,13.015977922077923,-129.19825974025935,41.10746796753247,-30.380017032467535
2019,8,T,3,2,1,2,13.279015079365067,-78.28725396825348,43.37241571904762,-29.2710191015873
2019,8,T,3,2,2,1,13.727127777777781,-13.800791666666555,36.283605772916665,36.12583560555556
2019,8,T,3,2,2,2,13.907095351043637,-66.86439911448406,36.63118939500316,37.62277347786211
2019,9,B,0,0,1,1,14.10122227191414,-131.25982692307662,43.4882194275492,-33.30751767216117
2019,9,B,0,0,1,2,14.893842617152984,-249.03335322723206,54.21203789124668,-36.67780207338638
2019,9,B,0,0,2,1,16.30527872091156,-33.69004809551416,38.877787064000366,38.232129490271305
2019,9,B,0,0,2,2,15.321458964272239,-32.13799274255189,37.7083734659522,35.475102437970776
2019,9,B,0,1,1,1,17.02158107116655,-50.27837857666918,53.30325867938371,-39.81325535377843
2019,9,B,0,1,1,2,17.700704444444455,-144.23513333333358,58.11934944444444,-39.35312582222222
2019,9,B,0,1,2,1,17.839500179018955,-68.30787447054263,42.48533992624419,37.47174984371644
2019,9,B,0,1,2,2,15.1128886292135,-58.50745142857113,38.16458772606742,36.21243605226966
2019,9,B,0,2,1,1,14.599737777777761,-169.01479999999992,52.59095911111111,-38.519631294117644
2019,9,B,0,2,1,2,14.94854285714284,-92.81038095238091,63.5179578952381,-36.73395895238095
2019,9,B,0,2,2,1,16.021152272727278,-66.09194749216294,44.47707824545454,39.30310737121212
2019,9,B,0,2,2,2,13.920203296703306,-75.838374125874,42.879737115384614,31.415082950366305
2019,9,B,1,0,1,1,14.808173160173155,-220.34318181818162,41.42625428571429,-36.56590095238096
2019,9,B,1,0,1,2,14.832124098124083,-188.14798412698428,51.886496158730154,-26.7434936002886
2019,9,B,1,0,2,1,15.699645299145288,-11.940435897435691,37.70362205128205,38.350357284615384
2019,9,B,1,0,2,2,14.755043650793652,-36.151333333333696,32.251441922619044,35.48837823015873
2019,9,B,1,1,1,1,15.820473856209176,-78.06351307189561,35.55131605555555,-33.25733481045752
2019,9,B,1,1,1,2,14.936543916196598,-190.19261130136965,49.007018899274776,-32.096262497179694
2019,9,B,1,1,2,1,18.53888687344225,-63.99707302621846,42.06258735613404,38.99849563708114
2019,9,B,1,1,2,2,16.227394320830683,-87.05036560565895,42.216243751790635,36.175372413443526
2019,9,B,1,2,1,1,12.539098571428553,16.381871428571685,46.55288341142857,-28.021084185714287
2019,9,B,1,2,1,2,13.92647230769228,-120.92737458194006,56.11007798769231,-27.028400216923075
2019,9,B,1,2,2,1,16.07439834881322,-105.32788888888899,44.17168616615067,32.32331437667698
2019,9,B,1,2,2,2,13.339649620505185,-118.5374142791029,38.10332878723405,32.74837245405624
2019,9,B,2,0,1,1,,,,
2019,9,B,2,0,1,2,,,,
2019,9,B,2,0,2,1,,,,
2019,9,B,2,0,2,2,16.929558608058613,62.14219780219764,42.31321523809524,32.996630119047616
2019,9,B,2,1,1,1,,,,
2019,9,B,2,1,1,2,,,,
2019,9,B,2,1,2,1,15.396967391304344,-43.928121118012314,32.80515105072464,38.440592673913045
2019,9,B,2,1,2,2,13.599221824686964,-70.22319618366191,40.9149128836613,35.09381286046512
2019,9,B,2,2,1,1,14.46178888888889,-140.1956666666665,37.26593688888889,-35.77235562962963
2019,9,B,2,2,1,2,13.632583072100331,-29.03862068965509,41.29853680250784,-33.61552981504702
2019,9,B,2,2,2,1,14.740590909090884,-87.54737100737111,41.04591698858717,37.226903439590714
2019,9,B,2,2,2,2,14.753019032513862,-112.14373431533022,38.838150735659525,33.157268357520486
2019,9,B,3,0,2,1,,,,
2019,9,B,3,0,2,2,,,,
2019,9,B,3,1,1,2,,,,
2019,9,B,3,1,2,1,,,,
2019,9,B,3,1,2,2,,,,
2019,9,B,3,2,1,1,,,,
2019,9,B,3,2,1,2,,,,
2019,9,B,3,2,2,1,15.058233333333334,-89.87779166666678,37.530828625,37.177459437500005
2019,9,B,3,2,2,2,12.570476354679812,-65.21622906403945,38.52079711921182,33.888840767487686
2019,9,T,0,0,1,1,14.489140909090906,-96.88133253588558,40.36195537012987,-31.864924085714286
2019,9,T,0,0,1,2,16.287754208754194,-129.7483501683496,53.09719397306398,-34.84869339057239
2019,9,T,0,0,2,1,16.363870081064263,-35.77768029315939,37.49078009281543,35.27132262261999
2019,9,T,0,0,2,2,14.723185990846787,-55.3184893525181,35.82046966628271,34.59505334483194
2019,9,T,0,1,1,1,15.599229761904795,-93.77798412698394,46.389610595238096,-33.724763302976186
2019,9,T,0,1,1,2,15.262682962962955,-153.9317925925925,49.9184384262963,-31.943321675555552
2019,9,T,0,1,2,1,16.864273222503982,-76.4674627121135,40.56858896846529,38.486820426364226
2019,9,T,0,1,2,2,15.497040657957811,-86.04868008948552,38.65977375165388,37.05574597382251
2019,9,T,0,2,1,1,13.420487878787881,19.70175757575771,45.97529093939394,-32.31327057575757
2019,9,T,0,2,1,2,12.442440170940174,-62.92866013071853,50.17189802136752,-31.478944470085466
2019,9,T,0,2,2,1,14.661112232030263,-179.01122710622712,43.78022416212694,36.42061143838798
2019,9,T,0,2,2,2,13.280524834489029,-147.30531315974667,39.82317142206081,34.356209607364065
2019,9,T,1,0,1,1,14.20936263736263,-51.893351648351654,34.52070480769231,-33.18298651892552
2019,9,T,1,0,1,2,17.110937400530474,-23.77322015915115,51.89268941644562,-34.8519928665252
2019,9,T,1,0,2,1,14.076913571428577,-17.99647222222211,32.97666655239286,36.23449444964285
2019,9,T,1,0,2,2,14.409569370049041,-60.48880199372525,34.2712181292091,32.970445976109644
2019,9,T,1,1,1,1,12.991585915492948,-130.27772481040074,39.339714210915496,-29.6923675778169
2019,9,T,1,1,1,2,13.033531249999982,-98.30727318295749,49.37202069642857,-32.199579997916665
2019,9,T,1,1,2,1,13.675705776173288,-93.72812897932408,35.987479703559444,35.69971693979036
2019,9,T,1,1,2,2,14.689209497633215,-76.42725698294544,38.25714663454727,34.64835786434031
2019,9,T,1,2,1,1,13.628375000000005,-76.82493055555551,42.79018039444444,-29.45196097777778
2019,9,T,1,2,1,2,13.589696428571443,-168.77964285714233,53.596032928571425,-32.827084392857145
2019,9,T,1,2,2,1,14.62138723544976,-146.20422140156506,41.214066216550926,38.67421610267857
2019,9,T,1,2,2,2,14.596511340523875,-88.29005535570514,40.95440080177195,34.816300760773686
2019,9,T,2,0,1,1,,,,
2019,9,T,2,0,1,2,,,,
2019,9,T,2,0,2,1,13.403079241071424,-22.426772836538476,33.00715503348214,35.71722205357143
2019,9,T,2,0,2,2,13.457725146198811,-67.55333333333328,34.445402482456146,31.85832901725146
2019,9,T,2,1,1,1,16.19619696969697,-83.58621212121216,44.64144471380472,-36.68288138888889
2019,9,T,2,1,1,2,,,,
2019,9,T,2,1,2,1,12.941138615254715,-30.553308281543195,35.21034259738249,33.35533746550802
2019,9,T,2,1,2,2,13.912531616982818,10.394914529914331,32.66580827868112,31.4490592684056
2019,9,T,2,2,1,1,13.367726190476176,-125.44434523809514,45.18146148809523,-33.878289714285714
2019,9,T,2,2,1,2,15.127515360983125,-28.482419354838385,49.55378520737327,-35.42315176804916
2019,9,T,2,2,2,1,14.97051261473905,-90.68454453870618,39.63848217345922,32.765083256963024
2019,9,T,2,2,2,2,14.27101192406144,-75.81707703255688,41.30757334577645,33.93875447597675
2019,9,T,3,0,1,1,,,,
2019,9,T,3,0,1,2,,,,
2019,9,T,3,0,2,1,,,,
2019,9,T,3,0,2,2,,,,
2019,9,T,3,1,1,1,,,,
2019,9,T,3,1,1,2,,,,
2019,9,T,3,1,2,1,,,,
2019,9,T,3,1,2,2,14.032266666666658,-24.01243892339562,31.84224066666667,31.795633470238098
2019,9,T,3,2,1,1,16.694874999999982,-31.245416666667097,41.05943,-38.259681791666665
2019,9,T,3,2,1,2,,,,
2019,9,T,3,2,2,1,13.235762000932084,-30.338319451249845,32.83220643933509,32.32922377886656
2019,9,T,3,2,2,2,13.609294685990335,-7.625621169514488,35.34908862510657,33.28083637439614
2019,10,B,0,0,1,1,,,,
2019,10,B,0,0,1,2,,,,
2019,10,B,0,0,2,1,,,,
2019,10,B,0,0,2,2,14.361238351254485,-81.24176821983247,40.302905758661886,31.32115964038232
2019,10,B,0,1,2,1,,,,
2019,10,B,0,1,2,2,14.264590389016035,-90.83265446224277,40.60489503432495,29.349627977116704
2019,10,B,0,2,2,2,,,,
2019,10,B,1,0,2,1,,,,
2019,10,B,1,0,2,2,12.61180454545456,-41.664999999999964,28.513325909090902,28.86522718181818
2019,10,B,1,1,2,1,,,,
2019,10,B,1,1,2,2,16.604144444444444,-93.1041111111108,39.21307244444445,37.03885044444445
2019,10,B,1,2,2,2,16.5167142857143,-90.74499999999989,42.12208348214286,36.62495133928571
2019,10,B,2,1,2,1,,,,
2019,10,B,2,2,2,2,16.612833333333356,-119.97376623376658,51.97998845238095,37.35560738095238
2019,10,B,3,2,2,1,,,,
2019,10,B,3,2,2,2,,,,
2019,10,T,0,0,1,1,13.722240259740246,-31.321428571428896,25.429526883116882,-37.64666844155844
2019,10,T,0,0,1,2,,,,
2019,10,T,0,0,2,1,15.16826041666667,-81.11312500000031,41.408544847222224,31.29070734375
2019,10,T,0,0,2,2,14.65716410256411,-129.63023076923082,37.05624418435898,35.77549482631299
2019,10,T,0,1,2,1,,,,
2019,10,T,0,1,2,2,12.095953846153833,-101.49775384615396,28.078200984615385,44.36753655384616
2019,10,T,0,2,2,2,,,,
2019,10,T,1,0,2,1,,,,
2019,10,T,1,0,2,2,14.172988687782805,-11.40531674208114,38.56911624434389,34.83392138009046
2019,10,T,1,1,2,1,,,,
2019,10,T,1,1,2,2,,,,
2019,10,T,1,2,2,1,,,,
2019,10,T,1,2,2,2,15.614129411764708,-168.7804705882354,50.089422786470585,49.487701588235296
2019,10,T,2,1,2,2,,,,
2019,10,T,2,2,2,1,,,,
2019,10,T,2,2,2,2,,,,
2019,11,B,0,0,2,1,,,,
2019,11,B,0,0,2,2,14.008817460317431,-134.4534033613445,43.58648661904762,33.76114285714286
2019,11,B,0,1,2,1,,,,
2019,11,B,0,1,2,2,,,,
2019,11,T,0,0,2,1,,,,
2019,11,T,0,0,2,2,17.066833333333335,-43.452549019607886,50.90499598039216,37.55655357843137
2019,11,T,0,1,2,2,11.92782307692309,-11.22516666666661,32.86587084615384,29.14041430769231
2019,11,T,1,0,2,1,,,,
2019,11,T,1,0,2,2,,,,
2019,11,T,1,1,2,2,,,,
2019,11,T,2,0,2,2,,,,
2019,12,T,0,0,1,1,,,,
2019,12,T,0,0,2,1,,,,
2019,12,T,0,0,2,2,,,,
2020,1,B,0,0,1,1,16.26886964255749,-91.89194663534136,49.357675924148346,-31.90339665900319
2020,1,B,0,0,1,2,16.99258605313092,-39.219425996205246,49.90644436242884,-34.641113709117626
2020,1,B,0,0,2,1,16.422846704997795,-69.84260254803712,39.72508112268907,40.95715908571038
2020,1,B,0,0,2,2,15.740826528476262,-70.72194493739562,37.58056941195006,38.30584559533334
2020,1,B,0,1,1,1,18.34620279720278,-87.57016161616184,54.380144395524475,-33.75302641608391
2020,1,B,0,1,1,2,16.14131689387864,-112.98691146470856,49.21904962536755,-33.27480356776263
2020,1,B,0,1,2,1,18.069988703416186,-72.41852766798411,46.20088339774845,42.929234276048135
2020,1,B,0,1,2,2,17.377715586230252,-58.6930443045153,40.589291927851406,39.36406500788979
2020,1,B,0,2,1,1,14.162293939393962,-47.326348484848495,45.05613584848485,-27.579201681818184
2020,1,B,0,2,1,2,15.012166666666658,-89.49205387205438,54.98003427609427,-33.295049612794614
2020,1,B,0,2,2,1,16.989547520854813,-134.86200060762576,48.150242091573716,44.76993748460045
2020,1,B,0,2,2,2,15.347600485992018,-146.82156417112265,40.15981023699257,39.04982796682901
2020,1,B,1,0,1,1,11.452902027027022,-17.273937908496464,39.261891189984105,-27.1331037736089
2020,1,B,1,0,1,2,12.157533799533809,-116.55241258741307,39.172902599067605,-34.28201819114219
2020,1,B,1,0,2,1,14.686206717191851,-82.81628528121246,37.03491627736737,39.47336689513681
2020,1,B,1,0,2,2,13.258819515927115,-69.32698392831753,33.63174434167478,36.3086591456197
2020,1,B,1,1,1,1,14.615502317290549,-43.75347494553398,47.660085868092686,-30.848963860071304
2020,1,B,1,1,1,2,14.90677398282942,-107.46800298618882,45.04009153116834,-32.81213200485256
2020,1,B,1,1,2,1,16.414038197586734,-92.16653192690683,40.50722797669683,38.92791467473982
2020,1,B,1,1,2,2,14.719389771288718,-75.47086793540939,34.89249456471432,38.53701223863617
2020,1,B,1,2,1,1,12.851841153193902,-127.28321264367833,46.37948135952516,-31.172878837761445
2020,1,B,1,2,1,2,13.83949593495936,-109.91084447941239,48.83522299790192,-33.2211195363231
2020,1,B,1,2,2,1,15.939840927096498,-163.9772329697471,44.77415267941003,42.96721201699569
2020,1,B,1,2,2,2,15.167832884572931,-149.93590858416974,40.15538716166409,39.57302625786802
2020,1,B,2,0,1,1,10.109101055806946,-77.39654188948316,39.68199291251885,-31.644551776772246
2020,1,B,2,0,1,2,11.711751428571432,-35.374799999999595,32.797802714285716,-29.386008057142856
2020,1,B,2,0,2,1,10.798074264464617,-62.02603959313137,30.45208272919173,34.99395518309089
2020,1,B,2,0,2,2,12.186658287705342,-81.47155487804912,29.833752206072678,34.34520001082629
2020,1,B,2,1,1,1,12.219192632850238,-64.50257246376805,40.37591563623188,-28.642538280797105
2020,1,B,2,1,1,2,15.969564705882348,-152.72657254902015,42.84340170196078,-34.86327264352943
2020,1,B,2,1,2,1,12.762764009009004,-85.72497372372345,34.18758434626126,37.51564916645045
2020,1,B,2,1,2,2,13.593200099366527,-83.51267139175252,32.24044835368277,33.61800328847349
2020,1,B,2,2,1,1,12.92968492224476,-79.59066854327966,45.52988993238675,-28.277277637592967
2020,1,B,2,2,1,2,13.983226315789466,-143.47085633001416,50.29807157368421,-33.93251733684211
2020,1,B,2,2,2,1,14.941519700512913,-99.30382062216268,39.674847833222636,37.655991898486846
2020,1,B,2,2,2,2,15.506002131324621,-167.2881672906583,39.133388051551776,39.720374522776176
2020,1,B,3,0,1,1,,,,
2020,1,B,3,0,1,2,,,,
2020,1,B,3,0,2,1,,,,
2020,1,B,3,0,2,2,,,,
2020,1,B,3,1,1,1,,,,
2020,1,B,3,1,1,2,,,,
2020,1,B,3,1,2,1,12.788365220483655,-44.21089260312965,30.282266647937412,36.84649014829303
2020,1,B,3,1,2,2,15.781853535353534,-75.22317460317436,34.610665303030295,32.029718838383836
2020,1,B,3,2,1,1,11.82587106918237,-91.21605488850764,45.34541737421384,-28.7215663663522
2020,1,B,3,2,1,2,13.860164857530549,-177.1397441364611,43.537713054274086,-32.81640534599729
2020,1,B,3,2,2,1,12.915914260305499,-105.33506486712713,32.36202814385855,41.412023134138934
2020,1,B,3,2,2,2,15.834987593260138,-60.67619163383324,34.6109662201358,38.36821165276218
2020,1,T,0,0,1,1,15.56849427367122,-84.21885028690667,48.2273914298756,-31.747369278749872
2020,1,T,0,0,1,2,16.190268127297927,-78.37822084000481,48.34154572879874,-33.38563758289622
2020,1,T,0,0,2,1,17.410260550802718,-94.20605131739285,44.850250683139436,41.07915392440227
2020,1,T,0,0,2,2,16.223433709869198,-83.6123545492901,37.69138859218193,39.48766965439524
2020,1,T,0,1,1,1,15.497388263910011,-43.911966403162296,46.62798836606871,-31.01921570773031
2020,1,T,0,1,1,2,17.620448621553876,-98.6690643274851,54.511952286633246,-34.02737208939014
2020,1,T,0,1,2,1,17.092114702509534,-66.67510993260385,46.39309297370456,40.34704339254874
2020,1,T,0,1,2,2,16.08863211526669,-78.31429841269801,43.57248874955242,39.62070969302268
2020,1,T,0,2,1,1,12.999056875209078,-41.6336835061893,44.64625273369019,-30.46022080595517
2020,1,T,0,2,1,2,17.426302663438236,-73.80791162227615,58.12519464467312,-36.65353684503632
2020,1,T,0,2,2,1,16.7376884469697,-151.45440421747935,46.20174435160985,39.066596453598486
2020,1,T,0,2,2,2,15.210507142857153,-140.46823949579812,43.53570884761904,39.121373190476184
2020,1,T,1,0,1,1,13.415247826086969,-55.615184782608594,42.76090451086957,-31.486203892771734
2020,1,T,1,0,1,2,16.494003105590068,7.247329192546658,50.693258996894414,-31.298446808074537
2020,1,T,1,0,2,1,13.535842120765835,-135.51104738302956,33.03921443937162,37.82510877168914
2020,1,T,1,0,2,2,14.483542285561327,-109.68435466229175,33.01508130081628,38.18107781285963
2020,1,T,1,1,1,1,15.188116433871656,-50.86191619380179,44.80489839153208,-29.994942803867307
2020,1,T,1,1,1,2,16.063075471698113,-57.61139743589729,49.56307914465408,-31.061245422955977
2020,1,T,1,1,2,1,16.698896778725185,-108.16112244223314,43.93495601473423,40.13831324419981
2020,1,T,1,1,2,2,16.605403142183803,-103.43404929577446,38.63004157161561,39.757348280631575
2020,1,T,1,2,1,1,14.668124745934989,-40.416199845678875,51.59580611382114,-29.96166845193089
2020,1,T,1,2,1,2,16.625960398636238,-82.21981451612874,57.35161608182534,-34.94252839365329
2020,1,T,1,2,2,1,15.887495809650588,-166.03869433090495,46.92725604072064,43.47602791264444
2020,1,T,1,2,2,2,15.199651778329226,-159.52922864428365,42.9531538156879,38.78036438240971
2020,1,T,2,0,1,1,10.358249999999998,-178.44279411764683,40.83784220098039,-34.45229294117647
2020,1,T,2,0,1,2,11.600060000000013,-169.4692666666665,39.8067451,-31.135056133333332
2020,1,T,2,0,2,1,10.113245843422135,-147.99229539951557,32.48293095076675,39.35295525940275
2020,1,T,2,0,2,2,12.621813784461153,-95.97544891640882,30.057655481203007,34.73617784310777
2020,1,T,2,1,1,1,12.516684384164236,-131.02349706744872,43.97099777859238,-33.53394492668622
2020,1,T,2,1,1,2,13.034141941391951,-56.6429714285714,42.87721701465201,-30.38852154120879
2020,1,T,2,1,2,1,12.72950456621004,-98.46342387659297,32.15292314524896,37.53875239731463
2020,1,T,2,1,2,2,13.667984607984607,-85.86230924533538,34.38783076046176,33.95026398143338
2020,1,T,2,2,1,1,12.012768460284164,-31.96287795557646,42.62446943722339,-26.83513457884929
2020,1,T,2,2,1,2,14.542659366676531,-100.69229663608576,53.903561408700796,-33.74004821396863
2020,1,T,2,2,2,1,16.269524306072768,-133.27334769463369,47.15635904601023,39.497463466383635
2020,1,T,2,2,2,2,16.98402436034931,-148.79329651656735,44.355914912593846,37.465168480821816
2020,1,T,3,0,1,1,,,,
2020,1,T,3,0,1,2,,,,
2020,1,T,3,0,2,1,,,,
2020,1,T,3,0,2,2,,,,
2020,1,T,3,1,1,1,,,,
2020,1,T,3,1,1,2,14.176032312925159,-6.276275510203959,43.30207925170068,-33.51151578231293
2020,1,T,3,1,2,1,12.622924075924061,-89.1200699300698,28.807569940059935,34.6108514985015
2020,1,T,3,1,2,2,11.460632036613276,-136.90324942791767,27.390827621510297,33.02322350343249
2020,1,T,3,2,1,1,13.554996031746015,-50.030410052910156,42.43800420793651,-28.610700916666666
2020,1,T,3,2,1,2,13.085204433497552,-128.54107142857174,42.301290344827585,-30.664364109605913
2020,1,T,3,2,2,1,14.242078148361145,-167.3041138585395,37.49504439028177,37.73611717567567
2020,1,T,3,2,2,2,14.425623508575683,-81.47844985085749,33.826670280518265,38.14091178141312
2020,2,B,0,0,1,1,15.513547582205035,-77.63568026547,49.18327361895551,-32.79277882757174
2020,2,B,0,0,1,2,17.44552317643823,-42.74194387469697,48.37691775947335,-32.80140193991192
2020,2,B,0,0,2,1,15.632263787491297,-97.58012443438929,37.23854727879679,41.5734869569635
2020,2,B,0,0,2,2,15.25153872823708,-73.83703450858593,36.63453889460759,37.695148477737334
2020,2,B,0,1,1,1,15.736798001998011,-37.05226773226741,51.610258405414584,-32.60072325494506
2020,2,B,0,1,1,2,17.474200897867576,-127.4483275795933,55.265358312008985,-34.43358847306398
2020,2,B,0,1,2,1,18.923104023580578,-78.52655795817054,48.303296495478484,44.316017719322346
2020,2,B,0,1,2,2,17.17515542591937,-66.4904924854427,41.440235598521284,39.79311114107068
2020,2,B,0,2,1,1,13.623899999999992,-29.828428571428503,47.707149928571425,-31.35089325
2020,2,B,0,2,1,2,15.733644183773194,-99.65339198435959,50.54146625865103,-36.57846621994135
2020,2,B,0,2,2,1,16.041076143560858,-210.04228735632205,46.86902929134413,44.072097611822656
2020,2,B,0,2,2,2,13.697821956638336,-156.7932581125956,40.988596127454734,38.41898684110932
2020,2,B,1,0,1,1,13.706657038288284,-75.13513888888838,42.43351957207207,-30.058288887274777
2020,2,B,1,0,1,2,14.99841233984138,-43.27979255643686,40.760727794386824,-29.071793476205002
2020,2,B,1,0,2,1,12.070643255295437,-113.95519230769241,32.44733576783723,37.604643834643255
2020,2,B,1,0,2,2,11.713123157999405,-81.40998125661326,28.90962057838322,33.898374583964404
2020,2,B,1,1,1,1,14.77409166666665,-65.81141666666645,47.0896653125,-34.20005181560283
2020,2,B,1,1,1,2,16.250694931773893,-128.5994834307994,45.69208535087719,-31.95121768810916
2020,2,B,1,1,2,1,15.42270946502056,-109.71532886935938,38.89326236965021,40.22030532878601
2020,2,B,1,1,2,2,14.856687295996238,-121.89609352723119,38.34330328243513,40.36103853125514
2020,2,B,1,2,1,1,14.96599638242894,-57.06902325581359,48.202663336950906,-29.67653719276486
2020,2,B,1,2,1,2,15.517503472222202,-149.83522916666652,51.09738439722222,-35.12371079166667
2020,2,B,1,2,2,1,15.426830121703873,-172.6097619610996,45.016517912825,40.5758739809054
2020,2,B,1,2,2,2,14.772004136992052,-157.46018438351757,38.400390547339754,39.16464754581378
2020,2,B,2,0,1,1,,,,
2020,2,B,2,0,1,2,,,,
2020,2,B,2,0,2,1,10.883330666666666,-12.648011428571408,29.51239701714286,34.23349763809524
2020,2,B,2,0,2,2,12.698500618429193,-14.981874999999945,28.02812828179757,35.14350875034735
2020,2,B,2,1,1,1,8.611889978213497,-99.39115740740772,35.480666797385624,-28.64530672331155
2020,2,B,2,1,1,2,12.412975757575751,41.40019191919191,34.76233732323233,-30.682737663636363
2020,2,B,2,1,2,1,12.854116339869279,-78.75896732026149,35.34902977837196,33.147436266310166
2020,2,B,2,1,2,2,12.354917072156383,-33.48887772925764,31.123181287452695,32.832301010979414
2020,2,B,2,2,1,1,13.531028870084626,-104.89580886012982,49.431307938775504,-29.661584527625685
2020,2,B,2,2,1,2,12.803612889457952,-136.493789186733,44.345392560819455,-30.354337195902687
2020,2,B,2,2,2,1,16.246596049873105,-104.12654469507106,39.188894733531946,41.18945188884696
2020,2,B,2,2,2,2,14.189408403361341,-130.81422365196113,37.5057358414966,37.34658052671068
2020,2,B,3,0,1,1,,,,
2020,2,B,3,0,1,2,,,,
2020,2,B,3,0,2,1,,,,
2020,2,B,3,0,2,2,,,,
2020,2,B,3,1,1,1,,,,
2020,2,B,3,1,1,2,,,,
2020,2,B,3,1,2,1,,,,
2020,2,B,3,1,2,2,11.34272307169556,-60.98626231736307,33.48924537920489,31.701244485219163
2020,2,B,3,2,1,1,14.692373555840831,-89.05565040650436,44.97105332593068,-32.85572563543004
2020,2,B,3,2,1,2,13.157174561972752,-17.99985074626875,42.415308467878,-27.733855177482155
2020,2,B,3,2,2,1,15.762972226869678,-76.61414589258811,41.02256880391501,38.46937282790698
2020,2,B,3,2,2,2,12.766770980788664,-71.80395330112742,31.4203641392821,35.37489571754297
2020,2,T,0,0,1,1,14.278636111111126,-93.18790555555552,46.09672328629629,-31.150460306620374
2020,2,T,0,0,1,2,17.003538296445356,-52.36033333333353,47.956946069416496,-33.35164921448692
2020,2,T,0,0,2,1,15.222017796763282,-78.86053482481248,36.89620248804159,41.06469378789588
2020,2,T,0,0,2,2,15.132417663189017,-77.36344953545631,37.23501746057318,37.63267420632955
2020,2,T,0,1,1,1,14.752024475524493,-85.9135547785545,50.69545652913754,-31.161528067599065
2020,2,T,0,1,1,2,18.448040028763188,-116.10145333972514,59.9173562887504,-36.946811653203895
2020,2,T,0,1,2,1,17.66451416451173,-95.69794947949504,42.90759134536421,41.403662650753986
2020,2,T,0,1,2,2,16.704023860021195,-90.48404416839185,43.07025366379463,41.69208008393278
2020,2,T,0,2,1,1,10.102096103896102,-72.01112554112524,45.79976847619048,-26.788541290043288
2020,2,T,0,2,1,2,17.594869369369363,-79.21132432432432,59.98178632792793,-34.98502915855856
2020,2,T,0,2,2,1,14.585587139490514,-150.94269635627506,42.322277502749415,43.25599499337897
2020,2,T,0,2,2,2,15.159403707840085,-146.08828564771648,40.38151644047353,37.702615746621625
2020,2,T,1,0,1,1,11.120491584852715,-40.00157971014505,39.99086850841515,-29.919033811009818
2020,2,T,1,0,1,2,11.981329231541949,-21.29605600200921,34.90616607634354,-30.742937892390756
2020,2,T,1,0,2,1,12.743000614439325,-77.97630030721984,30.584969278033796,39.6153427951613
2020,2,T,1,0,2,2,12.095237552879922,-109.25784616199599,33.93005089956227,35.607247410503554
2020,2,T,1,1,1,1,14.20092767295597,-113.52223222060957,46.71969633047456,-32.63970693653516
2020,2,T,1,1,1,2,15.588590659919873,-117.38663293274294,51.33615451349357,-34.782995675943496
2020,2,T,1,1,2,1,15.856267814482237,-89.66238609715265,41.20257621290881,40.0272152247055
2020,2,T,1,1,2,2,16.127522708894887,-121.09141626625978,41.66866263200808,39.35324041298517
2020,2,T,1,2,1,1,13.90540806686046,-121.60412790697683,51.4752491744186,-32.71623599854651
2020,2,T,1,2,1,2,16.55917560728743,-35.88878711201096,59.658580846153846,-33.73260147520243
2020,2,T,1,2,2,1,17.622484103114942,-137.82732586786142,45.395163276047256,46.08674894607949
2020,2,T,1,2,2,2,15.191635598622952,-145.9361899762257,39.34805370151727,37.740885175570575
2020,2,T,2,0,1,1,,,,
2020,2,T,2,0,1,2,14.165830303030305,-111.25124242424272,44.35575581818182,-38.664518303030306
2020,2,T,2,0,2,1,,,,
2020,2,T,2,0,2,2,11.524547349775162,-47.27520251396618,28.602999596947814,33.74023583648999
2020,2,T,2,1,1,1,13.248414965986385,-96.12744897959192,43.211507010884354,-30.360093414965988
2020,2,T,2,1,1,2,13.792191378066391,-46.84260461760459,43.19788745670996,-34.23419087049062
2020,2,T,2,1,2,1,12.236616033755269,-82.80514118792644,25.94658151642324,35.197614736449204
2020,2,T,2,1,2,2,12.367959502487565,-98.6661939393939,31.76086190318408,36.1939689321393
2020,2,T,2,2,1,1,12.860748251748248,-69.63224955277292,42.70894017482518,-28.567199851398605
2020,2,T,2,2,1,2,14.972863636363641,-41.845036363636154,53.20611690909091,-34.25623017636364
2020,2,T,2,2,2,1,14.755841009608076,-108.18920924203121,39.513857994357174,41.27071336152204
2020,2,T,2,2,2,2,14.758905555820945,-138.02780258203302,40.55935794444179,38.34119762649644
2020,2,T,3,0,1,1,,,,
2020,2,T,3,0,1,2,,,,
2020,2,T,3,0,2,1,,,,
2020,2,T,3,0,2,2,,,,
2020,2,T,3,1,1,1,,,,
2020,2,T,3,1,1,2,,,,
2020,2,T,3,1,2,1,18.412107526881726,-65.19280547409608,29.961009345063545,41.98595482111437
2020,2,T,3,1,2,2,11.874628625472894,26.925826229508402,25.74413279192938,34.63281350441362
2020,2,T,3,2,1,1,13.433818018018016,-24.293534303534216,39.30718284144144,-33.463744612612615
2020,2,T,3,2,1,2,12.010888888888871,13.165020202020514,41.54241833333334,-26.684370483333332
2020,2,T,3,2,2,1,13.50570009302325,-45.950677209302285,37.46212289209302,36.58996062106047
2020,2,T,3,2,2,2,13.095759178037696,-28.530428849902364,31.411223337556855,34.820901465724496
2020,3,B,0,0,1,1,14.025365569944285,-75.29480121511324,46.33638777812077,-30.48818181049541
2020,3,B,0,0,1,2,15.722647812279448,-68.96901994302016,47.98655944954128,-32.4462635499566
2020,3,B,0,0,2,1,16.360997348484858,-81.2860982598072,39.530421708090905,39.42895145906638
2020,3,B,0,0,2,2,15.245769648734964,-91.79311516887446,36.41330679562948,39.02463380996299
2020,3,B,0,1,1,1,17.232300865800866,-36.10465981779407,48.12498952958153,-32.0529299231241
2020,3,B,0,1,1,2,16.87834900706089,-60.35290379523349,52.43535609752869,-31.65255874563107
2020,3,B,0,1,2,1,18.629517810045527,-65.35271082557983,46.09594922940034,42.92026418795467
2020,3,B,0,1,2,2,15.449940205767376,-99.27113088690203,38.45940944373847,41.419292166879416
2020,3,B,0,2,1,1,14.572598412698412,-105.32827777777766,51.901994242063495,-30.193410507142858
2020,3,B,0,2,1,2,19.58948529411765,-41.708005115089236,56.09800138995098,-40.778378970588236
2020,3,B,0,2,2,1,16.90861402249341,-140.9343496169372,44.588617207386136,44.521808707027205
2020,3,B,0,2,2,2,15.338721245760127,-122.20070764381398,40.52053537466852,39.71356558231576
2020,3,B,1,0,1,1,11.47169622833843,-68.03495952509456,43.61104102242609,-30.755523661060145
2020,3,B,1,0,1,2,13.534193111455096,-74.4063777089782,45.10952424458205,-30.97032245661765
2020,3,B,1,0,2,1,14.154868952986604,-78.44861273861261,35.2760297021411,37.753360999298
2020,3,B,1,0,2,2,13.690140560795967,-87.8385549034947,32.34731335075591,36.07008389480941
2020,3,B,1,1,1,1,14.694738796414853,7.377500640205199,43.4293711171831,-29.084702277848912
2020,3,B,1,1,1,2,13.958093112244896,-154.15957653061196,47.276741255102046,-29.97435969081633
2020,3,B,1,1,2,1,15.592131109553307,-83.50219668020054,39.425845283872725,39.01632947393971
2020,3,B,1,1,2,2,14.849738060326771,-102.37597265410614,37.5625232993297,37.96440835328865
2020,3,B,1,2,1,1,14.291495581477548,-85.83057617532677,43.914051247083776,-32.874091979498054
2020,3,B,1,2,1,2,15.751679523809514,-69.12387142857142,52.90389320952381,-33.3458928
2020,3,B,1,2,2,1,17.288721126760535,-168.88628451563636,45.92816589419323,43.90624590168026
2020,3,B,1,2,2,2,15.107753913078042,-130.8933739173067,39.69918904041792,36.669855393313995
2020,3,B,2,0,1,1,12.389541414141405,51.14244444444466,40.25652626262626,-27.227280147474747
2020,3,B,2,0,1,2,,,,
2020,3,B,2,0,2,1,15.238241711229946,-114.45619251336893,37.28859688770053,36.83414671657754
2020,3,B,2,0,2,2,11.535608049218155,-68.29518841322715,32.74073914944886,35.09368841361189
2020,3,B,2,1,1,1,11.664002645502634,-26.878155555555622,39.802309589947086,-25.925551428571428
2020,3,B,2,1,1,2,11.63241916666668,-134.09017499999982,39.213674125000004,-33.350780306666664
2020,3,B,2,1,2,1,12.116146017699094,-113.78248568453955,35.021892305941854,35.142548850189634
2020,3,B,2,1,2,2,11.227296283362449,-102.85049373433594,28.54673895589923,35.03021147440259
2020,3,B,2,2,1,1,15.065441622103393,-48.30471988795534,47.09708315998218,-28.341298775623883
2020,3,B,2,2,1,2,14.481753794890778,-104.98983395599817,48.17020103295076,-33.837466007404664
2020,3,B,2,2,2,1,14.80520646294346,-135.27428155840335,42.61281872902705,39.12234913672287
2020,3,B,2,2,2,2,15.09569128329295,-138.96195178439848,38.22589160411622,39.9285342737604
2020,3,B,3,0,1,1,,,,
2020,3,B,3,0,1,2,,,,
2020,3,B,3,0,2,1,,,,
2020,3,B,3,0,2,2,,,,
2020,3,B,3,1,1,1,,,,
2020,3,B,3,1,1,2,,,,
2020,3,B,3,1,2,1,12.385676502732252,-44.84922950819646,29.98538107650273,37.44345136885246
2020,3,B,3,1,2,2,10.37195121082621,-42.737596153846425,29.158818685185185,32.33361168518518
2020,3,B,3,2,1,1,11.909876756756788,-38.85938574938564,40.223025820648644,-28.778917995675677
2020,3,B,3,2,1,2,14.614872727272726,-54.87593939393946,47.84999309090909,-29.881481618181816
2020,3,B,3,2,2,1,13.181997479838685,-128.35311827957003,34.81939939264113,40.88146625984543
2020,3,B,3,2,2,2,13.037531924360422,-111.38593469708894,34.41213742157953,35.56663769150909
2020,3,T,0,0,1,1,14.08570232174607,-66.44722178988377,46.143445647512046,-29.056519766415853
2020,3,T,0,0,1,2,15.210667479674797,-69.6759864526407,48.97782021985095,-32.880637159637544
2020,3,T,0,0,2,1,15.785133486766412,-89.81358289640639,39.4036406399252,39.26863651565017
2020,3,T,0,0,2,2,15.29908557548579,-69.01056567075466,36.42177334130454,38.39821350529268
2020,3,T,0,1,1,1,15.422270697167761,-27.633822751322896,47.179138077342046,-28.9316765664488
2020,3,T,0,1,1,2,18.342434180790974,-137.52111723163853,59.014910524858756,-37.42433290706215
2020,3,T,0,1,2,1,18.05696148640334,-81.2569250448596,49.591518610680446,42.474603582502766
2020,3,T,0,1,2,2,16.48050845221408,-83.56938766114126,40.10355837426816,40.527779793405216
2020,3,T,0,2,1,1,14.165916925465837,-139.72722049689446,47.04955287888199,-30.068920063354035
2020,3,T,0,2,1,2,15.115170921198668,-175.43491675915675,61.03814833518312,-40.14544984461709
2020,3,T,0,2,2,1,18.329312916666666,-102.24476989247296,51.281415395833335,47.16395072708333
2020,3,T,0,2,2,2,14.072083333333325,-144.5012339011214,39.38544862380952,35.30055288648459
2020,3,T,1,0,1,1,11.764732517482514,-55.237959001782656,40.662187113636364,-29.937960139037433
2020,3,T,1,0,1,2,12.134574849170434,-88.95092948718002,40.02112760180996,-31.662251947963803
2020,3,T,1,0,2,1,12.148671428571419,-108.3170909090909,34.66022879090909,36.43421480623377
2020,3,T,1,0,2,2,13.247191992978287,-67.07495818312918,33.49910071989581,35.21404991642176
2020,3,T,1,1,1,1,12.580861660079037,-67.35361189535115,42.76215006075664,-29.419277299830604
2020,3,T,1,1,1,2,17.006034029649612,-9.162087912087827,45.941753349056604,-32.656715550417786
2020,3,T,1,1,2,1,16.62405006621384,-152.80347387212623,41.36029464257337,41.2901427832479
2020,3,T,1,1,2,2,14.471529197131701,-114.36295260295219,37.465471537056764,37.86656485011763
2020,3,T,1,2,1,1,11.726454377880174,-37.732023041474804,43.838299884792626,-27.552514043317974
2020,3,T,1,2,1,2,16.26670497592295,-75.7023338683789,55.64237968892456,-33.907435933226324
2020,3,T,1,2,2,1,17.336765911927273,-174.1734338099145,46.39470280970464,41.315466150062406
2020,3,T,1,2,2,2,15.806458443983402,-126.90100707087822,39.58650470102282,37.46461817403763
2020,3,T,2,0,1,1,,,,
2020,3,T,2,0,1,2,12.601528947368408,-54.65844736842109,38.67167592105264,-34.505213434210525
2020,3,T,2,0,2,1,11.640852564102573,-116.2598759305215,27.094379407051278,36.51905643910257
2020,3,T,2,0,2,2,12.26608289148109,-7.017865942028948,31.109216348533046,31.688311873453518
2020,3,T,2,1,1,1,10.189613370734008,-115.89739130434737,41.47824658345021,-30.468453924263677
2020,3,T,2,1,1,2,12.583433436532502,-112.89368421052632,45.63149281114551,-31.192440109133123
2020,3,T,2,1,2,1,12.693885783450696,-61.93052303403738,31.23175164686033,37.198595198664904
2020,3,T,2,1,2,2,11.815869432661714,-114.06153260869587,31.625889277306467,34.08364404255037
2020,3,T,2,2,1,1,13.93162820512822,-61.607692307692105,47.88923482051282,-32.23580882051282
2020,3,T,2,2,1,2,14.14606451612903,-171.0899417022929,51.25663349786242,-31.58400355654878
2020,3,T,2,2,2,1,16.99079561824729,-194.90367647058838,43.77630670588235,42.613937794417765
2020,3,T,2,2,2,2,15.2797201629118,-164.04795239232544,42.855610360597005,39.97798897972882
2020,3,T,3,0,1,1,,,,
2020,3,T,3,0,1,2,,,,
2020,3,T,3,0,2,1,,,,
2020,3,T,3,0,2,2,,,,
2020,3,T,3,1,1,1,,,,
2020,3,T,3,1,1,2,,,,
2020,3,T,3,1,2,1,9.477186324786345,-152.0999487179488,26.327470752136755,31.765683897435895
2020,3,T,3,1,2,2,13.037336734693866,-36.94853741496627,29.6296762244898,32.14501307891156
2020,3,T,3,2,1,1,13.022014814814824,-114.79547619047617,40.07549272592593,-32.31880705555555
2020,3,T,3,2,1,2,12.16264777327936,17.144439946018792,41.95644852901485,-28.670361920107965
2020,3,T,3,2,2,1,14.975142280629143,-126.95457701345867,39.81145175993377,42.32290185109686
2020,3,T,3,2,2,2,12.44323749999998,-74.19587499999989,32.5562462675,34.507587055
2020,4,B,0,0,1,1,15.523871017116534,-91.22949879952012,45.57018196543778,-32.56751353136932
2020,4,B,0,0,1,2,16.081923242667287,-85.80584869920358,47.51782369624412,-32.027035398496466
2020,4,B,0,0,2,1,16.453362670275126,-102.64309905643131,40.135759012700944,43.534935568894454
2020,4,B,0,0,2,2,14.93424089400817,-89.67188806451577,36.29940558988711,38.72846573336781
2020,4,B,0,1,1,1,16.871637593984943,-90.90100952380999,51.73492584022557,-33.793012195676695
2020,4,B,0,1,1,2,18.14317142857145,-108.44632142857154,52.37501576428571,-32.98988606428571
2020,4,B,0,1,2,1,17.1762089633597,-100.07707756632044,42.6164921346163,42.3883581840072
2020,4,B,0,1,2,2,15.981620889789355,-82.65068367855338,39.24111112525854,38.482256401359585
2020,4,B,0,2,1,1,10.42319285714288,-141.21626566416035,48.76611951071428,-27.157986202380954
2020,4,B,0,2,1,2,15.232126315789486,-118.3063859649119,57.26229884210527,-35.22653136842105
2020,4,B,0,2,2,1,15.161887799564283,-159.42641339869306,42.54717164488017,45.05063838414108
2020,4,B,0,2,2,2,14.264552514367807,-138.41732435104132,38.225418982399425,36.316591578125
2020,4,B,1,0,1,1,14.672431435445077,-124.35813953488378,36.088143959903775,-32.22672405372895
2020,4,B,1,0,1,2,15.016919604205299,-98.94489479512731,44.238854392238714,-28.79903730534941
2020,4,B,1,0,2,1,12.500221023797309,-116.84034820707939,32.20073898647492,36.58236804997432
2020,4,B,1,0,2,2,12.065912965313032,-100.08973282442776,31.44441532884306,37.000447631429424
2020,4,B,1,1,1,1,15.01421750321748,-144.76741956241904,47.56717906692406,-33.814213334620334
2020,4,B,1,1,1,2,15.376221434200161,-112.78524959742344,49.19370385263988,-30.82608423510467
2020,4,B,1,1,2,1,14.281271903512078,-54.56792650918669,38.61685655608674,38.187939874022
2020,4,B,1,1,2,2,15.032576525784592,-103.06988764044945,36.99399421787967,37.07199958754731
2020,4,B,1,2,1,1,16.04078434065933,-95.50541208791219,46.76967228021979,-32.56648410892857
2020,4,B,1,2,1,2,17.01662885154063,-174.48975490196062,54.37075572829132,-36.47877277072829
2020,4,B,1,2,2,1,15.648870900572618,-133.10328626394767,44.0408566617833,40.3984511514836
2020,4,B,1,2,2,2,15.008508893927939,-163.47743514354852,40.71911916360124,40.146433023992245
2020,4,B,2,0,1,1,12.303005405405415,-16.156966966966593,33.53063205405405,-31.22613213513513
2020,4,B,2,0,1,2,13.142959134615367,4.239687499999491,36.93984526442308,-26.094395512019187
2020,4,B,2,0,2,1,11.521996393959881,-73.7813274735181,26.293124330628803,31.942884481169706
2020,4,B,2,0,2,2,11.321061215932929,-21.074784067086057,26.22688314046121,35.106186124947584
2020,4,B,2,1,1,1,13.069029550827409,-58.54088861076343,34.03128628959811,-26.172150886524825
2020,4,B,2,1,1,2,9.187800202839753,-142.28163286004065,37.36567363083165,-29.16198046653144
2020,4,B,2,1,2,1,14.387357807051544,-109.58637196924929,31.980689120495924,38.17839806489732
2020,4,B,2,1,2,2,12.774139458004981,-70.99354570970308,30.943396134345573,33.489128596751875
2020,4,B,2,2,1,1,11.775193798449607,-56.42177002583958,42.246160898578815,-28.073697143410854
2020,4,B,2,2,1,2,15.79314705882355,-133.044812834225,52.42042620588236,-31.688015529411768
2020,4,B,2,2,2,1,14.910822175732221,-141.5148704481794,40.04425611091709,41.696643370079414
2020,4,B,2,2,2,2,12.99073172588831,-110.65572855416849,35.40895626485748,39.30237999882261
2020,4,B,3,0,1,1,,,,
2020,4,B,3,0,1,2,,,,
2020,4,B,3,0,2,1,,,,
2020,4,B,3,0,2,2,,,,
2020,4,B,3,1,1,1,,,,
2020,4,B,3,1,1,2,,,,
2020,4,B,3,1,2,1,13.179128461538482,-240.9288615384612,32.22329599384615,37.31214922307692
2020,4,B,3,1,2,2,12.217011980267785,-100.7924524312898,26.87943425637773,31.05545943298097
2020,4,B,3,2,1,1,11.553549999999987,-5.638486842105522,33.39220018421052,-24.732871565789473
2020,4,B,3,2,1,2,,,,
2020,4,B,3,2,2,1,12.598516775777398,-135.42096290234576,34.480252373295144,38.08814469530824
2020,4,B,3,2,2,2,12.435982352941181,-151.49925386996938,30.429281714372348,37.88319882086719
2020,4,T,0,0,1,1,14.349251594896316,-82.05357472880678,45.999667535486445,-30.007768641905905
2020,4,T,0,0,1,2,15.766103147163108,-71.1759345238097,50.25719353971631,-33.15187106168736
2020,4,T,0,0,2,1,16.135041459660087,-109.1452577591458,39.99620655359597,40.17751877898653
2020,4,T,0,0,2,2,15.20431408883968,-91.35863068650451,37.114557927129944,38.301679900077204
2020,4,T,0,1,1,1,15.388234028727766,-60.53809849521167,51.41917775752394,-29.508853873654985
2020,4,T,0,1,1,2,18.975902246543754,-93.77040837236518,57.73901115610599,-35.57666379809908
2020,4,T,0,1,2,1,17.276792165071768,-77.55153103133534,45.6003960916567,41.88509754994019
2020,4,T,0,1,2,2,16.688178621136103,-99.74190622940023,42.051840700695905,40.77799635822822
2020,4,T,0,2,1,1,12.633035435435445,-49.766607843137535,45.158363693693694,-27.409471495495495
2020,4,T,0,2,1,2,15.603066788099582,-73.03830601092886,57.29052610928962,-40.055127030965394
2020,4,T,0,2,2,1,15.2516233108108,-155.77915595923832,49.12387571030405,43.16529577618243
2020,4,T,0,2,2,2,14.439343055555554,-112.40726510791364,39.471514026388896,37.951272415
2020,4,T,1,0,1,1,10.97914848484848,-75.90882828282838,37.664815868888894,-27.756718585858586
2020,4,T,1,0,1,2,14.174567676091684,1.8675505310038716,45.024840430483515,-30.5122582048352
2020,4,T,1,0,2,1,12.1580077305847,-77.24412949469797,32.57133284669747,32.954150740157566
2020,4,T,1,0,2,2,13.801152409035268,-66.43355442748589,31.756959665661512,37.51050412732836
2020,4,T,1,1,1,1,14.946086278586264,-48.76985956544786,47.71793431912682,-29.15186083731809
2020,4,T,1,1,1,2,15.597009433962256,-119.90528301886798,49.681073773584906,-30.94711613207547
2020,4,T,1,1,2,1,14.476538961038955,-125.28882432005048,41.71869870370758,39.63951197977587
2020,4,T,1,1,2,2,14.08134765932337,-101.3964279853808,35.86626445997246,40.256960082815745
2020,4,T,1,2,1,1,14.380208113364802,-67.45716310086118,48.59416295721034,-27.660415948624617
2020,4,T,1,2,1,2,14.758744941885467,-130.19959535083945,54.90494121825226,-34.99143744597504
2020,4,T,1,2,2,1,16.350087202587204,-196.49169327527807,45.04879803626704,46.092234226103024
2020,4,T,1,2,2,2,15.546624207213739,-129.29899072934586,42.19111633214476,41.927182550520456
2020,4,T,2,0,1,1,12.627308333333332,-104.7165,37.041052666666666,-31.225157175
2020,4,T,2,0,1,2,13.889444755244753,-97.6064615384621,36.483222727272725,-29.666127524475527
2020,4,T,2,0,2,1,9.8421267857143,-92.45574107142829,29.00447078571429,34.78717420267857
2020,4,T,2,0,2,2,11.920948418674726,-57.12393260542149,28.904891669804215,34.59553523847892
2020,4,T,2,1,1,1,11.894093776641085,-57.35252100840353,37.80908694799659,-30.994080037510656
2020,4,T,2,1,1,2,13.411406678082187,-132.6543664383562,46.18514255650685,-32.274822465753424
2020,4,T,2,1,2,1,12.39335270456229,-78.23001481951951,33.86498851953001,36.471081713721816
2020,4,T,2,1,2,2,12.055446789321792,-75.69857575757578,30.138378050144297,35.556830931863274
2020,4,T,2,2,1,1,14.205924019607863,-86.71420098039243,50.713524495098035,-25.088966837745097
2020,4,T,2,2,1,2,16.86009523809524,-73.47488095238077,52.77898007142857,-34.927728214285715
2020,4,T,2,2,2,1,15.232265197568367,-143.57580453149012,44.236071450481255,41.878485874316105
2020,4,T,2,2,2,2,14.240717600560984,-125.67288355625442,39.22740130532926,40.44976822239434
2020,4,T,3,0,1,1,,,,
2020,4,T,3,0,1,2,,,,
2020,4,T,3,0,2,1,,,,
2020,4,T,3,0,2,2,,,,
2020,4,T,3,1,1,1,8.679407692307706,-115.01469230769226,37.0178236923077,-29.509044076923075
2020,4,T,3,1,1,2,,,,
2020,4,T,3,1,2,1,11.641794117647038,-155.4870261437909,34.18437238596492,34.80518980288958
2020,4,T,3,1,2,2,11.392788634788644,-73.50960720720741,27.363871109494106,31.108249597020098
2020,4,T,3,2,1,1,7.413275265957452,-56.40509308510673,35.700121339095745,-23.279428018617022
2020,4,T,3,2,1,2,16.717615384615385,-146.87961538461514,51.87939369230769,-34.12948065384615
2020,4,T,3,2,2,1,13.463440740740737,-177.13566163522,40.04112067037037,38.50666955111111
2020,4,T,3,2,2,2,13.193722402597416,-61.15127463054159,32.25503888041125,35.06879618073593
2020,5,B,0,0,1,1,12.604214517876486,-92.88637770710284,43.76535306762369,-29.747607573880465
2020,5,B,0,0,1,2,17.564266395487138,-111.15637850741587,51.47137130112438,-34.108771720365326
2020,5,B,0,0,2,1,15.351806870896496,-123.20316515391187,39.77390224105939,40.56886099659571
2020,5,B,0,0,2,2,14.991721239720576,-108.4453815582865,36.353780204779376,38.59011776835676
2020,5,B,0,1,1,1,14.51279283367235,-129.0395212428666,47.51776025974026,-30.733402908371147
2020,5,B,0,1,1,2,17.8838862353452,-155.0296672582076,54.60552880590534,-36.176692545375595
2020,5,B,0,1,2,1,18.642966360856263,-109.227070101153,45.39078757531065,44.81951230272502
2020,5,B,0,1,2,2,15.925245947086992,-128.91697129186605,39.484589465022516,40.362277611956095
2020,5,B,0,2,1,1,12.347138461538464,-106.36983516483497,46.557259765384615,-34.02409812197802
2020,5,B,0,2,1,2,15.193755201958382,-159.64407588739277,48.219849951040395,-35.99800197062424
2020,5,B,0,2,2,1,17.348704668403144,-154.84274741200852,45.30235830064115,44.248692665097174
2020,5,B,0,2,2,2,14.62802186761229,-178.86700961818724,41.06914274669726,36.79098492971353
2020,5,B,1,0,1,1,13.270345794392526,-113.26967289719641,42.90461382242991,-29.834628857009346
2020,5,B,1,0,1,2,14.663761627906979,-93.12358311800199,43.562407538205974,-29.53067053266888
2020,5,B,1,0,2,1,13.104569705093837,-149.106965450379,33.543385078980364,39.053402112859985
2020,5,B,1,0,2,2,13.629459090909094,-97.55275586510243,34.39199113045454,36.90181855318182
2020,5,B,1,1,1,1,12.917279411764696,-91.50986029411752,45.333980602941175,-28.478759722058822
2020,5,B,1,1,1,2,15.642460771786375,-84.49879120879086,48.40600138001534,-31.69843627140302
2020,5,B,1,1,2,1,15.8739978079996,-103.92361562212727,41.315723128479505,42.29752427609777
2020,5,B,1,1,2,2,14.620788248008154,-105.82956202539935,36.98653188779878,38.37413836328191
2020,5,B,1,2,1,1,12.046521764705886,-143.73602941176478,45.09439524313726,-30.960841606431373
2020,5,B,1,2,1,2,16.362735669832958,-151.86157276995345,53.131310892237146,-38.85682769459548
2020,5,B,1,2,2,1,14.087872319076894,-211.63473225975395,40.46664279863288,41.65308317455788
2020,5,B,1,2,2,2,15.102699993137989,-154.9077939376889,39.46227631064297,39.942027466437935
2020,5,B,2,0,1,1,16.541278947368397,5.349122807017466,45.30374782631579,-30.376604289473683
2020,5,B,2,0,1,2,11.92685185185185,-117.94925925925918,41.76499527777777,-31.92199362962963
2020,5,B,2,0,2,1,12.639103030303033,-122.79935353535393,25.112852127946127,39.30999635218855
2020,5,B,2,0,2,2,11.998104468412947,-122.1477401129946,30.79785530980996,34.64533934370827
2020,5,B,2,1,1,1,12.605644557823126,-84.14107993197285,41.71412130102041,-22.818987312585033
2020,5,B,2,1,1,2,14.328483333333338,-111.31886274509816,39.75696772222223,-32.14828722222222
2020,5,B,2,1,2,1,11.923484339190225,-145.90814839572204,28.539991103227653,38.7965957933537
2020,5,B,2,1,2,2,12.90820230847288,-115.29880937139933,32.30771900951294,35.47065525329782
2020,5,B,2,2,1,1,12.952021298701297,-96.89016697588158,41.97424975064935,-28.753613732987013
2020,5,B,2,2,1,2,15.158763364219524,-173.7710477548112,54.489644106201,-36.754672302209556
2020,5,B,2,2,2,1,14.108421857653894,-143.73248838452355,36.13944318128367,43.613526023979276
2020,5,B,2,2,2,2,13.67683969465648,-150.2365205339247,35.87467104006591,38.92384363062663
2020,5,B,3,0,1,1,,,,
2020,5,B,3,0,1,2,,,,
2020,5,B,3,0,2,1,,,,
2020,5,B,3,0,2,2,,,,
2020,5,B,3,1,1,1,,,,
2020,5,B,3,1,1,2,,,,
2020,5,B,3,1,2,1,14.030048128342258,-114.98922994652412,31.587504957219245,37.34424251336898
2020,5,B,3,1,2,2,11.498295238095238,-143.87523809523827,28.45470361904762,34.23472356190476
2020,5,B,3,2,1,1,13.475247826086957,-137.23682608695663,47.04366746376812,-27.386487347826087
2020,5,B,3,2,1,2,12.408475409836072,-225.52246812386102,39.966181264020705,-27.013364807592755
2020,5,B,3,2,2,1,11.525253511705671,-154.96446995790302,34.10953131192865,37.3880075890747
2020,5,B,3,2,2,2,13.90891666666667,-159.54481286549708,34.600132484722224,38.86565948819444
2020,5,T,0,0,1,1,13.573995869966353,-79.62214244734014,44.27741700325627,-29.942074648295886
2020,5,T,0,0,1,2,15.224167788461529,-102.75975721153827,49.59466625913462,-33.101887716346155
2020,5,T,0,0,2,1,14.949595575975394,-87.33033256195858,39.560682064303975,39.286700150396456
2020,5,T,0,0,2,2,15.249037539171084,-93.5142694785086,37.61370963815229,38.828660117433955
2020,5,T,0,1,1,1,14.835774364016217,-46.3448764901068,49.25035938699766,-28.6808878097579
2020,5,T,0,1,1,2,17.664607244094483,-66.56072650918622,54.679057939466674,-33.41373598708661
2020,5,T,0,1,2,1,16.558914372489497,-110.93162771335119,46.58895133518173,40.79352590654061
2020,5,T,0,1,2,2,15.935173338156105,-116.33532944955732,40.468868650172816,40.08525330335182
2020,5,T,0,2,1,1,10.88026566416039,-31.587789473684097,44.32948887719298,-26.771317400501253
2020,5,T,0,2,1,2,12.134638888888873,-77.02191993464112,55.158765333333335,-35.449086694444446
2020,5,T,0,2,2,1,15.557633333333328,-104.04063909774459,43.888698227694235,39.952653030952376
2020,5,T,0,2,2,2,15.852982215447156,-127.97039547038275,41.3184970647019,38.45506360907859
2020,5,T,1,0,1,1,11.690044526901673,-62.55576176787645,36.89952150109632,-29.407222831843484
2020,5,T,1,0,1,2,15.368165286796554,-84.33215114672566,41.58278508035714,-34.69416479464286
2020,5,T,1,0,2,1,12.635901246151576,-98.47533646093007,33.769306489605626,36.887747466559155
2020,5,T,1,0,2,2,12.311586423940895,-96.16032595182605,31.630405930499023,35.74164910985979
2020,5,T,1,1,1,1,12.975213853599513,-100.29713702359368,40.004473725650335,-27.630328824137933
2020,5,T,1,1,1,2,15.133661206896562,-155.60576724137945,49.44273698275862,-32.44276372643678
2020,5,T,1,1,2,1,15.00982611994975,-95.05991877427914,40.26201477375968,38.43172348809399
2020,5,T,1,1,2,2,14.590093882875934,-95.86627233877289,39.110448565068936,39.990297113745
2020,5,T,1,2,1,1,13.468684001444572,-96.26326373626398,49.848851053810044,-30.330926264897073
2020,5,T,1,2,1,2,15.729839759036167,-192.4744361445787,56.56576581638554,-37.33704739277108
2020,5,T,1,2,2,1,16.58708575227965,-115.08309022852609,46.34631736990881,38.3435412043655
2020,5,T,1,2,2,2,14.558686293436267,-97.01469310989887,41.98873596281853,37.568016412448344
2020,5,T,2,0,1,1,,,,
2020,5,T,2,0,1,2,,,,
2020,5,T,2,0,2,1,9.616885167464119,-76.24536483253587,20.546006369617224,29.502853742822982
2020,5,T,2,0,2,2,11.657541075268824,-76.54112473118266,27.751889924516135,32.946195345376346
2020,5,T,2,1,1,1,14.654197751322755,-144.5419444444442,44.31969267195767,-27.724405013227514
2020,5,T,2,1,1,2,12.360745627186404,-148.29575235109724,39.44098068215892,-30.981600462818616
2020,5,T,2,1,2,1,12.354855411086106,-146.36881327222,32.855343287711406,34.92112572208427
2020,5,T,2,1,2,2,12.166626057213932,-91.96557022579418,32.70077894881841,32.73140794924113
2020,5,T,2,2,1,1,13.65325221674874,-110.10100000000011,50.370877586206895,-32.09523258646617
2020,5,T,2,2,1,2,15.953281165311651,-112.9832520325208,54.325075169376696,-33.02275262872629
2020,5,T,2,2,2,1,15.532576100628916,-155.51569056603785,44.39620084681042,43.076867101959365
2020,5,T,2,2,2,2,15.510144461003478,-104.50343792250214,38.56218928787879,37.17788570750124
2020,5,T,3,0,1,1,,,,
2020,5,T,3,0,1,2,,,,
2020,5,T,3,0,2,1,,,,
2020,5,T,3,0,2,2,,,,
2020,5,T,3,1,1,1,,,,
2020,5,T,3,1,1,2,,,,
2020,5,T,3,1,2,1,,,,
2020,5,T,3,1,2,2,13.075318972033244,-63.103968253968105,27.939218664021165,35.63503187452759
2020,5,T,3,2,1,1,12.252282608695637,-117.97518633540358,41.628225621118006,-33.353903416149066
2020,5,T,3,2,1,2,10.954367511520744,-142.18399769585267,36.14388622453917,-27.364546011059907
2020,5,T,3,2,2,1,13.35253042679193,-73.9515766514337,33.38661384807025,34.283008669484836
2020,5,T,3,2,2,2,11.675693768451282,-76.6193696345349,33.21827868036384,31.645534714513683
2020,6,B,0,0,1,1,14.55028232492998,-109.8111945632545,43.72455839374416,-32.02170474338187
2020,6,B,0,0,1,2,16.729352106741587,-91.94325140449428,50.98658784662921,-32.22983734761236
2020,6,B,0,0,2,1,15.774180106751672,-106.31029300635691,40.37672298527622,39.12343822200641
2020,6,B,0,0,2,2,14.663689155056417,-86.28742754600489,34.58404588204632,37.98595059864557
2020,6,B,0,1,1,1,15.007691492829196,-104.74614489863689,48.10020346023468,-32.94472617030638
2020,6,B,0,1,1,2,18.698026223776225,-65.98235019882077,56.11531943531468,-35.79611900174825
2020,6,B,0,1,2,1,17.54984125530673,-110.48233429890752,45.16121805246539,42.62199050664559
2020,6,B,0,1,2,2,15.302385098750705,-123.97974233471132,38.258233098123945,40.48398211479141
2020,6,B,0,2,1,1,11.192402801120451,-48.49361904761918,41.89148353165266,-29.002119692436978
2020,6,B,0,2,1,2,13.739211779448624,40.407076023392165,48.40644438634085,-26.228233011904763
2020,6,B,0,2,2,1,14.483088129496423,-206.9519967699307,41.70139039042612,44.957147975373545
2020,6,B,0,2,2,2,14.418137944328791,-123.19275830368952,36.28852469010718,39.80919541915337
2020,6,B,1,0,1,1,12.166440476190473,-83.03742893081744,36.59088526666667,-30.223077144047622
2020,6,B,1,0,1,2,14.444943749999979,-134.24099999999999,41.56395946875001,-33.49137041875
2020,6,B,1,0,2,1,12.289132352941152,-161.81624148280343,32.91401691799872,37.724616257400896
2020,6,B,1,0,2,2,12.003943099273613,-97.2946114348988,30.252617011392253,34.479877746946734
2020,6,B,1,1,1,1,14.344209763539268,-106.9308657513352,46.040416686803965,-31.41165220335622
2020,6,B,1,1,1,2,14.494548252279628,-138.35529445288785,45.9719402887538,-32.70226671903495
2020,6,B,1,1,2,1,15.089285256410278,-126.10520512820494,38.60842770769231,37.553688225641025
2020,6,B,1,1,2,2,13.878439239856164,-154.96912561576346,33.12024220418593,39.599655855174625
2020,6,B,1,2,1,1,13.367490208078351,-66.76824010056589,49.84646759332926,-30.838743964496125
2020,6,B,1,2,1,2,16.53161,-107.01589999999987,51.760810816,-28.722884900000004
2020,6,B,1,2,2,1,14.93783715336727,-232.14673703489507,42.20213258828523,42.07539667555178
2020,6,B,1,2,2,2,14.200121900161037,-129.31561481481504,35.085739315990345,37.815954088260874
2020,6,B,2,0,1,1,10.270640430820208,-80.76682684341358,37.04481196354598,-31.973675654432476
2020,6,B,2,0,1,2,,,,
2020,6,B,2,0,2,1,13.877273949579845,-106.94747058823532,31.38798850420168,32.38086252689075
2020,6,B,2,0,2,2,11.581092744951377,-108.00773209040972,28.343457065569684,37.47879351781382
2020,6,B,2,1,1,1,14.743500000000012,-61.19162162162138,38.10035743243244,-28.123875965465466
2020,6,B,2,1,1,2,13.64819365079363,-25.879523809523562,46.56052126190476,-29.94322493650794
2020,6,B,2,1,2,1,14.685095549409112,-94.60336685944185,33.683806427960775,37.97011635504149
2020,6,B,2,1,2,2,13.562946288884831,-103.01241962002177,31.122296158359113,34.76614749938148
2020,6,B,2,2,1,1,13.986071794871805,-173.26711965811955,47.694009372649575,-32.38704517692308
2020,6,B,2,2,1,2,14.001057142857121,-74.24853333333294,48.069132466666666,-32.57640199238095
2020,6,B,2,2,2,1,13.922676594206166,-163.17878228442532,37.2132504978533,40.3616482820536
2020,6,B,2,2,2,2,12.828321151716494,-139.55145678234885,33.327846575924696,39.24972634349502
2020,6,B,3,0,1,1,,,,
2020,6,B,3,0,1,2,,,,
2020,6,B,3,0,2,1,,,,
2020,6,B,3,0,2,2,,,,
2020,6,B,3,1,1,1,,,,
2020,6,B,3,1,1,2,,,,
2020,6,B,3,1,2,1,11.393137755102032,-58.053571428571104,24.12105193367347,41.31049245408163
2020,6,B,3,1,2,2,12.947727714285719,-128.59046814814792,25.950924906285714,37.66812801742857
2020,6,B,3,2,1,1,13.730411038961023,-72.84158441558475,40.109882824675324,-28.28228263896104
2020,6,B,3,2,1,2,15.08818859649125,-104.35665204678389,46.729062935672516,-35.33504612112573
2020,6,B,3,2,2,1,11.859397392875593,-53.063440887970955,30.3294521094476,37.05819593630741
2020,6,B,3,2,2,2,13.468737425484335,-147.37475154083222,28.919774863263786,39.09682541244411
2020,6,T,0,0,1,1,14.39568786755622,-51.967301035126184,44.31789959517338,-32.1463267660201
2020,6,T,0,0,1,2,14.209338859845658,-167.31833333333316,48.88447873795743,-34.21200146312547
2020,6,T,0,0,2,1,14.023753152323962,-78.03056556829279,37.211401375134216,37.69307225391931
2020,6,T,0,0,2,2,14.170921246192606,-88.56337121263277,34.561866234918966,37.19114505106293
2020,6,T,0,1,1,1,14.942241411764684,-57.08338926829265,45.25468083529412,-27.252921460941174
2020,6,T,0,1,1,2,16.2443650485437,-159.27490650845039,56.015057178640774,-36.55304065578111
2020,6,T,0,1,2,1,16.063914963119103,-119.0975536941578,43.94146458174921,41.37096688595891
2020,6,T,0,1,2,2,15.516875988570845,-110.36385528673827,39.269662505176285,38.14298807170774
2020,6,T,0,2,1,1,11.843631180223284,-159.25746634026927,50.26992364832535,-28.62260407575758
2020,6,T,0,2,1,2,15.363964778325112,-95.13420566502464,54.35186390394089,-33.082426194581274
2020,6,T,0,2,2,1,14.63333739302172,-138.47844541095174,46.057330735132766,40.39989459205618
2020,6,T,0,2,2,2,12.57062820900029,-88.91928702570385,38.03028625777711,36.14785391780429
2020,6,T,1,0,1,1,11.883892307692307,-70.64111188811194,42.56193381258741,-27.599989492307692
2020,6,T,1,0,1,2,13.578474358974347,-170.11174313491392,40.89642133200134,-29.66633702747253
2020,6,T,1,0,2,1,13.60985112359549,-76.54802956830281,31.763727503752804,36.37845422988764
2020,6,T,1,0,2,2,12.553611217856968,-126.09320117784637,32.148469101368164,35.752346914706365
2020,6,T,1,1,1,1,11.771326645768042,-73.05486046511623,38.86074199895507,-28.896200166875644
2020,6,T,1,1,1,2,14.97775934627171,-169.04862836548637,47.43551368784474,-29.992205799182834
2020,6,T,1,1,2,1,14.18222574654584,-120.47811553603833,36.14119424639726,39.32056654532387
2020,6,T,1,1,2,2,13.467974908905802,-118.6329459179783,36.85172891364805,39.35679980409388
2020,6,T,1,2,1,1,13.40089560685034,-109.10143809523834,46.291434996277,-28.461863463142222
2020,6,T,1,2,1,2,10.692549322289153,-76.74958207831332,54.0948555938253,-25.648388904367472
2020,6,T,1,2,2,1,15.295350515463923,-115.06527009150022,45.976446983505156,40.40550255670104
2020,6,T,1,2,2,2,14.674622012578595,-118.6635354007094,39.41471839919138,39.35432475961903
2020,6,T,2,0,1,1,,,,
2020,6,T,2,0,1,2,12.140143502824856,-156.25314124293755,34.71427459887005,-27.184254259887005
2020,6,T,2,0,2,1,11.073542250530778,-30.109484076433546,25.47668729065817,36.37434066617834
2020,6,T,2,0,2,2,11.780952594810373,-15.703982672951952,28.832416666666667,30.05978765331836
2020,6,T,2,1,1,1,10.381355676581478,-62.01266666666697,34.2603362065354,-26.630327587348134
2020,6,T,2,1,1,2,12.139311538461556,-169.7579999999998,40.26661726923077,-29.030422576923076
2020,6,T,2,1,2,1,12.577527965916516,-70.17418614813232,30.990722379396985,36.09779591664846
2020,6,T,2,1,2,2,13.98264528475201,-116.67896560522559,35.57803281634006,34.07220306164422
2020,6,T,2,2,1,1,11.836452633573316,-134.79442259494908,44.38769562466843,-26.97996979992419
2020,6,T,2,2,1,2,15.924266220735802,-101.52368561872936,51.77764902341137,-29.372878267558526
2020,6,T,2,2,2,1,14.60323612634349,-121.35210219632472,40.04241258565475,40.70841586173503
2020,6,T,2,2,2,2,13.874802018633517,-135.61386842105276,37.152179582246376,34.871122654290886
2020,6,T,3,0,1,1,,,,
2020,6,T,3,0,1,2,,,,
2020,6,T,3,0,2,1,,,,
2020,6,T,3,0,2,2,,,,
2020,6,T,3,1,1,1,,,,
2020,6,T,3,1,1,2,,,,
2020,6,T,3,1,2,1,12.431709090909095,-161.29518181818185,31.729465636363642,36.9756118
2020,6,T,3,1,2,2,11.926880163878451,-23.49821074964666,27.810085176237624,30.823658910378967
2020,6,T,3,2,1,1,11.703670129870147,-124.88506493506475,41.6179389012987,-28.416348818181817
2020,6,T,3,2,1,2,14.380097069597085,-360.43587912087924,51.749826556776554,-39.86232093553113
2020,6,T,3,2,2,1,12.757844171122997,-138.2079379679144,35.2059015144385,38.32503916802139
2020,6,T,3,2,2,2,13.502342234848498,-123.49627403846125,36.919718770833335,32.42840487215909
2020,7,B,0,0,1,1,13.350830131272218,-132.39139629141755,41.269283475070544,-31.197868660556985
2020,7,B,0,0,1,2,15.740795947652387,-141.01286622717407,49.61881938003674,-34.01701489168867
2020,7,B,0,0,2,1,15.866423489949696,-97.50880883519767,39.35619778233247,39.66583063624746
2020,7,B,0,0,2,2,15.116132689317354,-92.12519640421124,35.95014169356612,38.53501389217136
2020,7,B,0,1,1,1,12.931047975744605,-207.22469516594492,43.92930163500981,-29.218323760834675
2020,7,B,0,1,1,2,18.36938049029621,-199.70563626861758,54.336866922880496,-35.98220193973442
2020,7,B,0,1,2,1,17.273173076923072,-90.56447738416091,42.43450110409699,40.643432901337796
2020,7,B,0,1,2,2,15.466180203349296,-128.81185535821805,40.71466024765251,40.33848662203349
2020,7,B,0,2,1,1,13.508382936507928,-190.99948732718894,45.16155087301588,-30.654160537698417
2020,7,B,0,2,1,2,11.681490196078443,-97.81331439393944,51.125566762923356,-32.38411204456328
2020,7,B,0,2,2,1,18.56355137395461,-135.56067711503374,52.79854925089605,43.25451243608124
2020,7,B,0,2,2,2,14.437464238659885,-119.69368749400155,40.302140915835366,37.48269446328503
2020,7,B,1,0,1,1,12.63112666666666,-182.7949658536586,39.47826067619048,-32.87169869064914
2020,7,B,1,0,1,2,13.011433394160576,-124.58127619496099,35.97363358074817,-30.170953508667882
2020,7,B,1,0,2,1,14.16204952187772,-114.62986155202816,33.16112305627354,38.624229061547375
2020,7,B,1,0,2,2,13.319808322662084,-114.35029401088968,33.3350777171686,36.751989977460084
2020,7,B,1,1,1,1,10.930916666666661,-128.64451808892545,36.601037870915036,-26.361882093137254
2020,7,B,1,1,1,2,15.025555166931639,-232.50971428571438,44.39798057551669,-35.238248654531
2020,7,B,1,1,2,1,14.569221679410944,-106.46828463203428,36.283220282639476,35.928039461236196
2020,7,B,1,1,2,2,14.919424358974354,-91.56066119860043,35.84360824098291,38.42857828985043
2020,7,B,1,2,1,1,11.212773333333345,-248.7165333333328,42.208705306666666,-28.926185386666667
2020,7,B,1,2,1,2,13.464492537313447,-222.759652406417,43.11578849668325,-32.50935063217247
2020,7,B,1,2,2,1,15.719473149236194,-185.9763367983369,44.6888303197121,42.1982036407168
2020,7,B,1,2,2,2,15.485335094454825,-127.24330079405581,41.73494167047773,38.93610062353562
2020,7,B,2,0,1,1,12.223540598290583,-246.4103632478632,43.62573998290598,-30.696719132478634
2020,7,B,2,0,1,2,,,,
2020,7,B,2,0,2,1,14.239544201680687,-136.26838066261007,29.921361889075627,35.55692484840336
2020,7,B,2,0,2,2,13.620686842105258,-151.0162431941926,30.35082174473684,37.77465281754385
2020,7,B,2,1,1,1,11.22448646616543,-182.50871428571418,34.680575116541355,-30.218536690977437
2020,7,B,2,1,1,2,15.445461134453794,-147.95660714285714,40.676177552521004,-34.50230461554622
2020,7,B,2,1,2,1,13.644483483483498,-57.965761904762076,25.64045387605105,32.95188012087087
2020,7,B,2,1,2,2,13.815474121188572,-71.19278791998431,30.226620275733147,35.094163847677216
2020,7,B,2,2,1,1,12.628277578653922,-175.3800627403357,42.025924024392666,-31.443061000796497
2020,7,B,2,2,1,2,13.476648677248662,-159.21515250544644,42.10669208994709,-32.26800184973545
2020,7,B,2,2,2,1,15.711302076502719,-85.684227112808,40.53513325420765,37.61375704284153
2020,7,B,2,2,2,2,14.055183832280534,-136.5996083916084,38.214786785558,38.09669496019446
2020,7,B,3,0,1,1,,,,
2020,7,B,3,0,1,2,,,,
2020,7,B,3,0,2,1,,,,
2020,7,B,3,0,2,2,,,,
2020,7,B,3,1,1,1,9.029873106060592,-344.91232954545467,36.80092344696969,-26.46477857348485
2020,7,B,3,1,1,2,,,,
2020,7,B,3,1,2,1,10.671709756097584,23.76713821138219,31.234526601626023,30.569280885365853
2020,7,B,3,1,2,2,11.360203273040469,-101.61426356589118,28.675909069767435,38.92334578897502
2020,7,B,3,2,1,1,10.291547619047634,-193.94504365079365,38.694187063492066,-28.632269650793653
2020,7,B,3,2,1,2,13.205580979284377,-126.89225988700582,34.39774639924671,-25.813354634651603
2020,7,B,3,2,2,1,14.078732842234501,-0.3974341513553554,32.51225103634131,35.67991642897483
2020,7,B,3,2,2,2,13.966031167038324,-157.52299086758012,33.907974745051504,39.17570885657853
2020,7,T,0,0,1,1,14.271518261110074,-118.1491895902509,42.98840792177762,-32.445269093232525
2020,7,T,0,0,1,2,17.827553935585215,-103.1188172043012,49.36479722827965,-37.0334013745326
2020,7,T,0,0,2,1,16.55957920712474,-120.33603361344512,39.86772122080586,40.38134952799987
2020,7,T,0,0,2,2,14.72565744944886,-70.7414414178943,34.50349239675341,36.125249385369
2020,7,T,0,1,1,1,14.023912991235505,-156.02196001454013,43.78445904657902,-32.640063496611255
2020,7,T,0,1,1,2,18.148529411764713,-147.92021957169936,55.00439885714286,-38.586850749673204
2020,7,T,0,1,2,1,18.647706061651718,-156.72537032696619,44.74551499850472,42.91223040671727
2020,7,T,0,1,2,2,14.861059726843536,-91.60882957297872,35.880972407658135,37.374264279823755
2020,7,T,0,2,1,1,13.299475353218227,-232.0482086167799,43.34358136106751,-32.10648566718995
2020,7,T,0,2,1,2,15.31787692307691,-228.92230769230719,58.29486041641026,-36.87705641025641
2020,7,T,0,2,2,1,16.476461111111078,-93.26879629629593,51.67682750833333,39.691772312962975
2020,7,T,0,2,2,2,12.389646316290879,-140.0207466063348,38.39963272483328,36.97382060190537
2020,7,T,1,0,1,1,12.73161979725701,-103.07887060226585,38.62114858413834,-32.580130115086476
2020,7,T,1,0,1,2,12.655286216596352,-90.67252622061505,38.42811807032349,-32.75279850984529
2020,7,T,1,0,2,1,14.8857214285714,-138.03365432098735,35.72417669761905,37.92076810396826
2020,7,T,1,0,2,2,13.272968873517783,-89.63154913427343,32.08562493073123,35.72553989500988
2020,7,T,1,1,1,1,12.745853658536618,-147.31394308943118,38.00597197573483,-29.891617734208882
2020,7,T,1,1,1,2,16.31183010680907,-170.74370024229847,46.25613895911215,-35.58961510263684
2020,7,T,1,1,2,1,15.16171068289384,-117.4161316614418,35.533787587829615,36.84272699499662
2020,7,T,1,1,2,2,14.108506507077038,-99.35143471074389,34.476191869468984,37.28770000178446
2020,7,T,1,2,1,1,11.124147299509005,-189.06261148272006,40.730320394162575,-30.37887495771959
2020,7,T,1,2,1,2,15.539399436090221,-218.17461466165423,50.09699603383459,-40.74114940225563
2020,7,T,1,2,2,1,15.353837694389895,-149.6488755506607,43.300174479645456,41.672724902966934
2020,7,T,1,2,2,2,14.208158690130631,-179.55450529222253,37.87175886728955,39.25592255572388
2020,7,T,2,0,1,1,10.2259903846154,-61.46889423076891,40.43532593269231,-28.255076875
2020,7,T,2,0,1,2,,,,
2020,7,T,2,0,2,1,11.741511415525139,-79.87561317677773,29.474141230919763,35.834736320939335
2020,7,T,2,0,2,2,13.711614362108492,-100.55376114081992,29.992133555538583,36.41540308663102
2020,7,T,2,1,1,1,10.996943969610655,-109.22826510721188,39.913146366571695,-27.624083946818615
2020,7,T,2,1,1,2,11.583095545977017,-93.62928735632204,36.66900178376437,-31.141779647988507
2020,7,T,2,1,2,1,13.383815111284662,-172.589748822606,33.145098892034355,35.807883407828974
2020,7,T,2,1,2,2,14.28933399246705,-92.17360978861143,30.789029403540493,35.15208948025423
2020,7,T,2,2,1,1,12.271877368421059,-152.9119879089617,42.5209584077193,-33.148044596336845
2020,7,T,2,2,1,2,16.70965999999997,-257.83827500000007,53.63505295833333,-39.137003820833336
2020,7,T,2,2,2,1,14.895903273809523,-170.29195958722812,42.112740613095234,40.71808318720238
2020,7,T,2,2,2,2,14.45191098279804,-125.27119052904209,35.194863063899916,37.90067552806977
2020,7,T,3,0,1,1,,,,
2020,7,T,3,0,1,2,,,,
2020,7,T,3,0,2,1,,,,
2020,7,T,3,0,2,2,,,,
2020,7,T,3,1,1,1,11.631431127012533,-154.17439922480617,32.048849999999995,-35.65985915026833
2020,7,T,3,1,1,2,,,,
2020,7,T,3,1,2,1,14.543888095238088,-223.9827380952379,27.168550261904763,38.62930440595238
2020,7,T,3,1,2,2,11.75977068214803,-19.82735123367229,28.04109984034833,32.73097388991292
2020,7,T,3,2,1,1,12.136732394366192,-41.029127843987226,40.58120354492472,-31.094676066051484
2020,7,T,3,2,1,2,15.227182940516258,-213.31050505050507,47.756542067340064,-33.00932105162739
2020,7,T,3,2,2,1,14.748333991258988,-178.0706748554917,32.96420959778656,38.75998764288737
2020,7,T,3,2,2,2,13.799434604571587,-133.762385572139,30.94472408299719,38.17661192512376
2020,8,B,0,0,1,1,11.79314927545822,-183.9813198985721,39.63308233474493,-30.33842690985906
2020,8,B,0,0,1,2,14.653672481203031,-117.53277142857132,42.13795786466165,-31.267447714085215
2020,8,B,0,0,2,1,15.376213424618271,-122.97769437590978,39.86567411673728,36.59483899299296
2020,8,B,0,0,2,2,14.590423840114866,-68.57352841390957,35.38949926701726,35.64413596834121
2020,8,B,0,1,1,1,13.89508035714286,-167.09189484127,41.85446716741072,-32.528411719642854
2020,8,B,0,1,1,2,14.820599024390262,-98.27781000000004,46.98660295609756,-32.855133180487805
2020,8,B,0,1,2,1,15.527276848635239,-97.27507310870942,40.05867009005955,36.29273128032257
2020,8,B,0,1,2,2,14.762570499831128,-114.6812765957443,37.91581900924307,35.23653131185562
2020,8,B,0,2,1,1,12.777283549783562,-162.25243902439024,45.088623363636366,-31.294661392857144
2020,8,B,0,2,1,2,12.697403749999992,-18.46965517241415,46.396219968749996,-31.065695565625
2020,8,B,0,2,2,1,14.683900667273292,-158.33224638806905,47.46182601971489,38.506794175007585
2020,8,B,0,2,2,2,14.358659518259543,-87.34045179856093,41.16088107244755,34.6148872060979
2020,8,B,1,0,1,1,12.031305555555548,-202.0047828282827,40.00288215151515,-33.399908052525255
2020,8,B,1,0,1,2,13.417943098920333,-199.8659853569252,40.268536399182956,-31.524403165742633
2020,8,B,1,0,2,1,13.279723157119378,-50.111394129978635,35.593546291625586,33.05703391927673
2020,8,B,1,0,2,2,13.874769716808004,-82.4094915288565,32.71251051808758,36.43137783693895
2020,8,B,1,1,1,1,11.681325865209473,-187.70759770114955,37.15069697632058,-27.949312270127507
2020,8,B,1,1,1,2,12.000514975220867,-170.26633268692058,44.07384394139194,-31.962320954524888
2020,8,B,1,1,2,1,16.076431304634667,-113.55755977311355,38.89189592674537,38.45489458344415
2020,8,B,1,1,2,2,15.01483099385004,-70.26239783668143,35.957445290221116,34.74629755390122
2020,8,B,1,2,1,1,15.02064855072463,-159.14406702898577,44.82336552536231,-28.79612869927536
2020,8,B,1,2,1,2,12.946073184203257,-71.06245598591568,40.35024732195526,-28.12714685584093
2020,8,B,1,2,2,1,13.647876595744691,-186.9531333473774,40.680572043566364,39.101946747922995
2020,8,B,1,2,2,2,15.292640867442486,-141.84295880149784,40.55027512893258,37.674742173695435
2020,8,B,2,0,1,1,,,,
2020,8,B,2,0,1,2,,,,
2020,8,B,2,0,2,1,14.38084745762714,-70.96081920903953,30.946714293785313,31.90200814218456
2020,8,B,2,0,2,2,11.975927872769347,-72.54101012443016,29.205126825319198,33.1458175843351
2020,8,B,2,1,1,1,9.783909090909106,-207.70060606060633,33.427203030303026,-28.84010924242424
2020,8,B,2,1,1,2,12.401598866052439,-137.42459248759724,38.459400502480506,-31.62603218993621
2020,8,B,2,1,2,1,14.010725199362042,-116.32817251461984,35.095435651913874,35.55193202251462
2020,8,B,2,1,2,2,12.960711624310164,-107.13157088122625,34.44939434380822,35.493085166016385
2020,8,B,2,2,1,1,12.39216480918607,-236.9518461007592,42.42248133164472,-30.052754444275585
2020,8,B,2,2,1,2,13.426602409638562,-10.894057831324972,42.320817867794254,-28.74486367840594
2020,8,B,2,2,2,1,14.601508333333328,-121.90083991228084,39.33100306458334,41.105135581249996
2020,8,B,2,2,2,2,14.602470021264821,-118.84740339550444,38.363095714866866,36.585329331545864
2020,8,B,3,0,1,1,,,,
2020,8,B,3,0,1,2,,,,
2020,8,B,3,0,2,1,,,,
2020,8,B,3,0,2,2,,,,
2020,8,B,3,1,1,1,,,,
2020,8,B,3,1,1,2,,,,
2020,8,B,3,1,2,1,,,,
2020,8,B,3,1,2,2,12.712751297257228,-120.14414381023016,26.3982178028169,35.77964694746108
2020,8,B,3,2,1,1,11.369705050505075,-210.20403030302987,38.97214074747475,-29.02471797878788
2020,8,B,3,2,1,2,11.549079365079365,-145.5453289473685,40.62140161904762,-29.910854555555552
2020,8,B,3,2,2,1,12.407328722002603,-115.66972551603021,33.77357915151515,33.72711865283268
2020,8,B,3,2,2,2,14.72465405405407,-131.17998582852488,35.51248350990991,38.34684238048048
2020,8,T,0,0,1,1,13.61031111246696,-142.2248744717872,40.81088143637177,-30.344174021779537
2020,8,T,0,0,1,2,15.992557232825348,-89.33617128087872,45.831564379789434,-33.26098186260276
2020,8,T,0,0,2,1,16.188024984631355,-64.15272866837631,38.252617271106374,37.1725714804099
2020,8,T,0,0,2,2,14.937908082706741,-36.8181909702821,36.1414500562949,34.99876197025318
2020,8,T,0,1,1,1,15.977428534145261,-171.9830443765718,45.74056426054806,-31.877107938234015
2020,8,T,0,1,1,2,16.862535361842106,-141.2641529605262,48.6484032787829,-34.79565308442982
2020,8,T,0,1,2,1,18.078612002376715,-82.15222283305866,46.27055175181224,39.28944180998217
2020,8,T,0,1,2,2,15.33340599737653,-85.10890878589271,37.80122671399133,37.46560337754339
2020,8,T,0,2,1,1,14.523868118424275,-209.49610447761188,47.36550646439932,-28.807403073158795
2020,8,T,0,2,1,2,14.627319291819276,-179.87685592185562,52.667564663736265,-33.66430125763126
2020,8,T,0,2,2,1,17.723567599067607,-129.06573170731735,48.752916996503494,41.6792778233683
2020,8,T,0,2,2,2,15.518812551968495,-90.71423292935242,42.53914186691009,35.90755100360498
2020,8,T,1,0,1,1,12.278132739609845,-197.31927905004204,36.11612623692395,-32.29662432400339
2020,8,T,1,0,1,2,13.724541062801919,-82.27011180124191,38.67539814975846,-29.204364820048312
2020,8,T,1,0,2,1,15.241473772377248,-73.51461515151504,36.62296077009701,36.89035153373737
2020,8,T,1,0,2,2,13.459797038327508,-62.17160679970448,31.102100634872244,34.04929276509872
2020,8,T,1,1,1,1,14.077217342342351,-146.10906483948747,38.18195646771771,-33.70376638250751
2020,8,T,1,1,1,2,15.90179642857143,-179.78706698063888,51.30386676530612,-33.302507826530615
2020,8,T,1,1,2,1,15.363898472596588,-98.57821886792453,34.27882964420485,38.613294413297396
2020,8,T,1,1,2,2,14.027928850552826,-45.242130813953736,33.832136529765535,35.7308716488658
2020,8,T,1,2,1,1,12.156645006402059,-140.18340108834855,41.94982155761844,-27.52284711699744
2020,8,T,1,2,1,2,13.887501630789288,-159.00365068493147,48.25939996868885,-33.38093827619048
2020,8,T,1,2,2,1,15.828489606915014,-119.76818637381393,36.42810587569459,38.96934120662688
2020,8,T,1,2,2,2,13.825250072098044,-73.16875202533538,37.338957449783706,35.43195059224946
2020,8,T,2,0,1,1,11.786034615384608,-178.01006410256423,34.999638884615386,-29.701895
2020,8,T,2,0,1,2,11.293969230769207,-203.695132867133,33.99562776223776,-29.296236799999996
2020,8,T,2,0,2,1,12.658358823529397,-91.62078018575858,28.513293117647063,35.04129835294117
2020,8,T,2,0,2,2,14.412604300572625,-35.419084959682095,30.738297233609913,34.63119296864555
2020,8,T,2,1,1,1,10.28838687782806,-162.89891402714966,28.666393699095025,-32.15976958144796
2020,8,T,2,1,1,2,12.350198412698418,-170.34206349206352,37.56715346031746,-30.32294253968254
2020,8,T,2,1,2,1,15.454748240906369,-27.66073106738213,36.73535976907573,36.43527427787716
2020,8,T,2,1,2,2,14.42438604392271,-10.294428423236695,34.7528019064872,32.73063863029046
2020,8,T,2,2,1,1,13.310532732732725,-129.78494992175274,42.74272927177177,-30.35253007183183
2020,8,T,2,2,1,2,15.75157142857141,-178.3076050420168,48.65539737012987,-34.3700603974026
2020,8,T,2,2,2,1,14.896276637016399,-139.54963133640558,39.721940154924454,36.84232246549137
2020,8,T,2,2,2,2,14.5949829428383,-80.61971012944878,35.787765832234214,36.01225622647071
2020,8,T,3,0,1,1,,,,
2020,8,T,3,0,1,2,,,,
2020,8,T,3,0,2,1,,,,
2020,8,T,3,0,2,2,,,,
2020,8,T,3,1,1,1,11.104282467532443,-208.84471428571442,32.33970746753247,-31.828973603896102
2020,8,T,3,1,1,2,,,,
2020,8,T,3,1,2,1,17.490739344262295,31.17279859484779,42.99028437704918,37.484682950819675
2020,8,T,3,1,2,2,10.874030959752304,-172.56163699690387,27.32834696478328,28.866837059597525
2020,8,T,3,2,1,1,11.388868065967017,-156.06849529780584,34.63649705772114,-25.364203122938527
2020,8,T,3,2,1,2,12.343689236111118,-239.59357638888923,41.16615118055555,-35.07719925347222
2020,8,T,3,2,2,1,12.933758801020389,-153.5594760638296,41.181593330357146,35.33467036135204
2020,8,T,3,2,2,2,13.6814493190152,-102.8945227995755,35.401343104635934,36.22955247034442
2020,9,B,0,0,1,1,15.596299657534246,-68.35946917808224,43.81484697773973,-35.994998760402396
2020,9,B,0,0,1,2,17.637372909698982,-166.9410925306579,49.22120207525084,-38.853340976588626
2020,9,B,0,0,2,1,16.754953846153853,-25.85497714604253,41.92745316730769,41.0332138775641
2020,9,B,0,0,2,2,13.912599841404898,-27.540647329961757,34.82337526875067,35.605741558277614
2020,9,B,0,1,1,1,17.81554166666669,-164.54725000000008,47.9521547,-33.28392581333333
2020,9,B,0,1,1,2,15.332599462365607,-136.34744623655934,41.320844838709675,-34.835641454301076
2020,9,B,0,1,2,1,17.218353716216214,-89.70780952380937,42.60157844594594,43.040879891554056
2020,9,B,0,1,2,2,14.982875066102594,3.484575359941573,38.973889593799576,35.6600170351181
2020,9,B,0,2,1,1,,,,
2020,9,B,0,2,1,2,,,,
2020,9,B,0,2,2,1,14.465549525101778,-138.05316182246634,46.54160994097693,44.66585902238806
2020,9,B,0,2,2,2,14.241047342192672,-61.90763468992236,42.36965884330011,37.424964999612406
2020,9,B,1,0,1,1,13.034171428571426,-117.99707142857142,41.50749691428571,-36.087279928571434
2020,9,B,1,0,1,2,,,,
2020,9,B,1,0,2,1,13.285620695855442,17.111286905989346,31.634516919428208,34.61816987377506
2020,9,B,1,0,2,2,13.710865281274664,-35.85877982789043,34.503936635075725,37.6566236015332
2020,9,B,1,1,1,1,15.09065587044536,-12.569743589743666,40.792724251012146,-30.90514437246964
2020,9,B,1,1,1,2,14.98026333333334,-134.15836666666655,43.900306666666665,-37.735366588333335
2020,9,B,1,1,2,1,15.874144039061434,-58.87325082508232,38.223026449749085,42.810446529906415
2020,9,B,1,1,2,2,13.650724542077597,-19.304268324352506,34.19702113244524,35.189728992964646
2020,9,B,1,2,1,1,15.882731481481486,-64.80263888888885,43.722690185185186,-33.334497175925925
2020,9,B,1,2,1,2,14.187960526315763,-109.54444736842106,49.1191547131579,-41.74846805263158
2020,9,B,1,2,2,1,14.800450819672108,-103.11323172814218,42.78691331614505,43.66497914197714
2020,9,B,1,2,2,2,13.696580303030316,-70.55065282748728,36.800640753787874,35.61782554242424
2020,9,B,2,0,1,1,,,,
2020,9,B,2,0,1,2,,,,
2020,9,B,2,0,2,1,,,,
2020,9,B,2,0,2,2,14.267363084112148,-50.02007009345789,37.07488013551402,35.33080601172897
2020,9,B,2,1,1,1,,,,
2020,9,B,2,1,1,2,,,,
2020,9,B,2,1,2,1,14.835651839464845,-111.82037123745795,30.917547122240798,40.374917938795996
2020,9,B,2,1,2,2,14.751876315789474,-15.606278195488358,35.085404035714284,36.96367204191729
2020,9,B,2,2,1,1,16.40540833333334,36.539999999999964,46.74162729166667,-33.631071291666665
2020,9,B,2,2,1,2,16.121544871794868,-152.49423076923085,48.910512756410256,-39.22587282051282
2020,9,B,2,2,2,1,13.275671229200213,-59.27316961889437,35.057237410091254,38.710103550187874
2020,9,B,2,2,2,2,14.032501082858772,-84.17238686131395,35.595744249137724,37.65994495626855
2020,9,B,3,0,1,2,,,,
2020,9,B,3,0,2,1,,,,
2020,9,B,3,0,2,2,,,,
2020,9,B,3,1,1,2,,,,
2020,9,B,3,1,2,1,,,,
2020,9,B,3,1,2,2,14.055763929618763,-33.517199413489834,26.506454340175956,37.43829303519062
2020,9,B,3,2,1,1,,,,
2020,9,B,3,2,1,2,,,,
2020,9,B,3,2,2,1,13.443816450216474,-37.33350649350632,30.87110202597403,36.73681798398268
2020,9,B,3,2,2,2,12.45836332417582,-50.61199862637386,30.852197675480767,35.992812815247255
2020,9,T,0,0,1,1,13.824181295399526,-23.336164098613153,39.5628247056598,-31.781742045096852
2020,9,T,0,0,1,2,17.136281188118815,-58.77293489348904,47.48555731827182,-35.748375311697835
2020,9,T,0,0,2,1,16.0159259055265,-43.775683353896056,38.70229597001774,36.790436390672575
2020,9,T,0,0,2,2,15.201421225822926,-25.092457964633013,35.91964410679564,34.85501782405893
2020,9,T,0,1,1,1,15.871549190110812,-109.87105882352944,45.374069113043475,-37.12820820187554
2020,9,T,0,1,1,2,18.063749999999985,-117.00572964669755,53.739302418458784,-39.32879953584229
2020,9,T,0,1,2,1,16.84490202895789,-60.65610702593813,43.590277079958085,38.45961943112974
2020,9,T,0,1,2,2,15.528047870306125,-73.52421068318245,36.65934814434451,37.06338804952902
2020,9,T,0,2,1,1,13.017529375386545,-111.09539270253572,42.65702440012369,-39.428776332096476
2020,9,T,0,2,1,2,19.920534668721103,-152.15553158705734,58.05642819722651,-35.84736824345147
2020,9,T,0,2,2,1,16.575217299578057,-89.5035799050629,45.074292063674726,44.66733641158419
2020,9,T,0,2,2,2,13.761430756843794,-93.88313979392888,41.611280637882444,36.92158917227669
2020,9,T,1,0,1,1,12.369593191122604,-8.754382676147543,38.86994606377935,-30.23790178065072
2020,9,T,1,0,1,2,14.99069,-166.50024166666662,46.463753958333335,-31.802019728333335
2020,9,T,1,0,2,1,13.778133100544323,-24.22857012750501,32.15265141467597,35.48917775527518
2020,9,T,1,0,2,2,13.29154809901084,-2.4908918866458407,33.645996702282595,33.1847469264943
2020,9,T,1,1,1,1,14.110617647058817,-72.55876573787418,40.89043893204868,-30.431079994929007
2020,9,T,1,1,1,2,16.142759401709398,-35.806783625730986,44.94101096153846,-32.93022552991453
2020,9,T,1,1,2,1,16.42524050878255,-77.7057615384615,41.055486529754084,38.028421159442765
2020,9,T,1,1,2,2,14.403328735049541,-45.635078673174576,36.387848048440084,35.85992050354346
2020,9,T,1,2,1,1,13.37965324675325,-111.36106493506486,42.255147846753246,-36.91226976363637
2020,9,T,1,2,1,2,15.466950426439212,-197.9559646213379,52.864294637526655,-38.98656246641791
2020,9,T,1,2,2,1,15.749649782748634,-100.9783812811661,44.55634424299967,39.686220263879946
2020,9,T,1,2,2,2,15.013061734693906,-65.25797698653923,38.21552648276361,36.794104563520406
2020,9,T,2,0,1,1,,,,
2020,9,T,2,0,1,2,,,,
2020,9,T,2,0,2,1,13.236064772727275,18.401866258741393,30.452967348484847,29.975231878787838
2020,9,T,2,0,2,2,12.916220522441932,1.6770933756674822,31.270391030971282,30.72846126973589
2020,9,T,2,1,1,1,12.808750000000003,-93.98966666666638,36.96337116666667,-32.29518566666667
2020,9,T,2,1,1,2,,,,
2020,9,T,2,1,2,1,15.417349327300883,-25.47753303964737,36.099327483509946,34.6307497194547
2020,9,T,2,1,2,2,15.109238853100948,-52.113535779102676,32.96127236712139,34.09902837823671
2020,9,T,2,2,1,1,12.608872549019608,-51.32207390648591,38.6079732428356,-26.020632616515837
2020,9,T,2,2,1,2,14.68204686373467,-158.3437595129376,44.527218832011535,-31.874440114916286
2020,9,T,2,2,2,1,14.62718432222124,-146.89621356147018,42.786789472986115,39.22977936572641
2020,9,T,2,2,2,2,14.264014061279397,-87.03547108091607,35.634516907646905,35.97764198487978
2020,9,T,3,0,1,1,,,,
2020,9,T,3,0,1,2,,,,
2020,9,T,3,0,2,1,,,,
2020,9,T,3,0,2,2,,,,
2020,9,T,3,1,1,1,,,,
2020,9,T,3,1,1,2,,,,
2020,9,T,3,1,2,1,,,,
2020,9,T,3,1,2,2,13.966723727421993,-162.97118965517257,36.08837818390805,32.0884803633005
2020,9,T,3,2,1,1,11.964414893617032,-112.5425106382977,35.859251148936174,-30.031949438297872
2020,9,T,3,2,1,2,,,,
2020,9,T,3,2,2,1,13.357575757575773,-88.3992424242424,36.45621004848485,35.64427758666666
2020,9,T,3,2,2,2,14.608093621013126,-24.828486854917628,33.644778282051284,33.02448239601139
2020,10,B,0,0,1,1,,,,
2020,10,B,0,0,2,1,,,,
2020,10,B,0,0,2,2,12.669911747516068,3.3810098522171756,31.777497351256578,30.437081036820572
2020,10,B,0,1,2,1,,,,
2020,10,B,0,1,2,2,,,,
2020,10,B,0,2,2,2,,,,
2020,10,B,1,0,2,1,,,,
2020,10,B,1,0,2,2,10.669845238095263,-35.45407142857175,26.614968619047623,29.70844330952381
2020,10,B,1,1,2,1,,,,
2020,10,B,1,1,2,2,11.150805555555564,89.43117845117786,30.80569509259259,32.249397879629626
2020,10,B,1,2,2,1,,,,
2020,10,B,1,2,2,2,,,,
2020,10,B,2,0,2,2,,,,
2020,10,B,2,1,2,1,,,,
2020,10,B,2,1,2,2,,,,
2020,10,B,2,2,2,1,,,,
2020,10,B,2,2,2,2,9.308495238095247,12.912428571428336,27.654233333333337,26.677639366666664
2020,10,B,3,2,2,2,,,,
2020,10,T,0,0,2,1,13.20811999999998,-49.54929473684206,30.848104,36.00311097
2020,10,T,0,0,2,2,12.149477566997916,-43.007018970189165,26.4957731619994,35.74575028187293
2020,10,T,0,1,2,1,,,,
2020,10,T,0,1,2,2,12.394769230769214,1.8466208791210192,28.696118752747257,35.393591192307696
2020,10,T,0,2,2,1,,,,
2020,10,T,0,2,2,2,13.954897435897436,-53.50133333333315,31.126450256410262,38.77138714871795
2020,10,T,1,0,2,1,,,,
2020,10,T,1,0,2,2,10.67492717086833,22.06632352941233,26.019763473389357,36.07753471288515
2020,10,T,1,1,2,1,,,,
2020,10,T,1,1,2,2,9.108944444444461,16.588611111110822,23.264432999999997,33.431760555555556
2020,10,T,1,2,2,1,,,,
2020,10,T,1,2,2,2,11.36682352941176,28.706549019607337,31.057408058823526,33.19985647058824
2020,10,T,2,0,2,1,,,,
2020,10,T,2,0,2,2,,,,
2020,10,T,2,1,2,1,,,,
2020,10,T,2,1,2,2,,,,
2020,10,T,2,2,2,1,,,,
2020,10,T,2,2,2,2,10.707914141414136,-8.93681818181858,26.356347121212117,31.246765126262627
2020,10,T,3,1,2,2,,,,
2020,10,T,3,2,2,1,,,,
2020,10,T,3,2,2,2,9.630323076923077,5.776461538461717,20.19488223076923,39.792230076923076
2020,11,B,0,0,2,1,,,,
2020,11,B,0,0,2,2,16.033998319327708,-182.48097478991576,36.125045299159666,38.8750321092437
2020,11,B,0,1,2,1,,,,
2020,11,B,0,1,2,2,,,,
2020,11,B,1,0,2,1,,,,
2020,11,B,1,0,2,2,,,,
2020,11,B,1,1,2,1,,,,
2020,11,B,1,1,2,2,,,,
2020,11,B,1,2,2,1,,,,
2020,11,T,0,0,2,1,16.935417647058784,-103.10164705882335,33.75125864705882,41.80749029411764
2020,11,T,0,0,2,2,13.008407692307685,26.754153846154168,47.30406608461538,35.543092358974356
2020,11,T,0,1,2,2,,,,
2020,11,T,1,0,2,2,,,,
2020,11,T,1,1,2,2,13.178399999999982,60.501000000000204,37.8190802,31.848979999999997
2020,12,B,0,0,2,2,,,,
2020,12,T,0,0,2,1,,,,
2020,12,T,0,0,2,2,17.860071428571416,-156.67214285714317,26.95877141558442,45.35090844155844
2020,12,T,1,0,2,2,,,,
2021,1,B,0,0,1,1,15.515526968786745,-109.63120534047721,45.01247813325497,-32.876112854895304
2021,1,B,0,0,1,2,16.734286736578298,-59.56628347183732,48.44288780731764,-35.80686112056457
2021,1,B,0,0,2,1,17.26843591074757,-33.04128709975839,39.934326813050944,41.01593101164392
2021,1,B,0,0,2,2,16.277953642384105,-46.30242305902857,39.44229552317881,38.6455399178808
2021,1,B,0,1,1,1,17.449236314233175,-100.93811795732427,49.6171568594262,-32.91061570214977
2021,1,B,0,1,1,2,15.914633402346425,-179.74989761570805,52.91637084748102,-35.50741141732229
2021,1,B,0,1,2,1,19.502069243393393,-94.07646973012379,47.36096561126704,44.91340240421435
2021,1,B,0,1,2,2,16.387369712569708,-67.57282516339865,39.49220859261047,38.589316994444445
2021,1,B,0,2,1,1,15.88932173913041,-96.66354347826109,44.21513749275362,-30.111320502173918
2021,1,B,0,2,1,2,17.86136184210524,-236.32059210526313,67.88930274853801,-43.76954247076023
2021,1,B,0,2,2,1,16.848715575916202,-111.9982450791972,49.04472863645288,44.88602762886126
2021,1,B,0,2,2,2,14.532042251497003,-114.48447170175814,40.959814200670664,39.275614423616766
2021,1,B,1,0,1,1,14.14027486123959,-82.75385869565207,43.62065123913044,-34.19621748716466
2021,1,B,1,0,1,2,14.127390931372545,-118.28382761437888,40.31903232638889,-31.267665026368476
2021,1,B,1,0,2,1,13.765380108242653,-7.532283645070947,32.48301653538145,36.316766216064195
2021,1,B,1,0,2,2,13.074114443797328,-73.76036831683177,33.635831520610886,34.65597956953343
2021,1,B,1,1,1,1,14.14231485126858,-101.29437007874049,41.19544026235783,-32.52870946152668
2021,1,B,1,1,1,2,15.940046977038136,-128.79383340507957,48.60369076869601,-31.828563365557194
2021,1,B,1,1,2,1,16.395720047370645,-36.519403617863645,40.91631581827936,38.95925191726367
2021,1,B,1,1,2,2,13.679239896180917,-85.91327265799555,36.81212425760947,37.814020719012035
2021,1,B,1,2,1,1,13.832415658150325,-131.026711489616,48.41528823203347,-30.910675856491856
2021,1,B,1,2,1,2,14.018398784194531,-150.62685093167693,50.517915191489365,-34.18700298085106
2021,1,B,1,2,2,1,17.686621754385968,-92.41938288288247,48.80893567149122,45.194835560498596
2021,1,B,1,2,2,2,15.241605721393029,-87.23282133442444,44.280873273160516,40.23331884738151
2021,1,B,2,0,1,1,,,,
2021,1,B,2,0,1,2,15.622990049751252,-94.14463752665233,35.83303065711443,-31.44262722786072
2021,1,B,2,0,2,1,11.95691496388028,-61.294900928792686,28.02773389886481,33.901831106604746
2021,1,B,2,0,2,2,13.867010067641985,-44.76558439515475,28.603699675790473,31.076793354255148
2021,1,B,2,1,1,1,14.295289722785654,-44.15398918187975,42.26289936646383,-33.43835384787018
2021,1,B,2,1,1,2,13.6070227420403,-74.56781026640692,33.98364116959064,-30.180865387264458
2021,1,B,2,1,2,1,14.279063432835812,-31.968161338661503,30.6015946574433,36.7750858979938
2021,1,B,2,1,2,2,12.48547288378765,-68.34335598141706,29.709632808321373,35.66662017426112
2021,1,B,2,2,1,1,14.04590627928772,-113.10168072477381,43.66224007294595,-30.573702910809125
2021,1,B,2,2,1,2,15.61256184012069,-155.2653962703962,49.306723361990954,-34.73922909502262
2021,1,B,2,2,2,1,15.450630661071443,-170.3967024575104,43.347416365567604,41.386110833266116
2021,1,B,2,2,2,2,13.85393523644575,-164.41840425869987,36.3928969876906,41.26807138987227
2021,1,B,3,0,1,1,,,,
2021,1,B,3,0,1,2,,,,
2021,1,B,3,0,2,1,,,,
2021,1,B,3,0,2,2,,,,
2021,1,B,3,1,1,1,,,,
2021,1,B,3,1,1,2,,,,
2021,1,B,3,1,2,1,13.065140624999998,-152.4357638888887,31.516282135416667,36.98155916458333
2021,1,B,3,1,2,2,13.718323809523838,-54.92505952380907,31.118354955952384,30.25667706190476
2021,1,B,3,2,1,1,10.208740384615396,-116.42482517482495,38.258941863636366,-29.17831748076923
2021,1,B,3,2,1,2,10.876534615384628,-125.82264102564068,38.943254517948716,-33.8857776474359
2021,1,B,3,2,2,1,14.386683223443242,-73.75144175824198,30.16087286637363,38.842573864908424
2021,1,B,3,2,2,2,13.712959999999981,-76.34479292929291,34.904486341818185,35.27079302666667
2021,1,T,0,0,1,1,15.623478703086818,-42.12088563180123,41.70092848101266,-30.578179754219413
2021,1,T,0,0,1,2,17.472159880014985,-73.45155380577444,47.92845839175103,-32.35602059010124
2021,1,T,0,0,2,1,16.858286523663594,-65.8961779509932,41.30134417497446,40.41166431863465
2021,1,T,0,0,2,2,15.604668095345502,-64.92326798306658,37.76120428901421,39.52238183371604
2021,1,T,0,1,1,1,19.420579240766074,-88.35616279069791,48.15614929206566,-33.818839927975375
2021,1,T,0,1,1,2,18.26446983485002,-55.511853724300636,52.81033939939332,-34.16449396124031
2021,1,T,0,1,2,1,19.725925133118068,-92.2768452553646,50.33062734764664,44.54337015849069
2021,1,T,0,1,2,2,16.00985150869721,-75.4591425643498,42.1225275791859,39.71868454742501
2021,1,T,0,2,1,1,16.33551682692307,-121.27460096153845,52.10500928365384,-35.38179886778846
2021,1,T,0,2,1,2,19.00805797101451,-162.30768115942055,58.292279122383256,-39.08076790660225
2021,1,T,0,2,2,1,17.34571760033444,-139.99775875108026,51.81474290719064,46.79847846718228
2021,1,T,0,2,2,2,15.243459976691412,-92.3227450246427,42.78011978433417,37.66187108176409
2021,1,T,1,0,1,1,12.64483213885778,-89.75376707726764,37.010580167973124,-29.73057122799552
2021,1,T,1,0,1,2,11.291070979335132,-149.23995732255207,38.33175427106919,-30.343835930026955
2021,1,T,1,0,2,1,13.81978058573452,-67.99168061346063,34.388532219119035,36.78211062103803
2021,1,T,1,0,2,2,13.523122984274323,-77.09370095982649,33.760545033211955,37.072673070031215
2021,1,T,1,1,1,1,15.45920338983052,-79.95933650268671,39.84292216650049,-29.748959984247257
2021,1,T,1,1,1,2,14.41564628427129,-114.79531746031716,41.22376095598846,-32.882061887965364
2021,1,T,1,1,2,1,15.416960035133954,-97.58478555138709,40.90590052437417,37.767227770622135
2021,1,T,1,1,2,2,15.088048348813203,-91.22762741010956,37.97765966537668,38.26092007105263
2021,1,T,1,2,1,1,15.361922324375286,-116.39240952380942,51.6164835398397,-34.82691190122584
2021,1,T,1,2,1,2,17.119624387254888,-64.10050170068007,49.38519241421569,-33.47349666053921
2021,1,T,1,2,2,1,18.653414851796526,-160.0223296007789,51.486172936944726,43.980295028363074
2021,1,T,1,2,2,2,15.022760898180422,-71.20355148319095,42.669708825087106,39.35823191632469
2021,1,T,2,0,1,1,14.958825274725285,18.3510659340659,38.49467967032967,-24.501003021978022
2021,1,T,2,0,1,2,13.260334992887621,-57.91352852852833,35.68046068278805,-30.326188053342815
2021,1,T,2,0,2,1,13.355313765182188,8.501855870445524,27.992525526315788,34.82355179352227
2021,1,T,2,0,2,2,11.93387808098592,6.795904134484317,29.09461522007042,32.97571797183099
2021,1,T,2,1,1,1,12.633854480570974,-179.50323156225204,41.368084733148294,-27.714415593180014
2021,1,T,2,1,1,2,11.25546963562752,-223.72588056680206,38.740654716599195,-31.94034680161943
2021,1,T,2,1,2,1,14.180117859531777,-66.52321426978824,33.85546786911929,37.45474677597324
2021,1,T,2,1,2,2,13.237848018923728,-42.52255194705276,35.26998402497782,37.643490504671796
2021,1,T,2,2,1,1,13.424983414239506,-124.38221143473584,41.98260934142395,-30.832261345873786
2021,1,T,2,2,1,2,14.415602147039678,-18.146961613532767,40.333638061158105,-32.14987041672089
2021,1,T,2,2,2,1,14.991698660049622,-137.47014342774173,42.12632714540943,39.444454395037226
2021,1,T,2,2,2,2,14.19344245954693,-131.682663918074,40.6549906059547,41.09718642168284
2021,1,T,3,0,1,1,,,,
2021,1,T,3,0,1,2,,,,
2021,1,T,3,0,2,1,,,,
2021,1,T,3,0,2,2,,,,
2021,1,T,3,1,1,1,,,,
2021,1,T,3,1,1,2,,,,
2021,1,T,3,1,2,1,12.250171399594308,-74.07935344827592,33.11907242156863,34.11666029006085
2021,1,T,3,1,2,2,11.674647727272713,-52.93066287878764,27.895476819602273,32.45737288825758
2021,1,T,3,2,1,1,13.51635757575761,-124.31999999999971,36.42933784848485,-31.40592427651515
2021,1,T,3,2,1,2,11.515811764705887,-138.85827272727238,41.29026751336899,-31.203375323529414
2021,1,T,3,2,2,1,13.571008099586862,-131.82453631224143,41.12066380657208,35.74966091965645
2021,1,T,3,2,2,2,13.004231743666196,-133.91959090909086,35.426273751862894,38.46577266020864
2021,2,B,0,0,1,1,15.523331521954447,-60.57227166040775,43.97525249845494,-29.935239274711385
2021,2,B,0,0,1,2,16.365743500000008,-102.87228467741943,47.083194248000005,-34.94745838475
2021,2,B,0,0,2,1,16.089892176199868,-90.28333690972295,38.354918250234654,39.148750598660364
2021,2,B,0,0,2,2,15.589681173642674,-52.04372446594152,37.42333706449937,38.300930505932165
2021,2,B,0,1,1,1,17.950943752594426,-169.66096720630958,52.32327341614778,-33.82681439559983
2021,2,B,0,1,1,2,17.74352602464168,-127.5510975609759,52.65650725979381,-36.460949363313006
2021,2,B,0,1,2,1,18.17422146739129,-85.29840233825598,46.54930096053313,43.07124130834627
2021,2,B,0,1,2,2,17.472555863819565,-96.7720676142012,43.063656560871095,41.57971807238124
2021,2,B,0,2,1,1,12.700516666666672,-163.79466666666667,43.233120400000004,-29.675695425
2021,2,B,0,2,1,2,17.989903474903457,-210.27968468468453,66.22618933075933,-41.32250266280566
2021,2,B,0,2,2,1,17.846564048396388,-224.90906280007675,55.84881087190321,46.57656412329556
2021,2,B,0,2,2,2,16.141290034302216,-120.81136186533558,44.748346654570625,41.96116382697091
2021,2,B,1,0,1,1,12.42180056377731,-76.36190783807115,38.68715597040169,-30.990993911909797
2021,2,B,1,0,1,2,12.961897129186596,-121.09054066985664,39.816084861244015,-32.13217272440191
2021,2,B,1,0,2,1,12.734801445752709,-64.01412449887903,32.43548487338616,35.28002496735725
2021,2,B,1,0,2,2,12.448857815301864,-47.65491767983849,31.878549214659298,36.76138096767185
2021,2,B,1,1,1,1,14.174192289156636,-53.944549397590436,44.14526728096386,-29.839432253493975
2021,2,B,1,1,1,2,16.105597994331816,-147.95690320470885,49.06685514933508,-34.64018735360802
2021,2,B,1,1,2,1,16.37177142857145,-95.49764495798308,39.58079484535715,41.68260692738095
2021,2,B,1,1,2,2,14.847662540524624,-95.4749797680347,36.50913793073976,38.90014423866785
2021,2,B,1,2,1,1,13.601115855572985,-37.693911620294784,45.56250111930926,-29.10803016860283
2021,2,B,1,2,1,2,15.658490421455951,-56.397487474211175,51.69878106233422,-35.864101538019455
2021,2,B,1,2,2,1,16.76286835724389,-121.03732653061206,48.01866506263891,43.810988369266525
2021,2,B,1,2,2,2,15.084756379420753,-102.83789571560374,39.46668723340212,40.10387992404469
2021,2,B,2,0,1,1,11.34123245614036,-134.37460526315772,42.8037774122807,-30.070234254385962
2021,2,B,2,0,1,2,11.704768627450974,-172.19211764705915,33.92848874901961,-29.991974811764706
2021,2,B,2,0,2,1,14.453151515151504,-126.30899999999974,36.23573446757576,37.81644429060606
2021,2,B,2,0,2,2,12.914856495726525,0.16848888888898728,30.44502483205129,33.45433463547008
2021,2,B,2,1,1,1,14.518809523809509,-55.19440476190448,34.707904142857146,-26.433574785714285
2021,2,B,2,1,1,2,14.529285416666667,-56.46452083333361,44.347056375,-34.55035225416667
2021,2,B,2,1,2,1,13.860910641964665,-57.62553123653606,32.15365579620853,36.18731459974149
2021,2,B,2,1,2,2,12.889107803700739,-48.61078181818175,29.47372105454545,35.65791881721641
2021,2,B,2,2,1,1,15.406464870768104,-45.31263560247544,41.27245465285766,-30.57532799890789
2021,2,B,2,2,1,2,14.412905632984902,-125.7127032520325,49.25146313472706,-35.79236236759582
2021,2,B,2,2,2,1,14.068137111243999,-149.07691866028745,39.263034312101276,42.038348582481056
2021,2,B,2,2,2,2,14.532683649044628,-94.29018956148093,38.69239184559655,37.72668883948248
2021,2,B,3,0,1,1,,,,
2021,2,B,3,0,1,2,,,,
2021,2,B,3,0,2,1,,,,
2021,2,B,3,0,2,2,,,,
2021,2,B,3,1,1,1,,,,
2021,2,B,3,1,1,2,,,,
2021,2,B,3,1,2,1,11.94708370535713,-138.4092299107142,29.33514753683036,34.03704432924107
2021,2,B,3,1,2,2,11.072495915032675,-81.46632625272287,33.19702599912854,31.580924000588233
2021,2,B,3,2,1,1,12.944886143931257,-199.25056928034383,40.25599061868958,-37.124262722878626
2021,2,B,3,2,1,2,12.827286813186788,-154.9511318681316,38.37306010989011,-34.88995422131868
2021,2,B,3,2,2,1,12.161569531795948,-90.77214489214475,31.293047839872223,37.72068407989417
2021,2,B,3,2,2,2,12.283485891870555,-102.69708398803823,28.654007642314525,37.36590584007498
2021,2,T,0,0,1,1,15.501156296296301,-111.7127592592592,44.29547268518518,-29.486965652222217
2021,2,T,0,0,1,2,17.068753190535332,-66.8969319122516,45.95908911754967,-33.005813430134175
2021,2,T,0,0,2,1,16.7547752279673,-74.58080738770377,42.072655395691605,38.82355715067459
2021,2,T,0,0,2,2,15.220758360235848,-61.38464275531214,35.63140495080078,38.51937852097956
2021,2,T,0,1,1,1,17.800974196689396,-130.1828627069135,51.44717844758195,-31.72850900431678
2021,2,T,0,1,1,2,18.77898433854908,-148.1810437032782,56.4198136799431,-34.78081652951636
2021,2,T,0,1,2,1,17.412571693015806,-51.7504720953375,45.513556948771765,41.94610368820393
2021,2,T,0,1,2,2,17.163159560214368,-103.1321560447127,44.123894362584075,40.72520713975541
2021,2,T,0,2,1,1,13.612102002503136,-113.30283229036286,40.55170202565707,-26.21632488485607
2021,2,T,0,2,1,2,14.382073512694205,-252.6720538082609,55.378993258810155,-35.17939376885184
2021,2,T,0,2,2,1,16.34556930501931,-185.4015268253329,46.887982579536676,44.930793849613906
2021,2,T,0,2,2,2,15.968798701298695,-105.81349100363423,40.09402959646236,40.107505243629895
2021,2,T,1,0,1,1,13.137836767460527,-85.44105885588579,39.249993934974576,-28.03965194487557
2021,2,T,1,0,1,2,13.43820015906681,-82.73981744704543,37.26434630169671,-29.92636616793478
2021,2,T,1,0,2,1,12.484892276882306,-64.23883868436542,35.21912986042831,36.77063205606124
2021,2,T,1,0,2,2,13.234900175219025,-57.221717011128476,28.16802705409261,34.44525822425907
2021,2,T,1,1,1,1,13.69761642512077,-96.82992753623193,42.346082053140094,-28.92324395169082
2021,2,T,1,1,1,2,14.23452659019813,-112.13945197543717,44.405560798748695,-31.665176208666434
2021,2,T,1,1,2,1,14.141041558441543,-106.76788816738826,43.59526732021284,39.37944878811708
2021,2,T,1,1,2,2,12.802314054054051,-77.20701699944493,34.103106136293434,36.12475212641699
2021,2,T,1,2,1,1,13.991292207792199,-53.496731601731426,40.64207541125541,-28.494612073593075
2021,2,T,1,2,1,2,16.847201064829306,-233.66875039148135,62.71455004541184,-38.1339542289383
2021,2,T,1,2,2,1,16.776869917734544,-120.82698485845958,48.78251338300902,45.08087680952381
2021,2,T,1,2,2,2,13.98374373282607,-142.4476013805006,40.68693796116254,38.84931324648066
2021,2,T,2,0,1,1,,,,
2021,2,T,2,0,1,2,12.646184981684968,-175.0222947640591,41.061344888278384,-29.136770335164837
2021,2,T,2,0,2,1,12.505018627450966,15.903898692810344,26.205668526143796,33.059241646405226
2021,2,T,2,0,2,2,12.015757408337493,-20.813061275740893,28.764326484342043,31.813178537368156
2021,2,T,2,1,1,1,11.182315384615393,-139.11724615384628,38.14072688461538,-25.549478476923078
2021,2,T,2,1,1,2,11.530636734693886,-179.62352040816313,43.17963198979592,-29.578790781632655
2021,2,T,2,1,2,1,13.224903191489375,-56.672175423360386,31.399649808510635,34.557709154042556
2021,2,T,2,1,2,2,13.13733974594993,-43.91815476190459,33.51053076205817,38.313153574687036
2021,2,T,2,2,1,1,13.456155311355317,-82.0225347985347,42.72547373809524,-29.197161063789867
2021,2,T,2,2,1,2,12.99806752966559,-284.01164827890534,47.13588872686084,-34.87870228522114
2021,2,T,2,2,2,1,15.498523393667355,-88.67714651689812,48.77885516621945,41.28600032119421
2021,2,T,2,2,2,2,14.442619858649039,-114.92838591947293,40.834691555323836,40.57527627221618
2021,2,T,3,0,1,1,,,,
2021,2,T,3,0,1,2,,,,
2021,2,T,3,0,2,1,,,,
2021,2,T,3,0,2,2,,,,
2021,2,T,3,1,1,1,,,,
2021,2,T,3,1,1,2,,,,
2021,2,T,3,1,2,1,,,,
2021,2,T,3,1,2,2,12.512972332015778,25.282480237153777,33.427380834980234,36.50913304874835
2021,2,T,3,2,1,1,11.608942307692317,-85.6262499999998,37.82478240384614,-26.72345223076923
2021,2,T,3,2,1,2,10.164781250000004,-288.9145833333332,44.75596790625,-35.8439050625
2021,2,T,3,2,2,1,13.855980128579773,-129.82166666666717,41.864941087278396,37.287048337619325
2021,2,T,3,2,2,2,14.080261290322568,-55.84717595307848,34.61094334050179,38.419038324193544
2021,3,B,0,0,1,1,15.360370312007575,-85.54987493273075,43.75502823395315,-32.373381315285215
2021,3,B,0,0,1,2,16.62584825870647,-98.896481343284,48.24116842039801,-35.456360810084036
2021,3,B,0,0,2,1,17.34303814150175,-56.74016047973828,41.50526920499196,40.42205053180342
2021,3,B,0,0,2,2,15.650812967678874,-49.409522664159795,37.63252407382817,37.9047869458081
2021,3,B,0,1,1,1,16.684972572815525,-124.81182524271844,49.83368371601942,-34.61678476650485
2021,3,B,0,1,1,2,15.985223958333336,-198.04123355263164,56.2915878845943,-35.157923681743426
2021,3,B,0,1,2,1,20.206753951921442,-46.6182693462697,51.03645512280605,43.142929684181645
2021,3,B,0,1,2,2,16.301901313048035,-103.83961536393917,39.51706822093164,41.4652347316098
2021,3,B,0,2,1,1,12.168068665797449,-152.3719402319357,47.239952333767924,-32.101310169491526
2021,3,B,0,2,1,2,13.134514096185768,-229.49733830845753,54.39690798507463,-35.9746276368159
2021,3,B,0,2,2,1,15.02993373493976,-200.42086889932625,47.11285625582329,44.48176148152611
2021,3,B,0,2,2,2,14.399405947859123,-151.5544571603964,42.75353832549206,40.52972733960635
2021,3,B,1,0,1,1,10.983219662408757,-147.12058741744931,37.27422064781022,-28.91996423825274
2021,3,B,1,0,1,2,11.640937500000007,-108.9888708333333,35.497822666666664,-32.10096509541666
2021,3,B,1,0,2,1,11.669610576923105,-75.11419098876786,31.489389275198942,34.55790245595159
2021,3,B,1,0,2,2,13.394133801384896,-39.72216927749014,32.323011726446694,34.15485243026852
2021,3,B,1,1,1,1,15.165651845130043,-55.89112643678163,41.190543954930426,-33.42485382156685
2021,3,B,1,1,1,2,13.780413793103449,-56.415060207991246,43.06027621291735,-33.098888477558845
2021,3,B,1,1,2,1,15.351910027024516,-92.71079955926052,37.51287857962911,39.74556462435933
2021,3,B,1,1,2,2,14.42106953862519,-82.60319400313301,38.16317560878429,39.23408534887028
2021,3,B,1,2,1,1,13.499724774096379,-153.0771524192005,47.25659564947289,-30.517750105798193
2021,3,B,1,2,1,2,15.329500671501492,-204.91562718237992,54.518228979317755,-38.06744698092936
2021,3,B,1,2,2,1,16.973617133614113,-148.94606929133852,48.50750257599341,42.47295355749863
2021,3,B,1,2,2,2,13.980398407709373,-108.43734055277173,39.842788571086686,38.907793965731955
2021,3,B,2,0,1,1,12.173800925925917,-180.17888888888865,35.142411324074075,-27.00635934907408
2021,3,B,2,0,1,2,,,,
2021,3,B,2,0,2,1,9.062664780763782,-102.67609971711454,29.132645781471005,32.85507649469589
2021,3,B,2,0,2,2,13.20507962213226,-71.74756545209175,34.25089614304993,34.692142930364376
2021,3,B,2,1,1,1,12.5102123076923,-119.2847999999999,38.36439101846154,-33.82537018461539
2021,3,B,2,1,1,2,14.088475708502017,-98.307975708502,46.486620736842106,-33.39772721052632
2021,3,B,2,1,2,1,13.914111847625449,-79.85720171169669,34.708717727471054,38.28158083059238
2021,3,B,2,1,2,2,13.826129640510658,-53.10161736029886,36.674965619892106,36.27422913989637
2021,3,B,2,2,1,1,14.84392727272727,-138.17227272727268,39.84781782857143,-31.20126546363636
2021,3,B,2,2,1,2,15.85156845528455,-193.7026731707315,52.11626213821138,-36.81451388292683
2021,3,B,2,2,2,1,13.003501508771933,-120.75303139045991,40.15392207649123,41.14009345663158
2021,3,B,2,2,2,2,14.344939908722125,-84.75721697133395,39.306287256693714,39.91689743488844
2021,3,B,3,0,1,1,,,,
2021,3,B,3,0,1,2,,,,
2021,3,B,3,0,2,1,,,,
2021,3,B,3,0,2,2,,,,
2021,3,B,3,1,1,1,,,,
2021,3,B,3,1,1,2,,,,
2021,3,B,3,1,2,1,11.054211538461516,-57.317192307692494,27.01579869230769,36.190171595141706
2021,3,B,3,1,2,2,13.123302046783635,-15.388255639097679,32.68263844152047,33.77099927602339
2021,3,B,3,2,1,1,14.053701702127654,-68.01027995520735,33.785652231914895,-31.38857440212769
2021,3,B,3,2,1,2,13.543823095823086,-135.95205276705292,42.881740914004915,-31.514870605651105
2021,3,B,3,2,2,1,12.758407608695649,-81.07947250639381,34.57462613509317,37.31404445701863
2021,3,B,3,2,2,2,12.173282608695644,-46.04108695652212,28.936162971014493,37.72303505797102
2021,3,T,0,0,1,1,14.730115637583907,-111.25226658988913,42.223737234701936,-30.409921087761546
2021,3,T,0,0,1,2,16.10775596926713,-143.9141459810876,48.25006356879433,-33.93672478091017
2021,3,T,0,0,2,1,16.47675296513492,-89.45037151888164,41.64240213902477,39.834302065452015
2021,3,T,0,0,2,2,14.93236474581957,-50.46978280154963,36.44771016015356,38.30737614865826
2021,3,T,0,1,1,1,15.841944285714277,-144.04429523809495,47.647527371904765,-35.563219488571434
2021,3,T,0,1,1,2,19.432111288095996,-127.36521640826913,54.82508279706913,-34.26209619602846
2021,3,T,0,1,2,1,18.33700356340539,-94.32355582829769,48.23825446383143,42.848913856549686
2021,3,T,0,1,2,2,15.552857876356782,-71.50993827160482,41.91629250948561,41.091417331532796
2021,3,T,0,2,1,1,14.874429292929293,-136.48487707261302,49.17529905723906,-34.70734543771044
2021,3,T,0,2,1,2,14.833158441558425,-200.78929870129878,58.020473480519485,-38.15432583116883
2021,3,T,0,2,2,1,16.64531930138827,-151.7527630989698,50.00763616412898,44.62450617446571
2021,3,T,0,2,2,2,14.172273387096766,-168.36252892985158,41.82336683387097,38.879425437500004
2021,3,T,1,0,1,1,13.716616417253533,-108.0838006161971,38.989643985475354,-29.12534748393486
2021,3,T,1,0,1,2,11.349117171717168,-160.54969696969692,39.39870855353535,-29.256108626262623
2021,3,T,1,0,2,1,12.82257683327569,-108.79725633356747,35.75242151267727,35.3949559711605
2021,3,T,1,0,2,2,13.55913585671287,-28.26553224183408,32.669339705479416,34.87099277981996
2021,3,T,1,1,1,1,13.698250000000016,-148.0637140804597,41.98957715517241,-29.30169870284314
2021,3,T,1,1,1,2,16.674140388284144,-78.51090786668192,46.868023399169566,-32.77346656873527
2021,3,T,1,1,2,1,15.531265449670002,-106.03194283579296,39.90107356146246,38.601091936910066
2021,3,T,1,1,2,2,15.011913683610274,-91.88369469259032,39.47696550355115,39.243012399130485
2021,3,T,1,2,1,1,14.508994329614012,-151.11462593744318,43.544024021035305,-26.84666930492043
2021,3,T,1,2,1,2,15.79239042553192,-197.00060507246417,57.38130838297872,-35.494296046099294
2021,3,T,1,2,2,1,16.67678786523554,-177.7478966346157,46.71777281268635,45.04905290299642
2021,3,T,1,2,2,2,15.35944723120015,-138.6322346820557,42.18578527192415,38.33472890536953
2021,3,T,2,0,1,1,14.697097101449273,-253.68711594202887,51.063871920289856,-33.9227131884059
2021,3,T,2,0,1,2,11.943743176178657,-105.61131720430103,42.43712390818858,-24.115172096526056
2021,3,T,2,0,2,1,12.910436992655576,-15.422881716273878,29.894423311789716,34.12425742191728
2021,3,T,2,0,2,2,11.429424568965516,-39.07443247126457,28.18981426939655,34.02128777083333
2021,3,T,2,1,1,1,12.248748403575988,-80.84018850574694,39.98755435504469,-27.936031876117497
2021,3,T,2,1,1,2,12.781824116743465,-178.96841397849448,47.34998474961598,-31.230142540322582
2021,3,T,2,1,2,1,12.86075417156286,-74.37294409937886,34.08234272737955,38.012187101410106
2021,3,T,2,1,2,2,11.707668527379042,-58.07721649484529,30.437664771398193,35.24911117234157
2021,3,T,2,2,1,1,12.996898093841622,-205.20375343835985,43.90945567619746,-31.37126846065494
2021,3,T,2,2,1,2,14.627224031007742,-172.73094226142757,48.3674983511628,-35.047115096899226
2021,3,T,2,2,2,1,15.376216253026627,-107.0236795069336,39.101629443704596,41.10129435184624
2021,3,T,2,2,2,2,14.265623885511644,-123.68572289156646,39.263086477811555,39.44053209918947
2021,3,T,3,0,1,1,,,,
2021,3,T,3,0,1,2,,,,
2021,3,T,3,0,2,1,,,,
2021,3,T,3,0,2,2,,,,
2021,3,T,3,1,1,1,,,,
2021,3,T,3,1,1,2,12.410363636363641,-226.5309740259745,36.86263733766234,-29.056170178571428
2021,3,T,3,1,2,1,11.367534490055021,-42.95482014388472,23.030883051629278,30.98805840541684
2021,3,T,3,1,2,2,11.508860139860133,-42.00239033693606,28.232884209154484,35.193697787984746
2021,3,T,3,2,1,1,13.648958640458645,-115.25763308763271,41.73354868386568,-25.081868985094186
2021,3,T,3,2,1,2,10.869591904761904,-119.26436666666677,39.40222821428572,-31.14367793857143
2021,3,T,3,2,2,1,14.943290860215058,-94.44215482695836,38.96271960967742,38.46866662358835
2021,3,T,3,2,2,2,12.62079032258066,-90.87612903225818,32.80698807526882,37.510275485483874
2021,4,B,0,0,1,1,14.057646008708275,-75.25730744732982,39.974488590179,-33.30894908953262
2021,4,B,0,0,1,2,15.82148843464229,-70.92284202976543,48.893040040433924,-34.348008547897614
2021,4,B,0,0,2,1,16.53817647058824,-78.94046217105279,39.84748505710354,40.63578354902837
2021,4,B,0,0,2,2,14.54151317255652,-77.06968602256438,36.03386998086066,38.199454440950994
2021,4,B,0,1,1,1,15.768605802440703,-62.78854478471112,42.774801836979044,-33.18356859451991
2021,4,B,0,1,1,2,17.03757277876106,-147.97096165191715,50.457203647787615,-33.07205387256637
2021,4,B,0,1,2,1,18.442175336083835,-96.54902927240573,47.05563055520263,43.897818478907155
2021,4,B,0,1,2,2,15.634745940170944,-98.78543596885947,40.46692668632478,40.23227899888889
2021,4,B,0,2,1,1,12.42060795454546,-195.3659090909091,43.428737511363636,-30.552161042613633
2021,4,B,0,2,1,2,17.012332657200815,-96.77661764705908,50.429119047971604,-33.069301994929006
2021,4,B,0,2,2,1,17.615905500087592,-95.60782243497124,44.60199822806096,45.45892344447364
2021,4,B,0,2,2,2,13.322467233649775,-130.6495564623142,39.709718312104435,38.10980416112869
2021,4,B,1,0,1,1,11.757165534804756,-95.67420203735173,38.128648418166385,-33.258155141058296
2021,4,B,1,0,1,2,11.9454541003672,-70.66456089351277,37.767008964504285,-30.673102165238674
2021,4,B,1,0,2,1,13.152940064759136,-98.5543449655479,34.20344247445979,38.444689765772374
2021,4,B,1,0,2,2,12.776882776699026,-114.87087568627476,33.682245891165046,38.93593052526829
2021,4,B,1,1,1,1,14.241816140350863,-105.80162105263162,43.611151016140354,-31.78725551337127
2021,4,B,1,1,1,2,13.719099437703463,-174.53866824504303,48.760976671500444,-35.16842292586564
2021,4,B,1,1,2,1,15.639773624749267,-118.8952132826521,40.66106148951008,40.39208679526977
2021,4,B,1,1,2,2,14.964057305644758,-98.99645739111111,37.0952882525628,38.29884964634608
2021,4,B,1,2,1,1,13.894270491803269,-75.63725245901651,43.406081278688525,-32.4100214947541
2021,4,B,1,2,1,2,14.593420887281027,-170.54998095963447,56.24858541374714,-37.93872947486672
2021,4,B,1,2,2,1,17.58037015503878,-152.87851971688588,46.27818006348837,46.79115617998062
2021,4,B,1,2,2,2,15.257331408183163,-147.50906207611888,41.8604484692361,41.14118088603368
2021,4,B,2,0,1,1,13.807964285714306,93.04107142857129,37.62529361111111,-33.40883588095238
2021,4,B,2,0,1,2,12.201901260504187,-149.95216386554648,41.61903298319328,-32.76206187815126
2021,4,B,2,0,2,1,11.51200091074682,-95.05551912568308,27.287673671220404,36.291994941712204
2021,4,B,2,0,2,2,11.643367369345611,-90.44736185383226,25.332180301493196,34.99982703996487
2021,4,B,2,1,1,1,14.759210506566589,-8.004570356472868,41.69367884108818,-32.2822847428893
2021,4,B,2,1,1,2,12.43279401611045,-122.5795627157654,36.196172128883774,-30.433838964326814
2021,4,B,2,1,2,1,13.155987227414357,-27.19850229684789,29.721237302180683,34.86700818769471
2021,4,B,2,1,2,2,11.128712918660284,-35.54838549668602,28.629599109569376,36.5912479445933
2021,4,B,2,2,1,1,12.638925303454712,-119.16958916900103,42.08868125676938,-25.919145954248368
2021,4,B,2,2,1,2,11.99169912790697,-152.68174418604667,38.7141360994186,-33.535667805232556
2021,4,B,2,2,2,1,15.60030841121494,-138.30382368799428,43.17153632336449,43.71295057943925
2021,4,B,2,2,2,2,13.424139839545035,-115.57014289036442,35.1499994538956,41.52022668208591
2021,4,B,3,0,1,1,,,,
2021,4,B,3,0,1,2,,,,
2021,4,B,3,0,2,1,,,,
2021,4,B,3,0,2,2,,,,
2021,4,B,3,1,1,1,,,,
2021,4,B,3,1,1,2,,,,
2021,4,B,3,1,2,1,11.817070312499993,-224.4080729166667,32.12852730729166,42.71621919270834
2021,4,B,3,1,2,2,11.677142068965537,-49.12535862068944,32.36331588137931,35.748805920689655
2021,4,B,3,2,1,1,11.243026190476172,-181.89928571428572,37.409427809523805,-29.323643561904763
2021,4,B,3,2,1,2,13.602072727272713,-226.715545454545,43.750471718181814,-38.82281636363636
2021,4,B,3,2,2,1,13.083736853565597,-85.68642978194521,35.306841564398475,38.060814199292324
2021,4,B,3,2,2,2,11.604982478097611,-92.45479388297917,32.028625661138925,37.15030947653317
2021,4,T,0,0,1,1,14.537215328467155,-140.64299270073025,41.56406327007299,-31.153021967153283
2021,4,T,0,0,1,2,16.828303465720325,-118.10485321655051,48.92353755753549,-33.496234087843554
2021,4,T,0,0,2,1,16.70876108848725,-71.51146328218738,41.50738413093403,38.91185656431225
2021,4,T,0,0,2,2,15.129646968745519,-71.8744378304309,36.61284463836665,39.28383267655718
2021,4,T,0,1,1,1,16.09776094609461,-184.990314829236,48.59086322024202,-33.23167838360836
2021,4,T,0,1,1,2,16.782771014492738,-161.44712560386506,53.455245877294686,-34.26018560552027
2021,4,T,0,1,2,1,17.537455462722022,-93.67020408163262,47.490428718645845,41.95914076279505
2021,4,T,0,1,2,2,15.79424986602892,-96.24417565139265,39.59473212606077,37.72664163199069
2021,4,T,0,2,1,1,11.483644657863138,-132.2961836734694,45.15131420368148,-30.010675834733895
2021,4,T,0,2,1,2,14.741738235294108,-298.85634090909116,53.92891232352941,-41.22683755220588
2021,4,T,0,2,2,1,14.78891208791211,-75.55038722471545,42.79482778331669,43.915910919780224
2021,4,T,0,2,2,2,15.473704050632932,-153.61604366663823,42.31660626255696,38.68056109032067
2021,4,T,1,0,1,1,13.684261875000004,-150.5010937500001,41.523645715,-29.224790935
2021,4,T,1,0,1,2,13.06599529411767,-122.1163321368399,39.04858343914439,-32.044919599607844
2021,4,T,1,0,2,1,12.900253342716383,-138.94955232978145,39.076050214901485,37.05940438186136
2021,4,T,1,0,2,2,12.749107457145968,-69.46402879291236,29.848073771667217,34.1545858391855
2021,4,T,1,1,1,1,11.269314590633954,-172.91420219638212,41.41604761650207,-30.461282383561645
2021,4,T,1,1,1,2,16.02831480699058,-153.42601049868836,50.86811988505857,-30.83147079683119
2021,4,T,1,1,2,1,13.981911325516606,-122.41421052631586,39.75380548636101,39.69736743703139
2021,4,T,1,1,2,2,14.891406639444881,-94.58980765758724,35.60709366064129,39.405152009999405
2021,4,T,1,2,1,1,13.388805860805846,-160.6929120879122,44.10900225763126,-28.631614950549455
2021,4,T,1,2,1,2,16.369668944778567,-77.00826954620061,55.798813167577904,-34.82768805358119
2021,4,T,1,2,2,1,16.826685405207172,-149.42559930993093,47.690007059413276,41.7216289403007
2021,4,T,1,2,2,2,14.381017163569183,-137.03745685873082,38.77670758834796,41.312471394205964
2021,4,T,2,0,1,1,14.88722352941177,-77.2676941176469,37.08549976470588,-30.081023941176472
2021,4,T,2,0,1,2,10.721095238095202,-153.51342549923174,35.149015972350234,-29.406103220122887
2021,4,T,2,0,2,1,12.15445310245309,-117.61977873977867,31.672179134680135,36.225399102934105
2021,4,T,2,0,2,2,12.550510685805392,-96.09219138755998,30.55878272360447,37.80913861333333
2021,4,T,2,1,1,1,10.645215488215484,-168.36116161616155,36.678434680134686,-31.288736840067337
2021,4,T,2,1,1,2,10.767036585365844,-225.4671428571428,39.062014024471544,-29.177733593495937
2021,4,T,2,1,2,1,13.011120551378468,-66.99665476190421,34.94561741604009,36.112290071812026
2021,4,T,2,1,2,2,11.448405450733759,-65.30164935340281,29.254005179979035,35.82315343742138
2021,4,T,2,2,1,1,13.668250574712644,-124.56239625949729,43.65897468908046,-28.736784560689657
2021,4,T,2,2,1,2,15.349744482758624,-144.45987241379316,50.8016707137931,-34.16631920379311
2021,4,T,2,2,2,1,13.345713873873905,-90.3024176234976,38.31421309425997,37.5828938845045
2021,4,T,2,2,2,2,14.160958783897186,-125.48098906428095,37.788547462416375,41.93379211994617
2021,4,T,3,0,1,1,,,,
2021,4,T,3,0,1,2,,,,
2021,4,T,3,0,2,1,,,,
2021,4,T,3,0,2,2,,,,
2021,4,T,3,1,1,1,,,,
2021,4,T,3,1,1,2,,,,
2021,4,T,3,1,2,1,8.43374903100775,-111.49126937984511,29.4560356744186,34.66656712209303
2021,4,T,3,1,2,2,10.03899512987013,-65.53714285714295,27.74026672483766,34.959381104707795
2021,4,T,3,2,1,1,12.573433333333355,-107.82569999999987,35.896540124999994,-28.09463207
2021,4,T,3,2,1,2,12.449118143459913,-130.3639592123768,39.97301496413502,-32.01996537271449
2021,4,T,3,2,2,1,12.438273285119436,-95.13327899966498,33.63140952881876,35.47906911220688
2021,4,T,3,2,2,2,12.839461719418324,-83.26645335834337,31.27203116760051,37.220222635678645
2021,5,B,0,0,1,1,14.817854507337543,-119.0272515020556,42.724889217924535,-32.087362506551365
2021,5,B,0,0,1,2,16.609656838905778,-113.81474863877884,46.7028293893617,-34.41127773039514
2021,5,B,0,0,2,1,15.563542479026353,-92.02055243972927,38.93341292258508,40.310922623914394
2021,5,B,0,0,2,2,14.75254676288705,-75.1305295650468,35.05158341456721,38.297942052318064
2021,5,B,0,1,1,1,16.89325113122173,-103.61477109249381,48.76645285143288,-32.43604274526647
2021,5,B,0,1,1,2,18.40056250000002,-147.20547727272742,53.98074820833333,-37.635242968939394
2021,5,B,0,1,2,1,18.07147195753383,-79.09486254448439,44.83925595683766,43.31378641485011
2021,5,B,0,1,2,2,15.661550448351221,-89.51962879345592,38.03169282547085,39.93660941640901
2021,5,B,0,2,1,1,13.803130268199254,-91.08578544061311,43.47871825670498,-32.29921639399745
2021,5,B,0,2,1,2,14.89994699453554,-252.14846448087428,55.76318023715847,-37.12011626775956
2021,5,B,0,2,2,1,16.48146444906446,-157.60581684981707,46.73433418700623,47.07215529241164
2021,5,B,0,2,2,2,15.105293739568893,-89.36740378343075,42.79113574056319,40.66311380332729
2021,5,B,1,0,1,1,13.249216276477156,-85.24479071652968,39.4162996798419,-31.29315793989055
2021,5,B,1,0,1,2,14.966443791946318,-51.13214154972502,44.07880666143337,-34.19840909115314
2021,5,B,1,0,2,1,12.16732657430731,-144.23504845664547,33.07523873553736,37.49272891842989
2021,5,B,1,0,2,2,12.833653647693893,-71.7664513978666,29.42767617714535,36.52940065533917
2021,5,B,1,1,1,1,15.379160786170956,-101.6959282500593,44.34679561105849,-34.593525156879
2021,5,B,1,1,1,2,16.333263229308017,-128.85072727272745,48.49007827137042,-33.63499150881954
2021,5,B,1,1,2,1,14.440911595330732,-100.7617313869373,36.935814327997406,41.09028495989624
2021,5,B,1,1,2,2,13.732584523809521,-95.86374415584396,33.27598899714286,38.30280698672619
2021,5,B,1,2,1,1,15.120628571428597,-121.45982578397206,45.56032579761904,-33.415596547619046
2021,5,B,1,2,1,2,15.689372506738536,-219.06810242587608,55.95966987601078,-39.036132978436655
2021,5,B,1,2,2,1,16.037530027121292,-160.62360665750475,44.37465470989926,45.6480331637931
2021,5,B,1,2,2,2,14.374018353094044,-98.23454757830996,38.890582411525095,40.272976017076495
2021,5,B,2,0,1,1,11.08569736842108,-208.8836842105261,36.2752152631579,-28.96436636842105
2021,5,B,2,0,1,2,11.664270928462713,-82.595875190259,38.809436719939114,-31.491007351598174
2021,5,B,2,0,2,1,11.33166666666665,-129.31468398268407,27.024979860606056,39.062157206060604
2021,5,B,2,0,2,2,12.63329508196722,-69.77649630343922,27.693644641594343,36.502255257515266
2021,5,B,2,1,1,1,13.946347222222215,-68.5151944444442,40.62133266666667,-30.953508352500002
2021,5,B,2,1,1,2,14.70213714285714,-110.21028571428542,42.15005504761905,-33.91388108571429
2021,5,B,2,1,2,1,12.68858455428068,-79.77708558072618,32.86165369479259,38.66781739346867
2021,5,B,2,1,2,2,13.065403429911584,-26.469836139961444,29.291118961010405,36.37134708419407
2021,5,B,2,2,1,1,13.39608608981382,-137.9083504928808,43.85591907995619,-30.860790406352685
2021,5,B,2,2,1,2,17.662789640591953,-157.1497938689222,60.51535747885835,-38.3178421987315
2021,5,B,2,2,2,1,14.475977685562171,-135.70915349434335,41.236186468290015,44.14954515502662
2021,5,B,2,2,2,2,14.218133652724049,-107.47184742006948,36.32763805289601,38.518775057428904
2021,5,B,3,0,1,1,,,,
2021,5,B,3,0,1,2,,,,
2021,5,B,3,0,2,1,,,,
2021,5,B,3,0,2,2,,,,
2021,5,B,3,1,1,1,13.297357142857123,-209.25700000000006,39.64798061904762,-27.005045095238096
2021,5,B,3,1,1,2,,,,
2021,5,B,3,1,2,1,13.022943349753675,-102.03286956521742,23.969266958128074,42.03280116133005
2021,5,B,3,1,2,2,11.336464108031237,-44.096641791044476,28.013700874200424,33.92021693248046
2021,5,B,3,2,1,1,10.930565273556226,-24.876451367781556,40.77501846808511,-21.888318985942245
2021,5,B,3,2,1,2,12.663046380090464,-216.97144796380098,44.36453722171946,-33.48771113800905
2021,5,B,3,2,2,1,14.44481976744187,-107.33239171374771,35.349979239922476,40.37901540500591
2021,5,B,3,2,2,2,13.7298380124777,-151.420134518924,32.30157597860962,39.18829152199941
2021,5,T,0,0,1,1,13.86729333040806,-101.48183889132633,40.71087265511189,-30.88505296226415
2021,5,T,0,0,1,2,16.300655643044607,-112.60412976377984,45.974294364829404,-32.8653165007874
2021,5,T,0,0,2,1,17.591350784545455,-85.14957855302237,40.907728937437426,40.46647770153996
2021,5,T,0,0,2,2,15.283883151943783,-69.25351381151995,36.652861492328746,37.79579391470324
2021,5,T,0,1,1,1,15.466934927945317,-144.76026321709787,45.77371715359754,-32.31794356492349
2021,5,T,0,1,1,2,18.091088097560984,-136.21412999999984,54.68087751219512,-35.34953189196098
2021,5,T,0,1,2,1,18.399680704669365,-98.24082940251583,46.917815494546694,43.46604389010523
2021,5,T,0,1,2,2,16.379182603222546,-76.72677051282017,43.162135068395436,38.553764216535356
2021,5,T,0,2,1,1,13.009433198380563,-133.95218623481787,48.27831579217274,-31.27204447773279
2021,5,T,0,2,1,2,14.068687055476516,-193.85133001422446,60.38919273115221,-40.379137369132295
2021,5,T,0,2,2,1,16.60274878462407,-183.01152873563206,51.18323736495195,44.660406230638785
2021,5,T,0,2,2,2,13.662625651921957,-109.048817170853,36.86493865644196,34.59993839802975
2021,5,T,1,0,1,1,11.832174603174607,-156.113189577718,37.36077543941799,-28.0670297505291
2021,5,T,1,0,1,2,14.44276401564538,-96.28087353324645,39.89698064015646,-31.287088425032593
2021,5,T,1,0,2,1,12.985377576642321,-116.15645592967576,33.35467160018881,36.385653158248175
2021,5,T,1,0,2,2,12.779379303927072,-55.48512772194317,28.7775011331193,35.601740226565695
2021,5,T,1,1,1,1,12.801583475588927,-133.96143052236266,42.360546217355186,-28.96004400819393
2021,5,T,1,1,1,2,14.47227013691871,-103.97130751202667,46.83135834538053,-32.846364719871715
2021,5,T,1,1,2,1,14.230860708112914,-90.56269928445045,37.71869781482742,39.21122991302572
2021,5,T,1,1,2,2,14.40603882001399,-103.99095424135658,36.92713922244389,37.64446895118698
2021,5,T,1,2,1,1,15.434456541218651,-81.38809587813603,47.91354258960573,-32.89523647401434
2021,5,T,1,2,1,2,16.434863414634123,-169.53687101735886,57.60105144845529,-38.119306568455286
2021,5,T,1,2,2,1,17.577646585343018,-182.36136382643417,49.56481667116962,49.069259795526165
2021,5,T,1,2,2,2,13.667466666666655,-153.13785180417017,40.33178524704583,36.725554931666665
2021,5,T,2,0,1,1,10.77017941176473,-200.95664705882336,38.53275576470588,-30.30749186764706
2021,5,T,2,0,1,2,,,,
2021,5,T,2,0,2,1,10.497964426877473,-176.64790513833987,24.897499317083884,33.68549531269214
2021,5,T,2,0,2,2,10.794173481608226,-34.3873635082773,24.729015758939262,34.89822658049615
2021,5,T,2,1,1,1,12.9336700143472,-132.27937546193698,35.399879338235294,-29.412506352223822
2021,5,T,2,1,1,2,13.24129301075267,-130.75169354838727,38.906613184139786,-29.016234228494625
2021,5,T,2,1,2,1,13.117961064918461,-165.75699152542393,33.56068937815798,37.414242633562516
2021,5,T,2,1,2,2,13.626006859131877,-88.67404318111176,29.727984128787874,35.96203116944103
2021,5,T,2,2,1,1,13.429002711864413,-145.59965875706166,46.233344276836156,-28.347966891954023
2021,5,T,2,2,1,2,16.76220309477756,-88.9614893617022,50.72857026769825,-38.29494377611219
2021,5,T,2,2,2,1,17.108854919236407,-127.22548556045058,44.4435667404748,44.05313055912873
2021,5,T,2,2,2,2,13.363043113488345,-157.31485060690966,41.103653706785146,38.057122197281195
2021,5,T,3,0,1,1,,,,
2021,5,T,3,0,1,2,,,,
2021,5,T,3,0,2,1,,,,
2021,5,T,3,0,2,2,,,,
2021,5,T,3,1,1,1,,,,
2021,5,T,3,1,1,2,,,,
2021,5,T,3,1,2,1,11.591573076923083,-111.04549358974373,32.21371416923077,39.018916980769234
2021,5,T,3,1,2,2,13.179977611940302,-58.78102611940312,30.03642152922886,31.83406081840796
2021,5,T,3,2,1,1,12.673402031063318,-145.55650537634392,40.00298701314217,-30.04328888148148
2021,5,T,3,2,1,2,12.29795030303029,-199.02999999999975,45.70887021212121,-33.779861736363635
2021,5,T,3,2,2,1,12.307943622269192,-139.53021494009863,33.38639440507399,38.60453922057787
2021,5,T,3,2,2,2,13.802614792580641,-112.06922092115519,33.81874793219426,38.65233216216424
2021,6,B,0,0,1,1,14.437716756873783,-152.95459295737828,42.92378071465686,-31.906477709448268
2021,6,B,0,0,1,2,15.292260816542935,-171.63510524920457,42.32749826378579,-34.558984518822896
2021,6,B,0,0,2,1,15.802274576605924,-106.3522211219015,36.89920536472869,39.266639045281124
2021,6,B,0,0,2,2,14.97156114839673,-80.39372671852516,36.153175690695164,38.18623802894821
2021,6,B,0,1,1,1,14.987807108692067,-186.86539666831595,44.54795752457529,-31.569588004288306
2021,6,B,0,1,1,2,17.578412578055293,-263.5914156079857,56.768867339280405,-36.42309535028249
2021,6,B,0,1,2,1,17.619386516632105,-103.06355837902356,44.704055311262465,42.45588640505379
2021,6,B,0,1,2,2,15.415487314966825,-118.42558108609364,39.618246194064454,40.88467956021584
2021,6,B,0,2,1,1,13.123224489795916,-165.54737676056357,46.12885845731532,-31.88645958924978
2021,6,B,0,2,1,2,14.358505099562876,-195.7891986401164,53.584746056338034,-38.07616377999028
2021,6,B,0,2,2,1,15.829955165691999,-159.197243664717,43.943897955165696,46.33047196939571
2021,6,B,0,2,2,2,15.761403968253973,-147.09041545893706,43.382859758730156,40.908176189047616
2021,6,B,1,0,1,1,12.65859186991868,-173.3337917017102,37.62074111626016,-29.848361086178862
2021,6,B,1,0,1,2,12.814687029174067,-195.64315984111727,36.94785330228736,-33.40369477922202
2021,6,B,1,0,2,1,14.854276940133047,-114.50637513344827,33.7342058984479,37.328863827050995
2021,6,B,1,0,2,2,11.629857884827032,-69.98550903558908,28.42556719693912,35.187486179399485
2021,6,B,1,1,1,1,15.57766173361523,-141.0127755964968,44.937853728480825,-33.91008231354576
2021,6,B,1,1,1,2,15.855127468230691,-128.35198435972643,48.148668256109474,-35.784003057282504
2021,6,B,1,1,2,1,14.73240284167143,-120.56492054333467,34.6879213940483,37.359378252640404
2021,6,B,1,1,2,2,14.055144385026736,-116.47266101377909,33.298661748707666,38.17680266027938
2021,6,B,1,2,1,1,12.123241141574454,-260.3842075408743,45.982232193362194,-30.106759704761906
2021,6,B,1,2,1,2,16.511707826086976,-112.06410852713134,51.37610638333334,-34.11914434057971
2021,6,B,1,2,2,1,15.603001255707767,-133.8618867272935,42.53851075593607,43.44452330913242
2021,6,B,1,2,2,2,14.99842780937692,-137.65444903581283,39.378854773787715,40.200989858703686
2021,6,B,2,0,1,1,10.952885817307703,-145.22807291666686,34.21092353605769,-27.857944039663465
2021,6,B,2,0,1,2,13.446808823529409,-198.06946078431338,31.952991584967325,-31.139669450980392
2021,6,B,2,0,2,1,13.347655070958794,-97.90324506749766,30.782540688819658,36.81419475649013
2021,6,B,2,0,2,2,12.89713772123892,-18.4010330896499,28.62897534900442,36.19083475534661
2021,6,B,2,1,1,1,12.81833506493507,-197.3002337662333,33.50360933246753,-30.20044485974026
2021,6,B,2,1,1,2,12.023216402116418,-206.66442857142874,32.26148306296296,-33.68212731005291
2021,6,B,2,1,2,1,14.050946399478647,-138.8636694817019,29.544022913929616,38.986724826816555
2021,6,B,2,1,2,2,11.645032947232949,-70.97318476590317,28.09523266537967,33.02426050908623
2021,6,B,2,2,1,1,12.550624236074711,-214.98222262183072,41.81932148559456,-27.907500385088177
2021,6,B,2,2,1,2,14.700231192030216,-254.98860563380276,43.30358501855032,-36.3587087973205
2021,6,B,2,2,2,1,13.97840761223162,-116.61769562334212,38.83379675975927,39.43246550309857
2021,6,B,2,2,2,2,13.777499500499488,-131.49395220588212,38.68453901060051,36.66548276043956
2021,6,B,3,0,1,1,,,,
2021,6,B,3,0,1,2,,,,
2021,6,B,3,0,2,1,,,,
2021,6,B,3,0,2,2,,,,
2021,6,B,3,1,1,1,,,,
2021,6,B,3,1,1,2,11.05838,-215.45200000000023,30.8681594,-36.4341149
2021,6,B,3,1,2,1,11.796461948249629,-112.33915525114162,36.559560219939115,33.60730245890413
2021,6,B,3,1,2,2,12.41510695187165,-47.66999367488961,34.004265761735,34.0611986607249
2021,6,B,3,2,1,1,11.799410282258066,-209.02312500000016,34.66675787298387,-27.87558138608871
2021,6,B,3,2,1,2,14.154893333333334,-152.06243333333305,33.8183341,-33.679875403333334
2021,6,B,3,2,2,1,12.708749230769229,-173.1133584510726,32.19255850461538,35.26879941743589
2021,6,B,3,2,2,2,13.388766119135255,-90.56057191634682,34.137307047937796,35.92979474812612
2021,6,T,0,0,1,1,14.066737699801877,-148.83490428505502,41.44650407405899,-32.95528959358192
2021,6,T,0,0,1,2,16.06355954532208,-225.31656815311362,49.289701532594975,-34.81759636513359
2021,6,T,0,0,2,1,16.817696357320955,-79.77329431796807,40.21429607597614,39.73877916420556
2021,6,T,0,0,2,2,15.702038394578452,-65.20576738533055,36.30468067558364,36.83263363269461
2021,6,T,0,1,1,1,15.220859939103974,-178.6090291406481,46.69976409333043,-35.241511569595474
2021,6,T,0,1,1,2,16.772553384700046,-217.7887792642141,52.65255751770317,-33.428536297658866
2021,6,T,0,1,2,1,18.016872191421044,-135.6349801469123,46.898433038410666,42.03538384954187
2021,6,T,0,1,2,2,15.948955149992045,-83.70497757497742,38.45095689238269,39.10943519842561
2021,6,T,0,2,1,1,13.0839392156863,-178.28350000000046,44.57078653921569,-29.945225366666666
2021,6,T,0,2,1,2,16.035212981082836,-159.38027723418145,52.324852626157856,-37.22878545303327
2021,6,T,0,2,2,1,15.58450883152176,-109.05995723449769,47.32532331283967,41.33944926752718
2021,6,T,0,2,2,2,14.875235628054043,-123.35817060637237,37.673886966872665,35.54253825586376
2021,6,T,1,0,1,1,11.349343142500445,-137.7827733190652,35.62208829980382,-29.81356878926342
2021,6,T,1,0,1,2,15.43569707897585,-222.66956767379043,40.211467766077654,-35.64871213847818
2021,6,T,1,0,2,1,14.014470743576041,-92.08019512195096,29.952207808883742,37.950426384546915
2021,6,T,1,0,2,2,13.193005431888395,-67.64493113037406,31.43624201269571,34.03535843479604
2021,6,T,1,1,1,1,12.79373882706237,-168.04216044408622,40.57085430544957,-31.956981778046377
2021,6,T,1,1,1,2,16.205160078497357,-204.76468977321383,44.11415825968601,-36.85353402284833
2021,6,T,1,1,2,1,16.01751356860433,-127.61404208496106,39.64408487371006,38.177788634269014
2021,6,T,1,1,2,2,14.406962681818172,-97.07318584376162,35.21256762465227,37.28331076527273
2021,6,T,1,2,1,1,13.989339869281025,-182.5047970918704,44.20565902875818,-31.398198296298744
2021,6,T,1,2,1,2,15.205820973782778,-160.32467415730343,44.668452369850186,-33.62971623745318
2021,6,T,1,2,2,1,15.710125363221266,-120.09091743119279,43.6357945936073,41.997475355500214
2021,6,T,1,2,2,2,14.427593017416797,-132.14670733023877,37.46311876775114,39.27562459826625
2021,6,T,2,0,1,1,10.85995454545457,-97.27893939393925,35.18940863636364,-31.478871515151514
2021,6,T,2,0,1,2,12.974740134028309,-205.64647151898725,30.261826058823527,-31.503269486224873
2021,6,T,2,0,2,1,12.091163343742522,-78.74057410521254,29.209528926255107,36.87072118097526
2021,6,T,2,0,2,2,12.159308510638283,-69.26432462927141,26.967416769987107,33.21565260928433
2021,6,T,2,1,1,1,12.103972222222211,-125.03677777777784,33.59398572222222,-31.380121644444444
2021,6,T,2,1,1,2,13.735478060552879,-225.3899820305478,36.95753826064064,-32.72177146511628
2021,6,T,2,1,2,1,13.403206438213914,-122.71279769526245,31.354987763239876,38.706345224215994
2021,6,T,2,1,2,2,12.189680243161064,-57.09766157687545,28.870259003086275,32.93184153175123
2021,6,T,2,2,1,1,13.354234817813776,-187.68008097165966,48.87620311605937,-31.376454983468285
2021,6,T,2,2,1,2,14.743044782168212,-199.028706004141,48.29676470314083,-33.03323716210739
2021,6,T,2,2,2,1,15.738043856712437,-123.69813628899828,42.503682904151326,39.576308807718206
2021,6,T,2,2,2,2,15.666273635467988,-133.2005350113327,36.722954584433495,37.37559489840394
2021,6,T,3,0,1,1,,,,
2021,6,T,3,0,1,2,,,,
2021,6,T,3,0,2,1,,,,
2021,6,T,3,0,2,2,,,,
2021,6,T,3,1,1,1,,,,
2021,6,T,3,1,1,2,14.232345911949679,-248.46168238993732,32.91570651886793,-36.56174918238994
2021,6,T,3,1,2,1,12.099766483516476,-195.98653296703287,28.215205917582423,35.97229388461536
2021,6,T,3,1,2,2,13.877199530516435,-119.55116197183088,30.27843210446009,36.50145005223005
2021,6,T,3,2,1,1,13.871702640642951,-25.853105625717944,38.78497980022962,-29.732675648105626
2021,6,T,3,2,1,2,14.427674729799293,-187.6544004117345,39.924993822439525,-32.88480109161091
2021,6,T,3,2,2,1,11.109207887700506,-155.08055882352937,34.474612011764705,37.0131090434492
2021,6,T,3,2,2,2,13.539168466994,-46.97984225195114,30.8901537385446,34.81677860114566
2021,7,B,0,0,1,1,12.98845399008475,-166.02494821168466,39.0295981485367,-33.29415658720614
2021,7,B,0,0,1,2,14.951339719029363,-239.45605247609865,42.10857432375479,-38.2791568949553
2021,7,B,0,0,2,1,16.860528936903506,-108.62511574228756,36.729449630372926,41.853198105129856
2021,7,B,0,0,2,2,14.815427053143026,-59.32610523563653,33.13891364460901,37.72313199581146
2021,7,B,0,1,1,1,13.740815616797889,-198.42915539403702,41.20139157964173,-35.8805270043307
2021,7,B,0,1,1,2,15.384257626063501,-192.20484867591404,45.51945433533928,-39.010117396161036
2021,7,B,0,1,2,1,18.092234870388822,-151.3929749213121,43.28592987255733,42.329791868197404
2021,7,B,0,1,2,2,15.28974779339653,-129.74422473727964,35.21466530761687,39.667891106995754
2021,7,B,0,2,1,1,12.639706896551715,-223.99178596491265,39.85475259137931,-33.118706603448274
2021,7,B,0,2,1,2,12.458876068376043,-223.936474358974,44.70988318376069,-41.05344356837605
2021,7,B,0,2,2,1,16.35618858225108,-290.41990052500705,49.551437069615794,41.82255399350649
2021,7,B,0,2,2,2,13.757137329337326,-197.21772290713534,37.63222923736264,40.73084715970696
2021,7,B,1,0,1,1,11.702293866424341,-123.06492165898635,32.72722820626988,-31.542528130031805
2021,7,B,1,0,1,2,13.157015456989242,-158.24973790322565,32.39283173387097,-29.308445808131722
2021,7,B,1,0,2,1,14.822601209601203,-45.400629370629304,30.16306698101178,37.73258872747433
2021,7,B,1,0,2,2,14.471476922254595,-79.8826045467813,31.529786284929315,39.23628638305672
2021,7,B,1,1,1,1,13.999993762993753,-174.07040014040012,42.916331353776854,-36.92185156514206
2021,7,B,1,1,1,2,14.694250250250235,-159.2084407484408,42.0547906996997,-36.80466598348348
2021,7,B,1,1,2,1,15.961372080719528,-101.48482237987628,31.712681783051423,40.29178587879475
2021,7,B,1,1,2,2,14.207302155310018,-103.06382397381049,31.227343705495883,37.54604776246764
2021,7,B,1,2,1,1,14.488906558485454,-239.04654445964388,47.300261567275186,-38.02140017403651
2021,7,B,1,2,1,2,13.957380434782607,-301.3196159420286,47.64003897826087,-36.75593113043478
2021,7,B,1,2,2,1,15.240865531561468,-190.42095455515255,36.12066673546512,39.56854386773256
2021,7,B,1,2,2,2,13.876166676597649,-150.89954529137276,35.186926543363626,39.23095711690452
2021,7,B,2,0,1,1,13.725966666666665,-174.48860000000013,38.890187966666666,-29.624206773333334
2021,7,B,2,0,1,2,13.845563311688295,-124.47326298701319,36.05283663636364,-34.04448017857143
2021,7,B,2,0,2,1,11.90595450259309,-14.33546911834037,26.032487429514383,33.54679277652051
2021,7,B,2,0,2,2,13.617119914163084,-71.77917854077259,29.85612092695279,36.34722823484979
2021,7,B,2,1,1,1,11.322453463203459,-240.072067099567,35.61166558874459,-33.37964503787879
2021,7,B,2,1,1,2,15.698157971014496,-79.96915942029,37.71488344927536,-28.824480267028985
2021,7,B,2,1,2,1,12.634687499999984,-57.53851754386005,26.041257291666668,36.55219897833333
2021,7,B,2,1,2,2,14.04444114906832,-114.3717313664597,30.373909138198762,37.96347098462733
2021,7,B,2,2,1,1,12.906125763125786,-191.6003907203908,38.79084946398046,-33.56259757020757
2021,7,B,2,2,1,2,12.451290968801302,-182.3833760262728,39.27794454844006,-30.70963897100164
2021,7,B,2,2,2,1,14.900245161002616,-141.3422019622776,35.94932286534207,41.74798658148247
2021,7,B,2,2,2,2,14.507269482388665,-107.52575675675689,32.01573465609462,38.385577958619
2021,7,B,3,0,1,1,,,,
2021,7,B,3,0,1,2,,,,
2021,7,B,3,0,2,1,,,,
2021,7,B,3,0,2,2,,,,
2021,7,B,3,1,1,1,,,,
2021,7,B,3,1,1,2,,,,
2021,7,B,3,1,2,1,15.888588888888918,5.709833333333336,45.55099988888888,35.5586541037037
2021,7,B,3,1,2,2,12.513986206896561,-192.1465845648604,27.331551259770116,38.697627527422
2021,7,B,3,2,1,1,9.954114658925988,-215.21922542204538,33.56751301015966,-32.67316832075471
2021,7,B,3,2,1,2,14.071992562542277,-162.12907369844515,37.25524096686951,-37.37331189511494
2021,7,B,3,2,2,1,14.188193121693104,-176.84390635918953,30.975711985449735,38.77104687433862
2021,7,B,3,2,2,2,14.109737209302352,-160.46441133720919,27.21080868255814,36.977062627460654
2021,7,T,0,0,1,1,12.973998126583368,-186.2221899189235,40.271839005441635,-34.27579761863817
2021,7,T,0,0,1,2,16.15721712158809,-201.2176052334762,46.376351009758636,-36.02410419213695
2021,7,T,0,0,2,1,15.857974023636373,-95.75201735619521,38.12998216032523,38.603013237905124
2021,7,T,0,0,2,2,14.358471100971684,-75.50776276586885,34.0929272980076,36.62424671098851
2021,7,T,0,1,1,1,15.419198685460884,-215.14468245169428,45.075001039594554,-35.42702873146975
2021,7,T,0,1,1,2,17.138602102637194,-204.0827292379754,53.16066771471846,-36.4040706901283
2021,7,T,0,1,2,1,16.812651294179474,-71.74574807363024,46.833895179214295,39.51849110984365
2021,7,T,0,1,2,2,14.38046964096111,-109.08675470628532,35.814054778953164,38.131315348339164
2021,7,T,0,2,1,1,13.430672532998116,-203.96934003771185,45.50824905122565,-35.63284052954117
2021,7,T,0,2,1,2,17.077133333333308,-146.60620202020255,57.55433646464646,-36.354469151515154
2021,7,T,0,2,2,1,16.358530769230754,-127.9956021220155,51.63144353974359,42.95674903717949
2021,7,T,0,2,2,2,13.705165820642947,-112.94753284072203,36.58760700682555,34.65333339461786
2021,7,T,1,0,1,1,12.369158095238092,-214.96170756302536,40.98847130476191,-34.19497294621118
2021,7,T,1,0,1,2,14.733578490990993,-218.23698085585602,40.88727300337838,-33.60138193592342
2021,7,T,1,0,2,1,15.480066627816626,-91.33593073593056,33.80833223916084,38.918544601592856
2021,7,T,1,0,2,2,13.608349689716306,-97.36314369285355,32.50367582854611,34.375118832180846
2021,7,T,1,1,1,1,12.102159523809505,-163.53346948682383,41.130696904761905,-33.84308243857143
2021,7,T,1,1,1,2,14.520159890109909,-164.006631868132,42.55805061428572,-32.67849571346154
2021,7,T,1,1,2,1,16.199938663171707,-122.55763345133346,39.92478289960681,36.793245322378766
2021,7,T,1,1,2,2,13.637805709534376,-110.66969927192122,32.60336503295916,35.71267168103289
2021,7,T,1,2,1,1,13.487253217391313,-151.0703860021208,47.83647685008695,-30.95387143175652
2021,7,T,1,2,1,2,14.639466854990587,-200.4698314176244,51.330890329378526,-36.97261884971751
2021,7,T,1,2,2,1,13.146836890857827,-135.7948550140959,39.125727542958785,43.233410786212914
2021,7,T,1,2,2,2,14.344650282240565,-125.18980950706282,39.0784836952381,37.80350994567955
2021,7,T,2,0,1,1,11.891258823529427,-115.06975350140056,33.79932781232493,-30.455343207282915
2021,7,T,2,0,1,2,13.598206382978717,-145.25966666666727,36.35992492198581,-34.15740891134752
2021,7,T,2,0,2,1,14.652786046511622,37.50226744186057,31.300303488372098,42.96518843604652
2021,7,T,2,0,2,2,14.010505852842812,-38.08669732441467,29.455678029264213,34.94238656061873
2021,7,T,2,1,1,1,13.161036309036305,-117.23219492219505,38.0818043969424,-29.219360760196565
2021,7,T,2,1,1,2,13.627218181818193,-222.81178787878798,39.97283882575758,-34.73231503969697
2021,7,T,2,1,2,1,14.90682596626094,-9.287060644885514,33.39169405829596,39.09126929244074
2021,7,T,2,1,2,2,12.786289852528114,-36.06709670231703,29.68299217854635,33.507397086613416
2021,7,T,2,2,1,1,13.29496231884059,-154.0389838220426,45.01721679468599,-34.28086594320958
2021,7,T,2,2,1,2,16.554483673469377,-183.07805215419512,56.587337337868476,-38.50122698185941
2021,7,T,2,2,2,1,12.99653791629163,-158.47363184079632,37.35722898852386,37.84555360947344
2021,7,T,2,2,2,2,14.093785409035405,-159.88975817767277,34.88653340445665,36.382912651037856
2021,7,T,3,0,1,1,,,,
2021,7,T,3,0,1,2,,,,
2021,7,T,3,0,2,1,,,,
2021,7,T,3,0,2,2,,,,
2021,7,T,3,1,1,1,11.380121468926546,-90.89725988700548,37.664270711864404,-34.5459890819209
2021,7,T,3,1,1,2,,,,
2021,7,T,3,1,2,1,13.526815602836876,-82.50997421018701,36.193091206318506,40.6959508478401
2021,7,T,3,1,2,2,13.83897166666668,-56.2832057971018,29.310513131666667,37.45154897037333
2021,7,T,3,2,1,1,13.690710144927536,-210.2359903381648,43.68375425442834,-33.93380902898551
2021,7,T,3,2,1,2,12.767478983382233,-147.34763104838703,41.05596245259042,-31.057525586510266
2021,7,T,3,2,2,1,12.619728391828176,-135.9170535475232,37.835623702985856,39.04294903169199
2021,7,T,3,2,2,2,12.8764650938854,-140.05301917379393,28.070926456812714,35.71278196228535
2021,8,B,0,0,1,1,12.80323670206991,-166.62998951009968,37.078801214938856,-34.497716457390155
2021,8,B,0,0,1,2,13.798541521794817,-238.72899837133536,40.913412918160525,-36.38594424433627
2021,8,B,0,0,2,1,17.081868553459145,-96.60177815161069,39.01518366918664,39.4391091027095
2021,8,B,0,0,2,2,14.910448822859792,-67.42867446187256,33.19723024219131,35.81686135814617
2021,8,B,0,1,1,1,14.521997234407763,-229.9644001525844,46.55564299288575,-37.123921009841695
2021,8,B,0,1,1,2,15.579195619561943,-212.11076357635784,44.924138270027,-39.10464131368137
2021,8,B,0,1,2,1,17.443777698185286,-98.41292243712223,44.50134862561684,40.95663664352515
2021,8,B,0,1,2,2,15.492598238694299,-109.06710457516374,36.37718489831173,38.97266522369942
2021,8,B,0,2,1,1,12.196242176870726,-265.40093617021284,39.04624802721088,-36.82186588888889
2021,8,B,0,2,1,2,14.446658627087189,-217.889749536178,46.34124900742115,-41.81615552977736
2021,8,B,0,2,2,1,16.70853171545967,-129.41328603337251,48.36985751260272,42.901122137262455
2021,8,B,0,2,2,2,13.116736937304864,-155.67189498525067,34.96270778627651,36.99755913942294
2021,8,B,1,0,1,1,11.31942553191486,-154.88957446808536,34.07232005673759,-32.455550134751775
2021,8,B,1,0,1,2,12.7072295112782,-274.7787006578942,35.69530835,-32.96903006983083
2021,8,B,1,0,2,1,14.433579346675387,-116.59826334627223,34.51161165292131,37.205696643698644
2021,8,B,1,0,2,2,13.994957669932631,-73.32976545842212,32.06885705195704,35.03504357761346
2021,8,B,1,1,1,1,13.541160849567092,-143.16357500000004,39.30511265936147,-34.44358566558442
2021,8,B,1,1,1,2,15.796318301886814,-243.29931698113205,45.262615327358496,-38.68494305886791
2021,8,B,1,1,2,1,16.01870614255553,-111.71044008243689,37.102197107240876,37.77178760432794
2021,8,B,1,1,2,2,14.366023614166537,-91.98752481319843,35.031003018140204,36.55641199679341
2021,8,B,1,2,1,1,10.657935791217895,-217.20789353769715,41.59372016833056,-28.081564164208782
2021,8,B,1,2,1,2,15.27716958311889,-268.46214552238825,43.687135228625834,-37.49512061429694
2021,8,B,1,2,2,1,15.134472214251545,-101.80962792922037,40.46050136394069,41.905382821310376
2021,8,B,1,2,2,2,12.802755093847225,-154.01820493408195,37.117973591613975,36.46420922235941
2021,8,B,2,0,1,1,8.93833221099888,-145.99503928170589,33.35141301459035,-30.899158945005613
2021,8,B,2,0,1,2,11.482446153846155,-174.2584615384617,30.563250876923078,-32.52150615384611
2021,8,B,2,0,2,1,14.136046842105259,-46.05842105263173,33.02551328377193,35.06294830947368
2021,8,B,2,0,2,2,14.545196052005707,-85.01628797672902,31.44715008197241,37.797036017758046
2021,8,B,2,1,1,1,11.932657061688317,-122.59454545454537,33.63884701623377,-34.12779068993507
2021,8,B,2,1,1,2,13.784215753424647,-184.34207266229896,34.13042670719178,-34.15223245662101
2021,8,B,2,1,2,1,16.2854565772669,-124.40149420127182,33.74990333517809,37.08499246005392
2021,8,B,2,1,2,2,15.08151644484704,-59.79561842380281,34.287313190321235,34.28713936450422
2021,8,B,2,2,1,1,12.894079365079364,-144.52043478260885,44.31384799033817,-32.82118042808834
2021,8,B,2,2,1,2,14.996376566416018,-271.28468045112777,40.37612370676692,-43.659392794486216
2021,8,B,2,2,2,1,15.115185870853082,-208.59153110047873,35.066431119618876,41.524860108116115
2021,8,B,2,2,2,2,13.913577087952717,-161.12568556855695,34.850954686277404,36.24537057899483
2021,8,B,3,0,1,1,,,,
2021,8,B,3,0,1,2,,,,
2021,8,B,3,0,2,1,,,,
2021,8,B,3,0,2,2,,,,
2021,8,B,3,1,1,1,,,,
2021,8,B,3,1,1,2,,,,
2021,8,B,3,1,2,1,14.302430923694772,-5.277314974181991,36.957548951807226,36.67519252208835
2021,8,B,3,1,2,2,13.507192604355737,-106.77290381125249,34.51949827041742,35.54045882146098
2021,8,B,3,2,1,1,13.194560675883238,-118.5745212493598,34.96464380798771,-37.90557505376344
2021,8,B,3,2,1,2,12.689592741935513,-72.19122580645171,35.3114675,-33.051179193548386
2021,8,B,3,2,2,1,14.634348382749323,-68.52486957282872,35.31178645131401,37.85349062252358
2021,8,B,3,2,2,2,13.494736596736601,-64.5236956247636,34.78985784127539,34.316817902264404
2021,8,T,0,0,1,1,12.647409180644516,-155.13995246370132,38.00816265271485,-32.40371582809726
2021,8,T,0,0,1,2,16.420207987804886,-197.45822090163892,44.11862257302845,-36.663695149674794
2021,8,T,0,0,2,1,16.577243504830548,-86.72374022423219,33.51216763355058,40.03043022822155
2021,8,T,0,0,2,2,14.59795519733747,-89.87045129339731,31.41801423428428,36.442954048644594
2021,8,T,0,1,1,1,15.113658910048855,-230.58098233688042,41.50250483914165,-36.46403167752593
2021,8,T,0,1,1,2,16.08255327022374,-252.85139547038352,46.89069114905335,-38.229349826592085
2021,8,T,0,1,2,1,19.048848286875725,-93.89591242136476,40.103656164743036,41.94270936934524
2021,8,T,0,1,2,2,14.562318474712185,-110.97413089623478,31.283145827581766,38.46605412569705
2021,8,T,0,2,1,1,15.095948140652652,-148.1759853275994,45.007565002833296,-32.37076916024652
2021,8,T,0,2,1,2,17.35216942551118,-172.22049983771467,51.38834961570919,-39.34109485556637
2021,8,T,0,2,2,1,14.89809722222222,-151.24506944444465,42.30240749305556,41.199120300000004
2021,8,T,0,2,2,2,14.554113966770501,-142.93720805016574,35.38437301194185,38.9407897995392
2021,8,T,1,0,1,1,11.79505151409677,-198.0050330664808,34.875423607814135,-31.13344792924643
2021,8,T,1,0,1,2,13.587440074906354,-167.41234082396977,38.45255684510433,-33.69695317164259
2021,8,T,1,0,2,1,15.117913000847977,-134.78402109391527,28.446303708108964,41.65832895894636
2021,8,T,1,0,2,2,13.55953791499958,-104.09885232744773,30.30097189690661,37.56066136798499
2021,8,T,1,1,1,1,11.75335105149857,-164.21540314486447,36.79717535717834,-34.63116250042251
2021,8,T,1,1,1,2,14.304909523809542,-181.66312596006128,43.879047047619046,-33.06970103174603
2021,8,T,1,1,2,1,14.808181146439779,-143.8914279967821,32.689290063591585,40.908035321604345
2021,8,T,1,1,2,2,14.255474303405578,-72.64238169934697,30.46939470390661,37.204211621749224
2021,8,T,1,2,1,1,13.360419642857138,-213.02604460518387,41.70719497202381,-33.66182287083333
2021,8,T,1,2,1,2,15.037508766803043,-186.74631648158993,46.81299986995909,-35.24274593965518
2021,8,T,1,2,2,1,14.985517595048634,-118.98234992458538,38.58480217895667,40.28276589513705
2021,8,T,1,2,2,2,14.514556914546631,-154.2056368473559,32.93298604889107,40.43379785470211
2021,8,T,2,0,1,1,9.474613871635597,-186.46811594202927,32.33861576604555,-34.35600180331263
2021,8,T,2,0,1,2,13.079896703296697,-292.15128571428613,42.66878631868132,-35.39214879120879
2021,8,T,2,0,2,1,14.500933732933746,-81.55071990624447,29.674126023809528,41.84997120762571
2021,8,T,2,0,2,2,13.705806578947374,-200.57361351351346,27.599872247631577,37.844923287368424
2021,8,T,2,1,1,1,10.99253799392099,-159.16679331306977,34.733000866261406,-28.544193132142862
2021,8,T,2,1,1,2,13.994755555555571,-188.512185185185,43.66740403703704,-34.10872915740741
2021,8,T,2,1,2,1,14.754732153660001,-143.94516974253884,33.815113059739865,38.87715208461888
2021,8,T,2,1,2,2,13.751654387968784,-121.93715172413795,29.43579032097849,37.125382200742436
2021,8,T,2,2,1,1,13.07623917004048,-183.84623300970907,39.47514233911943,-34.83372283955032
2021,8,T,2,2,1,2,13.65327050479766,-199.88194311767256,43.774966423028786,-35.4514865443471
2021,8,T,2,2,2,1,16.990103647973086,-97.54892172933114,40.04284506103055,39.83032206736623
2021,8,T,2,2,2,2,13.258386401733532,-145.44729108117008,31.779484135193588,38.6775980468948
2021,8,T,3,0,1,1,,,,
2021,8,T,3,0,1,2,,,,
2021,8,T,3,0,2,1,,,,
2021,8,T,3,0,2,2,,,,
2021,8,T,3,1,1,1,,,,
2021,8,T,3,1,1,2,10.16783333333332,-186.8036666666667,27.93725116666667,-30.845428666666667
2021,8,T,3,1,2,1,16.421089552238797,-190.17680597014942,30.190505108548166,43.079658521031206
2021,8,T,3,1,2,2,12.736515133171906,-168.08091404358356,24.630394670096848,36.46375855326876
2021,8,T,3,2,1,1,12.266835758835754,-143.79551920341373,39.37093571656271,-31.77375537803188
2021,8,T,3,2,1,2,9.022169191919204,-183.32066919191902,39.351409358585855,-23.251321193181816
2021,8,T,3,2,2,1,13.545555677655699,-154.79281244019194,32.735202274358976,40.95700088186814
2021,8,T,3,2,2,2,14.660393232960985,-154.71706815606285,27.62391081649668,39.4251906731423
2021,9,B,0,0,1,1,13.21413978494624,-159.3750430107525,45.25349631182796,-33.90133583978495
2021,9,B,0,0,1,2,15.081446291560098,-210.0410549872122,47.042092973145785,-40.99884192455243
2021,9,B,0,0,2,1,15.94085518920943,-9.451077730597262,37.69157185893593,37.447190753184714
2021,9,B,0,0,2,2,14.241020853659876,27.348238965108976,35.712520938974365,32.495310599886345
2021,9,B,0,1,1,1,14.485595930232577,-150.24090116279103,47.37407345930232,-37.52582428715875
2021,9,B,0,1,1,2,17.62814705882353,-16.356283422459455,51.83363764705882,-42.86283898930481
2021,9,B,0,1,2,1,17.509830704707923,-105.92013506147396,53.182776385787704,43.55219724870932
2021,9,B,0,1,2,2,15.305206779223056,-33.843032954594946,39.95723906892928,37.24715995840512
2021,9,B,0,2,1,1,11.359609090909089,-208.6080454545454,53.038008045454546,-36.067817022727276
2021,9,B,0,2,1,2,,,,
2021,9,B,0,2,2,1,14.896745098039219,-98.14588235294104,57.55841023529411,44.528487026470586
2021,9,B,0,2,2,2,13.466236458333356,-129.23056004213458,39.02980220826389,37.09036821527778
2021,9,B,1,0,1,1,11.304748648648655,-117.27748648648594,36.17426402702702,-26.92064445945946
2021,9,B,1,0,1,2,,,,
2021,9,B,1,0,2,1,12.336510600706703,-13.610599347648986,32.345627814215824,33.20311531207665
2021,9,B,1,0,2,2,14.177024722804902,-6.618147287983447,35.89707715732694,30.908228231810007
2021,9,B,1,1,1,1,13.703916666666672,7.286888888888825,40.49662538888889,-33.183931216666664
2021,9,B,1,1,1,2,,,,
2021,9,B,1,1,2,1,15.737232919073477,-57.59924395341886,39.02588552902736,36.90072176748935
2021,9,B,1,1,2,2,14.474260106097233,-2.707615271054692,35.81238207819635,35.603396231709795
2021,9,B,1,2,1,1,14.256653846153839,-124.89976923076938,54.84153353846154,-38.89860884615385
2021,9,B,1,2,1,2,14.562151515151513,20.59999999999991,41.180401818181814,-35.81243181818182
2021,9,B,1,2,2,1,14.65893606393604,-98.48630949695462,46.12106914973915,41.321463749572644
2021,9,B,1,2,2,2,14.797535006909243,-83.60619623498087,41.78838495681713,35.08796632738369
2021,9,B,2,0,1,1,,,,
2021,9,B,2,0,1,2,,,,
2021,9,B,2,0,2,1,13.33210317460319,-110.64611111111071,34.1127953968254,30.04967992857143
2021,9,B,2,0,2,2,15.042722972972967,-20.76229729729721,29.14236186036036,31.928944654279277
2021,9,B,2,1,1,1,,,,
2021,9,B,2,1,1,2,,,,
2021,9,B,2,1,2,1,13.592305733761037,-29.822646351242838,36.24236257618284,36.18923516407378
2021,9,B,2,1,2,2,14.40344769230768,2.776129824561849,34.445711123076926,34.64079699487179
2021,9,B,2,2,1,1,14.145020325203262,-172.37148373983746,46.320572947154474,-32.639503939024394
2021,9,B,2,2,1,2,,,,
2021,9,B,2,2,2,1,13.18717706651006,-102.95411570743408,35.60366840845691,38.38170469828219
2021,9,B,2,2,2,2,13.757624358468206,-40.13671074490003,36.19028812139756,33.200034516449534
2021,9,B,3,0,1,2,,,,
2021,9,B,3,0,2,1,,,,
2021,9,B,3,0,2,2,,,,
2021,9,B,3,1,1,2,,,,
2021,9,B,3,1,2,1,,,,
2021,9,B,3,1,2,2,13.583852163461529,40.3915312500003,30.94762444627404,31.35338843870192
2021,9,B,3,2,1,1,,,,
2021,9,B,3,2,1,2,,,,
2021,9,B,3,2,2,1,13.481642390289466,-51.67098972922531,36.7480929309057,37.2706870497977
2021,9,B,3,2,2,2,12.276495210728001,-81.99340996168576,34.4680841091954,33.6298288362069
2021,9,T,0,0,1,1,12.842457916666675,-150.16056944444426,39.79277182527778,-31.543980605222227
2021,9,T,0,0,1,2,16.094465886939588,-224.60830571799897,48.124512347141,-35.73340740350877
2021,9,T,0,0,2,1,16.56758235281974,-39.73895343086042,40.543245982794566,38.36563211911101
2021,9,T,0,0,2,2,14.978700623700604,-1.7161881022566376,36.199078776253174,33.06190323459286
2021,9,T,0,1,1,1,13.762492056074777,-138.1922928348913,42.73266419345794,-34.39724160763504
2021,9,T,0,1,1,2,16.527818750954324,-262.74011338925084,52.26067822568331,-39.47968873568484
2021,9,T,0,1,2,1,17.791686264982204,-39.659723602130725,47.768167597214116,39.570855123713315
2021,9,T,0,1,2,2,14.778619281940479,-43.51983156567394,37.510034885383526,36.35223164940285
2021,9,T,0,2,1,1,12.825542473118276,-132.1298817204297,44.40223795698925,-34.20772893924731
2021,9,T,0,2,1,2,17.889990842490832,-275.3196428571432,61.47739475274725,-40.30090271978022
2021,9,T,0,2,2,1,14.87717182547081,-148.9767003037132,47.304989495897814,41.403651477624464
2021,9,T,0,2,2,2,14.3221095774648,-58.49711521739118,40.754586321535214,36.488674957816905
2021,9,T,1,0,1,1,13.403278540684553,-200.66174579831932,37.43647940356631,-32.93136507683951
2021,9,T,1,0,1,2,11.989591049382724,-278.4372530864198,39.708523688271605,-35.14670271296296
2021,9,T,1,0,2,1,15.32241273880362,-6.356767676767504,33.13278568168651,34.189582821406205
2021,9,T,1,0,2,2,14.805356065573761,-24.59173490261992,33.514403047175776,34.62129468407104
2021,9,T,1,1,1,1,12.777091476590641,-196.29920588235336,40.560499349339736,-34.367412356862744
2021,9,T,1,1,1,2,14.207366452131936,-286.0618825422366,44.19823389963797,-37.280299502091715
2021,9,T,1,1,2,1,15.361299905745142,-48.7393653653653,39.01357000056991,35.779558742070535
2021,9,T,1,1,2,2,14.792429720944966,-38.12591249186744,37.972009047451245,32.7918009974671
2021,9,T,1,2,1,1,13.187498079096073,-179.93335776454433,47.10956484293786,-32.636228934350285
2021,9,T,1,2,1,2,14.798381727158954,-282.9782237266277,49.78549124030038,-38.2521555825274
2021,9,T,1,2,2,1,17.036672675521842,-125.59627886485123,50.459684179601524,40.26811880747154
2021,9,T,1,2,2,2,13.72811094224923,-115.7437354721551,38.696345787859826,35.7534162535908
2021,9,T,2,0,1,1,14.602321568627474,-285.32130718954295,44.512710156862745,-38.123218076470586
2021,9,T,2,0,1,2,,,,
2021,9,T,2,0,2,1,13.147216227697527,-39.16975361087498,31.969058745539513,38.50478009558199
2021,9,T,2,0,2,2,13.52718479901219,-53.48602003018277,31.133118377006447,33.53503990080944
2021,9,T,2,1,1,1,11.47948302207132,-59.83102150537616,34.864066365110354,-28.93185696095076
2021,9,T,2,1,1,2,10.9135606060606,-276.3670454545454,34.665921931818175,-32.89726738636364
2021,9,T,2,1,2,1,12.6046488432236,-4.3254581818187035,29.691918743272527,36.33863628214161
2021,9,T,2,1,2,2,15.048095700071087,-14.562129069432558,34.5048247237811,32.63823948702914
2021,9,T,2,2,1,1,12.975287619047606,-194.47860952380915,42.98855844571429,-33.01746751254902
2021,9,T,2,2,1,2,14.748205989110687,-303.6969464609797,51.83718210889292,-39.42017796370236
2021,9,T,2,2,2,1,13.719461475894718,-54.6638663529061,35.98138885174504,36.36479722049689
2021,9,T,2,2,2,2,13.450713479758832,-72.1815843867821,38.24079773406546,32.08931243411306
2021,9,T,3,0,1,1,,,,
2021,9,T,3,0,1,2,,,,
2021,9,T,3,0,2,1,,,,
2021,9,T,3,0,2,2,,,,
2021,9,T,3,1,1,1,,,,
2021,9,T,3,1,1,2,,,,
2021,9,T,3,1,2,1,14.530294871794865,-45.68966666666665,41.96000902051282,36.25073517948718
2021,9,T,3,1,2,2,13.418684379001292,-61.478661971831116,33.20105407490397,35.50447881690141
2021,9,T,3,2,1,1,11.048126984126995,-268.08650793650804,40.463204071428564,-28.473898147619046
2021,9,T,3,2,1,2,,,,
2021,9,T,3,2,2,1,13.311385624438458,-83.61122731356681,39.926979094159925,36.907989334771784
2021,9,T,3,2,2,2,14.829760931806362,-105.07038521603363,33.88661142855284,36.17323948295159
2021,10,B,0,0,2,1,,,,
2021,10,B,0,0,2,2,17.758885964912253,57.92875541795638,43.1930015497076,31.416189634502924
2021,10,B,0,1,2,2,13.152781818181808,71.85390909090893,34.19062055454546,30.39642281818182
2021,10,B,1,0,2,1,,,,
2021,10,B,1,0,2,2,,,,
2021,10,B,1,1,2,1,,,,
2021,10,T,0,0,2,1,,,,
2021,10,T,0,0,2,2,11.778199999999998,-53.6879532163739,21.42175814814815,32.054145042592594
2021,10,T,0,1,2,2,,,,
2021,10,T,1,0,2,1,,,,
2021,10,T,1,0,2,2,,,,
2021,10,T,1,1,2,1,,,,
2021,10,T,2,2,2,2,,,,
2021,10,T,3,2,2,2,,,,
2021,11,B,0,0,2,1,,,,
2021,11,T,0,0,2,1,,,,
2021,11,T,0,0,2,2,12.009383116883129,-384.05032467532465,30.30988681818182,45.47663084415584
2021,11,T,0,1,2,2,,,,
2021,11,T,1,1,2,2,,,,
2022,1,B,0,0,1,1,16.03666916208789,-75.13523969780272,43.769309223901104,-33.58718804258242
2022,1,B,0,0,1,2,18.8354334254838,-27.701105202312192,53.51702659713496,-35.63239741643629
2022,1,B,0,0,2,1,17.067882188937133,-67.9406730883934,42.84300774779091,39.29842914404344
2022,1,B,0,0,2,2,16.431591575654323,-63.34405616553522,40.47278900620664,39.167977848849944
2022,1,B,0,1,1,1,18.40311405392508,-94.14142209496504,49.929847191601056,-37.32491243617275
2022,1,B,0,1,1,2,19.168515854341734,-21.047828571428454,55.932374005602234,-38.4449644929972
2022,1,B,0,1,2,1,19.72963356991383,-42.498152097966795,49.062408209220514,41.94955683325366
2022,1,B,0,1,2,2,18.54557774190735,-89.24649485210693,44.50524247665998,42.948806530843726
2022,1,B,0,2,1,1,14.891802025316451,-121.23009620253151,46.49410978902954,-36.17224442194093
2022,1,B,0,2,1,2,16.379786264441606,-57.76112002567379,49.488828465982024,-34.44204085365854
2022,1,B,0,2,2,1,18.60459079708322,-171.08663515212447,51.54387599698265,45.35000584862962
2022,1,B,0,2,2,2,17.210057903879544,-88.99131174557942,46.15804125874126,41.15520990675991
2022,1,B,1,0,1,1,13.330960532905948,-97.65173995792793,38.184640208354196,-30.237499659421015
2022,1,B,1,0,1,2,15.39688349056604,-88.92838679245278,47.684541540880495,-34.56622896226415
2022,1,B,1,0,2,1,13.584178758876192,-68.7135648862818,35.490975465407054,37.05443279035843
2022,1,B,1,0,2,2,13.404392506252236,-90.67297546742884,35.341035454002395,35.829037998805255
2022,1,B,1,1,1,1,15.770658119658137,-91.5131562881561,46.827239316239314,-33.917557997558
2022,1,B,1,1,1,2,16.31656057596824,-106.6454601125456,49.202484111221445,-33.87620148957299
2022,1,B,1,1,2,1,16.77230810234542,-57.00098880596988,41.40433261371713,40.02703967217484
2022,1,B,1,1,2,2,16.33665669485555,-78.3318132487666,39.641247479660414,39.028940956844714
2022,1,B,1,2,1,1,16.35712942734193,-126.36171300893739,52.29969359483614,-38.53342125124131
2022,1,B,1,2,1,2,17.059312625984987,-130.06710115448004,53.203530254718714,-35.62366100421477
2022,1,B,1,2,2,1,16.888609667602992,-120.00543617353287,45.60008927122347,44.04594907147316
2022,1,B,1,2,2,2,17.398284508076358,-112.16161756607971,49.90643688698378,39.76165337850295
2022,1,B,2,0,1,1,14.669956896551724,-28.98433189655134,37.480982327586204,-30.35351831896552
2022,1,B,2,0,1,2,,,,
2022,1,B,2,0,2,1,13.037308301886782,-75.00974339622644,32.265086528301886,33.62920667924528
2022,1,B,2,0,2,2,12.038202900763366,-105.81553435114483,31.185766153846153,32.950503999999995
2022,1,B,2,1,1,1,12.292577380952366,-128.4009432234434,40.045193864468864,-30.52569500915751
2022,1,B,2,1,1,2,12.365748484848496,-124.04842424242406,38.59273909090909,-33.210531515151516
2022,1,B,2,1,2,1,14.957661694768717,-51.97537505404216,36.30276728815391,37.54598793233895
2022,1,B,2,1,2,2,14.06324281914894,-55.410178191489194,31.497120053191487,36.64400098404255
2022,1,B,2,2,1,1,15.095580707043013,-62.59591504521768,42.49381215858226,-31.700365360372704
2022,1,B,2,2,1,2,18.222796971953343,-31.444490444278927,53.30648066517746,-33.95453601389923
2022,1,B,2,2,2,1,17.50478050239232,-88.58485446570967,44.91706814194578,40.532122109250395
2022,1,B,2,2,2,2,16.42643231903972,-57.15084162997482,41.99042028213254,38.03731616793336
2022,1,B,3,0,1,1,,,,
2022,1,B,3,0,1,2,,,,
2022,1,B,3,0,2,1,,,,
2022,1,B,3,0,2,2,,,,
2022,1,B,3,1,1,1,15.686265217391309,-18.635695652174036,47.136083913043485,-34.02847130434783
2022,1,B,3,1,1,2,11.283536585365852,-52.33913525498838,33.612726164079824,-33.588504212860315
2022,1,B,3,1,2,1,14.993435185185177,10.112074074073917,33.055960000000006,35.53209703703703
2022,1,B,3,1,2,2,11.800815873015921,-122.7950793650798,33.743245852534564,33.975881059907834
2022,1,B,3,2,1,1,13.81722502666193,-105.5170067543545,41.75959498755777,-31.136568645574123
2022,1,B,3,2,1,2,14.091894615384604,-141.12463076923086,42.79387153846153,-28.21035976923077
2022,1,B,3,2,2,1,14.015236236933788,-81.08766898954673,35.22639257839721,40.50681181184669
2022,1,B,3,2,2,2,14.884338797814195,-6.750543233687495,34.04469005833739,36.97901050072922
2022,1,T,0,0,1,1,13.676296733917411,-71.44158990434835,40.48690120301155,-32.575683562414596
2022,1,T,0,0,1,2,16.536323809523807,-70.82285714285717,49.74372017857143,-36.9887194047619
2022,1,T,0,0,2,1,18.07700459501139,-53.50723796649481,45.32492902640883,38.565883752259474
2022,1,T,0,0,2,2,15.929258989565568,-34.14106051657109,39.4738135332174,35.200883145582
2022,1,T,0,1,1,1,15.524434582407125,-133.4708907589711,44.729257303906,-32.59942540489044
2022,1,T,0,1,1,2,18.2450526826115,-58.38692598577882,53.86089109566903,-38.53873039754363
2022,1,T,0,1,2,1,19.317932020671833,-34.080780878553014,48.64876160723514,41.683558899224806
2022,1,T,0,1,2,2,18.213151761074798,-65.21702323892532,45.52582857585139,41.562527678018576
2022,1,T,0,2,1,1,17.52306546644843,-63.31099263502438,51.732263543371516,-41.03171031096563
2022,1,T,0,2,1,2,15.779858623548904,-37.11649668325026,47.42154344941957,-38.331057752902154
2022,1,T,0,2,2,1,17.090942201252176,-37.58161918156247,45.58915126576535,39.99239482805553
2022,1,T,0,2,2,2,16.91941238971998,-108.1411614883009,44.44339172228615,39.955894729574226
2022,1,T,1,0,1,1,11.904920490560812,-48.09376601901613,34.575221689403335,-30.40308907261954
2022,1,T,1,0,1,2,14.981000872410036,-62.20349182115615,45.25989764449291,-33.03650521264994
2022,1,T,1,0,2,1,13.804278486627538,-55.46678904109558,35.57642224981701,33.83540227439088
2022,1,T,1,0,2,2,13.47479286544609,-25.39368897122904,36.685351140656785,34.61127383391456
2022,1,T,1,1,1,1,13.861823131094269,-156.4826855362944,43.929367036836396,-37.100212039544964
2022,1,T,1,1,1,2,16.28184523809523,-86.7751904761908,48.15316261904761,-35.6651725
2022,1,T,1,1,2,1,17.30423885145254,-40.14322230957396,44.12362342268144,38.489145716032745
2022,1,T,1,1,2,2,16.09547417189941,-56.526743911757876,39.39881247051397,37.66991690421609
2022,1,T,1,2,1,1,15.997587328767125,-126.52242294520511,50.5732902739726,-35.61462522260274
2022,1,T,1,2,1,2,15.323914175506289,-148.95724879459976,52.2069581292189,-36.98413535197686
2022,1,T,1,2,2,1,16.80425670141753,-80.19175609390231,48.27568569564239,41.377668005700144
2022,1,T,1,2,2,2,17.01565660202766,-70.56086099935646,46.29180358263598,37.64670290070808
2022,1,T,2,0,1,1,,,,
2022,1,T,2,0,1,2,,,,
2022,1,T,2,0,2,1,14.0335015360983,19.089631336405546,31.95063755760368,32.6510698156682
2022,1,T,2,0,2,2,11.71310424710424,-5.353069498069544,29.638294723294727,31.86731731016731
2022,1,T,2,1,1,1,12.391300000000001,-88.59135714285685,32.50300142857143,-28.10402642857143
2022,1,T,2,1,1,2,14.335157679738572,-97.58105392156858,43.744735947712414,-34.688200408496726
2022,1,T,2,1,2,1,13.849145192647569,-94.23187256981282,36.23848405797102,35.72598396076352
2022,1,T,2,1,2,2,13.925751850746252,-66.50578059701456,34.757890701492535,33.574565716417915
2022,1,T,2,2,1,1,14.408629256965952,-61.11000000000013,43.58710441176471,-29.697009674922604
2022,1,T,2,2,1,2,14.56179206349205,-111.2158571428572,48.84600603174603,-36.843042857142855
2022,1,T,2,2,2,1,16.842037530054654,-104.31535060109263,44.08731311038252,40.64269720874317
2022,1,T,2,2,2,2,15.735028473560249,-86.73570021714522,39.60678154876594,34.97088565617641
2022,1,T,3,0,1,1,,,,
2022,1,T,3,0,1,2,,,,
2022,1,T,3,0,2,1,,,,
2022,1,T,3,0,2,2,,,,
2022,1,T,3,1,1,1,,,,
2022,1,T,3,1,1,2,,,,
2022,1,T,3,1,2,1,14.01863720806793,44.01557590233506,34.954567701698515,31.089254803609343
2022,1,T,3,1,2,2,10.779845679012368,-21.853407407407303,31.153508271604938,27.497419938271605
2022,1,T,3,2,1,1,10.950951680672262,-127.93042016806703,35.97194663865547,-30.63919201680672
2022,1,T,3,2,1,2,11.580212669683277,-48.22065158371015,42.219807352941174,-32.93640995475113
2022,1,T,3,2,2,1,14.027422133900615,-105.5025072772055,36.384295096283026,38.42492117107031
2022,1,T,3,2,2,2,14.409778489599034,-8.107366596322208,33.69162425384383,30.369760476334033
2022,2,B,0,0,1,1,15.923127881558017,-89.53163354530989,45.641254491255964,-33.43108861287758
2022,2,B,0,0,1,2,18.9848663984462,-82.11806881243047,52.11012608213097,-35.39638136792453
2022,2,B,0,0,2,1,17.36833728299581,-70.3297592347617,45.04975926610359,40.339030827719554
2022,2,B,0,0,2,2,16.688092050896458,-51.903977085865336,41.03041596942069,38.16930786697668
2022,2,B,0,1,1,1,17.991447808692485,-120.97546735770129,51.79801116566648,-35.11194015275505
2022,2,B,0,1,1,2,18.569916087388307,-6.011927231600566,51.57280671962926,-35.45560833057487
2022,2,B,0,1,2,1,18.987299849490938,-93.49517255422734,51.60865911288181,41.68926637450199
2022,2,B,0,1,2,2,17.56620382136765,-87.69701466970537,45.259320604748034,39.53599497653149
2022,2,B,0,2,1,1,15.749834880636598,-157.67436339522555,56.31532135278515,-34.594425928381966
2022,2,B,0,2,1,2,17.068195800614532,-61.619807784226396,53.150453840901335,-34.428097405257766
2022,2,B,0,2,2,1,16.610084565964428,-155.9380935305544,51.66602005826984,44.85294521141491
2022,2,B,0,2,2,2,15.564030808495147,-111.56902287849789,43.42384333242184,39.17520898733024
2022,2,B,1,0,1,1,14.415992598684213,-79.87285197368419,41.93018394736842,-31.81947361842105
2022,2,B,1,0,1,2,14.073810994184427,-101.93266546662971,40.22806020492938,-31.457787676543894
2022,2,B,1,0,2,1,13.96794093142492,-107.04107295449694,32.549564740440076,37.79529261909848
2022,2,B,1,0,2,2,13.165520622895627,-77.57347537878786,34.07522971380472,34.390567445286194
2022,2,B,1,1,1,1,15.20724709719505,-135.4581996086108,46.703571833007175,-32.40563659491194
2022,2,B,1,1,1,2,15.49005831230724,-150.40879871040124,51.0860201429773,-35.06120901317634
2022,2,B,1,1,2,1,17.07053289875087,-54.23103336437498,44.687271535917276,39.03869953758711
2022,2,B,1,1,2,2,15.770890138386392,-65.7035615840523,38.639639083243,38.513910236087455
2022,2,B,1,2,1,1,14.836395495023552,-137.0711873581281,48.10459774751179,-34.47961248472149
2022,2,B,1,2,1,2,15.9696403508772,-157.00012280701776,53.425461842105264,-36.097744298245615
2022,2,B,1,2,2,1,18.302644288693244,-133.4801847775716,50.794810715940685,42.02545325532901
2022,2,B,1,2,2,2,17.13280304259635,-104.21905858489436,43.55146391391242,40.17760541403174
2022,2,B,2,0,1,1,,,,
2022,2,B,2,0,1,2,12.166966666666667,-155.2247857142861,30.930973333333334,-22.827863571428573
2022,2,B,2,0,2,1,10.645787731481505,-153.95347685185152,31.03127837962963,35.02083858796296
2022,2,B,2,0,2,2,14.534941558441574,-83.9326948051953,32.83789883116883,36.09720357142857
2022,2,B,2,1,1,1,9.619281167108738,-115.10241379310355,31.064403580901857,-23.324749999999998
2022,2,B,2,1,1,2,10.696443956043964,-125.94065054945077,34.94362268131868,-28.150022285714282
2022,2,B,2,1,2,1,12.418656359265725,-56.269442744755,31.35093479020979,32.81844154283217
2022,2,B,2,1,2,2,11.717819049474116,-89.18408258667705,31.816084962991823,34.715651869887026
2022,2,B,2,2,1,1,14.244156470588223,-159.61251764705912,46.09545637254902,-33.794303588235294
2022,2,B,2,2,1,2,15.5441503448276,-135.23014137931068,49.88156779310345,-37.62578755172413
2022,2,B,2,2,2,1,17.866153839380047,-158.8998225607611,53.41342860162029,43.315361416872136
2022,2,B,2,2,2,2,15.788187245468777,-147.22628955023492,43.979844036697244,39.39491950771985
2022,2,B,3,0,1,1,,,,
2022,2,B,3,0,1,2,,,,
2022,2,B,3,0,2,1,,,,
2022,2,B,3,0,2,2,,,,
2022,2,B,3,1,1,1,,,,
2022,2,B,3,1,1,2,,,,
2022,2,B,3,1,2,1,,,,
2022,2,B,3,1,2,2,12.702950000000016,-54.29130357142867,30.49297071428572,35.43501107142857
2022,2,B,3,2,1,1,13.822045878136208,-57.929806451612876,39.15690924731183,-27.85659111111111
2022,2,B,3,2,1,2,13.781355072463782,-82.2165760869566,37.62609420289855,-31.62314347826087
2022,2,B,3,2,2,1,14.410966583124491,-122.218563074352,36.419988638262325,39.039269214703424
2022,2,B,3,2,2,2,13.963866622340419,-68.44504654255297,35.9095763962766,32.966993311170214
2022,2,T,0,0,1,1,15.362394811656003,-120.34054282160605,45.14267985963042,-34.478172308102344
2022,2,T,0,0,1,2,16.405078565649575,-116.06067412159018,50.34359587667591,-35.85932053860379
2022,2,T,0,0,2,1,17.13422641610795,-43.4747230101425,43.493690676581,38.071019651561684
2022,2,T,0,0,2,2,16.717784693320652,-48.186020577411455,40.62135418965156,36.78221155400567
2022,2,T,0,1,1,1,17.22979350649352,-193.86564935064916,48.83550324675325,-37.564641428571434
2022,2,T,0,1,1,2,19.731777526239952,-146.06827279275603,56.7842548260959,-39.81991621732867
2022,2,T,0,1,2,1,16.96032823426576,-95.69447115384583,50.652278452797205,39.19179042832168
2022,2,T,0,1,2,2,17.139883854551428,-70.46362213424709,45.000266519551204,39.14994047821997
2022,2,T,0,2,1,1,15.969484821428566,-162.31133035714265,53.57862026785714,-38.843832142857146
2022,2,T,0,2,1,2,19.516626923076913,-81.26349145299127,59.9861926923077,-44.08889222222223
2022,2,T,0,2,2,1,15.795327197715011,-97.62881466201179,49.77519452554745,41.258580331640744
2022,2,T,0,2,2,2,16.973769919772536,-120.48176744186003,45.68241799329745,39.836013644764904
2022,2,T,1,0,1,1,13.632317460317452,-164.75515873015866,41.13635238095239,-33.35531865079365
2022,2,T,1,0,1,2,13.515020776874437,-82.93541644083098,39.561513026196934,-29.31170169828365
2022,2,T,1,0,2,1,12.639028277218557,-44.4613872497971,32.5518831239153,33.12511684600254
2022,2,T,1,0,2,2,14.091929786405984,-28.662768595041143,34.48726709095487,33.016862677136515
2022,2,T,1,1,1,1,15.207983934426252,-125.86755081967203,47.14043645901639,-39.62140586885246
2022,2,T,1,1,1,2,16.174012453007535,-91.15120077537586,48.833722309680454,-32.05771996005639
2022,2,T,1,1,2,1,15.09314072909649,-64.14234074406795,41.2849874990643,35.30551849689348
2022,2,T,1,1,2,2,16.310150326797384,-56.99571895424833,40.609156574520526,37.27317557805636
2022,2,T,1,2,1,1,15.737468147069535,-159.96037859483067,45.18786578085184,-32.79788496541681
2022,2,T,1,2,1,2,17.19421580888249,-100.66192544492515,52.64578653198653,-39.66321167227834
2022,2,T,1,2,2,1,17.698067712162043,-121.9951433472188,51.06807860978684,42.88867919064058
2022,2,T,1,2,2,2,17.224208571731282,-90.23289627039594,44.439998789468106,39.437764995232044
2022,2,T,2,0,1,1,,,,
2022,2,T,2,0,1,2,11.289583333333326,-87.91874999999982,26.501602083333328,-26.239204166666667
2022,2,T,2,0,2,1,11.785958095238101,-60.76599047619038,31.436181142857137,33.299058
2022,2,T,2,0,2,2,13.71105223289996,0.795208592425297,35.067880327868856,31.91988259335155
2022,2,T,2,1,1,1,11.871670906200308,-102.65918918918896,44.17345437201908,-36.814754213036565
2022,2,T,2,1,1,2,9.363217320261413,-115.8065849673203,33.66842549019608,-25.220043300653593
2022,2,T,2,1,2,1,12.708053541666686,-51.530737500000214,35.87002283333333,35.78878902083333
2022,2,T,2,1,2,2,13.50807635918369,-54.45148734693885,33.06428826122449,34.233606563265305
2022,2,T,2,2,1,1,15.080413522012563,-138.1491627358496,46.64912645440251,-34.83117555031447
2022,2,T,2,2,1,2,16.315006060606066,-81.00541818181819,54.58982945454545,-38.276066909090915
2022,2,T,2,2,2,1,16.337801274802104,-72.74556286624829,42.57942114020826,39.51357369495278
2022,2,T,2,2,2,2,16.837402905609665,-68.47265770910326,42.28786966409137,39.74531492106147
2022,2,T,3,0,1,1,,,,
2022,2,T,3,0,1,2,,,,
2022,2,T,3,0,2,1,,,,
2022,2,T,3,0,2,2,,,,
2022,2,T,3,1,1,1,,,,
2022,2,T,3,1,1,2,,,,
2022,2,T,3,1,2,1,15.681075514874152,-22.052877574370996,32.208244908466824,33.19248752860412
2022,2,T,3,1,2,2,9.669508992292322,-53.54395375392505,30.185754239223527,31.46785209820154
2022,2,T,3,2,1,1,13.4346903409091,-171.15207386363636,43.51244772727273,-38.46654119318181
2022,2,T,3,2,1,2,12.24286574074074,-120.2228009259261,37.68481180555556,-29.091042592592594
2022,2,T,3,2,2,1,13.839150000000018,-77.91401937045976,37.040227058111384,39.16644261501211
2022,2,T,3,2,2,2,12.926033374283378,-69.41756142506165,32.44605838147308,32.06855777800701
2022,3,B,0,0,1,1,15.740332563826314,-80.42320217513952,44.539023700815676,-34.22612821012672
2022,3,B,0,0,1,2,17.845664258685915,-83.43259717922274,49.96837506019952,-35.39901479188166
2022,3,B,0,0,2,1,17.721042001360516,-46.19725428571428,42.650753898979595,37.82284942619047
2022,3,B,0,0,2,2,17.2644743867244,-53.45468374218399,41.31677513227513,37.452908134920634
2022,3,B,0,1,1,1,18.45301985370952,-126.60937042842215,53.41412296238244,-39.44301274817137
2022,3,B,0,1,1,2,19.502989206349213,-99.03094444444469,57.879202809523804,-41.60821853968254
2022,3,B,0,1,2,1,17.880312389093774,-94.48849383554216,48.22482970203836,42.41694204484084
2022,3,B,0,1,2,2,17.83152051767678,-81.90630366161668,43.78692998737374,40.018921590909095
2022,3,B,0,2,1,1,14.75788,-135.17419999999993,51.01521199999999,-32.346638
2022,3,B,0,2,1,2,15.66429983179141,-92.1229352396972,52.20538486122792,-41.447689234650966
2022,3,B,0,2,2,1,17.762600233009707,-185.56042407767018,53.76063406601942,44.70056411650485
2022,3,B,0,2,2,2,17.347906634938397,-109.03375699888011,44.55812232642777,40.16519654255319
2022,3,B,1,0,1,1,14.777572493224937,-96.13261856368581,40.437762059620596,-31.303110704607047
2022,3,B,1,0,1,2,14.858246689895466,-85.93412078977917,42.06856905923345,-29.572983089430892
2022,3,B,1,0,2,1,14.570949361417036,-51.00204807168893,35.508817421799755,35.20590843348268
2022,3,B,1,0,2,2,14.834627569698682,-28.09214258894235,35.09782400262837,35.6245305500798
2022,3,B,1,1,1,1,13.600028038202055,-119.23989047577334,44.21218409708228,-33.04680877070008
2022,3,B,1,1,1,2,17.01422241086587,-122.07327023203152,50.16124617996604,-36.17058811544992
2022,3,B,1,1,2,1,16.933693769097914,-36.96510827687007,40.61573378504052,39.624109534564454
2022,3,B,1,1,2,2,15.563843192783736,-70.71286081392918,37.49697435668834,35.70921937626739
2022,3,B,1,2,1,1,17.0418583503471,-134.0597808629368,54.34150510412413,-38.7170317680686
2022,3,B,1,2,1,2,17.35114806312771,-136.1198278335728,57.378788220946916,-39.34472259684361
2022,3,B,1,2,2,1,17.973077612846282,-115.52972574771002,51.468374770996576,40.68572389912813
2022,3,B,1,2,2,2,16.136925053153817,-140.28525041341845,43.335433421922986,39.582549456650135
2022,3,B,2,0,1,1,12.211446428571435,-134.8921938775511,40.281477295918364,-34.55810663265306
2022,3,B,2,0,1,2,15.276460000000014,-34.27880000000005,48.63948,-34.258269999999996
2022,3,B,2,0,2,1,11.349834751773045,-133.65664539007093,26.43181035460993,36.1411844680851
2022,3,B,2,0,2,2,13.86302164502166,19.155389610390102,27.643645454545453,32.97263365800866
2022,3,B,2,1,1,1,13.440311355311337,-72.95627705627658,39.7873325008325,-32.534741025641026
2022,3,B,2,1,1,2,15.434217372326486,-34.01497599301638,43.38612597119162,-31.115609122653865
2022,3,B,2,1,2,1,12.526385204081635,-108.98395408163287,31.94462831632653,37.76346989795918
2022,3,B,2,1,2,2,14.359531535131538,-44.059889443889915,38.97265410589411,37.69362726606727
2022,3,B,2,2,1,1,15.383093933463826,-158.39921917808215,50.782227455968695,-34.74774749510763
2022,3,B,2,2,1,2,15.43932636295743,-204.06088685586292,50.838974458551164,-36.01103722927558
2022,3,B,2,2,2,1,16.77552756067459,-88.31038050185089,45.303447117098585,41.928653527354996
2022,3,B,2,2,2,2,16.07074794138623,-129.16235816637482,43.62401076962978,39.91897564027751
2022,3,B,3,0,1,1,,,,
2022,3,B,3,0,1,2,,,,
2022,3,B,3,0,2,1,,,,
2022,3,B,3,0,2,2,,,,
2022,3,B,3,1,1,1,12.45651935483869,-114.83158064516101,39.21495483870968,-32.06591387096774
2022,3,B,3,1,1,2,,,,
2022,3,B,3,1,2,1,10.983594209161623,-53.88128781331034,32.697974373379424,34.21042000864304
2022,3,B,3,1,2,2,13.832754999999992,-43.03773333333311,37.94270366666667,34.13855658333333
2022,3,B,3,2,1,1,12.51244805194807,-45.63322510822536,35.28744448051948,-31.614078030303027
2022,3,B,3,2,1,2,11.59954237288136,-122.17484546360902,34.235302492522436,-33.18914217347957
2022,3,B,3,2,2,1,14.954841427877597,-64.54285575522135,36.643927404079655,36.8859953375425
2022,3,B,3,2,2,2,15.315104444444444,-96.06890444444434,36.6984296,38.51347616666666
2022,3,T,0,0,1,1,14.907548724625087,-78.70024109166343,43.144489898259316,-33.744092678046194
2022,3,T,0,0,1,2,16.879313666915607,-100.83870301219804,47.53148195526157,-38.231566655997725
2022,3,T,0,0,2,1,17.44373585737503,-50.46448316601163,44.62569712133612,38.63653910199518
2022,3,T,0,0,2,2,16.867068709124723,-32.91465542531205,40.34315292672225,36.01346228985144
2022,3,T,0,1,1,1,15.986455458089665,-137.1290730994151,44.5362311208577,-32.464155165692006
2022,3,T,0,1,1,2,17.446913043478276,-125.54771388499285,50.63145771388499,-39.82346739130435
2022,3,T,0,1,2,1,18.199426423952104,-93.52264143712591,49.23377803353293,41.22474085508982
2022,3,T,0,1,2,2,17.51074216136938,-94.03822372068907,45.14922406052693,38.31945022447191
2022,3,T,0,2,1,1,14.238497647058836,-128.0588117647062,48.572933098039215,-32.95736831372549
2022,3,T,0,2,1,2,15.883245059288527,-180.88974308300385,54.42525678524374,-39.8565175889328
2022,3,T,0,2,2,1,16.893395126405835,-43.94177208497604,47.588663399980774,40.58660712294531
2022,3,T,0,2,2,2,18.04562658506515,-98.9964956851004,47.260758158682634,40.60561982652342
2022,3,T,1,0,1,1,11.476366596638655,-122.96547619047624,41.09050140056022,-30.778771183473392
2022,3,T,1,0,1,2,13.768945693191128,-75.36628055783467,41.72025479901559,-32.29090121410992
2022,3,T,1,0,2,1,14.29534128754085,-41.838757805530804,35.48830713276836,34.68691221751413
2022,3,T,1,0,2,2,13.652697283574497,-36.40078497080458,34.4157645290683,33.95448481340442
2022,3,T,1,1,1,1,14.653703886693037,-143.35131093544123,47.644509519104076,-32.8758722002635
2022,3,T,1,1,1,2,16.395979390680992,-99.34498476702493,52.228528449820786,-36.91484336917563
2022,3,T,1,1,2,1,17.320683046291677,-53.72807433217213,43.6501218566451,39.92022349427576
2022,3,T,1,1,2,2,16.012237394957992,-61.06384453781493,41.49474889705883,36.744688602941174
2022,3,T,1,2,1,1,14.10924654377881,-177.85915734035552,46.933874094799215,-35.40749081632653
2022,3,T,1,2,1,2,18.71217124901807,-135.9729641267345,53.76317111809374,-43.75632571353757
2022,3,T,1,2,2,1,17.715838711288697,-112.68991908091857,50.50276692307692,42.394466293706294
2022,3,T,1,2,2,2,16.971023241706177,-98.96813023696723,44.662324826540285,37.72332878483412
2022,3,T,2,0,1,1,,,,
2022,3,T,2,0,1,2,12.13676783216782,-46.26899300699324,37.51982531468531,-28.248428111888114
2022,3,T,2,0,2,1,12.571335348506409,-5.427096372688993,31.5894630512091,34.30544233641537
2022,3,T,2,0,2,2,12.74256158920079,-46.64651633686117,32.373522840926526,31.272950805338244
2022,3,T,2,1,1,1,9.762283045977028,-164.07992816091928,38.62522801724138,-29.260525287356323
2022,3,T,2,1,1,2,12.050962184873924,-9.631554621848863,32.03750196078431,-29.753634453781515
2022,3,T,2,1,2,1,11.635671428571442,-65.62236860670237,34.357000440917105,34.23773199294533
2022,3,T,2,1,2,2,13.353936355710545,-32.175581952920766,35.58120405405405,34.609997951176986
2022,3,T,2,2,1,1,13.858786458333313,-140.0545913461542,45.78254403044872,-32.8064890224359
2022,3,T,2,2,1,2,15.781047342064724,-126.98397149460743,51.895787442218804,-35.9357594761171
2022,3,T,2,2,2,1,17.143302263571286,-97.00856157435601,46.55065624438454,43.147091913746635
2022,3,T,2,2,2,2,16.401159523809525,-47.00223544973551,42.08682916666667,35.61210707671958
2022,3,T,3,0,1,1,,,,
2022,3,T,3,0,1,2,,,,
2022,3,T,3,0,2,1,,,,
2022,3,T,3,0,2,2,,,,
2022,3,T,3,1,1,1,,,,
2022,3,T,3,1,1,2,,,,
2022,3,T,3,1,2,1,13.9161487603306,-66.91473829201095,32.572194242424246,32.82108966942148
2022,3,T,3,1,2,2,13.67230882352942,-12.099585218702487,36.428246606334845,30.975568212669685
2022,3,T,3,2,1,1,12.859056231003052,-138.09586626139844,37.14011899696049,-35.14195182370821
2022,3,T,3,2,1,2,13.4901769005848,-56.0594327485378,26.36121315789474,-29.14686725146199
2022,3,T,3,2,2,1,14.469486498108012,-64.02381148950826,34.89274618163055,36.074486713106296
2022,3,T,3,2,2,2,14.523745587602264,-16.639291863968538,37.48628747309513,34.105066584158415
2022,4,B,0,0,1,1,15.29287184009408,-73.85517342739558,46.08865737801293,-33.869219929453266
2022,4,B,0,0,1,2,17.19073942039107,-57.57940886871529,48.948975631983245,-34.031592231145254
2022,4,B,0,0,2,1,18.445416076249103,-42.91834990187817,42.709999869171455,39.70273871649822
2022,4,B,0,0,2,2,16.95518221475477,-71.67801073339024,40.82838994127077,37.53188877901779
2022,4,B,0,1,1,1,17.069805026142674,-91.60435115533801,50.821772128520834,-37.81878894417271
2022,4,B,0,1,1,2,19.11166321856068,-74.2782147184871,58.857254654943105,-37.2180895596276
2022,4,B,0,1,2,1,18.416763636363626,-128.59750757575785,47.72428291666667,43.154039886363634
2022,4,B,0,1,2,2,18.003955532625795,-96.663945066824,44.93244821639151,41.755736993907234
2022,4,B,0,2,1,1,14.313715151515154,-152.30481439393907,52.101934734848484,-36.6500931439394
2022,4,B,0,2,1,2,18.975784786641924,-134.42808905380298,56.88874293135436,-41.120468942486085
2022,4,B,0,2,2,1,16.68275105920074,-99.43519409137798,43.2791220084736,45.45145049811062
2022,4,B,0,2,2,2,17.0450365079365,-103.51667195767232,45.61414841269841,42.88460809523809
2022,4,B,1,0,1,1,13.529516575019642,-95.76388531029079,43.80141673212883,-31.02986703849175
2022,4,B,1,0,1,2,14.63934884270192,-143.25644307982975,40.603159352857816,-32.74584716580066
2022,4,B,1,0,2,1,13.29414916536254,-83.74124387063102,34.145781061554516,34.9911669666145
2022,4,B,1,0,2,2,14.195978453795504,-71.02938592572718,34.24277651210578,35.44614216027875
2022,4,B,1,1,1,1,16.881599509234135,-145.08407981402524,48.201027366653754,-35.80345873692367
2022,4,B,1,1,1,2,16.107682905982927,-60.33878021978035,44.72061092796093,-35.166632661782664
2022,4,B,1,1,2,1,16.497296560196574,-81.94562653562616,41.77467896805897,39.6960773955774
2022,4,B,1,1,2,2,15.825775972031266,-92.84861297211955,41.738689225008045,39.612711418624386
2022,4,B,1,2,1,1,16.87578920883422,-118.26959603019304,55.893860399776344,-35.71812601341907
2022,4,B,1,2,1,2,18.389983001808304,-78.41954792043407,53.36374003616636,-37.61162390596745
2022,4,B,1,2,2,1,17.522012715517263,-99.71832974137942,47.58898788793103,43.16338596982759
2022,4,B,1,2,2,2,17.13651485553268,-136.45136145299557,44.70984867796709,40.93051341888952
2022,4,B,2,0,1,1,10.767875000000004,-73.2381875000001,39.333408750000004,-29.406226875
2022,4,B,2,0,1,2,11.643923809523812,-139.21295238095217,34.90592126984127,-31.289960634920632
2022,4,B,2,0,2,1,12.392160695652166,-104.29396695652167,31.74541589565217,33.69593532173913
2022,4,B,2,0,2,2,12.111128077232507,-41.07347707160079,34.01904130329847,33.18704907481899
2022,4,B,2,1,1,1,13.09349326599326,-61.83112794612771,37.63809225589226,-29.2240069023569
2022,4,B,2,1,1,2,12.773288759689933,-100.58629844961251,40.029587790697676,-33.17299273255814
2022,4,B,2,1,2,1,13.970869975953264,-30.6858450704226,32.675761731363785,37.6181037272415
2022,4,B,2,1,2,2,13.603698900120776,-26.528615296586395,32.32443726873927,34.86641368173438
2022,4,B,2,2,1,1,14.370556048620472,-106.72703067721386,43.83214254292881,-31.696226065984952
2022,4,B,2,2,1,2,15.294364763626959,-104.66654869542754,52.64580232498062,-37.289773960217005
2022,4,B,2,2,2,1,17.31347923976608,-122.56602339181336,42.08288538011696,43.20468859649123
2022,4,B,2,2,2,2,15.844447963800917,-101.05212066364993,36.882075082956256,39.226689140271496
2022,4,B,3,0,1,1,,,,
2022,4,B,3,0,1,2,,,,
2022,4,B,3,0,2,1,,,,
2022,4,B,3,0,2,2,,,,
2022,4,B,3,1,1,1,13.68881538461541,-130.26199999999972,49.01633384615385,-35.34816384615385
2022,4,B,3,1,1,2,,,,
2022,4,B,3,1,2,1,13.311811753463928,-81.15969421882437,41.86272847587196,30.096778451982804
2022,4,B,3,1,2,2,12.521356456043975,-62.65843750000022,34.68965951236264,32.88234759615385
2022,4,B,3,2,1,1,14.672833333333301,-58.55600000000004,45.724713333333334,-29.508896666666665
2022,4,B,3,2,1,2,12.716587635869587,-61.0875135869569,36.926519836956516,-29.285786413043482
2022,4,B,3,2,2,1,13.446705284552849,-119.04025987224168,32.42129493321719,37.93904396051103
2022,4,B,3,2,2,2,14.489540613026833,-136.4464022988509,41.820249501915704,35.434506283524904
2022,4,T,0,0,1,1,15.751013030613407,-133.26276146580176,44.47462755206555,-32.309951809491295
2022,4,T,0,0,1,2,16.855590442524246,-112.51048913328123,45.55290659858602,-33.37178827965435
2022,4,T,0,0,2,1,17.501844137015567,-54.47872128205472,43.66172341263368,38.679314483188236
2022,4,T,0,0,2,2,16.148696298882697,-30.056705359966145,37.813452510672505,35.3392978753821
2022,4,T,0,1,1,1,16.480995491219744,-105.97078547698175,48.24005351210252,-35.8681586853346
2022,4,T,0,1,1,2,19.2979418604651,-172.30464525029538,57.5057692353173,-40.6125104848246
2022,4,T,0,1,2,1,18.755404598242038,-59.55866691316078,46.760821359304884,40.57013293726156
2022,4,T,0,1,2,2,17.36233587878786,-74.78298636363616,43.745768613636365,39.58668450757576
2022,4,T,0,2,1,1,15.24435416666664,-210.16185688405767,48.00544248188405,-29.83539927536232
2022,4,T,0,2,1,2,17.135779850746275,-166.86552238805962,57.54560335820896,-41.698397313432835
2022,4,T,0,2,2,1,18.615287582638672,-101.56283702213295,49.255870724346074,42.39036455878126
2022,4,T,0,2,2,2,16.914076541929518,-77.35301846570474,47.443423708697026,38.39358491055225
2022,4,T,1,0,1,1,12.04710481283422,-157.979989304813,38.68544609625669,-33.55338513368984
2022,4,T,1,0,1,2,13.851242592592612,-128.65982407407364,47.47703976851852,-33.05323962962963
2022,4,T,1,0,2,1,13.667710420043534,-48.71404760802125,34.28554442643449,34.56048185754643
2022,4,T,1,0,2,2,13.496453383950183,-33.175280934958664,32.640653024968174,33.66252458166554
2022,4,T,1,1,1,1,14.783080230826513,-88.6536950856289,41.875009977661946,-33.746431329113925
2022,4,T,1,1,1,2,15.40622424404603,-121.22781295156574,47.05734379181162,-31.138448648648648
2022,4,T,1,1,2,1,17.4380233572096,-76.47222360635305,43.052005543444416,39.393143288695114
2022,4,T,1,1,2,2,16.741323050647836,-63.2044438162543,38.626214073027086,37.83594067491166
2022,4,T,1,2,1,1,14.053799448529418,-141.82020404411742,44.48077501838235,-31.46946136029412
2022,4,T,1,2,1,2,17.352231165741486,-118.74060137457036,56.19299608776103,-39.3679557890563
2022,4,T,1,2,2,1,17.774876217067572,-118.73576102520019,44.286093964776626,44.01533157932417
2022,4,T,1,2,2,2,16.80350303347433,-100.93564891931601,42.69042745679443,40.08398916408669
2022,4,T,2,0,1,1,11.265042207792192,-71.48665584415585,31.745414285714283,-26.913999675324675
2022,4,T,2,0,1,2,11.718878737541502,-115.22411960132877,37.33990747508306,-34.599154817275746
2022,4,T,2,0,2,1,11.39366388888888,-72.03511111111084,30.50391805555556,32.27324361111111
2022,4,T,2,0,2,2,13.87487642169728,-45.85097550306227,30.447434722222223,32.222932545931755
2022,4,T,2,1,1,1,11.32578257456828,-77.1020015698582,37.74483751962323,-31.320950627943486
2022,4,T,2,1,1,2,13.769709090909103,-68.23669696969682,37.91726484848485,-30.164323636363637
2022,4,T,2,1,2,1,14.159391401701725,2.922984773846565,32.35685606806986,35.651805359008804
2022,4,T,2,1,2,2,14.271257516339887,-43.821988939165294,31.630878768225237,34.37299109602816
2022,4,T,2,2,1,1,14.111838008415134,-144.14807854137462,45.71992840112202,-36.0678801542777
2022,4,T,2,2,1,2,17.187240506329132,-180.6119555670366,55.46225734952209,-37.24472206148282
2022,4,T,2,2,2,1,16.26200542740841,-101.4712957937586,44.67319268995929,40.05718242028494
2022,4,T,2,2,2,2,17.17652927662806,-119.77311695462276,43.4772844579457,38.49991183595975
2022,4,T,3,0,1,2,,,,
2022,4,T,3,0,2,1,,,,
2022,4,T,3,0,2,2,,,,
2022,4,T,3,1,1,1,,,,
2022,4,T,3,1,1,2,,,,
2022,4,T,3,1,2,1,12.495917825311949,-24.46853832442048,28.12397308377897,33.6869376114082
2022,4,T,3,1,2,2,13.779333333333312,-12.83815011820343,32.67448463356974,30.8572628250591
2022,4,T,3,2,1,1,12.727955555555553,-212.33144444444451,31.579056666666666,-32.32061
2022,4,T,3,2,1,2,13.23200769230769,-88.13617435897413,36.36841317948718,-33.37988635897436
2022,4,T,3,2,2,1,13.758790130856028,-70.09675556887396,31.32748004195385,34.49565441014884
2022,4,T,3,2,2,2,16.52866005236322,-15.845384456387364,34.823510006253905,31.455715676464457
2022,5,B,0,0,1,1,15.558362269559353,-103.31131098246397,42.83748077506745,-33.18273874213129
2022,5,B,0,0,1,2,16.919906788990815,-82.32225070336426,49.372443394495406,-34.720973834862384
2022,5,B,0,0,2,1,17.340444773865315,-42.806761041078516,41.08511728107077,39.00940636699759
2022,5,B,0,0,2,2,17.246655423186354,-52.58426013513508,38.204120042674255,36.36577853129445
2022,5,B,0,1,1,1,16.74098326738269,-139.10779423403073,50.90196308648954,-36.970681916336915
2022,5,B,0,1,1,2,17.08821891216604,-91.18115414184149,47.91422088218336,-36.085892581203154
2022,5,B,0,1,2,1,19.33731455260572,-102.95142772861391,50.23090575876762,42.29551797771222
2022,5,B,0,1,2,2,18.421297622601287,-75.97765405117298,42.32749772921109,41.42137674307036
2022,5,B,0,2,1,1,14.586476276408433,-172.5362610035213,48.52973736795775,-36.47374808538732
2022,5,B,0,2,1,2,16.55571523915461,-109.4450650723029,52.438608676307005,-37.5966052836485
2022,5,B,0,2,2,1,18.2554620823621,-141.45577311577335,54.87002486402486,44.456498453768454
2022,5,B,0,2,2,2,16.157135935143287,-77.92395927601774,39.31700582579185,39.13609947209653
2022,5,B,1,0,1,1,13.31676337903582,-49.713374613003,41.88624473684211,-32.60629025873507
2022,5,B,1,0,1,2,14.827982329925547,-99.01491985359053,43.32653657705414,-33.01463629938155
2022,5,B,1,0,2,1,15.531812418300646,-63.14364908722155,35.094497412666215,36.20000956051386
2022,5,B,1,0,2,2,14.204153322867626,-56.1216143380434,33.14540186638758,35.68675115122973
2022,5,B,1,1,1,1,16.239503769643008,-110.82853756017812,45.2799077936234,-33.07934702516123
2022,5,B,1,1,1,2,17.30616358702673,-49.895712624369935,46.03869811345135,-35.3542661196537
2022,5,B,1,1,2,1,17.429341955072616,-53.55381494840685,42.60744196192129,40.842739854807775
2022,5,B,1,1,2,2,15.929005056589972,-75.14433050383377,40.22785034227821,37.4513463033954
2022,5,B,1,2,1,1,16.281845996940334,-104.0716751657319,51.752330290668034,-35.097829729729725
2022,5,B,1,2,1,2,14.645241701729773,-105.6311033193083,47.81368410472183,-32.53791355773726
2022,5,B,1,2,2,1,17.379573805932637,-127.35075816993412,46.99954066365007,42.713325168426344
2022,5,B,1,2,2,2,18.273577826818,-121.78037473728455,40.791130666246325,42.16506855401429
2022,5,B,2,0,1,1,10.90050847457627,-93.35418513689683,34.48736766623207,-30.29990117340287
2022,5,B,2,0,1,2,10.31441666666666,-123.8095833333332,27.01044880952381,-23.928048809523812
2022,5,B,2,0,2,1,14.490122718978085,-68.39838959854023,35.06968163777372,33.03593487682482
2022,5,B,2,0,2,2,13.869509085261683,-84.90954961950638,34.1273396179531,37.73969120981519
2022,5,B,2,1,1,1,13.998329346092504,-74.48333732057426,40.86150590111642,-27.888467384370013
2022,5,B,2,1,1,2,13.939088531187139,-47.99674714956427,31.83299309188464,-29.06825861837693
2022,5,B,2,1,2,1,14.086124607517746,-101.54291917107776,35.46672000538262,35.192870844173314
2022,5,B,2,1,2,2,13.542394227256125,-49.524242479600616,29.265340628425278,36.52839071367677
2022,5,B,2,2,1,1,15.368357493965334,-75.86321263989475,49.07742852754005,-31.719781248628486
2022,5,B,2,2,1,2,16.90299792960664,-102.34067805382983,50.433044720496895,-31.9742435300207
2022,5,B,2,2,2,1,15.339795240184259,-101.19831066754386,42.74563425093222,39.050796603787376
2022,5,B,2,2,2,2,16.65891693390472,-131.24943865822843,41.58621743054176,40.57031771717229
2022,5,B,3,0,1,1,,,,
2022,5,B,3,0,1,2,,,,
2022,5,B,3,0,2,1,,,,
2022,5,B,3,0,2,2,,,,
2022,5,B,3,1,1,1,,,,
2022,5,B,3,1,1,2,,,,
2022,5,B,3,1,2,1,14.411584478021979,-77.2573489010988,37.76637967032967,32.44816820054945
2022,5,B,3,1,2,2,13.466324096385563,-6.148851405622736,34.17218775100402,34.161410963855424
2022,5,B,3,2,1,1,12.329841750841751,-71.94099326599326,40.40809292929293,-26.063387373737374
2022,5,B,3,2,1,2,14.800895007719987,-84.87774060730817,44.448268656716415,-30.870155378281012
2022,5,B,3,2,2,1,15.137692307692333,-156.41526923076935,40.106286153846156,38.06904807692308
2022,5,B,3,2,2,2,15.090138387568828,-73.32384920911409,36.97688807051773,35.97406857361856
2022,5,T,0,0,1,1,15.228157378740974,-104.69450980392139,42.37827216202271,-34.579654489164085
2022,5,T,0,0,1,2,17.638707191780796,-45.61754334332181,48.128990116652396,-34.54042524079623
2022,5,T,0,0,2,1,17.866103229166683,-32.3570218750001,43.86272454166667,38.644213375
2022,5,T,0,0,2,2,16.21863694126546,-39.066346375167086,38.356957690496884,37.09193765251018
2022,5,T,0,1,1,1,15.993718041804186,-139.0440308030802,44.37468399339934,-38.53293387238724
2022,5,T,0,1,1,2,19.417098646431512,-31.192867104183733,48.18863195242001,-36.884295385561934
2022,5,T,0,1,2,1,18.159811320754713,-67.02526729559759,45.269891352201256,40.47662327044025
2022,5,T,0,1,2,2,17.791002704192366,-71.65949447104595,43.57852856970616,40.89967634779014
2022,5,T,0,2,1,1,15.187986111111101,-84.82916666666688,54.7340875,-38.21411041666667
2022,5,T,0,2,1,2,15.669236363636372,-116.4085636363634,52.17479818181818,-35.497330909090905
2022,5,T,0,2,2,1,17.779473333333357,-84.8610157480316,49.56115845669291,44.649070677165355
2022,5,T,0,2,2,2,17.4488303968254,-76.72821825396795,42.781259285714285,43.862653214285714
2022,5,T,1,0,1,1,13.26352871237036,-75.3310283329115,36.499204806476094,-29.81977070579307
2022,5,T,1,0,1,2,12.746763736263745,-71.2743846153844,38.5819865934066,-33.06158692307692
2022,5,T,1,0,2,1,13.657026491410022,-36.31686161338348,32.36544599585156,34.050954101095726
2022,5,T,1,0,2,2,14.438137789276539,-26.412137392463592,33.440906648995266,33.82496304085584
2022,5,T,1,1,1,1,15.073715551862634,-146.37862622905413,47.52275842681069,-34.38444819277109
2022,5,T,1,1,1,2,16.564184765711758,-62.47523872973534,47.35336020430824,-35.04214077281812
2022,5,T,1,1,2,1,16.117765697794255,-49.620394351679806,43.23904620902906,40.325433607503605
2022,5,T,1,1,2,2,15.97409242352245,-11.390475942976082,38.26929811404811,35.28746704633205
2022,5,T,1,2,1,1,15.565738095238089,-54.60149206349206,48.21232777777779,-37.10726634920635
2022,5,T,1,2,1,2,15.861061918328573,-183.32300664767308,56.34122201329535,-38.963274055080724
2022,5,T,1,2,2,1,17.68450750605325,-67.30753815980597,47.1682525472155,41.803619307506054
2022,5,T,1,2,2,2,17.979433466830272,-85.7627482074804,48.28786629416704,40.06352236289645
2022,5,T,2,0,1,1,12.554130434782607,8.65434782608736,32.58766428571428,-30.064810248447202
2022,5,T,2,0,1,2,12.43870069930071,-198.9080419580423,39.00626867132867,-34.35711384615385
2022,5,T,2,0,2,1,13.075069711538447,-43.933937499999956,30.96751855769231,30.92202557692308
2022,5,T,2,0,2,2,14.912135467980306,-19.620665024630398,33.09275677339902,35.68166471674877
2022,5,T,2,1,1,1,11.69779456967214,-136.31544569672133,37.04760522540984,-32.27017013319672
2022,5,T,2,1,1,2,11.880105263157901,-60.15002506265637,40.52451854636592,-28.784949122807014
2022,5,T,2,1,2,1,12.89621804511279,-52.96560150375899,32.97478407382091,34.23145714285714
2022,5,T,2,1,2,2,15.917847391546474,7.840459805680894,33.88322410421437,32.91363083111579
2022,5,T,2,2,1,1,16.32629824561404,-94.77491228070176,49.390598245614036,-37.80435263157894
2022,5,T,2,2,1,2,14.281631741506303,-119.25253646947021,51.316195200760276,-33.32831924447612
2022,5,T,2,2,2,1,16.175561264441598,-84.85591078305515,42.57122295250321,39.16648714377407
2022,5,T,2,2,2,2,16.64003898686485,-76.9181019414932,42.97823628918311,38.122423190643154
2022,5,T,3,0,1,1,,,,
2022,5,T,3,0,1,2,,,,
2022,5,T,3,0,2,1,,,,
2022,5,T,3,0,2,2,,,,
2022,5,T,3,1,1,1,,,,
2022,5,T,3,1,1,2,,,,
2022,5,T,3,1,2,1,,,,
2022,5,T,3,1,2,2,14.788362337662335,-39.503614718614244,32.28281441558441,36.03788575757576
2022,5,T,3,2,1,1,13.599210215053745,-113.76371505376346,38.73817731182796,-34.005613548387096
2022,5,T,3,2,1,2,12.16503095238096,-58.09959523809539,39.112813809523814,-27.229165238095234
2022,5,T,3,2,2,1,13.599959419210705,-13.175618019359717,33.01709730081907,34.524492293373044
2022,5,T,3,2,2,2,13.42597230929988,-12.927557471264663,36.436680642633235,36.25363090386625
2022,6,B,0,0,1,1,14.116263434511083,-116.59988935346291,41.30150615577756,-31.68768407540987
2022,6,B,0,0,1,2,17.074176427579147,-140.71014915551677,48.77478433867076,-35.342069649776995
2022,6,B,0,0,2,1,17.563804116330672,-54.96799239029906,42.00921467407191,37.34265192854165
2022,6,B,0,0,2,2,16.390210913493817,-58.603144461854754,38.68117035408314,38.25906675790073
2022,6,B,0,1,1,1,15.86583089293272,-146.29287685145982,47.03288604316547,-35.079439889970374
2022,6,B,0,1,1,2,18.362736972652115,-68.82063324146702,53.16558166207335,-36.59007618189527
2022,6,B,0,1,2,1,18.059737266279825,-67.40200354609897,46.923479086073506,41.19906491779497
2022,6,B,0,1,2,2,17.583784796871512,-43.7555017977611,43.01648241622804,41.286628675216846
2022,6,B,0,2,1,1,14.106123175053142,-202.94086463501026,44.40796460666194,-35.83954999291283
2022,6,B,0,2,1,2,16.16087727272729,0.9910090909088467,50.13443372727272,-32.89235181818182
2022,6,B,0,2,2,1,18.005627317400055,-124.94053272280553,46.732843656466386,41.22809757650212
2022,6,B,0,2,2,2,16.09491788856303,-54.36612414467254,39.72942653958944,42.26676989247312
2022,6,B,1,0,1,1,12.957339622641484,-87.09100831811702,39.967270298234936,-29.761241083384057
2022,6,B,1,0,1,2,12.549113095238113,-179.32903368794314,43.26567838145897,-32.1209007852077
2022,6,B,1,0,2,1,16.931383353204197,-35.88775707898685,38.57191988077496,37.09355007451565
2022,6,B,1,0,2,2,14.939554555463815,-67.90380814753644,33.63124152491054,36.20324242224057
2022,6,B,1,1,1,1,14.835772365512156,-172.52236256448077,45.73948,-31.169266175386884
2022,6,B,1,1,1,2,15.709922579757972,-125.19867299229918,46.29349438943894,-35.61320840209021
2022,6,B,1,1,2,1,19.023304660707254,-28.34567324450427,44.9448185331984,38.34129357114746
2022,6,B,1,1,2,2,17.61835454868512,-50.07889002788306,38.819312227324914,38.93069244437155
2022,6,B,1,2,1,1,13.661967485919092,-150.6468330773173,46.73054375320021,-31.819672350230416
2022,6,B,1,2,1,2,16.174574314574315,-186.52924963924943,51.317716145582814,-38.91598685265352
2022,6,B,1,2,2,1,18.726716094771263,-71.54178513071884,49.41988905228759,41.08698700980392
2022,6,B,1,2,2,2,16.639155270655266,-114.56465527065575,42.42437849002849,40.148813675213674
2022,6,B,2,0,1,1,12.211691365584812,-116.71969381506415,35.879366748315974,-30.041942865890995
2022,6,B,2,0,1,2,14.000191666666666,-139.03016666666645,39.66218083333334,-31.698849166666665
2022,6,B,2,0,2,1,16.537806517909587,49.4140223135646,35.05925848502642,34.60269277745156
2022,6,B,2,0,2,2,13.502923955870756,-68.16459416863654,31.350725019700555,34.00153431836091
2022,6,B,2,1,1,1,13.027235119047646,-60.04150641025626,38.921654693223445,-32.68944191849817
2022,6,B,2,1,1,2,12.098264367816085,-67.01094164456254,40.30698549955792,-28.667341467727674
2022,6,B,2,1,2,1,16.028772952853586,-41.449898676592056,35.447147890818854,36.295260897435895
2022,6,B,2,1,2,2,15.449082940501967,-19.523959740094597,34.858927614982804,37.00463561600204
2022,6,B,2,2,1,1,14.269294407894733,-136.8176918859649,45.97220043859649,-33.42337203947368
2022,6,B,2,2,1,2,13.872316146540015,-157.8130483943919,45.243333469018545,-30.192255630936227
2022,6,B,2,2,2,1,17.05642747409061,-123.35993050193065,43.78033294452347,39.88289862223126
2022,6,B,2,2,2,2,17.06114356397373,-82.33978379074824,40.00762739853112,38.53976919469141
2022,6,B,3,0,1,1,,,,
2022,6,B,3,0,1,2,,,,
2022,6,B,3,0,2,1,,,,
2022,6,B,3,0,2,2,,,,
2022,6,B,3,1,1,1,11.3699263888889,-126.22547222222192,36.06977208333333,-29.586413055555553
2022,6,B,3,1,1,2,,,,
2022,6,B,3,1,2,1,14.544568027210858,96.43362585034038,30.6300818367347,34.06804217687075
2022,6,B,3,1,2,2,14.512305137844606,-39.52289473684232,36.620123120300754,34.42044830827068
2022,6,B,3,2,1,1,12.18728319783196,-157.01466124661238,37.59785076784101,-29.45211409214092
2022,6,B,3,2,1,2,13.335774482758637,-107.58875172413809,41.60250144827586,-29.923290413793104
2022,6,B,3,2,2,1,16.349112486802937,-22.137000671849364,35.63231233323736,34.9196882330358
2022,6,B,3,2,2,2,15.8798002283105,-109.80428571428592,35.58380957273321,41.3870584148728
2022,6,T,0,0,1,1,13.843561515887615,-77.59919712436249,40.69856285963016,-31.961873171485138
2022,6,T,0,0,1,2,16.005053239136245,-97.82874380165276,44.29475813649694,-33.096980770461215
2022,6,T,0,0,2,1,17.66480611585871,-42.20673721104231,43.79556823573426,38.701332684991925
2022,6,T,0,0,2,2,16.698159868833855,-36.23499236439193,38.95698495634095,36.857343639765645
2022,6,T,0,1,1,1,15.840697872340428,-145.85585992907772,48.57418182624113,-35.43538856382979
2022,6,T,0,1,1,2,15.827221014898612,-130.89789402934912,45.47298931331914,-37.465142612299765
2022,6,T,0,1,2,1,17.694045466560922,-80.42560877610367,48.24702139571769,40.23647403647898
2022,6,T,0,1,2,2,17.19931217742952,-72.6969433692093,40.78895054450757,37.85873303503787
2022,6,T,0,2,1,1,14.866773584905644,-40.581698113207494,42.97685124418923,-32.57752562209461
2022,6,T,0,2,1,2,15.444739285714277,-89.01131428571443,49.96090785714286,-36.82980428571428
2022,6,T,0,2,2,1,17.250524313725492,-121.36546862745126,48.684406418300654,40.75456100653595
2022,6,T,0,2,2,2,16.178045279187813,-99.97445250181272,41.94942733865119,39.81533696011603
2022,6,T,1,0,1,1,12.238703947368407,-130.86572368421048,37.79300986842105,-28.57881644736842
2022,6,T,1,0,1,2,14.529238903217049,-27.999813764082774,39.237283154608384,-27.89845445907425
2022,6,T,1,0,2,1,14.671192428796331,-29.389417966699966,36.7046902938791,34.29517790897381
2022,6,T,1,0,2,2,13.51521135642588,-71.61234084880653,33.592250798356474,34.7026195311281
2022,6,T,1,1,1,1,15.478903555866793,-86.23121926548401,43.204659718331776,-33.383102116402114
2022,6,T,1,1,1,2,16.01903019607842,-110.8164923747272,45.33181447712418,-35.00276183006536
2022,6,T,1,1,2,1,16.481861553030285,-66.8923219696967,39.46216291666667,39.38901850378788
2022,6,T,1,1,2,2,17.002393462997134,-64.10170254202558,40.19526468327183,39.35102793921689
2022,6,T,1,2,1,1,15.282652222222225,-83.7399425925928,45.01440881481481,-33.99731959259259
2022,6,T,1,2,1,2,16.464216450216426,0.21211896745171543,46.06083722943723,-34.3100316017316
2022,6,T,1,2,2,1,18.263182420442433,-47.975175677274365,50.24209928427777,38.89201828344966
2022,6,T,1,2,2,2,17.03263449347108,-68.21789349127403,43.59241201348723,38.37846731998081
2022,6,T,2,0,1,1,12.239212893553258,-103.7732833583209,37.61637458770615,-27.530143178410793
2022,6,T,2,0,1,2,11.234890600924501,64.5161325115564,32.44214329738058,-27.344983821263483
2022,6,T,2,0,2,1,14.894985714285724,-13.282999999999902,36.64024714285714,35.00960892857143
2022,6,T,2,0,2,2,13.695964675395544,-9.053862520458551,32.93838513366067,31.558566271140208
2022,6,T,2,1,1,1,12.728114893617004,-121.17117730496466,38.90413685106383,-31.629080680851064
2022,6,T,2,1,1,2,10.352472395184748,-168.96905354919045,37.3989102532171,-31.065546492320465
2022,6,T,2,1,2,1,14.245438172267143,-24.173792212123317,33.00583582089553,31.769993854748606
2022,6,T,2,1,2,2,15.024367670217714,-67.88069708198236,36.7536682028717,34.0276225798981
2022,6,T,2,2,1,1,14.553425944841678,-133.57545965270674,44.09868255022131,-34.43501780728635
2022,6,T,2,2,1,2,15.722058987341782,-114.21407341772147,51.26590460759493,-35.46082405063291
2022,6,T,2,2,2,1,16.133259077259055,-70.07399331149281,44.02876758121758,37.45982254299754
2022,6,T,2,2,2,2,17.065758191349914,-116.1603214863926,43.037133497802785,40.45331698404132
2022,6,T,3,0,1,1,,,,
2022,6,T,3,0,1,2,,,,
2022,6,T,3,0,2,1,,,,
2022,6,T,3,0,2,2,,,,
2022,6,T,3,1,1,1,12.048688888888876,-94.13466666666682,36.57806444444444,-27.985666666666667
2022,6,T,3,1,1,2,,,,
2022,6,T,3,1,2,1,16.573575000000005,-121.58866666666654,42.58136583333334,34.56568166666666
2022,6,T,3,1,2,2,13.330839139784956,-126.08028387096783,35.041243096774195,32.91459066666667
2022,6,T,3,2,1,1,13.623625529143595,-65.26250407033558,42.9879129599479,-32.41985177466623
2022,6,T,3,2,1,2,13.49657387495023,-51.35329828753447,47.06375300677021,-32.51134990043807
2022,6,T,3,2,2,1,14.521694724560376,-75.06459371614346,40.721066622218515,33.38132016001334
2022,6,T,3,2,2,2,14.138084313725471,-100.22470098039275,34.39768514705883,34.18064096405229
2022,7,B,0,0,1,1,13.261472968573912,-126.27926330286755,41.44432553900087,-31.75350727432077
2022,7,B,0,0,1,2,15.269746994899123,-124.26160989132859,44.95106187402972,-34.359894934575294
2022,7,B,0,0,2,1,18.50880824935743,-32.84729917180084,46.37792997123741,38.377679981436906
2022,7,B,0,0,2,2,16.169143572515225,-17.525341587784624,37.280691838517015,36.14931634127789
2022,7,B,0,1,1,1,15.486097068372814,-140.39823815889986,46.93845945855615,-36.71660511363636
2022,7,B,0,1,1,2,17.717969809626425,-140.36998204022984,52.50931099137931,-36.0844013829023
2022,7,B,0,1,2,1,18.187482208588975,-91.73656025787659,50.605391702194034,40.27112791515025
2022,7,B,0,1,2,2,17.01473839539031,-16.014338237444917,40.10595286056919,36.11943067507093
2022,7,B,0,2,1,1,15.639737745974955,-115.82440429338067,47.77276121645796,-36.65200924865832
2022,7,B,0,2,1,2,15.198999999999998,-130.027222222222,54.981904629629625,-33.36921666666667
2022,7,B,0,2,2,1,18.379838039867124,-196.0024019933553,49.53356830564785,43.488262392026584
2022,7,B,0,2,2,2,17.58528174019267,-36.55764568699851,43.53533545351065,37.65818158471917
2022,7,B,1,0,1,1,13.136843678160915,-59.989080459769866,37.93595011494253,-29.59703379310345
2022,7,B,1,0,1,2,12.894466457680267,-96.13847648902811,41.57520827586207,-30.319491786833854
2022,7,B,1,0,2,1,15.832069841603612,-38.40568124474339,40.73797617395571,35.481213099243064
2022,7,B,1,0,2,2,14.634592881390518,-43.26054761479327,34.58308014369943,34.618459953036066
2022,7,B,1,1,1,1,15.003641164715958,-126.21689409077953,43.47899400513846,-33.186291428775334
2022,7,B,1,1,1,2,14.867303947808637,-74.51148042823706,46.66461746403479,-34.904301589160255
2022,7,B,1,1,2,1,17.346242405582913,-31.664782430214018,41.36351529146141,37.19942966611932
2022,7,B,1,1,2,2,16.44033203967834,-48.10889063244349,36.00244038305265,37.4408347353378
2022,7,B,1,2,1,1,14.642103322949112,-136.3537724373241,43.46179213024774,-33.07017016763092
2022,7,B,1,2,1,2,14.915077922077927,-207.5334415584416,51.10460649350649,-36.722790909090904
2022,7,B,1,2,2,1,18.7105202000469,-120.46877744783933,50.98234709697586,40.49854728842698
2022,7,B,1,2,2,2,16.658344231698578,-57.84252662100744,39.9721973270676,38.99051874218867
2022,7,B,2,0,1,1,14.250777777777785,-94.2730555555554,42.594452777777775,-28.172891666666665
2022,7,B,2,0,1,2,13.319011133603226,-55.09915991902835,36.4124504048583,-27.1795758097166
2022,7,B,2,0,2,1,14.375625668449203,-116.11206550802171,38.94236504010695,35.09075701871658
2022,7,B,2,0,2,2,14.687376543209893,-19.049230698360134,36.645735737976786,33.61224806522941
2022,7,B,2,1,1,1,12.04878461538462,-49.27076923076902,39.26291432692308,-27.665476057692306
2022,7,B,2,1,1,2,13.069402463054189,-152.7370935960589,44.54488280788178,-31.879008768472907
2022,7,B,2,1,2,1,14.514547955209338,-21.583291139240373,33.610110223953264,36.74116969328141
2022,7,B,2,1,2,2,13.22333585858587,-64.87309343434345,32.34634337121212,32.282154545454546
2022,7,B,2,2,1,1,13.330582770270269,-112.78660472972979,41.406353125,-31.167617736486488
2022,7,B,2,2,1,2,15.595494525972512,-98.69729792685803,45.72259249941766,-34.02322841835546
2022,7,B,2,2,2,1,16.504922916666658,-89.68030208333312,47.00460395833333,38.3403453125
2022,7,B,2,2,2,2,15.217065010169307,-60.910991938052575,37.3240734200789,35.81278525815384
2022,7,B,3,0,1,1,,,,
2022,7,B,3,0,1,2,,,,
2022,7,B,3,0,2,1,,,,
2022,7,B,3,0,2,2,,,,
2022,7,B,3,1,1,1,11.94071818181817,-43.56679545454517,39.516771590909094,-26.825787954545454
2022,7,B,3,1,1,2,,,,
2022,7,B,3,1,2,1,12.882227390180873,5.887054263565915,38.843130749354,32.15011563307493
2022,7,B,3,1,2,2,14.148067941764197,-37.75071938338533,33.193024379103626,34.77659012275193
2022,7,B,3,2,1,1,11.064970000000017,-139.0177777777776,39.77709766666667,-29.53106822222222
2022,7,B,3,2,1,2,11.98177142857142,-77.24912500000028,31.566837857142858,-28.65671053571429
2022,7,B,3,2,2,1,15.93560787765432,-50.48794696886307,43.56122850698647,36.25830732753879
2022,7,B,3,2,2,2,14.649877268602523,-36.329334543254845,34.14932698124622,36.09340059739867
2022,7,T,0,0,1,1,14.779234379793422,-108.93578653236546,43.63316961345741,-32.49276567644954
2022,7,T,0,0,1,2,16.03931686939822,-173.57502667520248,48.29612926803244,-34.54944186939821
2022,7,T,0,0,2,1,16.572016570038755,-68.33812106611003,43.853830029287224,38.18614924575059
2022,7,T,0,0,2,2,16.396822684019995,-26.970097041986264,37.9553133666897,35.805039439334095
2022,7,T,0,1,1,1,15.677921297097683,-125.4489279903064,48.84464240378513,-34.349252057007675
2022,7,T,0,1,1,2,16.629734569377987,-145.4968504784688,48.11616065789474,-34.11683098086124
2022,7,T,0,1,2,1,17.9027218637993,-49.8544605734769,48.266529265232975,39.667188996415774
2022,7,T,0,1,2,2,17.336396466621153,-52.24857179503033,41.707622420819625,38.84343416289124
2022,7,T,0,2,1,1,15.255584909763002,-85.75776842791947,51.841376886279626,-31.081977299412912
2022,7,T,0,2,1,2,13.143729789590253,-193.48059246954563,53.85942519379845,-33.92146483942414
2022,7,T,0,2,2,1,16.938760389036247,-136.556435977815,54.39679824772928,42.99486290491117
2022,7,T,0,2,2,2,17.70966964285715,-94.23105357142867,43.29248070054945,39.71834127747253
2022,7,T,1,0,1,1,13.208075078369916,-99.80405485893425,38.120355877742945,-29.223402586206895
2022,7,T,1,0,1,2,12.67516379310345,-119.35316502463093,41.285673399014776,-28.25282524630542
2022,7,T,1,0,2,1,15.16828296703298,-60.79884222919918,43.3790864599686,37.307408241758246
2022,7,T,1,0,2,2,14.642696324081015,-37.04742004731952,35.14329537999885,33.70363142708754
2022,7,T,1,1,1,1,14.805184466019426,-124.66535970077985,46.653749339487504,-33.296013329619605
2022,7,T,1,1,1,2,15.381942202462355,-117.26820451436379,48.525108173734615,-34.79317055403557
2022,7,T,1,1,2,1,16.32854474688628,-113.75284049819174,47.0026773603857,37.69144158296505
2022,7,T,1,1,2,2,17.03183782767904,-13.633378276790154,38.12855104639037,37.110318390038074
2022,7,T,1,2,1,1,15.135144573002748,-94.51983746556516,48.10375006060606,-31.273343140495868
2022,7,T,1,2,1,2,16.63418368055555,-177.52590972222197,53.959656875,-36.47158694444445
2022,7,T,1,2,2,1,16.660664946296578,-92.39988003905637,51.50861618077835,39.36379469940019
2022,7,T,1,2,2,2,16.492055609915184,-72.26626022379423,43.08494414672086,39.26689116237644
2022,7,T,2,0,1,1,11.302374410774433,-161.48980471380446,36.889337508417505,-29.523327272727276
2022,7,T,2,0,1,2,15.318928571428572,-73.91267857142839,43.06452857142857,-35.03064642857143
2022,7,T,2,0,2,1,13.305773657996696,-62.921486810551414,34.000992731968275,33.11066803172846
2022,7,T,2,0,2,2,14.661357854406134,-79.4118927203067,34.972658390804604,35.30398601532567
2022,7,T,2,1,1,1,12.447329595827881,-140.75737157757476,37.68687066492829,-29.498306492829204
2022,7,T,2,1,1,2,13.43930144230768,-135.35646153846164,44.76501365384616,-29.760985528846156
2022,7,T,2,1,2,1,14.609642809139785,-42.69611895161279,34.288738575268816,33.78713180443549
2022,7,T,2,1,2,2,14.684152549019615,-49.13004901960812,34.534125058823534,35.85933439215687
2022,7,T,2,2,1,1,14.620770361990964,-86.90666742081476,45.05583874434389,-30.948837273755657
2022,7,T,2,2,1,2,15.603799393939397,-232.2491272727275,53.52817412121212,-33.65444733333334
2022,7,T,2,2,2,1,16.172580769230763,-27.71882291666634,43.99144054487179,37.221377219551286
2022,7,T,2,2,2,2,15.465211302211316,-92.03096130221138,39.740984653972156,39.16356408681409
2022,7,T,3,0,1,1,,,,
2022,7,T,3,0,1,2,,,,
2022,7,T,3,0,2,1,,,,
2022,7,T,3,0,2,2,13.250444968553467,-35.79946540880519,25.487418553459122,31.951017767295596
2022,7,T,3,1,1,1,10.736909420289862,-178.2003623188407,39.212132608695654,-27.708214492753623
2022,7,T,3,1,1,2,,,,
2022,7,T,3,1,2,1,14.050761675824191,49.86826923076933,35.70846971153846,28.190419093406593
2022,7,T,3,1,2,2,15.312152560646894,-63.53632614555272,37.20145458221024,34.174609892183284
2022,7,T,3,2,1,1,12.436306507508675,-131.26727762803193,39.238646168656146,-29.90723230650751
2022,7,T,3,2,1,2,12.422891107078016,-160.27130671506347,46.134627586206896,-30.313850816696913
2022,7,T,3,2,2,1,15.46010343104598,-9.183774150566478,35.19236873750833,36.26074495336442
2022,7,T,3,2,2,2,15.502921388524413,-64.86379398783265,37.79782004652272,37.778554127400696
2022,8,B,0,0,1,1,13.982396553434171,-108.7013439127204,44.46846755764939,-29.2797553087032
2022,8,B,0,0,1,2,15.704059687386419,-36.031169029443845,46.74489648491458,-25.263870890585242
2022,8,B,0,0,2,1,17.747550680516483,-29.463250567266186,45.51969911348165,37.45726305402323
2022,8,B,0,0,2,2,15.64489674423308,-13.918524943683224,38.43977365710191,35.78963135900524
2022,8,B,0,1,1,1,15.20107319798845,-101.22330340845565,47.22941274911529,-29.197774287576827
2022,8,B,0,1,1,2,16.71322864506628,-140.33383836524308,59.32253970913108,-32.08111097201767
2022,8,B,0,1,2,1,17.939291839199413,-22.45748084886145,47.02271220324362,39.321995239820566
2022,8,B,0,1,2,2,16.53223894461223,-51.21031808484122,42.15333603529967,37.44564561109418
2022,8,B,0,2,1,1,14.191762814538649,-142.8693024231129,51.21290438024231,-34.096845852749304
2022,8,B,0,2,1,2,15.549303118908384,-128.69039571150097,57.666516666666666,-25.221907407407407
2022,8,B,0,2,2,1,18.20282950030102,-39.14572907886759,50.63441240216737,40.03950762191451
2022,8,B,0,2,2,2,15.270114498645,-98.16814137308029,41.99881160042156,37.69322665612768
2022,8,B,1,0,1,1,13.350919817927178,-137.40637955182092,37.92342198879552,-27.847820413165266
2022,8,B,1,0,1,2,12.78263430012612,-125.23622740647306,41.185757713324925,-26.061502080706177
2022,8,B,1,0,2,1,16.326060198809017,-33.06788358805261,42.08796084760294,37.45844573070417
2022,8,B,1,0,2,2,14.86894563299299,-18.391800006609174,37.648008866197415,35.07557995770133
2022,8,B,1,1,1,1,14.453694419682648,-74.28846674986653,43.81471085755037,-25.460880049919773
2022,8,B,1,1,1,2,14.55099061032864,-92.93925942753276,44.173658761169165,-27.378088172043007
2022,8,B,1,1,2,1,16.97119688172043,-34.9940182795699,45.42715883870968,36.65446264516129
2022,8,B,1,1,2,2,15.150476724137945,-19.029337604846205,39.519951022833176,35.27302058946878
2022,8,B,1,2,1,1,13.895904887218052,-125.4076823308269,46.27348323308271,-27.5739167481203
2022,8,B,1,2,1,2,14.541286842105265,-171.8627376518216,57.239876700404864,-30.65550613360324
2022,8,B,1,2,2,1,16.18482449922959,-68.96250770416009,47.04127932973806,37.078896987673346
2022,8,B,1,2,2,2,14.913930763384457,-41.99884725003267,42.93991018284394,34.63015938116605
2022,8,B,2,0,1,1,14.263943143812696,-32.68510033444818,36.46718327759198,-28.414392474916387
2022,8,B,2,0,1,2,,,,
2022,8,B,2,0,2,1,14.982190476190482,-64.1200970017635,33.69120233686067,34.12610343915344
2022,8,B,2,0,2,2,15.606777476415118,-32.358496462264156,35.28724075471698,34.70637860849057
2022,8,B,2,1,1,1,11.424446833930716,-157.22268817204304,37.629340203106324,-26.72382622461171
2022,8,B,2,1,1,2,10.3516464285714,-84.405642857143,38.44942999999999,-22.102795
2022,8,B,2,1,2,1,15.78327156862747,3.1912737556563116,41.40518022624434,34.97347226244344
2022,8,B,2,1,2,2,15.497432748537989,-34.50506113769279,40.541470281765015,34.32574848484848
2022,8,B,2,2,1,1,13.731144578313248,-133.21735226620785,42.15090811818703,-29.512728600114748
2022,8,B,2,2,1,2,14.711599554069139,-77.43776811594216,50.51558138238573,-31.515010501672236
2022,8,B,2,2,2,1,16.640884666288514,-86.88293514842098,48.958980094535825,39.39503612024958
2022,8,B,2,2,2,2,15.578324115223012,-32.79660349410551,38.41888624555591,34.817991853183585
2022,8,B,3,0,1,1,,,,
2022,8,B,3,0,1,2,,,,
2022,8,B,3,0,2,1,,,,
2022,8,B,3,0,2,2,,,,
2022,8,B,3,1,1,1,,,,
2022,8,B,3,1,1,2,,,,
2022,8,B,3,1,2,1,16.495814536340845,-50.55159147869654,35.902673809523804,34.59233558897243
2022,8,B,3,1,2,2,14.229775862068976,-80.06303973013519,37.49068796851575,35.16404823838081
2022,8,B,3,2,1,1,11.841059025394657,-125.60134522992439,38.61921969800961,-26.78460995195607
2022,8,B,3,2,1,2,12.25127454545455,-136.6877999999997,43.267481818181814,-20.712786
2022,8,B,3,2,2,1,16.614191287878782,-30.740499999999884,44.41014484848485,35.65387571969697
2022,8,B,3,2,2,2,15.422262752003888,-39.56994656303095,40.93909048457615,35.08500443283945
2022,8,T,0,0,1,1,14.333715583881585,-122.98080496162311,43.865522981085526,-30.359494875274123
2022,8,T,0,0,1,2,15.650670266078023,-108.7718619496477,48.086384267987114,-31.6043100524997
2022,8,T,0,0,2,1,18.03415962192085,10.764529302270603,42.76012585994879,37.044173184505766
2022,8,T,0,0,2,2,17.17422423881807,-30.6686258967884,39.71793452857248,36.0456214990478
2022,8,T,0,1,1,1,16.147702229809013,-170.171388029446,50.86102681105303,-32.72508215085885
2022,8,T,0,1,1,2,15.981668552569559,-179.98260537482338,51.61971450259311,-33.05997673738803
2022,8,T,0,1,2,1,19.429394767899282,1.6045944138472805,51.930353863099924,40.4722190833989
2022,8,T,0,1,2,2,17.1091962029938,-20.049715589631433,41.79556109529025,37.93024903979554
2022,8,T,0,2,1,1,14.333655594405599,-163.97445054945047,50.76778663836163,-30.299066783216784
2022,8,T,0,2,1,2,16.425968085106376,-149.99689034369885,61.16675454173486,-34.89375822422258
2022,8,T,0,2,2,1,16.354198022312374,-34.51635649087211,49.461277079107504,37.95356037018256
2022,8,T,0,2,2,2,17.22684986413043,-85.94582955917895,43.65072390549517,37.968259903381636
2022,8,T,1,0,1,1,13.297124725274728,-137.00484065934006,41.368262692307695,-30.844234212454214
2022,8,T,1,0,1,2,13.90681763217097,-176.83391169853803,42.97169059336333,-30.59330892857143
2022,8,T,1,0,2,1,17.00816015151517,-38.52388636363639,40.210513585858585,37.933893530303024
2022,8,T,1,0,2,2,15.59808562500001,-15.261344999999892,36.6947985375,33.782571929166664
2022,8,T,1,1,1,1,14.121175542740843,-119.87810210312136,43.86843707598372,-30.009830037313435
2022,8,T,1,1,1,2,15.00371139240508,-86.3462717299576,46.53682985654008,-30.94576757805907
2022,8,T,1,1,2,1,17.13795550603797,-1.9932480352695165,43.96499521516197,38.42308557839755
2022,8,T,1,1,2,2,17.030705441903976,-20.680087845968956,42.14669310469314,36.51320152961626
2022,8,T,1,2,1,1,14.84777703276184,-200.96405941266312,51.80804918519776,-34.19447001358004
2022,8,T,1,2,1,2,16.74249894514766,-213.04618670886111,54.88899193037975,-33.96686093530239
2022,8,T,1,2,2,1,16.3922975442604,-56.74657243479942,46.87553823529411,38.45898216257377
2022,8,T,1,2,2,2,15.688189654414032,-40.97492646951014,42.17738894476782,36.72894585722035
2022,8,T,2,0,1,1,12.34997368421054,-118.72300877192947,42.02949236842105,-28.106552631578943
2022,8,T,2,0,1,2,,,,
2022,8,T,2,0,2,1,13.941837499999991,37.384104166666475,29.93807333333333,34.10389479166666
2022,8,T,2,0,2,2,15.523761904761898,49.88514455782297,35.424517006802716,31.021867942176875
2022,8,T,2,1,1,1,12.061373579545432,-110.16012784090935,41.07362485795454,-28.72114786931818
2022,8,T,2,1,1,2,12.655610256410228,-130.6878589743592,42.88754525641025,-30.20298205128205
2022,8,T,2,1,2,1,16.77110159118726,-23.910183598531603,37.98744576907385,40.55011702978376
2022,8,T,2,1,2,2,16.25854643805846,-13.288687756580202,37.81827022941318,33.57556408113982
2022,8,T,2,2,1,1,13.618779719317558,-178.15396807925163,46.3490970143093,-27.925301774903687
2022,8,T,2,2,1,2,15.286234816247585,-136.9903810444871,47.43177454545454,-30.22835319148936
2022,8,T,2,2,2,1,16.17822699642886,-98.24678671833453,47.16209330977889,39.01037051515842
2022,8,T,2,2,2,2,16.260546158352867,-37.21757365249414,41.36147201623703,36.190278134415806
2022,8,T,3,0,1,1,,,,
2022,8,T,3,0,1,2,,,,
2022,8,T,3,0,2,1,,,,
2022,8,T,3,0,2,2,,,,
2022,8,T,3,1,1,1,11.4052476190476,-188.77638095238126,45.28954952380953,-28.335866666666668
2022,8,T,3,1,1,2,,,,
2022,8,T,3,1,2,1,14.62294146825397,-42.01435515873027,31.211345238095237,37.231499404761905
2022,8,T,3,1,2,2,15.269194375000012,44.989174999999705,33.19998753125,34.0677661875
2022,8,T,3,2,1,1,12.605650406504026,-144.06420054200544,37.65880957542908,-27.887994399277325
2022,8,T,3,2,1,2,12.598334558823524,-82.77649509803905,41.33266011029412,-29.87461917892157
2022,8,T,3,2,2,1,17.142665133779246,-37.640484949832626,40.16211555183946,35.09630610367893
2022,8,T,3,2,2,2,16.944603431409433,-45.19729249755483,43.05443180073745,36.74005485740086
2022,9,B,0,0,1,1,14.279511218568672,-92.42562475822024,47.437816363636365,-28.852706092843327
2022,9,B,0,0,1,2,16.48471531436597,-126.72674569722494,46.00667226905515,-32.785105145767474
2022,9,B,0,0,2,1,17.740294354532352,39.69633082592509,47.0621573512651,35.58761876377175
2022,9,B,0,0,2,2,15.867983210929282,35.375513684499765,40.71704722550773,31.487210979232565
2022,9,B,0,1,1,1,16.97345161290322,-99.64083632019174,51.31004086021505,-33.43
2022,9,B,0,1,1,2,15.956865277777766,-41.31549652777812,50.39334333333333,-32.053043055555555
2022,9,B,0,1,2,1,18.33285855899416,43.45324387491928,52.580588636363636,39.37550930851064
2022,9,B,0,1,2,2,16.47278028128588,17.545403989666738,42.35120304247991,34.366248679678534
2022,9,B,0,2,1,1,15.53013622291023,-92.21653250774034,50.78870092879257,-30.047988854489162
2022,9,B,0,2,1,2,16.762500000000003,-75.03749999999991,64.47478125,-30.601687500000004
2022,9,B,0,2,2,1,16.58186960167714,-51.532180293500915,52.08130195667366,38.87055106918239
2022,9,B,0,2,2,2,15.625400377952758,-33.6289518110234,42.39581362519685,37.25973592440945
2022,9,B,1,0,1,1,12.54546480231437,-107.90232401157164,40.3278868852459,-24.541105593056898
2022,9,B,1,0,1,2,13.056653361344559,-142.92319327731093,34.65901995798319,-26.16795231092437
2022,9,B,1,0,2,1,15.072184630445435,5.026365149290086,42.03130905531082,30.225079539892313
2022,9,B,1,0,2,2,14.536623365300755,71.07379347089045,37.57745665988569,27.747496163905844
2022,9,B,1,1,1,1,14.712761051373974,-165.84189964157713,41.24892198327359,-29.45685268817204
2022,9,B,1,1,1,2,18.112865789473688,-48.13452631578912,55.89276394736842,-34.65598289473684
2022,9,B,1,1,2,1,15.417118915009041,1.4164216998192387,42.357813880650994,34.69677977576853
2022,9,B,1,1,2,2,15.31974024390243,9.327939024390162,42.384986463414634,33.40474963414634
2022,9,B,1,2,1,1,14.844238948626042,-85.79777777777781,48.00481851851852,-32.78014205495818
2022,9,B,1,2,1,2,14.643408653846151,-40.09954326923025,55.734465865384614,-27.992721875
2022,9,B,1,2,2,1,17.46851341365462,-35.61020562248996,47.58691108433735,41.18474579116466
2022,9,B,1,2,2,2,15.19490888857979,-3.2086079446116855,47.90383753651412,32.505308394769784
2022,9,B,2,0,1,1,,,,
2022,9,B,2,0,1,2,,,,
2022,9,B,2,0,2,1,15.003441964285713,27.611741071428696,33.87930967261905,29.88872321428571
2022,9,B,2,0,2,2,13.866525000000024,10.690155797101397,36.05123344202899,26.59943956521739
2022,9,B,2,1,1,1,12.570826839826879,-59.02571428571446,41.17806493506494,-27.17341515151515
2022,9,B,2,1,1,2,13.547337662337654,-103.81571428571442,36.13525346320347,-28.96722727272727
2022,9,B,2,1,2,1,13.350127232142881,77.91177083333332,32.18311904761905,26.710158296130952
2022,9,B,2,1,2,2,15.630279761904774,63.551734693877734,40.24144149659863,30.8077162414966
2022,9,B,2,2,1,1,13.453005444646067,-115.68021778584398,48.14638402903811,-30.04827186932849
2022,9,B,2,2,1,2,14.240374545454557,-237.9771272727271,48.99059672727273,-31.29349018181818
2022,9,B,2,2,2,1,15.001203634669167,14.501824324323934,42.52933849021436,32.16002788909599
2022,9,B,2,2,2,2,14.77967244401168,-5.905574488802358,43.3804146835443,32.97047396299902
2022,9,B,3,0,2,1,,,,
2022,9,B,3,0,2,2,,,,
2022,9,B,3,1,1,1,,,,
2022,9,B,3,1,1,2,,,,
2022,9,B,3,1,2,1,,,,
2022,9,B,3,1,2,2,,,,
2022,9,B,3,2,1,1,11.946540106951886,-176.11636363636353,35.800823529411765,-31.32846203208556
2022,9,B,3,2,1,2,,,,
2022,9,B,3,2,2,1,16.005809571038924,-28.772524175552007,46.46864911976196,33.8451819489214
2022,9,B,3,2,2,2,13.680411648957119,69.87462154007608,37.1517924701561,26.534466837203198
2022,9,T,0,0,1,1,15.173672827743914,-53.77861471036613,44.08404775152439,-30.34316272865854
2022,9,T,0,0,1,2,14.233808708749805,-106.39217239490608,46.74263107627002,-29.194627166917705
2022,9,T,0,0,2,1,18.030791747912218,5.879612979310423,45.53484032774794,35.399960422860914
2022,9,T,0,0,2,2,15.76728557658808,16.635787481128318,40.74566379369411,33.05396017593775
2022,9,T,0,1,1,1,14.383262829650747,-80.3450302922306,48.02561372059872,-26.955406290092657
2022,9,T,0,1,1,2,17.948507569386038,-126.30630782169874,54.26869562657696,-33.2342649705635
2022,9,T,0,1,2,1,17.514710867317802,-27.76840176518681,47.83339343455384,36.80990704840377
2022,9,T,0,1,2,2,16.354329265508824,-1.8076018755591576,43.0826462586503,34.569929566276954
2022,9,T,0,2,1,1,15.59193322734501,-86.83051987281397,50.4674472972973,-34.242441653418126
2022,9,T,0,2,1,2,15.205044230769246,-170.5654038461539,59.52450076923077,-32.46089
2022,9,T,0,2,2,1,17.467744016227186,-49.99956997971594,53.500095044914524,40.48101990727325
2022,9,T,0,2,2,2,16.03452538108627,-70.67794837100155,46.50177327639062,35.73044204317216
2022,9,T,1,0,1,1,15.572747926267283,-112.97660368663583,44.47352889400921,-32.7172401843318
2022,9,T,1,0,1,2,12.188883809523844,-55.30477619047633,41.89633128571428,-24.47077895238095
2022,9,T,1,0,2,1,15.162352486047695,-44.259334094368114,41.10358782343988,32.73547044647387
2022,9,T,1,0,2,2,15.800308538953345,9.37447146578279,40.019550089983426,32.60625536822164
2022,9,T,1,1,1,1,13.9420072874494,-117.06429149797577,45.09464623481781,-29.05689395411606
2022,9,T,1,1,1,2,17.26892105263157,-160.83026315789493,53.43965394736842,-33.685075
2022,9,T,1,1,2,1,16.170246036585354,30.23218495934998,45.906041565040645,33.56294197154472
2022,9,T,1,1,2,2,15.854131504684773,1.0329284712793196,40.078971236062586,32.75679894175772
2022,9,T,1,2,1,1,14.119831303063876,-105.89035437430812,49.55567995570321,-29.99791362126246
2022,9,T,1,2,1,2,14.300892929292928,-139.93858585858607,51.89162525252525,-31.759319595959596
2022,9,T,1,2,2,1,16.667773314339996,-59.858926875593625,50.43739425134537,37.88500738841405
2022,9,T,1,2,2,2,16.221817214700195,-24.332619968683957,45.81881869070646,34.37988035599153
2022,9,T,2,0,1,1,,,,
2022,9,T,2,0,1,2,,,,
2022,9,T,2,0,2,1,14.128240457311449,-23.453145860224595,34.11827774294672,28.685573096072282
2022,9,T,2,0,2,2,16.679586956521746,14.363700537372097,39.32040893991207,35.19239298974109
2022,9,T,2,1,1,1,13.607348530901703,-92.66941236068897,40.45935815602837,-29.236804863221884
2022,9,T,2,1,1,2,14.139264119601322,-82.9121594684384,46.094092524916945,-28.70701561461794
2022,9,T,2,1,2,1,14.719167742706844,14.673426590147756,36.76594140363463,29.51612431850789
2022,9,T,2,1,2,2,16.334544075721283,-35.01738168548309,39.97676338807161,33.03210789143574
2022,9,T,2,2,1,1,14.207524609843915,-64.50041216486579,45.831261264505805,-29.53195474189676
2022,9,T,2,2,1,2,14.390472835314085,-99.08894736842103,47.075659337860785,-33.68657427843803
2022,9,T,2,2,2,1,15.855057188425633,-52.46808498519022,48.24892931761221,35.010785264297105
2022,9,T,2,2,2,2,15.259373839662459,-24.153178119349377,39.62814755374723,33.667171157323686
2022,9,T,3,0,1,1,,,,
2022,9,T,3,0,1,2,,,,
2022,9,T,3,0,2,1,,,,
2022,9,T,3,0,2,2,,,,
2022,9,T,3,1,1,1,,,,
2022,9,T,3,1,1,2,,,,
2022,9,T,3,1,2,1,15.78100367647059,-25.829007352941517,41.617198529411766,31.81411580882353
2022,9,T,3,1,2,2,12.61112967032966,39.36468131868105,35.3750043956044,28.13736197802198
2022,9,T,3,2,1,1,15.034943438913999,-71.29380090497716,40.39415339366515,-30.968106561085975
2022,9,T,3,2,1,2,16.802244230769247,-155.41515384615377,49.54593538461539,-30.146362307692307
2022,9,T,3,2,2,1,14.436477927927939,-33.83686036036033,41.22553612612613,33.1205359009009
2022,9,T,3,2,2,2,16.907046613457453,-7.743670324797677,42.69083941359051,32.976316766433875
2022,10,B,0,0,1,1,,,,
2022,10,B,0,0,1,2,,,,
2022,10,B,0,0,2,1,17.982909090909104,-129.26266666666652,33.48634969696969,36.701329696969694
2022,10,B,0,0,2,2,16.318831309041826,37.16001349527642,37.188992577597844,32.40067800269906
2022,10,B,0,1,2,1,,,,
2022,10,B,0,1,2,2,16.61521064814812,99.34006944444445,35.62834791666666,34.70220532407407
2022,10,B,0,2,2,2,18.11206249999998,-63.73333333333312,47.76529166666668,36.68664375
2022,10,B,1,0,2,1,21.379008097165993,41.642955465586965,31.843310121457492,39.05617854251012
2022,10,B,1,0,2,2,12.699384615384616,24.517307692307895,36.04633461538462,31.727876923076924
2022,10,B,1,1,2,1,,,,
2022,10,B,1,1,2,2,8.988474747474726,23.595252525252363,24.538457070707068,32.26044646464646
2022,10,B,1,2,2,2,17.703582633053202,-21.874061624649585,48.906542016806725,32.674994957983195
2022,10,B,2,0,2,2,,,,
2022,10,B,2,1,2,2,,,,
2022,10,B,2,2,2,1,,,,
2022,10,B,2,2,2,2,,,,
2022,10,B,3,2,2,2,,,,
2022,10,T,0,0,1,1,13.498678362573088,-92.01874269005839,37.158009356725145,-33.88867894736842
2022,10,T,0,0,1,2,12.134416666666652,-196.17400000000043,46.385664999999996,-30.577595
2022,10,T,0,0,2,1,19.969433014354067,79.94507177033529,49.16003648325359,40.40191519138756
2022,10,T,0,0,2,2,16.040220695970703,98.64352564102546,36.75710054945055,30.644352014652014
2022,10,T,0,1,1,1,,,,
2022,10,T,0,1,2,1,,,,
2022,10,T,0,1,2,2,14.494832500000001,127.11527500000011,38.187881499999996,29.741472500000004
2022,10,T,0,2,2,1,,,,
2022,10,T,0,2,2,2,,,,
2022,10,T,1,0,1,1,,,,
2022,10,T,1,0,1,2,,,,
2022,10,T,1,0,2,1,16.85077619047621,-26.74047619047633,49.30473809523809,35.873489285714285
2022,10,T,1,0,2,2,16.159093333333345,14.065366666666705,37.67872366666667,35.81678766666667
2022,10,T,1,1,1,1,,,,
2022,10,T,1,1,1,2,,,,
2022,10,T,1,1,2,1,18.48763768115944,173.16724637681136,44.56150760869565,33.41761231884058
2022,10,T,1,1,2,2,14.129839009287934,14.879597523220127,35.54314272445821,31.92894086687307
2022,10,T,1,2,2,1,16.775012500000003,132.60975000000008,52.922084999999996,41.71730375
2022,10,T,1,2,2,2,17.162095238095247,54.54571428571444,39.968829523809525,32.6974419047619
2022,10,T,2,0,2,1,,,,
2022,10,T,2,1,2,1,,,,
2022,10,T,2,1,2,2,,,,
2022,10,T,2,2,2,1,17.09655023923446,-1.3895215311003994,55.668180861244025,37.22948564593302
2022,10,T,2,2,2,2,15.45076666666668,10.244190476190397,41.42551809523809,37.78282333333333
2022,10,T,3,2,2,1,20.124076923076956,-174.70335664335653,60.63566013986014,42.036314685314686
2022,11,B,0,0,2,1,,,,
2022,11,B,0,0,2,2,18.641331578947373,61.798192982456385,41.582210701754384,34.181837894736844
2022,11,B,0,1,2,1,,,,
2022,11,B,0,1,2,2,14.791800000000023,52.12128571428548,48.79597285714286,39.20978285714286
2022,11,B,0,2,2,2,,,,
2022,11,B,1,0,2,1,,,,
2022,11,B,1,0,2,2,,,,
2022,11,B,1,1,2,2,,,,
2022,11,B,2,2,2,2,,,,
2022,11,T,0,0,2,1,,,,
2022,11,T,0,0,2,2,12.610458417849884,-69.9391886409735,22.32831176470588,37.02998803245436
2022,11,T,0,1,2,1,,,,
2022,11,T,0,1,2,2,12.492127272727288,-99.53463636363676,30.020639999999993,41.51192181818182
2022,11,T,1,0,2,1,,,,
2022,11,T,1,0,2,2,,,,
2022,11,T,1,1,2,1,,,,
2022,11,T,1,1,2,2,,,,
2022,11,T,2,2,2,2,,,,
2022,11,T,3,2,2,1,,,,
2022,12,B,0,0,2,1,,,,
2022,12,B,0,0,2,2,16.119161538461526,-135.61915384615395,52.383126153846156,26.974226153846153
2022,12,B,3,2,2,2,,,,
2022,12,T,0,0,1,1,,,,
2022,12,T,0,0,2,1,,,,
2022,12,T,0,0,2,2,12.783737179487161,114.21051282051258,30.968881410256408,33.33414551282051
2022,12,T,0,1,2,2,,,,
2023,1,B,0,0,1,1,14.762822057679486,-63.988531062458605,41.772535478717494,-35.64876679123138
2023,1,B,0,0,1,2,15.659646579227214,-181.79777880184338,45.38010639489542,-37.45418205955335
2023,1,B,0,0,2,1,16.80733381273903,-52.803038959137666,44.440856062148804,38.25162660256206
2023,1,B,0,0,2,2,16.881553940640117,-71.29789202996062,41.51481540826541,37.47968499681948
2023,1,B,0,1,1,1,16.131893510898294,-114.99298768018343,47.520226624769315,-37.178872302858
2023,1,B,0,1,1,2,17.312049593723728,-150.22204819277067,53.13327744466237,-39.92396028299244
2023,1,B,0,1,2,1,18.95436593044296,-74.39805284945805,49.72425552787486,40.76126694801815
2023,1,B,0,1,2,2,17.569896479021722,-103.39040691545415,44.286073866751,38.97752058823529
2023,1,B,0,2,1,1,13.882980496453882,-126.02640070922007,46.84174671985816,-38.768989125295505
2023,1,B,0,2,1,2,16.056126050420175,-213.37027647058812,53.52396323529412,-47.964797184873945
2023,1,B,0,2,2,1,17.97119027498323,-125.57635077129498,47.809096706908115,49.255985224681424
2023,1,B,0,2,2,2,16.60837014334618,-84.88335472828385,43.32664961489089,41.19799637355584
2023,1,B,1,0,1,1,13.167061414392066,-108.03701819685693,40.04259904880066,-33.62797775020678
2023,1,B,1,0,1,2,13.494260133974564,-98.47087255238739,38.73338141532119,-33.06996116454826
2023,1,B,1,0,2,1,13.83850691244237,-39.5371543778806,36.69111532258064,37.766358294930875
2023,1,B,1,0,2,2,14.221581679411173,-79.61210527823141,37.70865082338116,34.32087481885615
2023,1,B,1,1,1,1,14.736808264462809,-123.9390578512398,41.721903636363635,-35.360526446280986
2023,1,B,1,1,1,2,16.149332551935984,-150.1085668094738,45.56520662840514,-36.27992151806645
2023,1,B,1,1,2,1,15.721009545454535,-57.91348441558466,37.09084039610389,36.91510141558442
2023,1,B,1,1,2,2,15.966937808043753,-86.89388412017206,40.28562367264294,35.62290444586737
2023,1,B,1,2,1,1,15.437300000000008,-135.8160909090907,44.51130454545455,-36.36826090909091
2023,1,B,1,2,1,2,17.030773710073703,-152.86889680589684,53.38288223587224,-45.10590783783784
2023,1,B,1,2,2,1,16.436845394891037,-112.1330262479496,42.742476407311926,39.8242458284509
2023,1,B,1,2,2,2,17.163141483066852,-67.13781770112064,42.828057215158,40.409160005035886
2023,1,B,2,0,1,1,11.667701120797005,-154.73161892901635,35.14932297633874,-33.36905902864259
2023,1,B,2,0,1,2,13.139818656716415,-80.4382164179101,37.514497164179105,-32.69588708955224
2023,1,B,2,0,2,1,11.083535221496021,-31.934811183733018,36.33043253449528,31.10143253449528
2023,1,B,2,0,2,2,13.971896897810211,-128.6029457768509,35.58849678050052,34.27746861313869
2023,1,B,2,1,1,1,11.637774650913002,-153.97669602577844,37.26688438238453,-30.42540859291085
2023,1,B,2,1,1,2,11.72441548496883,-129.5128786159953,36.7639743902439,-30.274747249007373
2023,1,B,2,1,2,1,12.344504675561637,-101.41662390238344,34.533452617174135,32.342271353632114
2023,1,B,2,1,2,2,13.5036940500338,-74.04043948613935,34.854255848546316,32.865270013522654
2023,1,B,2,2,1,1,15.611325106786921,-144.77487185571863,45.27762161841481,-38.17002823920266
2023,1,B,2,2,1,2,15.689190968191312,-205.02861156257268,48.762226828418854,-38.66999753889018
2023,1,B,2,2,2,1,15.090879584669409,-123.08647045350426,41.282034104443426,41.650218728050085
2023,1,B,2,2,2,2,15.567418826017985,-79.01484223514854,40.07103215230037,36.56229192667019
2023,1,B,3,0,1,1,,,,
2023,1,B,3,0,1,2,,,,
2023,1,B,3,0,2,1,,,,
2023,1,B,3,0,2,2,11.224341666666675,-114.24958333333325,35.6485425,36.72368083333333
2023,1,B,3,1,1,1,11.786630769230783,-141.66400000000021,38.53292444444445,-33.53109418803419
2023,1,B,3,1,1,2,10.25911219512193,-259.6098780487805,29.15705219512195,-24.580515609756098
2023,1,B,3,1,2,1,10.871461229946561,-140.7800623885919,33.54828235294118,33.0377426916221
2023,1,B,3,1,2,2,12.405437500000005,-218.3873790322582,37.41420809811828,32.72352930107527
2023,1,B,3,2,1,1,11.629242527173915,-165.42049592391322,40.713425747282606,-31.67493328804348
2023,1,B,3,2,1,2,13.314849637681164,-164.3434329710144,40.1208535326087,-34.3971625
2023,1,B,3,2,2,1,13.864919422150905,-77.8648911717496,36.49489858747994,38.55533563402889
2023,1,B,3,2,2,2,14.252499665551852,-118.06462876254182,40.42521023411372,33.8790606354515
2023,1,T,0,0,1,1,14.369413391811861,-65.85264463820795,39.87435623023293,-35.581227970085095
2023,1,T,0,0,1,2,15.094392427510186,-125.11069027078838,41.899304970045534,-36.36800781931464
2023,1,T,0,0,2,1,17.409449850187258,-38.77673576779034,44.90105078558053,37.62897029868914
2023,1,T,0,0,2,2,17.629291388339468,-71.96389924031291,43.97165824249303,39.14896279050166
2023,1,T,0,1,1,1,15.739465981470772,-98.59374734607218,44.97809662709902,-34.36914390079135
2023,1,T,0,1,1,2,17.770169016663615,-98.54778703534157,48.15288001281816,-43.58570382713789
2023,1,T,0,1,2,1,18.063290806006748,-68.44858831341298,45.97411185514353,40.46154044641945
2023,1,T,0,1,2,2,18.3236475553432,-97.71261586239825,46.75682666029623,40.4151121516165
2023,1,T,0,2,1,1,18.187749999999994,-146.78712770562788,49.55261567099567,-40.48697222943723
2023,1,T,0,2,1,2,14.973818215752175,-127.55893094438215,41.800012094064954,-41.2220773422919
2023,1,T,0,2,2,1,16.75740024781686,-103.92321611202897,48.147535166391314,40.945962103689716
2023,1,T,0,2,2,2,17.48035372872431,-118.04645815055255,48.08624266976663,40.611933154939464
2023,1,T,1,0,1,1,14.161037190586512,-88.0467638092914,38.91368247774662,-36.80733745884648
2023,1,T,1,0,1,2,13.565767090754889,-97.99388973706482,39.34782720949958,-36.040171993214585
2023,1,T,1,0,2,1,14.010480432986554,-64.55553170682379,34.96576164325819,35.28055209327421
2023,1,T,1,0,2,2,14.313334307610063,-109.21082569951841,35.709423571555874,35.22173310639815
2023,1,T,1,1,1,1,13.909611452991442,-73.52419914529946,37.0481551025641,-33.90239574358974
2023,1,T,1,1,1,2,15.424528481419543,-142.792175646136,43.36943219750546,-37.807632763276324
2023,1,T,1,1,2,1,16.196461165292817,-60.39368604874835,41.07615086205621,39.132938683754865
2023,1,T,1,1,2,2,16.842431550085962,-106.67436177721447,40.6600987385757,40.864946068229116
2023,1,T,1,2,1,1,16.19811687267611,-134.95490804944257,43.74358926741031,-40.69062054064918
2023,1,T,1,2,1,2,15.460892296918757,-146.00562394957979,45.04042585434174,-38.034633025210084
2023,1,T,1,2,2,1,17.302782795799175,-80.26183165548127,46.623598222719366,41.03096203082277
2023,1,T,1,2,2,2,17.684358976276542,-114.86003552287139,45.941318849972994,39.809099732020435
2023,1,T,2,0,1,1,9.827140522875823,-140.88705882352951,33.29388529411764,-32.80635294117647
2023,1,T,2,0,1,2,7.5705702341136885,-157.28608695652156,29.401245652173913,-29.451370568561877
2023,1,T,2,0,2,1,13.327914067914065,-134.8197920997918,35.36047318087318,33.45934449064449
2023,1,T,2,0,2,2,13.425302619692872,-137.47360433604308,35.307404652213194,33.46288663053298
2023,1,T,2,1,1,1,12.561922672672694,-124.74536036036034,39.31696861861862,-37.132128903903904
2023,1,T,2,1,1,2,11.651589783281736,-118.23791537667694,35.50867048503612,-31.14698059855521
2023,1,T,2,1,2,1,13.905323517628204,-59.019171674679455,35.481375380608974,34.35505656049679
2023,1,T,2,1,2,2,13.555640659169,-78.97636676038701,35.372377249297095,36.08318677756951
2023,1,T,2,2,1,1,14.250563330244063,-93.77250046339168,42.693251575532905,-36.48535608588199
2023,1,T,2,2,1,2,13.740101898734196,-197.6277616033758,42.018661708860755,-37.67927135021097
2023,1,T,2,2,2,1,17.189548677884602,-113.33630837912096,45.42300413375687,39.155983705357144
2023,1,T,2,2,2,2,15.953874566684902,-125.08325396825376,38.72226253420909,39.66349338624339
2023,1,T,3,0,1,1,,,,
2023,1,T,3,0,1,2,,,,
2023,1,T,3,0,2,1,,,,
2023,1,T,3,0,2,2,,,,
2023,1,T,3,1,1,1,12.487558823529412,7.708823529412257,37.376167914438504,-35.74929385026738
2023,1,T,3,1,1,2,,,,
2023,1,T,3,1,2,1,11.54452431561998,-168.7356553945251,34.4143006763285,36.09158183574879
2023,1,T,3,1,2,2,15.706171296296276,-118.83787500000017,38.67532652777778,36.317905046296296
2023,1,T,3,2,1,1,13.77236363636365,-70.4329383116883,36.430164772727274,-34.56572159090909
2023,1,T,3,2,1,2,11.464557142857132,-184.2649523809523,35.51130333333333,-32.001999047619044
2023,1,T,3,2,2,1,15.316760468234321,-51.99823948019775,39.57594778259076,37.29573771142739
2023,1,T,3,2,2,2,15.234234995586945,-117.03162069726386,40.59302907105032,39.74157249558694
2023,2,B,0,0,1,1,14.696753790104594,-94.53692815450313,40.811786032436245,-33.729751149763
2023,2,B,0,0,1,2,16.429490439924166,-106.17862107822657,44.29489621453131,-34.99159985110918
2023,2,B,0,0,2,1,15.947332431300794,-115.3197523278991,44.53084663581006,37.10165189872842
2023,2,B,0,0,2,2,16.623342721551452,-51.86948309444642,40.28361766273018,37.03196931572549
2023,2,B,0,1,1,1,15.456292962962962,-135.529262962963,48.35549688888889,-35.86270003703704
2023,2,B,0,1,1,2,16.217834754468853,-118.16109903431288,48.69847830799261,-37.982190065748924
2023,2,B,0,1,2,1,18.157529916933456,-118.79238946093301,48.632344202647744,43.34775220212858
2023,2,B,0,1,2,2,17.913782095906427,-111.75015438596529,45.572424278362575,39.4169742362573
2023,2,B,0,2,1,1,13.749932936507946,-142.2913928571429,43.7696823015873,-37.073252936507934
2023,2,B,0,2,1,2,16.484361111111113,-200.63040404040385,53.56678636363637,-43.65596717171717
2023,2,B,0,2,2,1,18.577891660727033,-137.83967807080035,49.94941815157995,44.16923058921359
2023,2,B,0,2,2,2,16.365815824537776,-152.489910172917,48.8837985440527,38.80334389175837
2023,2,B,1,0,1,1,12.427751117734715,-98.11580774962704,39.40658619970194,-32.23602639344263
2023,2,B,1,0,1,2,12.50383080213905,-115.06889839572204,36.67215435294117,-32.71644602495544
2023,2,B,1,0,2,1,12.21391769459234,-86.16049313675649,34.984639822866775,34.3736425975972
2023,2,B,1,0,2,2,14.38894426026718,-87.12085428943601,36.71994571158816,35.56787978036176
2023,2,B,1,1,1,1,15.694235689481374,-86.57283969978698,43.95520311414809,-33.8478892125014
2023,2,B,1,1,1,2,14.526357495484646,-108.29747989163161,44.18211696969697,-36.95425654545455
2023,2,B,1,1,2,1,15.686902406311646,-117.3827305719924,42.505184965154506,39.09518457067718
2023,2,B,1,1,2,2,15.236089950980386,-96.72288415892717,41.10240217879257,36.807738982198146
2023,2,B,1,2,1,1,15.00923587004894,-170.27069203382325,45.770168691588786,-39.19835794392523
2023,2,B,1,2,1,2,16.463397782258042,-182.4292036290317,50.336887419354845,-41.792978145161285
2023,2,B,1,2,2,1,17.004608127884694,-170.01694810311847,50.97095195316898,41.951482956208494
2023,2,B,1,2,2,2,17.314498810696165,-155.58157685023843,44.94019667449435,41.25690524657223
2023,2,B,2,0,1,1,12.420608695652163,-79.31527459954214,40.73451075514873,-29.048382608695654
2023,2,B,2,0,1,2,10.811783653846163,-16.627163461538657,35.967334615384615,-25.241741346153848
2023,2,B,2,0,2,1,14.674782980069608,8.3726099335654,34.8003695349573,30.2540340398608
2023,2,B,2,0,2,2,12.496480186480198,-11.799970862470673,30.316809265734268,32.55308712121212
2023,2,B,2,1,1,1,11.853214502822397,-131.36721233174148,39.32058831958316,-36.86839014329136
2023,2,B,2,1,1,2,11.018041666666676,-121.15427350427308,39.338335897435904,-29.56435544871795
2023,2,B,2,1,2,1,12.253543283582104,-74.59346766169165,34.972979880597016,31.811517462686567
2023,2,B,2,1,2,2,12.692518346126633,-56.210774674724235,37.28140115411835,34.553257814796666
2023,2,B,2,2,1,1,12.825848583171108,-181.9529007138226,40.54178632922345,-33.24153871944625
2023,2,B,2,2,1,2,15.341891414141429,-148.96322095959567,47.86907285353536,-38.79143320707071
2023,2,B,2,2,2,1,16.017950422159657,-138.32356589147275,46.01734174196415,38.17960300202439
2023,2,B,2,2,2,2,15.249143996247653,-127.7892568011257,40.500745879455906,35.35605097795497
2023,2,B,3,0,1,1,,,,
2023,2,B,3,0,1,2,,,,
2023,2,B,3,0,2,1,,,,
2023,2,B,3,0,2,2,,,,
2023,2,B,3,1,1,1,11.818562500000013,-61.91616666666641,39.13075541666666,-28.034403749999996
2023,2,B,3,1,1,2,10.045727513227519,-88.9212169312168,29.541216137566135,-27.967345238095238
2023,2,B,3,1,2,1,11.703295918367331,-25.968928571428478,34.88031969387755,24.81512295918367
2023,2,B,3,1,2,2,12.452692307692331,-73.97754245754231,36.403466183816185,36.73826358641359
2023,2,B,3,2,1,1,14.646948717948703,-109.89794871794902,38.63800512820513,-34.70514871794872
2023,2,B,3,2,1,2,12.22414058441558,-159.61748051948052,44.46925029220779,-39.98035717532467
2023,2,B,3,2,2,1,14.476114661654151,-93.68637218045114,34.44010883458647,36.35881203007519
2023,2,B,3,2,2,2,15.620768401232453,-80.0222877439237,39.97369875042794,39.59207604416296
2023,2,T,0,0,1,1,15.336333991552834,-89.3280744336571,43.439640112994354,-36.34194391146947
2023,2,T,0,0,1,2,16.74098578431372,-114.43301274509804,46.0554137745098,-38.14702857843137
2023,2,T,0,0,2,1,18.665984198290545,-35.89576394230335,47.06185338089518,38.40058320009679
2023,2,T,0,0,2,2,16.682609870234273,-42.53642021965152,41.86208899827397,37.468837069361506
2023,2,T,0,1,1,1,15.527468484848484,-158.90812727272714,47.14511848484849,-37.140696909090906
2023,2,T,0,1,1,2,17.759893522987042,-138.58949809499654,50.9116314046228,-39.82854208280416
2023,2,T,0,1,2,1,18.548348045397205,-49.17682219419885,49.42130417492344,41.276859340659335
2023,2,T,0,1,2,2,18.942051718690408,-85.66345372337491,49.268056810753386,41.57576749196492
2023,2,T,0,2,1,1,15.403610904007436,-145.55876048462278,47.69958867660765,-42.63142479030755
2023,2,T,0,2,1,2,17.926450738916273,-119.99504926108375,50.127396650246304,-44.6373957635468
2023,2,T,0,2,2,1,18.77460598230087,-121.20880589970511,50.876955952802355,43.58147268436578
2023,2,T,0,2,2,2,17.30747882783882,-86.6337860805861,46.59978691575091,38.30369427106227
2023,2,T,1,0,1,1,13.644520754716979,-45.027990566037715,37.985269182389935,-32.74028842767296
2023,2,T,1,0,1,2,13.003970862470851,-20.94224553224558,34.400126845376846,-33.12303566433567
2023,2,T,1,0,2,1,16.12346256226016,-106.30148063471324,37.64040360088185,36.46066742331455
2023,2,T,1,0,2,2,15.008519598157676,-46.20507883318851,34.435062423069226,35.12339976770576
2023,2,T,1,1,1,1,14.142812060478178,-115.86987869198265,46.19883936357243,-35.22674622011252
2023,2,T,1,1,1,2,13.732543014575185,-133.86113402061892,39.95470838961962,-37.207639228581584
2023,2,T,1,1,2,1,16.69918370362818,-70.78403001426841,42.926318434060335,39.14535717488789
2023,2,T,1,1,2,2,15.856554501999796,-85.11335284362531,41.264504484928295,38.62269930006829
2023,2,T,1,2,1,1,15.891533496732038,-199.05680555555546,44.96645531045751,-38.49560767973856
2023,2,T,1,2,1,2,16.64729506604506,-109.7286196581199,50.2641493978244,-41.90795489510489
2023,2,T,1,2,2,1,17.454091401328668,-120.29327768407256,50.91304339953875,40.78391105641802
2023,2,T,1,2,2,2,16.75418069767153,-105.75037099971632,47.735919570758384,39.80145556253309
2023,2,T,2,0,1,1,14.405492647058821,-56.57507352941184,33.53804602941176,-30.389798676470587
2023,2,T,2,0,1,2,13.686820740740728,-37.50349629629636,37.93398748148148,-32.00898948148148
2023,2,T,2,0,2,1,12.815404463913211,-149.3157801418438,33.35326168126825,34.78672571964956
2023,2,T,2,0,2,2,16.423428017241392,-35.467794540229534,33.67529451149426,35.566969224137935
2023,2,T,2,1,1,1,12.279048611111108,-93.8668055555554,40.15065277777777,-34.99958263888889
2023,2,T,2,1,1,2,12.74490000000003,25.410153846154117,30.76822,-31.250243076923077
2023,2,T,2,1,2,1,15.490789984417034,-27.793210794730385,33.14385484487888,35.854826321008645
2023,2,T,2,1,2,2,14.87167393886719,-19.611848471678513,35.92832933507171,37.65984261915109
2023,2,T,2,2,1,1,14.942844720496893,-85.3481925465835,43.930391987577636,-33.93041161490683
2023,2,T,2,2,1,2,17.490323214285695,-122.62692857142838,50.98848363095238,-41.270672261904764
2023,2,T,2,2,2,1,16.93113910658309,-140.90711794670824,44.62218552115987,40.32887607758621
2023,2,T,2,2,2,2,17.00633256089847,-83.57678859538146,44.214942684277126,40.5428607521354
2023,2,T,3,0,1,1,,,,
2023,2,T,3,0,1,2,,,,
2023,2,T,3,0,2,1,,,,
2023,2,T,3,0,2,2,,,,
2023,2,T,3,1,1,1,9.959703703703696,-3.346481481481078,27.998644444444444,-31.924483333333335
2023,2,T,3,1,1,2,10.176933333333324,-84.20599999999968,33.256493333333324,-37.52047
2023,2,T,3,1,2,1,12.561230841121471,-90.27465887850485,36.43113663551402,33.953127523364486
2023,2,T,3,1,2,2,13.054820618556704,-0.9400659793814157,31.23829558762887,32.53351674226804
2023,2,T,3,2,1,1,10.987256250000002,-26.202062500000466,33.1748025,-28.797489375
2023,2,T,3,2,1,2,13.743181632653062,-56.285836734694385,37.68221612244898,-32.428218367346936
2023,2,T,3,2,2,1,14.934562767295574,-126.43679245282965,39.42236327044025,34.73838062893081
2023,2,T,3,2,2,2,12.768710773974703,-76.94355658341055,33.40521423373419,38.23166546407647
2023,3,B,0,0,1,1,13.892188542312184,-91.41043613578495,40.85786878055498,-33.99350024375129
2023,3,B,0,0,1,2,17.464037717382055,-107.71604541972783,47.91856859485375,-37.45869107208715
2023,3,B,0,0,2,1,16.474512623716137,-83.50247142857143,42.67338305104264,38.02482717584812
2023,3,B,0,0,2,2,16.651484289585753,-63.24163795668028,40.426021344417954,36.65199401104387
2023,3,B,0,1,1,1,16.506787913705892,-129.26167658920667,49.88175979770821,-37.762949868766405
2023,3,B,0,1,1,2,17.56217172759436,-207.56679333726424,54.57545959610849,-41.67806280955189
2023,3,B,0,1,2,1,18.122003333333353,-112.39893333333384,48.29961933333333,41.39403422222222
2023,3,B,0,1,2,2,17.536494647039135,-119.11769543883156,44.71193053418088,42.14260262629642
2023,3,B,0,2,1,1,14.73953240740741,-172.8325289351851,46.964693518518516,-39.351228125
2023,3,B,0,2,1,2,13.939545454545453,-263.715642915643,49.7173742014742,-47.826183660933665
2023,3,B,0,2,2,1,17.721874440089607,-137.43237681970868,49.84546555151175,43.511098138297875
2023,3,B,0,2,2,2,15.684644948361012,-103.42317108217367,42.19932954647508,40.02348281544679
2023,3,B,1,0,1,1,12.424460599334054,-103.13170921198707,35.914058601553826,-31.58734802071772
2023,3,B,1,0,1,2,13.508824137931043,-136.70658620689665,39.60316793103448,-32.18895793103448
2023,3,B,1,0,2,1,13.117874454960116,-61.92442502059612,33.8910631502803,32.44931616934917
2023,3,B,1,0,2,2,14.773165395829892,-53.47135129559365,34.80788578010673,33.80208781152005
2023,3,B,1,1,1,1,15.26547107004096,-97.98535965557039,43.583064202457216,-36.87919270187966
2023,3,B,1,1,1,2,13.991450660450653,-133.90728904428897,42.72876394716395,-35.49495578865579
2023,3,B,1,1,2,1,16.521694542745365,-108.30429782082365,43.80113238964426,38.80932274166511
2023,3,B,1,1,2,2,14.895114184665886,-93.10774956843898,37.902810631131324,37.75972262641573
2023,3,B,1,2,1,1,15.722926086956505,-124.03396195652203,44.740830054347825,-37.18017907608696
2023,3,B,1,2,1,2,16.828251948051957,-160.20249350649328,50.396299870129866,-43.25541142857143
2023,3,B,1,2,2,1,15.92007922732364,-98.02569428891366,46.957493854983205,41.854518575027996
2023,3,B,1,2,2,2,16.73109423076923,-120.23144574175831,45.283624931318684,39.925641037087914
2023,3,B,2,0,1,1,10.92576401564537,-99.97521512385902,34.320686636245114,-30.978828813559318
2023,3,B,2,0,1,2,9.199499051233403,-150.26419354838708,22.67275834914611,-28.595636717267553
2023,3,B,2,0,2,1,12.784904761904755,-38.575646258503184,29.119988435374143,33.25971360544217
2023,3,B,2,0,2,2,13.251229999999993,-38.5630000000001,33.070932500000005,30.62822916666667
2023,3,B,2,1,1,1,13.423037373737372,-128.20846464646456,42.00392545454545,-36.44966797979798
2023,3,B,2,1,1,2,13.162381081081065,-141.3832270270268,34.5220220945946,-31.50714527027027
2023,3,B,2,1,2,1,12.83867022829449,-64.45463128393794,32.665609604717694,33.29839490278508
2023,3,B,2,1,2,2,14.620427444965713,-73.46698845182254,33.7570603978708,34.075160641465175
2023,3,B,2,2,1,1,14.336997685185167,-133.71798919753064,44.787832052469135,-37.05735828703703
2023,3,B,2,2,1,2,15.881859103641474,-181.76535294117684,48.64985232492997,-38.95891274509804
2023,3,B,2,2,2,1,15.768718337324685,-104.42266609647595,43.4547688539172,40.98855799178926
2023,3,B,2,2,2,2,15.47337749579657,-152.02715768179905,41.392454818200925,39.674276962484235
2023,3,B,3,0,1,1,,,,
2023,3,B,3,0,1,2,,,,
2023,3,B,3,0,2,1,,,,
2023,3,B,3,0,2,2,,,,
2023,3,B,3,1,1,1,10.118428571428552,-120.23171428571413,32.70499428571429,-29.63415571428571
2023,3,B,3,1,1,2,9.825439393939376,-153.80707792207795,32.51941233766233,-27.292240476190475
2023,3,B,3,1,2,1,11.35195315789474,-53.90591052631544,38.413050842105264,30.240794315789472
2023,3,B,3,1,2,2,12.984773200166444,-117.86995422388691,33.942819267582195,35.04446654182272
2023,3,B,3,2,1,1,13.995310256410278,-134.5826538461538,38.30811811965812,-33.01430623931624
2023,3,B,3,2,1,2,12.596696428571448,-202.3094642857145,36.240059706959705,-34.22389728937729
2023,3,B,3,2,2,1,13.366461386888972,-120.23297158014384,36.27029998484275,39.51575824933687
2023,3,B,3,2,2,2,14.267452354536488,-102.5295722386586,36.24637242357002,35.525647670118346
2023,3,T,0,0,1,1,14.55405435324623,-89.69177138393025,40.95683081180812,-36.019630236694255
2023,3,T,0,0,1,2,16.981367731541326,-125.93794437496035,45.14278395056494,-39.021659710003604
2023,3,T,0,0,2,1,16.763336635424324,-61.65879359343535,42.581794167152864,37.66870881467261
2023,3,T,0,0,2,2,17.10130413803006,-30.88652811252541,42.33105612925549,37.29011625884989
2023,3,T,0,1,1,1,16.70520236511456,-121.60085070214336,47.772790199556546,-41.52134019955654
2023,3,T,0,1,1,2,17.35704836811128,-131.05295024077077,47.638200845371856,-41.36662779026217
2023,3,T,0,1,2,1,18.001408211368798,-94.46176472068782,46.647158938122146,40.062198179026716
2023,3,T,0,1,2,2,17.638039398409802,-77.3575694031997,43.88561054411342,40.05260140913881
2023,3,T,0,2,1,1,15.124696022727278,-187.32179261363626,41.46466301136364,-39.4843834375
2023,3,T,0,2,1,2,16.13367738970588,-153.0474393382351,46.87465211397059,-40.27435193014706
2023,3,T,0,2,2,1,17.99220020242916,-81.61078609986544,49.86319379217274,41.438135620782724
2023,3,T,0,2,2,2,15.97699487191494,-87.53213084812432,48.10205068608626,38.62774147894909
2023,3,T,1,0,1,1,12.809813614457823,-69.86187228915651,36.422657831325296,-34.38479278313253
2023,3,T,1,0,1,2,14.183598400852873,-130.41476865671666,41.495338166311306,-36.224517697228144
2023,3,T,1,0,2,1,15.534766983016993,-77.23171828171826,39.27628948551448,37.369086038961036
2023,3,T,1,0,2,2,14.14506594743159,-63.89733667151086,36.27591787925697,34.24905076451633
2023,3,T,1,1,1,1,14.515805365230534,-101.44986296597381,38.391649889675996,-35.65684912321449
2023,3,T,1,1,1,2,16.043248138957807,-155.89266749379658,46.437704342431765,-39.424038089330026
2023,3,T,1,1,2,1,16.775585434782613,-51.23827777777751,43.00112420289855,37.81174326086956
2023,3,T,1,1,2,2,16.446487659449687,-96.31495104507758,41.36615260414121,38.26271005815943
2023,3,T,1,2,1,1,17.384181868435576,-114.71471807628495,44.76794238529574,-41.08103460475401
2023,3,T,1,2,1,2,16.146514814814807,-185.40307407407408,47.91298888888888,-41.97365259259259
2023,3,T,1,2,2,1,16.76956818653926,-136.5020554632324,47.80569029393436,41.40916748545908
2023,3,T,1,2,2,2,16.165426033779852,-85.34266161910318,45.38894514934686,39.86105679757051
2023,3,T,2,0,1,1,13.473866666666652,-189.25444444444474,43.943417777777775,-39.013824444444445
2023,3,T,2,0,1,2,12.38024972191323,-75.09560622914341,37.773810845383764,-32.82065506117909
2023,3,T,2,0,2,1,14.670858598332813,-29.058887002161555,36.156770484717505,31.747615498610685
2023,3,T,2,0,2,2,13.073604895104893,-24.37748251748235,37.034691258741255,30.81026153846154
2023,3,T,2,1,1,1,11.853073611111114,-62.84261111111118,36.100149583333334,-34.713153750000004
2023,3,T,2,1,1,2,13.146161764705852,-76.30364379084949,33.956762418300656,-30.875318790849676
2023,3,T,2,1,2,1,14.792204545454524,-90.25348484848473,37.0385625,34.45941715367965
2023,3,T,2,1,2,2,14.984719885210325,-29.07176734093946,35.20911966822985,34.95395677189053
2023,3,T,2,2,1,1,16.603657635467954,-129.36239408867004,44.86381640394089,-42.02639137931034
2023,3,T,2,2,1,2,16.293537606837603,-146.98853846153816,49.76997837606837,-41.68368692307692
2023,3,T,2,2,2,1,16.07903938762101,-73.26275884721917,43.36292219588129,41.0474713175859
2023,3,T,2,2,2,2,14.550005913978481,-82.4510215053765,38.81774462365592,37.68665698924731
2023,3,T,3,0,1,1,,,,
2023,3,T,3,0,1,2,,,,
2023,3,T,3,0,2,1,,,,
2023,3,T,3,0,2,2,,,,
2023,3,T,3,1,1,1,13.759115384615399,-156.34346153846172,37.62621153846155,-29.244634615384616
2023,3,T,3,1,1,2,14.360716666666661,68.95158333333347,32.40246916666667,-33.894976666666665
2023,3,T,3,1,2,1,14.850314434782632,-59.1644243478263,28.612204173913042,34.50926052173913
2023,3,T,3,1,2,2,14.169624999999996,-88.69987500000025,36.699492500000005,31.5279625
2023,3,T,3,2,1,1,13.817335380835374,-155.042414004914,36.543219533169534,-36.92870522113022
2023,3,T,3,2,1,2,11.80680032467535,-150.77994534632035,38.76178576839827,-33.65828133116883
2023,3,T,3,2,2,1,15.509709303354867,-74.11259006815953,38.14820756838099,36.267436177746305
2023,3,T,3,2,2,2,14.17780047225503,-64.27092089728467,35.765325147579695,32.75804592680047
2023,4,B,0,0,1,1,15.499354740701932,-84.90856661428325,41.58824688842326,-32.26092561201327
2023,4,B,0,0,1,2,15.42261527722377,-104.00054115144303,44.31476664140406,-36.352367249036035
2023,4,B,0,0,2,1,16.910256042337366,-93.01196486059644,44.05447620725262,36.78787159235863
2023,4,B,0,0,2,2,16.414746734741684,-81.25975729325955,39.015068612454705,36.16055512336875
2023,4,B,0,1,1,1,15.335906704843708,-143.55001908852273,46.21312047244095,-36.660646082876
2023,4,B,0,1,1,2,15.738840090090093,-186.67595087274776,50.57054385557432,-39.7366678490991
2023,4,B,0,1,2,1,17.96549027658149,-115.63700779021929,45.66759072255718,42.3808087721313
2023,4,B,0,1,2,2,18.697951608626752,-107.79656594561447,44.64612661590196,40.76772215701491
2023,4,B,0,2,1,1,15.422176724137941,-159.42902093596012,46.77141736453202,-43.12016496305419
2023,4,B,0,2,1,2,17.2313694105691,-123.13699695121932,56.39618531504065,-45.326655081300814
2023,4,B,0,2,2,1,17.88348255709404,-154.62691871965444,48.128484894803094,45.41665718395972
2023,4,B,0,2,2,2,16.270390004899554,-82.70959823615885,40.29321083852454,38.356707471827534
2023,4,B,1,0,1,1,13.133384519350813,-73.53197877652929,42.739339752392844,-31.440802580108198
2023,4,B,1,0,1,2,14.043030769230782,-98.9507832167833,39.39220811188812,-31.608788065268065
2023,4,B,1,0,2,1,14.495395677889007,-75.37322156505934,36.229940332120115,35.85658585304823
2023,4,B,1,0,2,2,14.57489339217122,-71.21905432595577,34.795340195719774,33.17381868940918
2023,4,B,1,1,1,1,15.430754999999976,-128.38295909090948,43.812909954545454,-31.6791925
2023,4,B,1,1,1,2,15.149159526723793,-113.67495512035885,42.80485369237046,-37.15051719706243
2023,4,B,1,1,2,1,15.930245657568236,-58.56605901253397,43.338522851053,37.70125510911751
2023,4,B,1,1,2,2,16.345091900545484,-133.2385387514164,39.70109053548371,39.28009739505099
2023,4,B,1,2,1,1,15.39758655043589,-120.70223692403488,46.82806910024907,-33.27734436488169
2023,4,B,1,2,1,2,15.966843484027862,-127.96336542500285,49.830481452415164,-40.51628330938432
2023,4,B,1,2,2,1,16.979229917045757,-174.86424404602622,45.917241135937914,42.60568323521541
2023,4,B,1,2,2,2,16.25306913398859,-143.87942817576914,43.30560438578714,39.64699539467018
2023,4,B,2,0,1,1,10.170449999999988,-57.55024999999978,30.733409999999996,-31.59805
2023,4,B,2,0,1,2,11.412918242491685,-98.73846496106808,33.17663437152391,-30.37365294771969
2023,4,B,2,0,2,1,11.196904444444442,-88.32637777777745,31.50655281481481,32.800272740740745
2023,4,B,2,0,2,2,13.844653123482004,-136.66323617992748,34.55425575633926,32.77775562032449
2023,4,B,2,1,1,1,12.140998567848186,-124.024650912997,38.34979441460795,-29.1550066953097
2023,4,B,2,1,1,2,10.621954285714253,-43.833171428571404,34.68365971428571,-26.649114571428573
2023,4,B,2,1,2,1,14.714755974025962,-83.91160129870104,36.67375277922078,37.409227129870125
2023,4,B,2,1,2,2,14.747554109303309,-141.3515114726738,36.09936405506883,36.3727609720484
2023,4,B,2,2,1,1,15.741218397085618,-106.64710200364243,44.6310418579235,-34.70634482695811
2023,4,B,2,2,1,2,15.79640000000002,-136.99448024316098,45.934806443769006,-36.75868541033435
2023,4,B,2,2,2,1,15.209300655041147,-121.75264406479573,40.26107193060105,37.28059520669204
2023,4,B,2,2,2,2,15.201774884740388,-135.75004534804611,39.24122598443051,39.38010155694959
2023,4,B,3,0,1,1,,,,
2023,4,B,3,0,1,2,,,,
2023,4,B,3,0,2,1,,,,
2023,4,B,3,0,2,2,12.130796380090487,-197.9256561085972,32.331444042232285,38.795978733031674
2023,4,B,3,1,1,1,11.12785990338162,-76.0623671497583,31.220898792270532,-29.048915942028984
2023,4,B,3,1,1,2,10.46585897435898,-110.76047008546993,36.174497863247865,-29.4102349002849
2023,4,B,3,1,2,1,10.367339950372212,-67.32293217535153,29.820265550041352,30.852783374689828
2023,4,B,3,1,2,2,16.672874982078838,-38.23665232974918,33.73652021505376,33.71336860215054
2023,4,B,3,2,1,1,14.037091187270505,-42.229541003671784,42.5079053243574,-32.67595550795593
2023,4,B,3,2,1,2,15.011708658008672,-83.24225541125543,43.71344688311689,-35.09079212121212
2023,4,B,3,2,2,1,14.244184715226652,-92.11138996512955,31.92680593762108,35.24428928709803
2023,4,B,3,2,2,2,13.989893044619407,-129.56125507038905,38.804693193748506,36.717973270102604
2023,4,T,0,0,1,1,14.52400753807595,-111.91182533256233,40.48579739541161,-35.69603673414305
2023,4,T,0,0,1,2,15.791734796367649,-119.47850233902045,43.49349421436434,-35.93634222619703
2023,4,T,0,0,2,1,17.4281725262541,-31.280775109688875,45.32349981546893,38.08902708250835
2023,4,T,0,0,2,2,16.420073413521862,-59.652102182635645,39.51524274063452,37.312830797323755
2023,4,T,0,1,1,1,17.320585107171993,-117.28399095156874,47.968541711785214,-40.36473133575614
2023,4,T,0,1,1,2,17.348213448844888,-115.89907343234336,47.580298424092405,-40.83497535478548
2023,4,T,0,1,2,1,17.910781672878443,-63.79372527236228,46.2125070778383,40.48690904529816
2023,4,T,0,1,2,2,17.715253009605803,-61.099043475549024,44.26074421937375,40.34542374625748
2023,4,T,0,2,1,1,15.422912176724154,-95.95561422413766,48.629183243534484,-38.46282839439655
2023,4,T,0,2,1,2,16.096870320855615,-103.58660427807445,50.23599839572193,-42.680963235294115
2023,4,T,0,2,2,1,16.507087310003556,-156.77789678331555,48.45117967479675,43.85904828561329
2023,4,T,0,2,2,2,16.743841731547803,-104.1880417315474,45.926626767362194,39.20365956088446
2023,4,T,1,0,1,1,12.653240032111313,-80.39047899384514,36.13685056194809,-32.12963050575328
2023,4,T,1,0,1,2,13.508226104830413,-113.9943072035876,36.66325960011212,-33.64905249929926
2023,4,T,1,0,2,1,13.73504230769234,-43.835765734265806,34.31424545454546,35.06791286713287
2023,4,T,1,0,2,2,14.191638438735168,-71.7488380103091,34.93021528326746,32.847637649397704
2023,4,T,1,1,1,1,15.332041102756904,-110.83750877193006,42.81454513784461,-37.215007030075185
2023,4,T,1,1,1,2,14.778729055258466,-119.7700326797385,45.21514197860963,-38.37788829471182
2023,4,T,1,1,2,1,16.549087431694005,-47.89830907512351,39.26006979725244,37.39802128849395
2023,4,T,1,1,2,2,16.00623793944139,-79.55786491163781,41.42668768364008,38.41192553465635
2023,4,T,1,2,1,1,16.646252539682564,-167.0211904761909,50.99384334920636,-40.34013892063492
2023,4,T,1,2,1,2,16.344536144578313,-205.73410642570298,50.94781666666667,-45.89779848282017
2023,4,T,1,2,2,1,17.248150405787413,-99.06783184899223,44.375540092404016,39.477743010425854
2023,4,T,1,2,2,2,16.94206265732089,-76.19129345794363,43.78826330841122,39.398204414330216
2023,4,T,2,0,1,1,12.837426470588213,-52.84340909090952,34.14693569518717,-32.63582540106952
2023,4,T,2,0,1,2,12.598363636363644,-113.48093939393902,31.77764727272727,-28.639903636363634
2023,4,T,2,0,2,1,13.75333873144399,5.2812932973456554,32.77954014844804,36.891804116059376
2023,4,T,2,0,2,2,14.810519153175619,6.614119551681142,31.485513785803235,31.531580498132
2023,4,T,2,1,1,1,11.317222470238079,-75.54647321428592,37.7996396577381,-36.62484084821428
2023,4,T,2,1,1,2,12.31137259615383,-107.93669871794873,39.08690368589743,-33.89280737179487
2023,4,T,2,1,2,1,12.989594648972599,-50.392749357876255,33.71322779323631,32.27994407106164
2023,4,T,2,1,2,2,13.359758124782758,-56.2740580465761,33.01192131126173,33.84312191953424
2023,4,T,2,2,1,1,14.981224837351732,-178.56654037504768,43.286273478760044,-36.548475105243014
2023,4,T,2,2,1,2,15.659522278268184,-150.53816309373678,47.48077734342161,-42.00259577553594
2023,4,T,2,2,2,1,15.860846082016934,-73.7248046844602,44.28781290171971,36.553969854486034
2023,4,T,2,2,2,2,15.49678478964401,-108.26961377959469,40.9396573283938,38.54025246976665
2023,4,T,3,0,1,1,,,,
2023,4,T,3,0,1,2,,,,
2023,4,T,3,0,2,1,,,,
2023,4,T,3,0,2,2,15.865161016949159,-70.57293220338943,32.952942203389824,36.72242220338983
2023,4,T,3,1,1,1,9.215594594594592,-70.57633906633919,29.508293611793615,-29.08826240786241
2023,4,T,3,1,1,2,10.330947474747461,-106.37157575757556,30.57037030303031,-28.035385656565655
2023,4,T,3,1,2,1,13.841829166666656,12.875895833333743,26.505854166666666,35.323905833333335
2023,4,T,3,1,2,2,13.45185586734695,-44.595880102041065,36.01945911989797,31.095105484693875
2023,4,T,3,2,1,1,13.590489533011265,-151.87504025764883,37.84454122383253,-34.61865917874396
2023,4,T,3,2,1,2,12.926998291182485,-189.51341421736106,37.972125632262475,-37.1232559466849
2023,4,T,3,2,2,1,16.667771787960476,-84.0818796046724,39.378373602875115,38.717014447439354
2023,4,T,3,2,2,2,14.5695644716385,-61.025394954611784,37.16615964692312,36.28007188926225
2023,5,B,0,0,1,1,14.425334558823536,-73.43496323529462,40.92059448529412,-34.05006176470588
2023,5,B,0,0,1,2,15.585530788006267,-116.73943603278258,41.57255707538746,-37.00459716031989
2023,5,B,0,0,2,1,17.00199322450075,-74.12057956223998,45.14034984864471,40.039288067678264
2023,5,B,0,0,2,2,16.009327884075034,-66.83545682287058,36.58941872305728,37.33930371824344
2023,5,B,0,1,1,1,16.429910691157417,-150.0927440244909,48.42424552572707,-38.96754284116331
2023,5,B,0,1,1,2,16.98400267022697,-177.8264911548731,49.81189269859813,-41.98667557576769
2023,5,B,0,1,2,1,18.52904990703179,-130.12044413455033,48.35729080882353,43.80557360125084
2023,5,B,0,1,2,2,18.238372817557064,-92.67803697628005,46.25432513766349,41.2879307913988
2023,5,B,0,2,1,1,14.74833536276003,-187.25906900050722,41.38595202942668,-40.409242237442925
2023,5,B,0,2,1,2,16.024273621355817,-239.3077941693009,52.90317362135582,-44.32143389532841
2023,5,B,0,2,2,1,18.049187252368625,-201.3179319552114,47.74524792420327,44.13758729543497
2023,5,B,0,2,2,2,16.872929508629824,-132.70218122578353,44.18488344927792,40.21394360250088
2023,5,B,1,0,1,1,12.543925396825415,-85.02293650793627,35.07572587301587,-31.292072063492064
2023,5,B,1,0,1,2,11.979830350484718,-113.90476882923167,35.5674328734775,-33.17831717623664
2023,5,B,1,0,2,1,13.70720931086339,-72.17841538393486,36.58156693427106,37.15604195859872
2023,5,B,1,0,2,2,13.742257588652478,-87.21806628222976,31.05074796182143,35.56895355206469
2023,5,B,1,1,1,1,14.346719480519468,-107.4691385281385,41.61670904761905,-36.627902337662334
2023,5,B,1,1,1,2,14.323771282051283,-92.65728205128244,43.331722666666664,-37.0743598974359
2023,5,B,1,1,2,1,16.56012339047105,-104.1751685787558,41.961632889728705,40.335148675934676
2023,5,B,1,1,2,2,16.049632186662706,-74.34808826895369,36.82034975024572,38.39003488347044
2023,5,B,1,2,1,1,14.592648155613787,-153.2118443862123,46.84387851239669,-35.43240906067325
2023,5,B,1,2,1,2,15.000949350649364,-157.15263636363625,47.716202337662345,-40.60853636363636
2023,5,B,1,2,2,1,16.531643849206347,-120.02319444444447,46.54439920634921,40.95439890873016
2023,5,B,1,2,2,2,17.664003176713933,-73.31787677304965,44.779108983451536,40.139090824468084
2023,5,B,2,0,1,1,11.012757575757604,-52.436818181818126,34.7632393939394,-31.088268181818183
2023,5,B,2,0,1,2,12.903732456140347,-64.7819736842107,40.14689846491228,-31.565994517543857
2023,5,B,2,0,2,1,13.394004307549807,-16.69365215377502,30.520178207503466,37.37729719777675
2023,5,B,2,0,2,2,13.677542372881334,-164.73959938366716,29.45306810477658,36.79255975860298
2023,5,B,2,1,1,1,12.172315476190448,-61.18181547619042,33.838188333333335,-30.43129107142857
2023,5,B,2,1,1,2,10.786849127608633,-94.93953130345562,37.588275846732806,-32.96839822100581
2023,5,B,2,1,2,1,13.393334423014068,-72.68640977443602,30.42350155279503,36.73659576659039
2023,5,B,2,1,2,2,13.871495913433847,-78.44208932888205,29.71249681132727,35.12249257511224
2023,5,B,2,2,1,1,14.836951499999998,-121.67604999999958,45.564038000000004,-35.282027500000005
2023,5,B,2,2,1,2,14.904615165441157,-126.76164540441141,44.23394848345588,-36.06869695772059
2023,5,B,2,2,2,1,15.597657957610778,-84.04947630057814,42.775851071290944,39.272086851637766
2023,5,B,2,2,2,2,15.790270633480247,-107.56304813758561,39.570804666839514,37.90229835796388
2023,5,B,3,0,1,1,,,,
2023,5,B,3,0,1,2,,,,
2023,5,B,3,0,2,1,,,,
2023,5,B,3,0,2,2,,,,
2023,5,B,3,1,1,1,11.799280952380968,-20.358928571428805,32.10915642857143,-30.89123214285714
2023,5,B,3,1,1,2,,,,
2023,5,B,3,1,2,1,15.339262500000032,-119.11637500000006,35.92646875,39.431215
2023,5,B,3,1,2,2,15.88366610925307,-74.12216276477147,34.458357302118166,35.7269099219621
2023,5,B,3,2,1,1,11.740200000000016,-116.84036363636369,36.72664727272728,-28.233776363636366
2023,5,B,3,2,1,2,11.695470850202412,-121.13451417004035,37.493558178137654,-31.428995182186235
2023,5,B,3,2,2,1,15.06273428571427,-132.6506142857138,32.11175814285714,40.99616357142857
2023,5,B,3,2,2,2,14.203203012714198,-104.65093283582064,32.52596315644002,38.84667305140962
2023,5,T,0,0,1,1,15.833263835263821,-122.4778764478765,42.250257142857144,-36.18614783684784
2023,5,T,0,0,1,2,15.785022234731201,-143.95681283422482,41.77454708696876,-37.231842386715456
2023,5,T,0,0,2,1,17.43309866284622,-68.40001569109018,45.35279131736936,38.060426469504705
2023,5,T,0,0,2,2,16.531631710994787,-75.71791706806289,41.50028583874346,37.01178124565445
2023,5,T,0,1,1,1,16.802443922796044,-170.40718309859176,44.322690519040165,-39.22863094679186
2023,5,T,0,1,1,2,16.963310139860155,-200.99961293706292,47.227487045454545,-43.36879031468531
2023,5,T,0,1,2,1,17.76010423261728,-97.13589881288863,46.35552297908423,41.93617927501413
2023,5,T,0,1,2,2,17.379833445309146,-108.53445178508127,45.30522421476961,41.15954456357427
2023,5,T,0,2,1,1,14.900589473684207,-189.05638157894737,46.70471885964912,-35.77702298245614
2023,5,T,0,2,1,2,18.41364534697793,-41.66040837863784,47.47473261912376,-40.16600876239207
2023,5,T,0,2,2,1,16.59587477036129,-134.81753980404164,46.7235735915493,42.950865737905694
2023,5,T,0,2,2,2,15.653724415204664,-116.95070175438605,41.81660259502924,40.65185932017544
2023,5,T,1,0,1,1,13.531475777414073,-130.05471031096567,38.50949960720131,-35.19393217675941
2023,5,T,1,0,1,2,11.900178656796953,-149.36156218675296,34.74298426247205,-32.3826963451307
2023,5,T,1,0,2,1,13.889188482600275,-60.895013248542455,36.48949731496202,35.790397791909555
2023,5,T,1,0,2,2,13.99600377163523,-97.42482020149873,35.02393960991992,34.74742435933867
2023,5,T,1,1,1,1,13.764726554946833,-92.29247019013837,40.44683949403803,-37.0102988317757
2023,5,T,1,1,1,2,16.570754416282654,-159.18527745775737,46.50332835061444,-38.77561279761905
2023,5,T,1,1,2,1,17.485939490513218,-113.73852544791498,41.639766901855076,39.42258154431584
2023,5,T,1,1,2,2,15.87892856035954,-79.76666294746656,39.74974596311793,38.31398008213234
2023,5,T,1,2,1,1,14.66323589743591,-178.14183916083903,43.40245946386946,-38.674086503496504
2023,5,T,1,2,1,2,17.277310035842305,-145.563544354839,46.07582885304659,-42.49408248207885
2023,5,T,1,2,2,1,17.155849064913937,-130.71661878303303,46.94622969237024,41.285690012196774
2023,5,T,1,2,2,2,16.803026482213426,-107.18329051383398,44.82122377470355,39.19700992094862
2023,5,T,2,0,1,1,12.389624060150368,-42.554202172096666,34.892923057644104,-30.649006182121973
2023,5,T,2,0,1,2,10.765825000000007,-46.741727272727076,31.98844333333333,-29.572113257575758
2023,5,T,2,0,2,1,14.238269651086256,-35.57462804476654,31.672615220539832,34.55504926925609
2023,5,T,2,0,2,2,13.257805128205149,-94.74582167832159,34.68244386946387,33.59948081585082
2023,5,T,2,1,1,1,12.76301154672393,-133.47060687432895,35.71883872180452,-31.928040440386678
2023,5,T,2,1,1,2,12.94443327702703,-95.77422719594597,36.67677423986487,-34.22716288006757
2023,5,T,2,1,2,1,14.652450067204285,-64.59620430107498,31.647394879032255,35.510629838709676
2023,5,T,2,1,2,2,13.380574357405152,-26.737410240717963,30.897416605467157,34.595988933088535
2023,5,T,2,2,1,1,13.812235862311212,-134.76248682824007,42.316472936424304,-35.29501803652968
2023,5,T,2,2,1,2,14.182334048522847,-188.23377950156782,42.91275755075095,-35.48288541013368
2023,5,T,2,2,2,1,16.82783413730428,-109.01283661912748,42.23583550055929,40.385271675755035
2023,5,T,2,2,2,2,15.719374534883713,-71.28557790697641,40.660431639534885,38.91872505813954
2023,5,T,3,0,1,1,,,,
2023,5,T,3,0,1,2,,,,
2023,5,T,3,0,2,1,,,,
2023,5,T,3,0,2,2,,,,
2023,5,T,3,1,1,1,13.287208333333325,-87.92074404761888,33.88538184523809,-32.433713988095235
2023,5,T,3,1,1,2,12.752896825396817,-141.8133333333335,40.16636746031746,-34.63841150793651
2023,5,T,3,1,2,1,13.854921957671962,-191.69607142857149,31.086983333333333,36.68556719576719
2023,5,T,3,1,2,2,15.617649484536088,-76.67360824742264,35.77934683848797,36.190116082474226
2023,5,T,3,2,1,1,12.142034119897943,-166.70647640306152,35.75462337372449,-32.5633549744898
2023,5,T,3,2,1,2,15.116654545454537,-136.7690585858586,43.21708080808081,-34.12051212121212
2023,5,T,3,2,2,1,14.25120547945204,-146.5981164383561,35.008559787310745,39.2100908074982
2023,5,T,3,2,2,2,13.192819392284065,-50.12047319904423,35.76294293615569,34.28336310686241
2023,6,B,0,0,1,1,14.641051930654044,-90.40855240346718,41.951985626477544,-33.26660136327817
2023,6,B,0,0,1,2,15.777221208362846,-120.63995304748414,46.003424282423815,-35.22280621899362
2023,6,B,0,0,2,1,16.868492281295687,-72.43891724128389,43.150950234997296,39.475745751368706
2023,6,B,0,0,2,2,16.79913902719393,-38.17814874540227,36.22912589086311,37.726988416808986
2023,6,B,0,1,1,1,15.525374970131423,-118.96701672640347,45.396064772998805,-34.44935880525687
2023,6,B,0,1,1,2,15.450384739982937,-200.74821312872973,46.58917109121909,-39.56772328218244
2023,6,B,0,1,2,1,18.70669806076279,-103.5040609782377,46.727025628097394,42.104507291531995
2023,6,B,0,1,2,2,16.74458127858594,-84.267623370818,38.178999210770655,40.25431994652498
2023,6,B,0,2,1,1,16.291913255360626,-138.2246978557505,45.21269883040935,-37.656462865497076
2023,6,B,0,2,1,2,15.659981818181848,-199.1171363636363,48.993505909090906,-37.66862636363636
2023,6,B,0,2,2,1,17.778223918575065,-143.67620458015244,52.957827521628495,42.280082941475825
2023,6,B,0,2,2,2,15.644318935926776,-99.39161041189936,40.62976885011442,39.77907374141877
2023,6,B,1,0,1,1,13.123163430656916,-79.53424817518226,41.27920520437956,-31.478684452554745
2023,6,B,1,0,1,2,12.519780303030302,-94.32008838383808,39.274183270202016,-31.96207828282828
2023,6,B,1,0,2,1,15.647645035885176,-75.89801694577363,37.57344900318979,39.63503121012759
2023,6,B,1,0,2,2,15.621374524112895,-32.56522134059287,33.60583592995869,37.96152119869493
2023,6,B,1,1,1,1,14.862365686274515,-104.27257843137295,44.52378921568627,-34.36557049019608
2023,6,B,1,1,1,2,15.466744188832976,-143.12448238677234,44.31634754373352,-35.70539689671699
2023,6,B,1,1,2,1,16.184369369369364,-108.28065732399045,39.870627243910576,41.15083805472139
2023,6,B,1,1,2,2,16.575844961145435,-40.08025185094539,35.74567866364804,37.82938608578596
2023,6,B,1,2,1,1,15.60508816534076,-68.14926269170837,44.31432700729927,-37.59359270072993
2023,6,B,1,2,1,2,16.146693634165985,-131.58489121676075,50.64762654311039,-39.43591880741337
2023,6,B,1,2,2,1,17.306277813299232,-67.49571611253214,46.14097301790281,39.740917455242965
2023,6,B,1,2,2,2,16.746677131126177,-84.27407325338936,41.955712591240875,41.233190380604796
2023,6,B,2,0,1,1,14.042298245614035,-86.88158521303285,39.44126616541354,-30.95991954887218
2023,6,B,2,0,1,2,12.509853321829183,-146.77710094909435,38.789673080241585,-29.17281949956859
2023,6,B,2,0,2,1,14.176117555147044,-51.27939338235319,32.05441171875,37.64616360294118
2023,6,B,2,0,2,2,14.821313334662165,-32.03929639226635,29.670183625672713,35.62830306956348
2023,6,B,2,1,1,1,13.279728116710885,-95.08803050397864,41.8726326923077,-27.355497347480103
2023,6,B,2,1,1,2,12.600657276995292,-118.21847417840354,39.33749956964006,-33.6402494913928
2023,6,B,2,1,2,1,14.606660746058992,-61.899521616981474,33.21585621975964,39.585764968003744
2023,6,B,2,1,2,2,15.313410737992939,-49.63704178055468,31.933007118313157,35.86130100741898
2023,6,B,2,2,1,1,13.75979140786751,-116.07199275362336,41.547825569358174,-32.766007194616975
2023,6,B,2,2,1,2,14.325126293103466,-149.32184482758657,43.56532629310345,-35.42500590517241
2023,6,B,2,2,2,1,15.750775621039935,-100.62454892889446,41.81465788494418,36.75894608267123
2023,6,B,2,2,2,2,15.749072865742136,-99.68761515181723,38.35438703149423,38.8974547640427
2023,6,B,3,0,1,1,,,,
2023,6,B,3,0,1,2,,,,
2023,6,B,3,0,2,1,,,,
2023,6,B,3,0,2,2,,,,
2023,6,B,3,1,1,1,14.414382051282047,-21.227025641025648,40.615265384615384,-31.425755256410255
2023,6,B,3,1,1,2,12.381124999999969,-171.13096153846118,34.77956041666667,-27.715912499999998
2023,6,B,3,1,2,1,15.01585981308412,-1.7191423859262613,28.543205992303463,31.063514458493675
2023,6,B,3,1,2,2,15.553064508775918,-37.519970366993675,30.023756074766354,39.23660597219056
2023,6,B,3,2,1,1,13.213333333333367,-9.917042606516134,40.08312055137845,-30.091370050125313
2023,6,B,3,2,1,2,13.008048484848501,-44.70829090909092,40.20415224242424,-28.18047915151515
2023,6,B,3,2,2,1,16.087907471264373,-121.28953735632149,38.54992011494252,36.00603531609195
2023,6,B,3,2,2,2,14.27486737739872,-33.73154690831552,29.7216758315565,34.74983730277185
2023,6,T,0,0,1,1,15.12767217967695,-105.05881330844932,42.10172468627325,-33.793841445180945
2023,6,T,0,0,1,2,16.153297662641236,-76.88759629918195,42.96219472925594,-36.31575934943514
2023,6,T,0,0,2,1,16.513339079361643,-52.46218200925432,42.96507604363104,38.33503387969063
2023,6,T,0,0,2,2,16.745285043881992,-46.63838088084594,38.44485468568103,37.717645227182416
2023,6,T,0,1,1,1,17.53329534083801,-149.65222795497175,51.89732728267668,-36.943505268918074
2023,6,T,0,1,1,2,16.241922268907558,-132.471505602241,46.66032647058823,-37.77094180672269
2023,6,T,0,1,2,1,19.002776918348502,-91.79280529658854,48.1621781554144,42.57270474080524
2023,6,T,0,1,2,2,17.481979973612297,-81.21230279898236,40.69101073178777,41.87872611676562
2023,6,T,0,2,1,1,16.0180057504313,-159.33747843588299,47.4825058079356,-37.31459905117884
2023,6,T,0,2,1,2,18.453028301886818,-152.3056753859346,57.99876745283019,-42.55464558319039
2023,6,T,0,2,2,1,15.608421577315028,-112.04754319893664,46.59032784669916,41.50670115197164
2023,6,T,0,2,2,2,15.600037718172047,-92.8264769769944,41.2288729067629,38.70032234289878
2023,6,T,1,0,1,1,13.019435563655293,-97.87480213486106,38.70640637854726,-32.547565842228586
2023,6,T,1,0,1,2,14.524258822168235,-132.56732615989858,41.8345762466736,-34.53846584519264
2023,6,T,1,0,2,1,15.856696660482385,-47.77807977736575,34.73149751082251,36.008012028447745
2023,6,T,1,0,2,2,15.071108053221309,-60.40132317927191,36.314381820728286,36.25455724089636
2023,6,T,1,1,1,1,15.530313687200419,-119.42466063080656,43.413468820640276,-34.65199979880467
2023,6,T,1,1,1,2,16.36434728730606,-149.88543996667704,47.03537914193481,-38.48622200354056
2023,6,T,1,1,2,1,16.39629963888487,-81.57348490538743,40.7045522085801,39.564243931821466
2023,6,T,1,1,2,2,16.195034166162372,-73.48890723610293,37.382559367165214,39.21460352727587
2023,6,T,1,2,1,1,16.093056376243595,-54.84524469902499,46.8946831072254,-38.3272926238569
2023,6,T,1,2,1,2,16.299493589743605,-77.03882076923037,48.32163602564103,-34.55938984615384
2023,6,T,1,2,2,1,16.383060555369724,-122.11479759116764,47.12918990743839,41.92128201182112
2023,6,T,1,2,2,2,16.019352809327074,-88.44663533111407,41.107143437097506,39.22121262231738
2023,6,T,2,0,1,1,14.01768823529413,-58.03505882352965,37.969859117647054,-31.952154705882354
2023,6,T,2,0,1,2,11.352374242424247,0.8554090909092338,26.574512121212116,-23.930765
2023,6,T,2,0,2,1,14.436784275862038,-56.694179310345135,35.56860634482759,36.156520965517245
2023,6,T,2,0,2,2,13.958061538461521,-35.2728076923072,32.81881,34.53452128205129
2023,6,T,2,1,1,1,12.979630263157901,-92.00121710526355,38.54859625,-30.17367730263158
2023,6,T,2,1,1,2,14.336619815668172,-205.376117511521,40.21556117511521,-37.74899343317973
2023,6,T,2,1,2,1,14.522044318181798,-3.171782196969616,36.15970479166667,35.71502880681818
2023,6,T,2,1,2,2,15.715358757062148,-55.80997545614537,34.73338284708716,36.7607513892748
2023,6,T,2,2,1,1,14.188539180990887,-144.67239130434746,43.62329446410516,-32.76588303842265
2023,6,T,2,2,1,2,13.70924726661059,-123.60882814690194,41.84244150546677,-34.559275147182504
2023,6,T,2,2,2,1,15.90266427356886,-112.31902229359548,42.62334527678065,40.816620564897036
2023,6,T,2,2,2,2,16.23032555066078,-42.84577092511063,36.04067356828194,38.84044405286344
2023,6,T,3,0,1,1,,,,
2023,6,T,3,0,1,2,,,,
2023,6,T,3,0,2,1,,,,
2023,6,T,3,0,2,2,,,,
2023,6,T,3,1,1,1,13.66628620689653,-15.256241379310268,38.14315885057471,-27.089751609195403
2023,6,T,3,1,1,2,11.402350000000013,-10.15881249999984,40.341015625,-28.013709375
2023,6,T,3,1,2,1,15.990109479305758,65.3207966177124,39.42357231864708,28.727209879839787
2023,6,T,3,1,2,2,12.4133904761905,-32.89847619047623,30.762943809523808,36.24816285714286
2023,6,T,3,2,1,1,14.038546405228743,-113.78837908496689,44.27243607843137,-33.783018300653595
2023,6,T,3,2,1,2,13.909317102860655,-179.45383444917843,41.52652744978697,-38.848097321972006
2023,6,T,3,2,2,1,14.7407030807031,-77.3775288225288,33.651199319599314,40.58887618597619
2023,6,T,3,2,2,2,15.193966938405794,-84.9839751552795,36.992788334627335,36.077881644668736
2023,7,B,0,0,1,1,14.13056964429606,-85.58984833659497,41.54014958558766,-31.29182447047312
2023,7,B,0,0,1,2,14.705966828279543,-88.14063275536228,41.67205567973265,-31.684328139808805
2023,7,B,0,0,2,1,17.8303678738133,-71.36505403772344,41.52615134050052,40.25049580715934
2023,7,B,0,0,2,2,16.701358154105037,-42.99321035943012,37.46542432915424,37.70162700662676
2023,7,B,0,1,1,1,15.810248851294887,-40.417074979114204,43.88475619256475,-32.181060682957394
2023,7,B,0,1,1,2,16.66971735471735,-108.24014058014063,50.736700683100686,-36.51561613701614
2023,7,B,0,1,2,1,19.230485806647593,-72.95819469756134,46.8674256400243,38.82372359845526
2023,7,B,0,1,2,2,16.922177355799377,-88.94712405956125,39.335960245297805,40.655979528213166
2023,7,B,0,2,1,1,15.999689964157696,-159.49562275985636,49.33434852150537,-33.320630779569896
2023,7,B,0,2,1,2,17.478125396825405,-85.77023809523826,55.3490235978836,-35.96860513227513
2023,7,B,0,2,2,1,16.85457668987199,-147.8988356164382,44.36685808443746,41.249212317538735
2023,7,B,0,2,2,2,16.5256225490196,-127.1538169051405,39.95868880498145,40.47032388712242
2023,7,B,1,0,1,1,13.09489851437391,-92.0922814972023,37.561945350183294,-30.492472593092806
2023,7,B,1,0,1,2,12.608890397481304,-43.726873278237235,37.92304155844156,-31.606618339236523
2023,7,B,1,0,2,1,15.27033767837841,-40.00555393811055,34.842712871920426,36.504822761860645
2023,7,B,1,0,2,2,14.840905967107773,-42.00926999424655,33.45074443565401,35.68198769778481
2023,7,B,1,1,1,1,14.003888539482887,-104.21709713487053,45.20741289308176,-28.969263941299793
2023,7,B,1,1,1,2,14.684738475177312,-106.0247665484635,46.73262848699763,-33.744026477541375
2023,7,B,1,1,2,1,16.650998273097343,-79.58052855556889,41.0510216109535,40.7730844517084
2023,7,B,1,1,2,2,16.65626390715667,-51.917299806576466,37.09575181302385,37.34008039845261
2023,7,B,1,2,1,1,14.955779045476476,-71.21645187208787,43.94216537040013,-31.012044464084845
2023,7,B,1,2,1,2,14.996850691244248,-166.55899539170514,47.57411732718894,-35.032842165898614
2023,7,B,1,2,2,1,16.87750538292147,-94.18690196558191,44.586292745289946,40.193877016556556
2023,7,B,1,2,2,2,16.36014532871971,-116.47515818092006,40.591487790410284,38.01152229362333
2023,7,B,2,0,1,1,12.442465045592712,-142.02773556231023,38.76700273556231,-33.70998844984802
2023,7,B,2,0,1,2,,,,
2023,7,B,2,0,2,1,14.8514295608108,-48.57434684684722,34.76546475225225,33.90857984234234
2023,7,B,2,0,2,2,15.296513894523315,-27.930877281947232,35.198792524509805,35.0393737745098
2023,7,B,2,1,1,1,11.039015000000006,-71.50655000000006,40.24804975,-28.84711875
2023,7,B,2,1,1,2,12.64613383838386,-98.17007575757634,39.785432575757575,-29.604701515151515
2023,7,B,2,1,2,1,17.211935009380866,-70.7270037523449,39.09512630393996,38.92304285178237
2023,7,B,2,1,2,2,13.49136378205128,-63.527281650640816,34.37342363782051,34.95613689903847
2023,7,B,2,2,1,1,13.504656949505488,-102.1259942738161,40.141216514836024,-26.972615499739717
2023,7,B,2,2,1,2,14.338412240437151,-66.85135300546426,43.61251119125683,-27.049875540983606
2023,7,B,2,2,2,1,16.31046609237538,-137.84862903225803,42.93352659457478,39.643005975073315
2023,7,B,2,2,2,2,15.150345220015595,-93.61545804127718,37.96469283489097,36.97523544100467
2023,7,B,3,0,1,1,,,,
2023,7,B,3,0,1,2,,,,
2023,7,B,3,0,2,1,,,,
2023,7,B,3,0,2,2,,,,
2023,7,B,3,1,1,1,12.58574999999999,-57.25708333333387,41.092356249999995,-33.674697916666666
2023,7,B,3,1,1,2,16.950060606060603,-168.28053030303,49.93249090909091,-35.016946969696974
2023,7,B,3,1,2,1,15.69627657142857,-121.7134742857138,33.27218788571429,34.43084651428571
2023,7,B,3,1,2,2,15.350995238095237,35.126744588744714,33.90584476190476,33.048585844155845
2023,7,B,3,2,1,1,13.81759513888889,-70.20261805555538,42.203744444444446,-29.545283055555558
2023,7,B,3,2,1,2,12.217679606342273,-121.72417714598123,38.50024237288135,-26.408479825041006
2023,7,B,3,2,2,1,16.122450750000013,-96.63120833333323,38.044066416666666,36.62817820833334
2023,7,B,3,2,2,2,13.473270887460671,-86.80885956515795,35.19544927526323,31.212881013264052
2023,7,T,0,0,1,1,14.406303132200009,-107.06227398966303,42.74214417211532,-31.656820561678806
2023,7,T,0,0,1,2,15.348564880503147,-103.47548176100645,45.27256621383648,-33.53326177861635
2023,7,T,0,0,2,1,16.67693451833827,-46.51017639902693,41.23148626205281,38.89425677660629
2023,7,T,0,0,2,2,16.390269549252878,-43.64023639595234,38.477405693584274,37.914206635482465
2023,7,T,0,1,1,1,15.96833401084011,-141.8711878952122,48.27074537037036,-37.01353660794941
2023,7,T,0,1,1,2,16.20826618868783,-126.74320245817671,49.903317309662,-32.34641399795152
2023,7,T,0,1,2,1,18.2828763120623,-67.02468939334358,43.776235390274614,41.743486369895344
2023,7,T,0,1,2,2,17.83267777777776,-61.393567901234746,42.06224203703704,40.80747487654321
2023,7,T,0,2,1,1,13.644220680958398,-145.96441992433756,43.574641393442626,-32.09965305800756
2023,7,T,0,2,1,2,15.94646363636366,-95.52808838383862,46.369296818181816,-35.42097671717171
2023,7,T,0,2,2,1,15.622616734279916,-122.30238032454372,45.99125897565923,40.34214113590264
2023,7,T,0,2,2,2,16.641169045323068,-60.027445194471056,40.938608450658954,36.97726558662809
2023,7,T,1,0,1,1,13.022797994458358,-92.76616308220082,38.40705105554822,-29.425635479614726
2023,7,T,1,0,1,2,14.001502164502156,-58.01026147186167,40.5246968707483,-29.54807513914657
2023,7,T,1,0,2,1,14.745786434804131,-9.491005425253206,34.946346844895515,35.95053142933763
2023,7,T,1,0,2,2,15.142307108108781,-27.53518652484081,34.015594211428436,35.52400494164797
2023,7,T,1,1,1,1,14.344399842767302,-73.77380345911934,43.44068267295597,-30.882266289308177
2023,7,T,1,1,1,2,14.857160256410225,-97.88149999999996,43.41238535395764,-31.16407412207358
2023,7,T,1,1,2,1,17.476543459552488,-70.32327022375239,38.61191042025244,40.21549721026965
2023,7,T,1,1,2,2,16.634243330845976,-53.018822591176104,38.172216451357144,37.361498605540525
2023,7,T,1,2,1,1,14.9148257096181,-40.916282213600425,48.025961986930774,-32.97616876659179
2023,7,T,1,2,1,2,15.932697215189876,-108.37515308016918,51.209636421940935,-34.61095662447258
2023,7,T,1,2,2,1,16.50576602967263,-105.72957063376907,43.29684686340913,39.27348087002096
2023,7,T,1,2,2,2,17.198048548094377,-134.01529264972805,43.25996802404718,41.296834006352086
2023,7,T,2,0,1,1,13.886798941798943,-133.96682539682524,42.53490582010582,-30.658507407407406
2023,7,T,2,0,1,2,11.24151515151516,-39.8989393939396,36.7807893939394,-29.48358484848485
2023,7,T,2,0,2,1,14.566717204301085,-74.70259139785003,31.58539279569893,36.64193752688172
2023,7,T,2,0,2,2,16.360274440052734,-65.32969798317663,29.98045635958245,37.459191963109355
2023,7,T,2,1,1,1,13.06573780487804,-103.15594512195094,42.001258587398375,-29.217887347560975
2023,7,T,2,1,1,2,11.723973745173737,-70.18865637065664,38.72335254826255,-30.080065559845565
2023,7,T,2,1,2,1,15.188672207189768,-53.06083958252793,32.74787129493622,38.38599776575184
2023,7,T,2,1,2,2,14.16520338983051,-46.209180790960545,32.53626666666666,34.82895734463277
2023,7,T,2,2,1,1,14.073326315789473,-133.93186536107714,44.62606785801713,-35.15726389228886
2023,7,T,2,2,1,2,15.027110774818397,-67.47038983050834,45.10273177966101,-30.124279963680387
2023,7,T,2,2,2,1,17.259513994910947,-86.34110347752312,45.21474071246819,39.47753396098389
2023,7,T,2,2,2,2,16.027296500000006,-91.15826333333325,39.69350798333333,39.55351213333333
2023,7,T,3,0,1,1,,,,
2023,7,T,3,0,1,2,,,,
2023,7,T,3,0,2,1,,,,
2023,7,T,3,0,2,2,,,,
2023,7,T,3,1,1,1,13.293422619047618,12.21098214285712,38.531028273809525,-28.69617886904762
2023,7,T,3,1,1,2,,,,
2023,7,T,3,1,2,1,13.255408045976992,-22.253349753694238,27.18790989326766,38.405420730706076
2023,7,T,3,1,2,2,14.386837868480711,-25.876678004534824,30.017452078609224,29.91435109599395
2023,7,T,3,2,1,1,12.205159427966095,-150.13107786016917,37.26494894067797,-29.237756038135593
2023,7,T,3,2,1,2,12.341878248587562,-88.30121468926563,42.400461497175144,-31.677560310734464
2023,7,T,3,2,2,1,16.599665032679752,-117.41703431372525,41.115976960784316,39.31695269607843
2023,7,T,3,2,2,2,15.643189069264082,-29.458212121212455,34.43700682900433,35.097263668831175
2023,8,B,0,0,1,1,14.268913390663386,-55.44113759213724,39.29584929975431,-31.064081855036854
2023,8,B,0,0,1,2,16.3629434548467,-96.06512634631281,44.85316681264055,-32.52578140312463
2023,8,B,0,0,2,1,17.983512278323943,-36.29093022306415,44.39933302606225,38.35000255968516
2023,8,B,0,0,2,2,16.8745795818989,-46.72257009907253,39.82578525140739,36.66441033506966
2023,8,B,0,1,1,1,14.769627654698255,-90.03859434682954,39.53141417876241,-27.42121382734912
2023,8,B,0,1,1,2,17.071768478260864,-121.11172826086931,49.866631793478255,-35.518349293478266
2023,8,B,0,1,2,1,18.573949503088897,-82.17503088906824,49.90371589667831,43.45695542125526
2023,8,B,0,1,2,2,16.35092769953053,-88.23051014419889,42.461896818410466,39.262312692823606
2023,8,B,0,2,1,1,17.02019711538462,-119.5013862179485,49.04494583333333,-33.50759471153846
2023,8,B,0,2,1,2,15.959688394276611,-97.90489666136727,47.26261473237944,-32.098705511393746
2023,8,B,0,2,2,1,17.805271774193557,-85.83835483870917,48.4196364516129,40.909443087557605
2023,8,B,0,2,2,2,15.991768847549395,-80.89576657259704,42.8433619881357,36.952906228762316
2023,8,B,1,0,1,1,14.658077951315619,-97.81519487828882,41.18654074855775,-32.64670951174898
2023,8,B,1,0,1,2,13.442219047619062,-94.86372619047597,39.17510511904762,-33.06899726190476
2023,8,B,1,0,2,1,15.554861171124173,-34.503821239663466,39.11614295053266,36.51587838225434
2023,8,B,1,0,2,2,14.645758614964564,-22.253499298996758,36.29163174992621,34.1429908371458
2023,8,B,1,1,1,1,14.575267424242426,-125.99829848484842,36.66751201515152,-30.68912043939394
2023,8,B,1,1,1,2,14.442732352941178,-86.50135294117672,44.450541470588234,-31.01884882352941
2023,8,B,1,1,2,1,16.84487421115064,-71.73480213523135,42.6378861494662,37.90386619691578
2023,8,B,1,1,2,2,16.17571507459408,-48.223130954045246,39.949123608475965,35.8359866918975
2023,8,B,1,2,1,1,14.374317948717902,-126.95391025640993,43.59626269230769,-30.11924807692308
2023,8,B,1,2,1,2,15.59451404909791,-137.57088435374135,50.117384235433306,-32.9010602484472
2023,8,B,1,2,2,1,16.937503771337845,-86.1719109314663,47.20112939117254,40.33443773142301
2023,8,B,1,2,2,2,16.23444687313878,-94.98577218582477,44.51618832340679,37.127304839189996
2023,8,B,2,0,1,1,,,,
2023,8,B,2,0,1,2,,,,
2023,8,B,2,0,2,1,14.28560801772764,5.546427612140633,32.249061469245234,32.35128251410153
2023,8,B,2,0,2,2,14.206985362095537,-57.45501112823149,33.59736700907379,35.581516324259546
2023,8,B,2,1,1,1,12.616792857142855,-154.62971428571427,41.44806761904761,-30.533726904761906
2023,8,B,2,1,1,2,13.03887960018173,-95.03096774193546,37.55941617446615,-30.34176560654248
2023,8,B,2,1,2,1,14.31961822466613,-6.666228724796838,34.820133791568466,35.327105492275464
2023,8,B,2,1,2,2,13.900853026037993,-60.979361365235945,34.161422586206896,32.785508205489094
2023,8,B,2,2,1,1,14.191817525276804,-85.72170438131934,40.15348560423688,-30.73602963408763
2023,8,B,2,2,1,2,15.658991086089614,-94.64538353272292,49.23310478536242,-32.71821072015013
2023,8,B,2,2,2,1,15.30608243770402,-96.91934738476266,41.242298340100305,36.95724355146883
2023,8,B,2,2,2,2,16.48894820717129,-76.99831286793096,41.204975963310936,35.832448803294284
2023,8,B,3,0,1,1,,,,
2023,8,B,3,0,1,2,,,,
2023,8,B,3,0,2,1,,,,
2023,8,B,3,0,2,2,,,,
2023,8,B,3,1,1,1,14.03267708333334,-32.354479166666806,44.52461041666667,-26.38601666666667
2023,8,B,3,1,1,2,,,,
2023,8,B,3,1,2,1,15.385801201671882,49.06911964472283,32.11470801985371,32.481232236154646
2023,8,B,3,1,2,2,15.273200686452668,-72.93651928124336,35.15577244094489,35.30903490813648
2023,8,B,3,2,1,1,12.419930952380952,-95.07630952380941,34.420585119047615,-27.048023452380953
2023,8,B,3,2,1,2,13.29540570719604,-100.13791563275436,34.051515384615385,-30.219378411910668
2023,8,B,3,2,2,1,16.208289780750647,-93.15077146042358,41.20776761798587,34.49760662950576
2023,8,B,3,2,2,2,14.506728571428539,-65.86409523809562,35.945039047619055,34.44893896825397
2023,8,T,0,0,1,1,14.943595709068774,-156.34413344491804,43.787126673767496,-32.93584744370055
2023,8,T,0,0,1,2,14.955553507516115,-130.12348899427343,46.05659108804581,-30.703283455619182
2023,8,T,0,0,2,1,16.662588390964913,-53.041855437535105,40.76368147771575,38.305595556812364
2023,8,T,0,0,2,2,16.1940114532444,-54.469431432213696,36.66156080139211,37.570886789406586
2023,8,T,0,1,1,1,16.610572305117827,-221.28076697810639,47.39507235392553,-33.23219710640078
2023,8,T,0,1,1,2,15.849327201565572,-176.7642857142855,53.089609471624264,-32.131885244618395
2023,8,T,0,1,2,1,17.524490143964556,-76.52784145441137,44.2018919121447,39.69834058324105
2023,8,T,0,1,2,2,17.127748948816574,-74.20620958302288,42.38570488120031,39.441414695286014
2023,8,T,0,2,1,1,15.592592910447763,-166.6394589552242,46.21465529850746,-32.697421791044775
2023,8,T,0,2,1,2,16.075048504983386,-176.1368338870434,50.64094378737541,-33.76100803986711
2023,8,T,0,2,2,1,15.171849213137165,-49.71257098871047,46.2111758467328,38.58195571330825
2023,8,T,0,2,2,2,15.410847389200597,-130.0065123044501,37.63412855997863,40.12767717813993
2023,8,T,1,0,1,1,14.226679279279281,-130.21782496782498,41.557435842985846,-30.871198082368085
2023,8,T,1,0,1,2,13.31874641577059,-197.13304659498226,39.71146335125448,-29.740848387096772
2023,8,T,1,0,2,1,14.91181233062332,-57.225161924118765,37.648913756775066,36.681751839430895
2023,8,T,1,0,2,2,15.827157879924954,-73.4550725453405,36.40174294976027,36.967976103814884
2023,8,T,1,1,1,1,14.908453297623026,-219.9272313357883,45.32859205445821,-32.01757318379646
2023,8,T,1,1,1,2,14.06110089887639,-177.41089887640464,43.67153683146067,-32.36004660674158
2023,8,T,1,1,2,1,16.22877338877339,-109.96099688149707,42.70217781704782,38.37966958419958
2023,8,T,1,1,2,2,15.471310572827235,-53.146174264098136,35.425230357937565,36.698434261555086
2023,8,T,1,2,1,1,13.738923549852984,-202.70792969794184,42.993147808072706,-30.248737169206095
2023,8,T,1,2,1,2,15.366338983050852,-200.06305084745736,47.99020169491526,-31.989806779661016
2023,8,T,1,2,2,1,16.012824488667775,-89.52649411671837,41.82446122166943,38.65738876253653
2023,8,T,1,2,2,2,16.630383585624543,-92.81828673668997,39.37952535011842,39.83673102667079
2023,8,T,2,0,1,1,11.599000000000018,-160.98096096096106,37.86020780780781,-21.466004054054057
2023,8,T,2,0,1,2,,,,
2023,8,T,2,0,2,1,14.845828571428598,-30.541428571428696,29.750323428571427,35.45806171428572
2023,8,T,2,0,2,2,15.92853575116159,-71.25421786267407,34.15809704439856,36.84777786525555
2023,8,T,2,1,1,1,13.235244964871185,-206.78911475409814,43.884273583138175,-25.649952084309135
2023,8,T,2,1,1,2,11.84487026406427,-182.80037887485605,36.39794626865671,-29.95040482204363
2023,8,T,2,1,2,1,14.907034263959417,-110.67087623882026,36.72049515953589,36.78245336596567
2023,8,T,2,1,2,2,16.289887867403337,-58.235856795580276,35.04257264530386,36.69628486187845
2023,8,T,2,2,1,1,14.165792518912866,-198.91578033062478,45.01675937237321,-29.14531972541328
2023,8,T,2,2,1,2,12.785044437019707,-182.89814433678612,41.333596124290004,-30.688902739726025
2023,8,T,2,2,2,1,15.467996952871061,-82.04530268147346,45.57229171180932,34.47656514761647
2023,8,T,2,2,2,2,15.93018304552595,-108.10560526774816,39.29059952032095,38.85296911390197
2023,8,T,3,0,1,1,,,,
2023,8,T,3,0,1,2,,,,
2023,8,T,3,0,2,1,,,,
2023,8,T,3,0,2,2,14.86951944444445,17.875916666665944,34.30105166666667,33.983804444444445
2023,8,T,3,1,1,1,14.669787878787872,-127.01739393939397,37.384589999999996,-23.441710606060607
2023,8,T,3,1,1,2,11.927149999999983,-71.0281590909085,43.02841636363636,-30.737971363636362
2023,8,T,3,1,2,1,15.15736477484677,-84.97096456168401,31.90402155608846,35.66525811350919
2023,8,T,3,1,2,2,16.147442361111104,31.585374999999658,35.56756993055556,34.90129972222222
2023,8,T,3,2,1,1,14.504951580632252,-182.38555422168838,44.60928895558223,-27.849649419767907
2023,8,T,3,2,1,2,12.02398550724638,-114.69499194847049,38.85495257648954,-27.69700322061192
2023,8,T,3,2,2,1,15.528168979114923,-120.21874835694462,35.77144870016065,37.54448140061341
2023,8,T,3,2,2,2,17.540308900494153,-51.82957827942528,36.79148591644205,37.77903681491465
2023,9,B,0,0,1,1,13.441426821405543,-49.820087040619,38.66413162475822,-29.87300744680851
2023,9,B,0,0,1,2,14.812573873873873,-165.4762680180179,42.92395826576577,-35.462921126126126
2023,9,B,0,0,2,1,16.901439304166445,-3.4138455704601256,47.432562492297485,35.553346774422906
2023,9,B,0,0,2,2,16.41123417048138,-0.37164593913166755,42.931525073313786,34.52807089353408
2023,9,B,0,1,1,1,16.061767692307697,-129.65904615384625,47.814038000000004,-34.854194769230766
2023,9,B,0,1,1,2,15.473993738819317,-123.86187835420378,46.39512781753131,-33.92609418604651
2023,9,B,0,1,2,1,18.446242746496196,-35.689487337103856,51.13037241209737,38.452697596508486
2023,9,B,0,1,2,2,16.768405592228163,-66.29453543405134,49.44869363972267,36.03616253373189
2023,9,B,0,2,1,2,19.60243478260871,-121.99968944099419,57.91578819875776,-45.31874347826087
2023,9,B,0,2,2,1,16.057673076923095,-140.87163461538512,54.16189743589743,41.54148461538462
2023,9,B,0,2,2,2,14.793492861222148,-58.53021773272394,48.223313942033116,33.43347846944603
2023,9,B,1,0,1,1,12.166165898617521,38.115791090629955,25.485588018433173,-32.19664623655914
2023,9,B,1,0,1,2,11.661263157894751,-214.29679824561345,41.40190438596491,-30.388528947368417
2023,9,B,1,0,2,1,13.167109695898574,84.9399256505576,34.96700633189104,29.725697336827352
2023,9,B,1,0,2,2,14.996572330945781,8.94891489481688,37.994381419547686,32.17324241441543
2023,9,B,1,1,1,1,11.479691576086964,-73.29377717391299,34.423769157608696,-27.525367527173913
2023,9,B,1,1,1,2,14.098525987526017,-253.4550727650726,50.72747286902287,-32.647630145530144
2023,9,B,1,1,2,1,15.601979671717174,29.07327525252549,41.62438898989899,35.28655142676767
2023,9,B,1,1,2,2,15.599835862460935,-29.424428815004376,42.01688321113952,35.95496966467746
2023,9,B,1,2,1,1,15.59296691176472,-65.09755514705876,45.00567261029412,-30.03730643382353
2023,9,B,1,2,1,2,16.3598753665689,-251.41021994134917,51.49782536656892,-35.951518328445744
2023,9,B,1,2,2,1,16.322873253492986,-40.89796834901608,50.25853220701454,37.937649500998006
2023,9,B,1,2,2,2,15.81413876025934,-4.84179063008969,45.02037361479258,34.52603670041197
2023,9,B,2,0,1,2,,,,
2023,9,B,2,0,2,1,14.652598369565254,83.62635326086956,42.682142336956524,28.697159782608693
2023,9,B,2,0,2,2,13.762621848739485,-23.015966386554283,33.036394117647056,35.438850420168066
2023,9,B,2,1,1,1,,,,
2023,9,B,2,1,1,2,15.065259459459455,-146.08178378378352,38.469590810810814,-35.53128054054054
2023,9,B,2,1,2,1,13.753593954248402,1.185298202614831,37.93379227941176,30.859627246732025
2023,9,B,2,1,2,2,14.829973448773444,3.434049062048871,33.92067232323232,34.04809083694084
2023,9,B,2,2,1,1,13.1647857142857,-97.54668831168829,35.31344350649351,-25.744493506493505
2023,9,B,2,2,1,2,14.885409090909093,-105.21133689839598,45.766726737967915,-31.444824064171122
2023,9,B,2,2,2,1,14.808462862318862,-46.50333937198047,45.69903167270532,34.49433496376811
2023,9,B,2,2,2,2,15.039186648983218,-31.053275862069313,41.88801755083996,33.90479790450929
2023,9,B,3,0,1,2,,,,
2023,9,B,3,0,2,1,,,,
2023,9,B,3,0,2,2,,,,
2023,9,B,3,1,1,1,,,,
2023,9,B,3,1,1,2,,,,
2023,9,B,3,1,2,1,13.042204013377926,8.538617614269697,36.99167190635451,29.43016856187291
2023,9,B,3,1,2,2,15.10076223776224,48.16426573426588,37.76265209790209,36.76423484848485
2023,9,B,3,2,1,1,12.579116666666664,-37.43666666666695,34.44775666666666,-29.477521666666668
2023,9,B,3,2,1,2,,,,
2023,9,B,3,2,2,1,13.97751767151766,5.174087837837305,36.29122668590921,33.07314284964576
2023,9,B,3,2,2,2,14.982893162393196,47.90219373219361,39.021861823361824,32.76891723646724
2023,9,T,0,0,1,1,14.491429026450646,-65.38512532890218,41.20278272399945,-31.399981816922864
2023,9,T,0,0,1,2,14.474764354066991,-106.25159090909074,42.39535235247209,-32.134221610845294
2023,9,T,0,0,2,1,17.422237871546898,4.127968127800614,45.433062791423225,36.525683773540756
2023,9,T,0,0,2,2,17.20524400786664,7.126577476061357,40.848017677199216,35.92961536960769
2023,9,T,0,1,1,1,16.105415892672838,-63.841065531475124,46.7919528379773,-32.99139989680083
2023,9,T,0,1,1,2,16.55133315508023,-215.13165240641683,51.64217836898396,-31.527998636363634
2023,9,T,0,1,2,1,18.75108967475728,-22.63308838187686,53.13047526537217,39.92838560841424
2023,9,T,0,1,2,2,18.14883870484381,-18.901459298348527,46.5685697716538,38.63706677090459
2023,9,T,0,2,1,1,14.896297101449278,-146.83155797101426,48.45268170289856,-30.525133695652173
2023,9,T,0,2,1,2,15.44049230769231,-71.57688461538419,43.472797692307694,-32.65128807692308
2023,9,T,0,2,2,1,15.980641106998064,-0.6382838004583391,54.118642296844705,39.75855986250661
2023,9,T,0,2,2,2,15.951453728823793,-0.8326430337010606,41.777263043347205,37.52825143787303
2023,9,T,1,0,1,1,13.207237076648852,-45.93889483065914,41.49870365418895,-26.930261140819965
2023,9,T,1,0,1,2,12.588328326745739,-171.14281686429513,40.98602953886693,-27.412095441370226
2023,9,T,1,0,2,1,13.906005075739529,16.18899555872804,40.44000851772543,31.56148957094139
2023,9,T,1,0,2,2,14.893313408345051,6.101615096108617,37.83582742950908,32.979862591253095
2023,9,T,1,1,1,1,14.257753968253965,-66.8359259259264,44.46095873015873,-31.01976428571428
2023,9,T,1,1,1,2,14.794275415375935,-119.82835201351736,49.369366178541256,-30.603264854970433
2023,9,T,1,1,2,1,17.697581071605356,-13.295410410823479,47.50333020541164,36.540319487295825
2023,9,T,1,1,2,2,16.2019679037829,6.883669350718719,40.62260368069322,34.98855153174879
2023,9,T,1,2,1,1,16.429283333333345,1.6083333333331211,44.044807407407404,-29.94966712962963
2023,9,T,1,2,1,2,17.158615718627885,-63.83954971775893,57.74274038211029,-31.761264915327835
2023,9,T,1,2,2,1,15.659666244725742,-34.364178270041975,46.99294209915611,39.96200598101266
2023,9,T,1,2,2,2,16.830520037182396,-12.529957377952087,44.710052781794396,36.23275405563589
2023,9,T,2,0,1,1,12.766770967741934,-74.79722580645193,42.043296129032264,-25.45848935483871
2023,9,T,2,0,1,2,,,,
2023,9,T,2,0,2,1,15.84374687705457,-54.49212798597409,34.148508371685296,32.88182710935788
2023,9,T,2,0,2,2,16.050233418367355,11.986011904761654,38.37524773596939,35.21500452806123
2023,9,T,2,1,1,1,12.746770676691739,-48.46816541353337,39.47420962406015,-23.90353812030075
2023,9,T,2,1,1,2,10.929887154861945,-211.29292917166867,42.57836818727491,-25.12731356542617
2023,9,T,2,1,2,1,15.496738350501033,-2.794285614182627,40.88121132366337,32.92382148412865
2023,9,T,2,1,2,2,15.000819433198416,-25.31090890688256,37.553076097166,33.25330543319838
2023,9,T,2,2,1,1,12.602301288936644,-60.1602685284638,41.92600665950591,-29.98215558539205
2023,9,T,2,2,1,2,14.238771273712757,-114.92850406504067,44.637692845528456,-26.84055078590786
2023,9,T,2,2,2,1,16.899575524475523,-47.61651748251734,49.8825126923077,39.19066087412587
2023,9,T,2,2,2,2,15.83918793772358,-5.505376295325732,43.26982079743371,36.06406314304429
2023,9,T,3,0,1,1,,,,
2023,9,T,3,0,1,2,,,,
2023,9,T,3,0,2,1,,,,
2023,9,T,3,0,2,2,,,,
2023,9,T,3,1,1,1,,,,
2023,9,T,3,1,1,2,,,,
2023,9,T,3,1,2,1,14.885477226720639,-95.18470647773302,36.56509848178138,34.8243403340081
2023,9,T,3,1,2,2,16.780518523489917,-43.59212080536918,40.91990217449664,34.7210242147651
2023,9,T,3,2,1,1,13.1771505847953,-53.785687134503405,40.426004678362574,-28.030411842105263
2023,9,T,3,2,1,2,8.861129076086968,-71.55008152173923,34.333882880434786,-25.44030163043478
2023,9,T,3,2,2,1,14.949764210526325,-59.075443609022386,43.19897592982457,36.0179599197995
2023,9,T,3,2,2,2,17.654625905150425,-8.952605619359929,41.81022082610912,33.068596017338095
2023,10,B,0,0,1,2,,,,
2023,10,B,0,0,2,1,18.136866666666663,46.72631351351356,42.31525881081081,36.84548144144144
2023,10,B,0,0,2,2,15.442487434410396,-3.6261833747585115,39.17369339961337,38.16458989229494
2023,10,B,0,1,1,1,,,,
2023,10,B,0,1,2,1,18.066821428571416,-13.738169642857429,45.778059375000005,48.127994642857146
2023,10,B,0,1,2,2,14.284449074074075,-29.08745370370343,37.58260324074074,35.03766574074074
2023,10,B,0,2,2,1,,,,
2023,10,B,0,2,2,2,12.792098484848452,37.04068181818184,39.323145454545454,34.01859015151515
2023,10,B,1,0,2,1,13.999630769230777,63.88838461538489,32.505119743589745,31.846054102564104
2023,10,B,1,0,2,2,16.388952380952375,-0.35476190476219926,34.88900804597701,36.54670706075534
2023,10,B,1,1,2,1,14.030780952380951,-26.678152380952724,39.98860247619048,36.7980979047619
2023,10,B,1,1,2,2,13.504800287356318,-24.787614942528762,30.964948132183903,32.86554597701149
2023,10,B,1,2,2,1,16.20868205128204,113.73066666666728,42.29975743589743,40.987606666666665
2023,10,B,1,2,2,2,15.279104999999987,13.769166666666479,37.255334500000004,33.27321116666667
2023,10,B,2,0,2,1,,,,
2023,10,B,2,0,2,2,,,,
2023,10,B,2,1,2,1,,,,
2023,10,B,2,1,2,2,19.612073863636354,7.947159090908826,39.852892613636364,42.23129034090909
2023,10,B,2,2,2,1,14.87519886363637,57.25346590909112,31.798822159090907,33.697992613636366
2023,10,B,2,2,2,2,18.35217803030301,69.33700757575753,37.970273863636365,30.5811071969697
2023,10,B,3,2,2,1,9.988027472527477,-44.14824175824151,27.8855956043956,28.407517032967032
2023,10,B,3,2,2,2,,,,
2023,10,T,0,0,1,1,14.422783333333328,-92.40133333333324,45.31892333333334,-41.578665
2023,10,T,0,0,1,2,,,,
2023,10,T,0,0,2,1,17.26061604938272,-68.66195061728376,49.41767543209876,39.60295654320988
2023,10,T,0,0,2,2,16.114841193809866,20.551593588798823,41.04110919307296,33.9072525055269
2023,10,T,0,1,2,1,17.653511111111115,-90.79388888888889,49.1893,46.977579999999996
2023,10,T,0,1,2,2,14.69532913165267,30.179117647058774,41.862923529411766,36.00993347338935
2023,10,T,0,2,2,1,,,,
2023,10,T,0,2,2,2,17.24310197368422,-77.3784868421053,42.5620947368421,33.451779605263155
2023,10,T,1,0,2,1,15.191127272727257,101.34352272727256,38.91535068181818,34.49241340909091
2023,10,T,1,0,2,2,14.238277272727288,43.326818181818,35.06125227272727,31.27928909090909
2023,10,T,1,1,2,1,16.365166666666653,58.98681818181831,47.48484583333333,40.068064393939395
2023,10,T,1,1,2,2,17.349827083333338,133.74379166666677,45.52425791666667,29.564058749999997
2023,10,T,1,2,2,1,,,,
2023,10,T,1,2,2,2,14.742509523809503,-87.29942857142896,38.306695714285716,40.26925523809524
2023,10,T,2,0,2,1,,,,
2023,10,T,2,0,2,2,,,,
2023,10,T,2,1,2,1,,,,
2023,10,T,2,1,2,2,,,,
2023,10,T,2,2,2,1,,,,
2023,10,T,2,2,2,2,18.767126262626277,-89.76671717171712,44.97518080808081,39.04352525252526
2023,10,T,3,1,2,1,,,,
2023,10,T,3,1,2,2,,,,
2023,10,T,3,2,2,1,,,,
2023,10,T,3,2,2,2,,,,
2023,11,B,0,0,2,1,,,,
2023,11,B,0,0,2,2,14.067008113590276,-60.27734279918877,32.709305679513186,39.02575821501014
2023,11,B,0,1,2,2,20.420478021978028,-174.8734065934068,39.9693456043956,53.580949450549454
2023,11,B,1,0,2,1,,,,
2023,11,B,1,0,2,2,,,,
2023,11,B,1,1,2,2,15.457311688311705,-78.84551948051967,36.994172727272726,43.61319740259741
2023,11,B,2,2,2,2,,,,
2023,11,T,0,0,1,1,13.072284615384632,-1.9333846153849663,34.56836307692308,-27.58906692307692
2023,11,T,0,0,2,1,20.15981114551083,-102.5780495356039,45.99610247678019,44.8967613003096
2023,11,T,0,0,2,2,15.504541958041955,25.01003496503472,42.48895827505828,35.830540326340326
2023,11,T,0,1,2,1,15.167690909090936,116.04363636363587,33.745903636363636,46.14715363636364
2023,11,T,0,1,2,2,11.98504705882354,-135.4002941176468,30.547409411764704,36.44246
2023,11,T,1,0,2,2,13.501499999999993,24.506875000000036,41.43725625,32.066199999999995
2023,11,T,1,1,2,2,20.250328671328646,-43.94846153846129,52.59111118881119,41.91020979020979
2023,11,T,1,2,2,2,15.552123076923095,162.4866153846151,41.01642230769231,32.56487307692308
2023,11,T,2,1,2,2,,,,
2023,11,T,2,2,2,2,,,,
2023,12,B,0,0,2,1,,,,
2023,12,B,0,0,2,2,19.11978333333336,33.66066666666666,46.08316833333333,42.83954833333333
2023,12,B,1,0,2,2,,,,
2023,12,T,0,0,2,1,,,,
2023,12,T,0,0,2,2,15.622417989417983,-113.40746031746039,47.66778835978836,34.20296825396825
2023,12,T,1,0,2,1,,,,
2024,1,B,0,0,1,1,17.13734165882586,-138.10226171128807,47.28336682918484,-36.774195587774074
2024,1,B,0,0,1,2,16.787354164596806,-90.02242440801501,46.34947739360821,-37.09546902467296
2024,1,B,0,0,2,1,17.882864169084442,-93.71737319079512,45.49858246678316,39.61454248953216
2024,1,B,0,0,2,2,16.472810385921107,-83.57346849659643,42.92989727357479,37.34917936315984
2024,1,B,0,1,1,1,19.475687654215932,-183.52221092487025,50.9722606483451,-40.31239326554922
2024,1,B,0,1,1,2,17.22327133023076,-174.7307392864068,50.16879433779329,-36.67958103548575
2024,1,B,0,1,2,1,18.28118427807486,-104.10469933155036,50.31811797950089,41.16049125222816
2024,1,B,0,1,2,2,17.117267912772576,-149.72433577002585,45.41979147157707,40.60567960581105
2024,1,B,0,2,1,1,16.43832080588922,-157.5924422058638,50.21905783288131,-41.36095856903009
2024,1,B,0,2,1,2,18.777384409501522,-49.796417865506555,51.15135980260957,-37.59483905988625
2024,1,B,0,2,2,1,18.35100481283422,-152.96814438502633,53.060466417112295,44.51435647058824
2024,1,B,0,2,2,2,14.950074571924887,-183.5298411779304,42.35548050707255,42.242994135164196
2024,1,B,1,0,1,1,13.240594512694543,-101.773365274365,38.76585999180999,-33.38659686322686
2024,1,B,1,0,1,2,12.940900793650798,-106.57525132275123,38.139985449735455,-34.06878809523809
2024,1,B,1,0,2,1,13.899813767713255,-94.93614974066895,34.70470649717514,34.967080602250626
2024,1,B,1,0,2,2,14.137805420342744,-94.01373035189135,38.410895537977886,34.1182856226549
2024,1,B,1,1,1,1,16.298884457236824,-152.23875822368427,45.130941570723685,-39.40224925986842
2024,1,B,1,1,1,2,16.978898737577225,-111.02388799355322,47.62067934461456,-36.107705170561374
2024,1,B,1,1,2,1,16.562186335150358,-116.98416175325383,43.79384493640375,39.60287679015092
2024,1,B,1,1,2,2,15.601186685716215,-120.74805592407392,41.81870450386094,37.00922769330204
2024,1,B,1,2,1,1,16.05742660014033,-139.75982926639153,48.57745129024714,-40.461724183363216
2024,1,B,1,2,1,2,16.837218650250804,-170.60587323301388,51.56271890104879,-38.173501960784314
2024,1,B,1,2,2,1,17.358348746009995,-146.65638212494287,51.13802660282718,42.97409118103055
2024,1,B,1,2,2,2,16.216134794705965,-131.84566626560354,45.204421544593174,37.58010054519477
2024,1,B,2,0,1,1,13.125225806451596,-65.4289677419356,38.43947021505376,-32.86381838709678
2024,1,B,2,0,1,2,10.494196496572727,-88.17369383092182,33.613239146991624,-30.977795811119577
2024,1,B,2,0,2,1,15.3705619047619,-96.92181481481475,37.970580264550264,37.59948883597883
2024,1,B,2,0,2,2,12.023382882882913,-88.78243243243242,34.48791193693693,31.07994177927928
2024,1,B,2,1,1,1,11.635645858343338,-84.08018607442955,33.421858343337334,-33.59341431572629
2024,1,B,2,1,1,2,12.550431027253666,-121.85129140461231,37.56451765199162,-34.26991899371069
2024,1,B,2,1,2,1,14.843928861788612,-83.65353585946559,39.36201536730545,37.79427768583043
2024,1,B,2,1,2,2,13.847640337804279,-76.22362444113242,37.973595171385995,33.91233034773969
2024,1,B,2,2,1,1,15.719323803191514,-148.46230053191493,45.77728302304964,-40.44194736258866
2024,1,B,2,2,1,2,15.207404134805984,-165.7417098083638,46.488804927782496,-41.00604086661003
2024,1,B,2,2,2,1,16.23780363467702,-184.25095505144236,45.799863792376456,41.36081607775341
2024,1,B,2,2,2,2,15.5028501297908,-115.7919697663765,43.78448438692931,36.12994773247824
2024,1,B,3,0,1,1,,,,
2024,1,B,3,0,1,2,,,,
2024,1,B,3,0,2,1,,,,
2024,1,B,3,0,2,2,,,,
2024,1,B,3,1,1,1,11.691673076923081,-44.47480769230788,30.421271428571423,-33.032371703296704
2024,1,B,3,1,1,2,13.443496274217608,-201.86576751117718,37.61587153502235,-38.94826855439642
2024,1,B,3,1,2,1,16.177900662251687,-129.03189326061556,42.26041774444877,41.702856680950525
2024,1,B,3,1,2,2,15.283461868958113,-28.15687969924784,36.14888834586466,33.06089017185822
2024,1,B,3,2,1,1,14.602880445463484,-145.09577464788754,36.75977278087128,-35.06208286930888
2024,1,B,3,2,1,2,14.570864035087709,-209.2359022556393,39.85814053884712,-36.46460288220551
2024,1,B,3,2,2,1,13.968762565445019,-112.3434863874345,38.23099893717277,36.27053634554974
2024,1,B,3,2,2,2,13.64137110433603,-75.00746104336031,37.188297222222225,31.766194935636854
2024,1,T,0,0,1,1,16.902487375790898,-55.43178087625665,46.72018302425673,-40.76635454888038
2024,1,T,0,0,1,2,19.210365815602827,-110.84871645390058,51.37913529078014,-42.70689926241135
2024,1,T,0,0,2,1,18.177001749639246,-75.33069552669576,46.36140596681096,39.04219306637806
2024,1,T,0,0,2,2,17.202640956388848,-43.03253920398629,43.575126600087934,36.53262603270314
2024,1,T,0,1,1,1,18.928749640287762,-98.39219510791372,49.72129011798561,-44.57479035395683
2024,1,T,0,1,1,2,19.026871421107614,-111.99358385579944,51.725499169279,-41.33858831765935
2024,1,T,0,1,2,1,18.886865934065938,-59.60917582417551,48.80725289377289,40.32794249084249
2024,1,T,0,1,2,2,18.19684968388924,-100.86908751786405,46.79703573625948,36.64306198677422
2024,1,T,0,2,1,1,18.143902079002117,-107.99028898128927,45.425731787941785,-46.45023428274428
2024,1,T,0,2,1,2,17.629678408745818,-89.32589356210156,52.28877590343153,-42.32940124506529
2024,1,T,0,2,2,1,17.94791505004872,-81.72343520240929,52.72521660465941,46.299245128000706
2024,1,T,0,2,2,2,17.56680366186211,-78.93971659524686,46.987642914881185,38.76597756135567
2024,1,T,1,0,1,1,14.279468743047829,-91.54112458287,37.23311180200223,-38.89128404894328
2024,1,T,1,0,1,2,14.216895249911374,-60.05837681673211,39.226612566465796,-35.673577348458
2024,1,T,1,0,2,1,13.809274546887337,-51.01784344628322,37.99799087995797,33.27554215918046
2024,1,T,1,0,2,2,15.112593849895319,-47.28371225131923,39.469222910581536,35.89181650098406
2024,1,T,1,1,1,1,17.098960042432807,-59.24256789250376,43.814195809759546,-42.9055183698727
2024,1,T,1,1,1,2,16.531627719511135,-126.12765276935079,48.52674179596082,-39.422365918349655
2024,1,T,1,1,2,1,16.947296272355103,-87.56201034259857,45.88373557422969,37.39961982331394
2024,1,T,1,1,2,2,16.65417219444268,-89.28871526678904,44.29894438888537,36.476780419646815
2024,1,T,1,2,1,1,17.30740315979824,-85.30361197297043,47.27230408299229,-43.897472656324354
2024,1,T,1,2,1,2,18.214501201923085,-142.86977740384646,52.77532671875,-42.0999830048077
2024,1,T,1,2,2,1,17.253412442396325,-153.53100504718032,50.21060238095238,41.13116091727014
2024,1,T,1,2,2,2,16.9796392765532,-141.1393861136471,48.444702828137906,37.557512132081214
2024,1,T,2,0,1,1,11.5134504310345,-32.78525862068955,35.08151422413793,-34.18736853448276
2024,1,T,2,0,1,2,15.007906140350855,-220.5161052631579,35.25102736842105,-38.06004789473684
2024,1,T,2,0,2,1,13.50532030812326,-93.15510504201666,35.17371477591036,33.99109502801121
2024,1,T,2,0,2,2,14.352023292627763,-77.47277702397105,36.54545777928539,34.08315101763908
2024,1,T,2,1,1,1,14.327601674641159,-133.73561004784688,40.05111327751196,-38.5441293062201
2024,1,T,2,1,1,2,12.861028667163055,-137.31916976917364,33.803890841399856,-34.26885878629933
2024,1,T,2,1,2,1,13.562680129371358,-58.52381119870597,39.16806060238529,33.17979509197494
2024,1,T,2,1,2,2,15.037983768115907,-116.58467536231865,39.68514150724637,34.687971159420286
2024,1,T,2,2,1,1,16.860968168972192,-59.473614457831445,43.795271560315335,-40.23614808865089
2024,1,T,2,2,1,2,16.765005387205377,-238.49959259259276,48.061229276094274,-42.23140112794613
2024,1,T,2,2,2,1,16.309285593716623,-152.49830772675568,48.52345857935168,40.12278538185952
2024,1,T,2,2,2,2,17.099334621816467,-115.13872988458479,45.755214935438765,36.67830193820764
2024,1,T,3,0,1,1,,,,
2024,1,T,3,0,1,2,,,,
2024,1,T,3,0,2,1,,,,
2024,1,T,3,0,2,2,,,,
2024,1,T,3,1,1,1,,,,
2024,1,T,3,1,1,2,9.328261363636358,-119.2186363636365,29.687488636363632,-38.550518749999995
2024,1,T,3,1,2,1,12.736507801418469,-77.73179432624102,29.091663687943267,33.778586950354615
2024,1,T,3,1,2,2,13.99970814814813,-85.37378518518517,34.69969529629629,34.52282277777778
2024,1,T,3,2,1,1,14.33664166666668,-108.31624999999985,40.227714166666665,-43.92319833333333
2024,1,T,3,2,1,2,13.165568677792038,-202.50510911424908,32.96204011553274,-41.400920731707316
2024,1,T,3,2,2,1,15.594979282721795,-112.75505547626699,41.182585244694074,36.791209285944475
2024,1,T,3,2,2,2,15.681965650106577,-159.68259058862077,41.270251934743406,36.65427362682407
2024,2,B,0,0,1,1,15.408320078999353,-118.752921658986,41.7781236076366,-36.51660830809743
2024,2,B,0,0,1,2,17.51936431891609,-127.23093607832834,46.5875294570449,-38.06762940677128
2024,2,B,0,0,2,1,17.330771108913794,-111.95286944261352,45.69792414780635,39.11960219145975
2024,2,B,0,0,2,2,17.11281930507272,-59.83908304361603,42.56370058667826,36.80964562658028
2024,2,B,0,1,1,1,17.616550983899813,-126.02771094215859,48.6144130515802,-39.308962902504476
2024,2,B,0,1,1,2,19.135543306196297,-137.92568634102236,56.22532590456807,-40.028175644504756
2024,2,B,0,1,2,1,17.76100036363637,-116.89085545454554,47.505976909090904,39.69167940909091
2024,2,B,0,1,2,2,17.747152639860133,-116.68950936563397,46.96135035714286,40.287531924950045
2024,2,B,0,2,1,1,14.924645161290329,-169.46935483870948,46.7804629032258,-40.68737741935484
2024,2,B,0,2,1,2,16.258721772985922,-102.04197274633134,50.44899390536089,-38.039869871218926
2024,2,B,0,2,2,1,16.94952800524075,-185.41542635658925,49.64520918222514,45.05550719510863
2024,2,B,0,2,2,2,16.897109218664724,-132.98226232490424,46.54968870292887,42.42501743905767
2024,2,B,1,0,1,1,12.84843702440304,-75.02067042770932,35.682267252689584,-31.833854841249014
2024,2,B,1,0,1,2,13.835588088699012,-114.32452141186059,37.57652113213305,-33.349204368833284
2024,2,B,1,0,2,1,13.926752252252243,-66.5905446773304,34.50643071796286,35.442397793712075
2024,2,B,1,0,2,2,13.937316838256834,-91.37250280235185,35.597849695621434,35.77519688464656
2024,2,B,1,1,1,1,15.5041699754902,-87.83620343137272,41.57457920343138,-37.15397209558824
2024,2,B,1,1,1,2,17.371861561866112,-172.09114503042565,48.5453865821501,-35.943813052738335
2024,2,B,1,1,2,1,15.72887568942437,-161.47665381526122,41.84502331726907,37.39374471485944
2024,2,B,1,1,2,2,14.86280903790086,-138.14510981535477,41.337440573372206,37.20391030126336
2024,2,B,1,2,1,1,17.678420628061076,-103.44266061653707,49.28539232209737,-38.81716230193028
2024,2,B,1,2,1,2,17.962765100671163,-157.84382550335567,53.96069865771812,-38.839295302013426
2024,2,B,1,2,2,1,16.701721026776454,-120.08948246038881,48.171910381927624,42.34015561821075
2024,2,B,1,2,2,2,15.57698611676392,-169.54786596119902,45.28990810383033,39.66870642721476
2024,2,B,2,0,1,1,12.03513131313133,-119.98810606060579,36.80660429292929,-37.256316414141416
2024,2,B,2,0,1,2,11.951926851851852,-26.880490740740697,31.940208703703707,-31.199006203703703
2024,2,B,2,0,2,1,13.232274909090904,-14.201978181818049,33.72162363636364,34.80145272727273
2024,2,B,2,0,2,2,12.067778200356031,-113.5515398931866,33.26610811620003,33.28664901278524
2024,2,B,2,1,1,1,14.028793396226433,-85.28901886792437,39.025224150943394,-33.527121415094335
2024,2,B,2,1,1,2,14.588819749216313,-113.76490595611267,42.29312672413793,-33.833194670846396
2024,2,B,2,1,2,1,14.492909684612954,-99.66048900923897,36.229510035043006,35.17927140809175
2024,2,B,2,1,2,2,12.968031703590526,-100.45921543162694,35.79566970970207,33.6393505500382
2024,2,B,2,2,1,1,16.94627898671095,-145.7443978405313,47.47839028239203,-40.6379594269103
2024,2,B,2,2,1,2,16.634580827067666,-157.9066591960668,47.053511162521694,-35.410432179005205
2024,2,B,2,2,2,1,15.8185,-214.03565476190442,48.5185614484127,41.324233779761904
2024,2,B,2,2,2,2,15.940037462988926,-166.1250350631135,42.6955078401122,38.931125546205394
2024,2,B,3,0,1,1,,,,
2024,2,B,3,0,1,2,,,,
2024,2,B,3,0,2,1,,,,
2024,2,B,3,0,2,2,,,,
2024,2,B,3,1,1,1,,,,
2024,2,B,3,1,1,2,11.558092473118279,-125.93480645161253,37.061974623655914,-33.00383731182796
2024,2,B,3,1,2,1,13.920749649368844,-47.651349929873504,33.20506420056101,32.99270382187939
2024,2,B,3,1,2,2,12.921520521487196,-108.49713906325451,35.88390019314342,33.44943167551907
2024,2,B,3,2,1,1,14.079914754098354,-154.72150819672106,38.53187882903981,-35.30953508196721
2024,2,B,3,2,1,2,12.962250000000012,-233.03427083333327,39.41537916666667,-37.583921875
2024,2,B,3,2,2,1,13.189868737012233,-161.7855691526206,38.79910638420688,36.49937001847148
2024,2,B,3,2,2,2,14.44759775633176,-108.00158330475688,37.73812053103415,35.98611478469603
2024,2,T,0,0,1,1,16.456310534106336,-81.70906619793595,45.033334472266766,-39.247023956662964
2024,2,T,0,0,1,2,17.543321307542342,-37.696454340980836,43.820052814514916,-39.828132886489726
2024,2,T,0,0,2,1,16.9659096003588,-85.25980164003931,45.474244199174635,37.676298876741974
2024,2,T,0,0,2,2,16.659252847117685,-33.08218384245538,41.6345759124132,36.30312481666748
2024,2,T,0,1,1,1,18.807191666666682,-79.40385481099656,46.38591067869416,-41.671223101374565
2024,2,T,0,1,1,2,19.084104563542454,-127.70699949199889,51.83620409364152,-43.27659949623232
2024,2,T,0,1,2,1,19.49362540792542,-63.924790209790444,49.70630393939393,41.8856351981352
2024,2,T,0,1,2,2,17.613941954022977,-92.86304348658996,44.09325987547892,39.56567828544061
2024,2,T,0,2,1,1,17.43403718512593,-128.45624150339836,48.98732602958817,-42.937760855657736
2024,2,T,0,2,1,2,18.792768703966942,-113.57733350562103,53.789841788344745,-47.116561584184
2024,2,T,0,2,2,1,16.371238095238084,-115.21647619047644,46.22103666666666,40.70260952380953
2024,2,T,0,2,2,2,16.546618935502295,-112.1037549942921,45.91892078339041,38.75882107591324
2024,2,T,1,0,1,1,13.637842592592591,-113.00820370370366,37.33874981481482,-34.97593111111111
2024,2,T,1,0,1,2,13.510431372549021,-86.56442577030839,37.36863257142858,-33.24063180952381
2024,2,T,1,0,2,1,13.396177469662291,-83.69231078512576,37.79933986061699,33.82737621472781
2024,2,T,1,0,2,2,13.299810009759597,-44.126366013815186,35.99167480599221,32.159272642769835
2024,2,T,1,1,1,1,16.532687948350087,-82.05600860832101,40.26949265423243,-36.44269200860832
2024,2,T,1,1,1,2,17.02373611111109,-150.4635482180297,49.251611386268344,-41.189294706498956
2024,2,T,1,1,2,1,16.297093298778222,-121.9970138837466,45.55019980254227,37.86737367641614
2024,2,T,1,1,2,2,16.62313362771205,-91.82423691868644,43.69769733373782,36.417559738654624
2024,2,T,1,2,1,1,18.251793196202527,-90.8594746835447,49.25404669303798,-41.578304588607594
2024,2,T,1,2,1,2,16.91340744718937,-162.97791263874024,47.74528927676334,-43.4750066953097
2024,2,T,1,2,2,1,17.395222369647826,-102.04353367281101,49.77532383991968,40.392825582729685
2024,2,T,1,2,2,2,16.327034055727523,-106.94076937748787,45.486400251547984,38.14282445267581
2024,2,T,2,0,1,1,11.313638850889191,-125.67054719562248,32.734706019151844,-37.83693775649795
2024,2,T,2,0,1,2,13.143043582089547,-152.06164776119385,35.94528644776119,-36.911947223880595
2024,2,T,2,0,2,1,11.74087518796992,-125.09765413533796,36.473162706766914,35.027304812030074
2024,2,T,2,0,2,2,14.76679555061179,-82.41339822024474,39.51924183537264,33.59284761957731
2024,2,T,2,1,1,1,12.52313749999999,-137.15504166666688,39.72484541666667,-40.89813375
2024,2,T,2,1,1,2,13.864912500000003,-126.26481428571424,36.36260553571429,-37.01821642857143
2024,2,T,2,1,2,1,14.11113556026865,-118.95522269353114,39.960213503004596,36.31199607635207
2024,2,T,2,1,2,2,13.475008856682791,-59.314924852388685,37.06237020933977,33.47156556629093
2024,2,T,2,2,1,1,16.39428948863639,-75.59536931818138,45.653102187500004,-40.14993002840909
2024,2,T,2,2,1,2,16.717306669394432,-178.58322708674314,49.36678261047463,-42.19553768412439
2024,2,T,2,2,2,1,18.343951204265494,-133.8176826622539,47.8111545872403,41.53180168781026
2024,2,T,2,2,2,2,15.930316247330296,-88.72506277022467,40.80266233786529,35.89233221857582
2024,2,T,3,0,1,1,,,,
2024,2,T,3,0,1,2,,,,
2024,2,T,3,0,2,1,,,,
2024,2,T,3,0,2,2,,,,
2024,2,T,3,1,1,1,10.883837362637365,-9.95247252747231,32.102552747252744,-34.53022197802198
2024,2,T,3,1,1,2,13.093568100358397,-130.33062724014326,38.90894372759856,-33.53109068100359
2024,2,T,3,1,2,1,13.505587643678155,-61.40704741379295,39.35134942528735,34.6205819683908
2024,2,T,3,1,2,2,14.062226102941167,-59.1846629901961,35.09842935049019,30.038952328431375
2024,2,T,3,2,1,1,12.177617021276603,-163.16378723404296,38.05611106382979,-38.6197444680851
2024,2,T,3,2,1,2,13.621653650254672,-123.47304753820072,34.65256069609508,-35.367352546689304
2024,2,T,3,2,2,1,16.006035010060373,-151.37915895372225,42.87257840375587,36.678149429912814
2024,2,T,3,2,2,2,14.712959005543183,-100.83149789029494,38.18646545462067,36.106478228675435
2024,3,B,0,0,1,1,15.308281136827773,-137.5447731790332,42.35156111368278,-36.26672346494214
2024,3,B,0,0,1,2,17.550473429951694,-116.57732367149765,48.55403260869565,-37.88284009661836
2024,3,B,0,0,2,1,16.56846287995596,-114.69943843612373,42.29202632709251,39.36168509581498
2024,3,B,0,0,2,2,16.472201251111002,-99.80290098070282,41.35877261452825,36.936380831111315
2024,3,B,0,1,1,1,17.62629862892088,-83.39540392582421,48.908453274807655,-40.26215157822055
2024,3,B,0,1,1,2,18.18603091060986,-81.73077861320007,52.84189164578112,-41.85062406015038
2024,3,B,0,1,2,1,17.32567321443956,-135.90104290514364,46.329173791677434,40.542674963384165
2024,3,B,0,1,2,2,16.285457000406993,-140.7815862840862,45.31424973036223,38.10550791615792
2024,3,B,0,2,1,1,16.3166577521244,-193.90210998877637,48.19084237614237,-40.098194741061405
2024,3,B,0,2,1,2,17.573224206349224,-158.02161309523808,54.342560694444444,-39.804743888888886
2024,3,B,0,2,2,1,16.755716392893035,-204.70966637613128,47.801787817633254,45.38211570901777
2024,3,B,0,2,2,2,16.042871034482744,-159.66405655172412,48.47284794827587,41.541117465517246
2024,3,B,1,0,1,1,13.216506285460014,-107.2710301479583,36.51832788964289,-33.99849555011681
2024,3,B,1,0,1,2,14.46975844842784,-93.5415285042609,39.663439068468996,-35.94619653247135
2024,3,B,1,0,2,1,14.562540120481941,-69.91107211703957,38.43994133390706,34.57384669879518
2024,3,B,1,0,2,2,14.38350264345084,-97.99001732138959,36.88602449813214,33.488140534636315
2024,3,B,1,1,1,1,15.42065236523652,-115.39060396039622,45.23100564356435,-38.576411705170514
2024,3,B,1,1,1,2,17.578316599573753,-44.16578632883375,45.748770565948384,-36.3244519535875
2024,3,B,1,1,2,1,17.19136687665781,-72.27811868184517,43.53014569333923,36.981783810418506
2024,3,B,1,1,2,2,15.742848825203708,-94.50552907690553,40.70096581231164,36.037920360810354
2024,3,B,1,2,1,1,16.756888888888895,-127.54537240537229,50.28477477411478,-38.79060125763126
2024,3,B,1,2,1,2,16.98950382262997,-97.57616263552973,47.597588163747574,-40.2642228940784
2024,3,B,1,2,2,1,16.545672413793085,-135.971738505747,45.634728017241386,41.101859051724134
2024,3,B,1,2,2,2,16.212548571428584,-149.84612857142884,46.69401214285714,38.646733714285716
2024,3,B,2,0,1,1,14.426888888888897,-129.12507936507927,41.12715714285714,-34.75639841269842
2024,3,B,2,0,1,2,12.115397673188795,-186.52327340031752,35.322285140137495,-32.644128133262825
2024,3,B,2,0,2,1,13.073859649122824,-112.26096491228009,31.27119934210527,33.78060899122807
2024,3,B,2,0,2,2,13.418833802816891,-83.14726056338031,34.88959569248827,30.88903039906103
2024,3,B,2,1,1,1,13.198988541666694,-65.64641666666648,36.447244687499996,-34.03726208333333
2024,3,B,2,1,1,2,12.894160314579551,-130.5250937689052,38.64240441621294,-33.9809945553539
2024,3,B,2,1,2,1,13.808228556754017,-103.59003492552665,36.46189035952748,35.420606373908576
2024,3,B,2,1,2,2,14.94952020202021,-93.60330808080835,35.37095643939394,33.407652840909094
2024,3,B,2,2,1,1,17.890145665589188,-137.53413517484523,47.62021310608287,-39.66821585365854
2024,3,B,2,2,1,2,15.376404466501242,-170.1977838433968,42.987696167631654,-38.214380259167356
2024,3,B,2,2,2,1,16.116278185674645,-109.40484529830883,44.65809629629629,38.23476394191548
2024,3,B,2,2,2,2,15.250312707777283,-164.76007187339064,44.577252430116594,36.871376087465464
2024,3,B,3,0,1,1,,,,
2024,3,B,3,0,1,2,,,,
2024,3,B,3,0,2,1,,,,
2024,3,B,3,0,2,2,,,,
2024,3,B,3,1,1,1,11.25018750000001,-53.67775000000029,32.91234,-35.69429875
2024,3,B,3,1,1,2,12.727803571428552,-161.37982142857118,36.14425178571428,-33.80608214285714
2024,3,B,3,1,2,1,12.946701474926272,-91.85365486725686,34.48940684365782,30.14634634218289
2024,3,B,3,1,2,2,14.101973620375986,-93.05978775015137,35.55445430563978,32.877167707701645
2024,3,B,3,2,1,1,11.296829254079228,-105.08018065268107,33.53324842657343,-32.26796835664336
2024,3,B,3,2,1,2,14.726055585106394,-147.5835026595746,40.80582074468085,-35.53524611702127
2024,3,B,3,2,2,1,14.141119686800891,-86.25200181767377,39.79485469798658,39.24328318652125
2024,3,B,3,2,2,2,14.29941517857145,-158.4437388392853,42.76849553571429,34.16998169642857
2024,3,T,0,0,1,1,16.927064176245196,-94.34284961685808,44.50437772988506,-39.744882902298855
2024,3,T,0,0,1,2,17.58418723597842,-79.95335140053294,44.9750594127077,-40.14531791447325
2024,3,T,0,0,2,1,17.33571272610395,-56.944873230534995,44.34550671377138,38.031272656041104
2024,3,T,0,0,2,2,16.691693713649585,-51.0926953834969,41.38440940339876,35.50628105575245
2024,3,T,0,1,1,1,16.74989244031829,-160.1682334217503,46.799306007957554,-43.81407120689654
2024,3,T,0,1,1,2,18.52322654350995,-108.43086922703014,51.90105789985416,-39.76305556635877
2024,3,T,0,1,2,1,17.793748100946374,-75.36061703469977,47.13733767318612,40.488039333753946
2024,3,T,0,1,2,2,17.575164586754227,-70.16262178434636,44.96260504652436,37.30380961685824
2024,3,T,0,2,1,1,18.84121657509158,-179.6115384615382,46.966312179487176,-45.51572646520147
2024,3,T,0,2,1,2,18.400834756483263,-61.41408602150523,53.8441487033523,-41.166800490196074
2024,3,T,0,2,2,1,16.551700228702117,-107.25667352773007,48.18635609491138,42.25773864493997
2024,3,T,0,2,2,2,16.831263923698117,-60.6740618908384,44.7353019145085,35.90670633876357
2024,3,T,1,0,1,1,12.671767857142868,-83.70398214285706,35.941591607142854,-34.833620357142856
2024,3,T,1,0,1,2,13.958964447317356,-125.19403943115731,38.42400435035553,-34.763793238526176
2024,3,T,1,0,2,1,14.757914721444138,-58.14406940553954,37.36688599439776,35.703033986928105
2024,3,T,1,0,2,2,14.41881905732484,-77.91016662420361,37.77619293248407,33.99188486878981
2024,3,T,1,1,1,1,16.47872278237226,-115.03383369208086,43.320003795173896,-38.936867520108756
2024,3,T,1,1,1,2,16.161168748339108,-73.7753289928246,43.46405809194792,-39.427627464788735
2024,3,T,1,1,2,1,15.54595658301156,-75.75534150579142,43.339964868725865,36.92075450579151
2024,3,T,1,1,2,2,16.34982552465584,-100.6118994723688,42.870863876436445,35.23075820605388
2024,3,T,1,2,1,1,16.02589075536767,-175.1866814996106,43.09759913227278,-41.68288650572923
2024,3,T,1,2,1,2,16.687685483870965,-185.54217741935463,48.14235806451614,-41.509825
2024,3,T,1,2,2,1,17.61175876524389,-65.86586013719534,48.684109327362805,42.62617749618902
2024,3,T,1,2,2,2,16.671109316546747,-108.5300589928056,46.07564721942446,37.07857004676259
2024,3,T,2,0,1,1,11.517155279503129,-6.70480124223559,32.68231366459627,-29.53186055900621
2024,3,T,2,0,1,2,11.489644444444451,-162.6572296296299,34.34995792592592,-34.081254074074074
2024,3,T,2,0,2,1,13.838543386243401,-104.94511772486794,33.478833333333334,36.43611104497354
2024,3,T,2,0,2,2,12.552879836577745,-63.72555515501108,34.335058627733716,30.674734703196346
2024,3,T,2,1,1,1,13.435281794425094,-120.64882404181208,38.72888257839721,-41.63696528745645
2024,3,T,2,1,1,2,13.68445934959351,-30.585503048780083,36.389087906504066,-35.10799235264228
2024,3,T,2,1,2,1,13.91118710871578,-100.68069737057021,36.1662583972998,34.46533800969024
2024,3,T,2,1,2,2,14.032853383458672,-62.148120300752,37.558237124060156,34.75741672932331
2024,3,T,2,2,1,1,15.825848214285713,-117.05487499999981,41.91068982142857,-40.62568357142857
2024,3,T,2,2,1,2,15.947764473684202,-98.53405668016194,42.058625404858304,-38.56167965587044
2024,3,T,2,2,2,1,16.08100941042278,-111.40162686247959,48.873392286304984,39.18147303771298
2024,3,T,2,2,2,2,15.337465353260882,-64.33963451086947,43.19604211956522,35.367283872282606
2024,3,T,3,0,1,1,,,,
2024,3,T,3,0,1,2,,,,
2024,3,T,3,0,2,1,,,,
2024,3,T,3,0,2,2,,,,
2024,3,T,3,1,1,1,13.691393939393919,-82.98636363636342,42.1921696969697,-38.816618181818185
2024,3,T,3,1,1,2,13.482991071428557,-227.8572321428569,40.284625,-38.443826785714286
2024,3,T,3,1,2,1,13.260295984807385,-64.57898534997275,35.96172930005426,33.423142783505156
2024,3,T,3,1,2,2,12.623891598916032,-9.928888888889105,36.374646883468834,30.234386246612466
2024,3,T,3,2,1,1,13.777771428571413,-183.37257142857152,36.02214285714285,-39.43649428571429
2024,3,T,3,2,1,2,15.03901941391942,-134.11348717948704,43.9127804029304,-39.022693186813186
2024,3,T,3,2,2,1,15.68299751461987,-126.16452923976613,42.93452029239766,39.54029308479532
2024,3,T,3,2,2,2,12.994903572698206,-38.09599360113771,37.80625538570921,31.968415197298256
2024,4,B,0,0,1,1,17.235789818763323,-142.42773217247122,43.252331301824206,-39.66604633972992
2024,4,B,0,0,1,2,17.600809451330008,-110.87133884177683,47.40109339711532,-38.126667913314485
2024,4,B,0,0,2,1,17.18215930076805,-89.39042026696416,44.65119787659884,38.05974645390071
2024,4,B,0,0,2,2,16.64542500546976,-86.65086464182923,41.11601269992651,37.674276589173815
2024,4,B,0,1,1,1,18.65419098228665,-146.46201932367194,46.12340415458937,-38.507844444444444
2024,4,B,0,1,1,2,18.290940000000006,-127.54471672289128,50.76760317108433,-39.605159040963855
2024,4,B,0,1,2,1,16.864965471698113,-119.0904591194967,45.786298668763095,42.28762009433962
2024,4,B,0,1,2,2,16.812157349125016,-89.96129536229955,44.97163003526516,38.38869334841529
2024,4,B,0,2,1,1,15.773829304029277,-135.8442600732601,44.70855894993895,-41.18790456654457
2024,4,B,0,2,1,2,19.30523473433783,-75.62304665609327,53.069719257203275,-42.692507864129
2024,4,B,0,2,2,1,16.275025925925917,-159.72540277777762,52.800407407407405,45.34856282407407
2024,4,B,0,2,2,2,15.905000000000001,-79.13857750000034,44.3715985,39.233385500000004
2024,4,B,1,0,1,1,15.310337864277628,-132.77088971269677,38.32754149933066,-34.70848219544846
2024,4,B,1,0,1,2,13.530338827838818,-168.57116331943917,41.377242206643935,-36.07966612353164
2024,4,B,1,0,2,1,14.244982320596478,-78.39387674743739,34.47468644687791,34.50698357409133
2024,4,B,1,0,2,2,13.591397236966202,-117.3318364742654,36.370767570416675,35.874882507258974
2024,4,B,1,1,1,1,15.874077604593936,-125.60044626743274,40.01603608695652,-39.68888586546349
2024,4,B,1,1,1,2,17.64839631463144,-73.84770310781096,48.7871699669967,-37.36660881463146
2024,4,B,1,1,2,1,15.422102351714543,-153.60081684429997,43.88659285797034,40.902866989110294
2024,4,B,1,1,2,2,16.485848138990093,-119.656546525247,42.06265073312511,38.466062444690266
2024,4,B,1,2,1,1,18.262310088495553,-113.30534336283199,45.64950075516224,-38.22618816519174
2024,4,B,1,2,1,2,17.66332575757575,-138.1614595959595,47.91768813131313,-42.45855
2024,4,B,1,2,2,1,15.204562313490243,-204.08261369020147,45.51370870635287,45.516131290570684
2024,4,B,1,2,2,2,15.961733947990552,-129.1187723404255,44.449830501182035,39.15975832624113
2024,4,B,2,0,1,1,17.094397025171645,-93.6563272311214,43.38052173913043,-35.40285766590389
2024,4,B,2,0,1,2,12.247474662162176,-104.17030405405421,38.060518158783786,-34.44369256756757
2024,4,B,2,0,2,1,14.551198836786625,-121.39149763722253,34.927522319156665,37.80758578698655
2024,4,B,2,0,2,2,12.761371056910548,-122.62204390243915,32.44622349593496,34.45504671544715
2024,4,B,2,1,1,1,13.017951283739308,-129.5592527978938,37.891889565503625,-37.264226398946676
2024,4,B,2,1,1,2,13.28595076400677,-20.30883418222993,40.01713010752688,-29.71384584040747
2024,4,B,2,1,2,1,13.282513656709625,-80.43075545811644,34.16311609573399,35.48522030693341
2024,4,B,2,1,2,2,13.602309800664443,-129.26379900332222,34.409948820598004,35.34462838870432
2024,4,B,2,2,1,1,15.655979703608253,-176.62516269329853,42.546995215850515,-40.201915399484534
2024,4,B,2,2,1,2,16.27402737047899,-175.6627663734116,50.24915030954708,-39.99905653307266
2024,4,B,2,2,2,1,15.998883977900562,-117.96310342400693,44.667980416652,41.1659428757434
2024,4,B,2,2,2,2,15.226062791551868,-105.400982552801,40.771123746556476,36.63528797245179
2024,4,B,3,0,1,1,,,,
2024,4,B,3,0,1,2,,,,
2024,4,B,3,0,2,1,,,,
2024,4,B,3,0,2,2,,,,
2024,4,B,3,1,1,1,13.556248780487806,-55.06680000000006,36.28340365853658,-27.537458292682928
2024,4,B,3,1,1,2,12.399021592442665,-102.2100674763833,38.880545479082315,-31.705065452091766
2024,4,B,3,1,2,1,11.33188150609081,-98.4073023255819,34.96538759689923,35.16237441860466
2024,4,B,3,1,2,2,13.438644656643646,-77.05232019504274,34.26875355546526,32.52399104022755
2024,4,B,3,2,1,1,12.97122037037036,-113.00892592592572,34.21051787037036,-29.445434074074075
2024,4,B,3,2,1,2,15.435430229858355,-108.65096586951495,43.27521330392384,-36.9505156721616
2024,4,B,3,2,2,1,11.923471933471916,-170.40673596673605,35.085170582120575,37.50665183645184
2024,4,B,3,2,2,2,14.5993368242886,-154.42761768750643,39.67057116788321,36.21463677668466
2024,4,T,0,0,1,1,16.927307936507944,-92.51809523809516,43.592442063492065,-36.64225968253969
2024,4,T,0,0,1,2,17.252270039714702,-101.65529016047958,44.674627095153184,-38.420983236748256
2024,4,T,0,0,2,1,17.294961544782822,-87.28401943907238,44.804667378629766,38.465456661282666
2024,4,T,0,0,2,2,17.72220281613464,-49.56995465294767,43.185184060674885,38.52429044498453
2024,4,T,0,1,1,1,18.20013419354838,-109.84318172043004,48.26116079569893,-41.58043047311828
2024,4,T,0,1,1,2,19.054733894271635,-104.93728072412068,50.45928349056604,-40.83928934217236
2024,4,T,0,1,2,1,17.912000371004567,-98.85877520928489,48.630583485540335,39.874024462519024
2024,4,T,0,1,2,2,17.43487662355608,-105.04397487978804,42.62073886171447,40.61725973028243
2024,4,T,0,2,1,1,16.360157190635434,-127.73245819398016,47.70308494983278,-39.29926571906354
2024,4,T,0,2,1,2,17.386066871244097,-65.84322068789152,48.657408988620375,-41.22933376806034
2024,4,T,0,2,2,1,17.427134094368355,-86.69908371385054,45.32579220700153,42.65660929984779
2024,4,T,0,2,2,2,16.141977431799404,-77.26072885092299,43.76799445852852,36.83407731882061
2024,4,T,1,0,1,1,13.683269504748978,-122.08328867028467,38.69822547489824,-35.30838027476255
2024,4,T,1,0,1,2,13.695010826844651,-66.70678902484224,36.42798542825361,-33.432020726733406
2024,4,T,1,0,2,1,14.456971515151537,-70.33265454545472,39.66225672727273,34.446869393939394
2024,4,T,1,0,2,2,14.10027222222223,-73.5639622719732,35.27921909618574,33.35048539800995
2024,4,T,1,1,1,1,16.74086135957066,-137.64670457449483,46.8465384870943,-40.34173061589573
2024,4,T,1,1,1,2,15.699995148995143,-212.6653101178099,45.92245538808039,-40.80309980942481
2024,4,T,1,1,2,1,16.989381461675592,-49.90981877599506,42.586962269756384,37.22611530005942
2024,4,T,1,1,2,2,16.713221670336424,-78.13107337805332,42.87680381586359,38.28895482001127
2024,4,T,1,2,1,1,17.371996944232237,-162.825485103132,45.91268097784569,-41.38455423987777
2024,4,T,1,2,1,2,17.988047939930667,-167.39048613785144,54.80340824027724,-44.858737447054295
2024,4,T,1,2,2,1,17.78486784750571,-94.18060430360492,48.47342717774856,41.59658643880164
2024,4,T,1,2,2,2,16.96910856515089,-66.21261139665967,44.1617832280509,37.488206188775976
2024,4,T,2,0,1,1,12.89996103896101,-107.19922077922092,32.6504801948052,-37.721642532467534
2024,4,T,2,0,1,2,14.394973333333354,-102.35159999999996,41.71218066666667,-34.30646866666667
2024,4,T,2,0,2,1,11.827191721132891,-63.371956115779994,31.98632605042016,32.11845880796763
2024,4,T,2,0,2,2,15.368669741602076,-67.2937286821707,34.53529134366925,35.112989534883724
2024,4,T,2,1,1,1,11.072000641025625,-80.08985256410278,35.66570519230769,-34.10370403846154
2024,4,T,2,1,1,2,14.694654220779228,-138.56254058441573,37.737408928571426,-37.17590178571429
2024,4,T,2,1,2,1,13.08688021426181,-89.77786072982917,35.81107442919317,32.77411016404419
2024,4,T,2,1,2,2,15.452457905715477,-105.80293158114273,38.839871660408846,37.71269066750104
2024,4,T,2,2,1,1,17.877431641791034,-139.75310049751215,45.536253134328355,-42.248175601990056
2024,4,T,2,2,1,2,16.681250057195157,-209.28511324639658,47.165860649736906,-41.28990695493022
2024,4,T,2,2,2,1,15.387589260057467,-95.6877253951152,42.10173986170977,38.41460081716954
2024,4,T,2,2,2,2,15.926317612380245,-89.3207137067061,42.7060450073692,38.434209992630805
2024,4,T,3,0,1,1,,,,
2024,4,T,3,0,1,2,,,,
2024,4,T,3,0,2,1,,,,
2024,4,T,3,0,2,2,,,,
2024,4,T,3,1,1,1,,,,
2024,4,T,3,1,1,2,15.0149144385027,-131.10573529411795,41.78064197860962,-35.69899572192513
2024,4,T,3,1,2,1,13.236849896907216,-147.7928742268041,38.72324082474226,34.40995781443299
2024,4,T,3,1,2,2,12.522512820512844,-58.21871794871822,34.322524358974356,32.88210641025641
2024,4,T,3,2,1,1,16.96017812061713,-81.54434782608678,36.214121879382894,-38.681831697054704
2024,4,T,3,2,1,2,16.08247561327562,-84.21760028860035,42.74213864357864,-39.90720715728716
2024,4,T,3,2,2,1,15.476154494382001,-109.15641974317805,44.577412415730336,40.51507641252006
2024,4,T,3,2,2,2,15.112050806123818,-85.8704484487198,36.9081892629725,36.22462788917491
2024,5,B,0,0,1,1,14.656634631849315,-112.5187828017979,39.474116550727736,-35.325676567851026
2024,5,B,0,0,1,2,17.002970690291605,-114.20458217054284,46.02321905869324,-40.17511149870801
2024,5,B,0,0,2,1,16.180645940230747,-90.12985676524568,41.609194635693626,38.868504784339336
2024,5,B,0,0,2,2,15.835305025684363,-94.36144355655233,38.6569511975676,37.93614141220426
2024,5,B,0,1,1,1,16.903013045540817,-137.3875521821633,44.374415322580646,-40.382334724857685
2024,5,B,0,1,1,2,17.97377654808959,-129.75565217391295,51.5999184453228,-41.03013027667984
2024,5,B,0,1,2,1,16.82655741190368,-108.15603156375073,46.905730623728594,42.52322018012993
2024,5,B,0,1,2,2,16.120139250971675,-105.61786481244326,42.48393256797945,40.922164223075946
2024,5,B,0,2,1,1,15.682244992295836,-164.79174334140407,48.761792824125024,-39.060981708122384
2024,5,B,0,2,1,2,17.640238095238104,-113.01065952380941,52.55405438095238,-37.615560214285715
2024,5,B,0,2,2,1,16.591468503401344,-139.99499795918382,48.726408108843536,45.842690210884356
2024,5,B,0,2,2,2,15.444336500754133,-134.74693966817495,40.29117582202112,40.546703408748115
2024,5,B,1,0,1,1,13.613026070943988,-121.12486528396948,35.893879928280676,-35.598158742004266
2024,5,B,1,0,1,2,13.868712288333057,-72.4061550411684,36.5067570374398,-34.61531806742271
2024,5,B,1,0,2,1,13.074576962395014,-114.39390543994205,34.466544118291345,35.344725702811246
2024,5,B,1,0,2,2,14.141853993174095,-94.61960906874674,35.533397498781085,34.936732629936614
2024,5,B,1,1,1,1,16.013067327986505,-100.67704200084427,44.67740192064162,-38.36448322076826
2024,5,B,1,1,1,2,17.710778461286097,-149.05356463254566,46.189611819225725,-38.597083571194226
2024,5,B,1,1,2,1,15.279385136845065,-118.06951330958827,39.552520409597896,39.61148182350736
2024,5,B,1,1,2,2,15.826025748827163,-90.93695619812343,41.599040479520035,39.2469538817214
2024,5,B,1,2,1,1,16.312895061728398,-189.50916666666626,46.19305864197531,-42.845569135802464
2024,5,B,1,2,1,2,17.85556493112709,-151.7177536169106,53.844474408732566,-41.14827377631465
2024,5,B,1,2,2,1,14.998878571428577,-84.48750285714277,43.68108493452381,42.05884145833333
2024,5,B,1,2,2,2,15.961762314439966,-130.13604622132243,45.284468657219975,38.31410528002699
2024,5,B,2,0,1,1,12.16852315394243,-63.90639549436855,33.484632040050066,-29.890367584480604
2024,5,B,2,0,1,2,11.165889588100697,-180.48281464530828,33.75940669336384,-32.47512242562929
2024,5,B,2,0,2,1,12.858493913493902,-112.13076534576521,30.049955749805754,33.474105218855215
2024,5,B,2,0,2,2,13.440171232876736,-76.36151868763773,31.771131515305253,32.87541385929308
2024,5,B,2,1,1,1,12.731741269841251,-103.86198941798966,33.23867105820106,-35.978791746031746
2024,5,B,2,1,1,2,14.059491666666673,-50.424499999999625,34.15308047619048,-28.789108214285715
2024,5,B,2,1,2,1,13.872098870783304,-134.93779088050314,36.4684185320183,38.510782640080045
2024,5,B,2,1,2,2,13.894829637398857,-93.92200554390183,32.5141892568175,36.85957633353311
2024,5,B,2,2,1,1,16.1180007074137,-146.29916383701175,44.40075996038483,-38.63080848896435
2024,5,B,2,2,1,2,16.032288786482326,-201.18913210445453,47.856442204301075,-38.83830971582181
2024,5,B,2,2,2,1,15.043462468671692,-183.26770614035104,46.14493728696742,42.96320087719298
2024,5,B,2,2,2,2,15.20912813276135,-142.48482614585646,41.071742519003536,37.58671110483932
2024,5,B,3,0,1,1,,,,
2024,5,B,3,0,1,2,,,,
2024,5,B,3,0,2,1,,,,
2024,5,B,3,0,2,2,13.519451704545446,45.75904829545425,37.81036590909091,28.776132812500002
2024,5,B,3,1,1,1,12.34532183908047,-112.11517241379306,37.90905919540229,-33.98304770114943
2024,5,B,3,1,1,2,13.266289473684196,-188.3220647773278,31.389257692307694,-35.481023886639676
2024,5,B,3,1,2,1,13.203434013605431,-131.52078231292535,32.22566013605442,36.253025578231295
2024,5,B,3,1,2,2,12.93379298245614,-132.5046900584798,32.808442222222226,35.05539929824561
2024,5,B,3,2,1,1,13.64283623468728,-160.52026434558366,40.547910960670535,-36.466274790457774
2024,5,B,3,2,1,2,14.928000000000026,-169.02083333333348,43.49628333333333,-37.5713875
2024,5,B,3,2,2,1,13.64385728172499,-139.03793478260877,35.55253760162602,38.244661585365854
2024,5,B,3,2,2,2,15.231103529411769,-108.33291339869311,39.432591748366015,38.91747996732026
2024,5,T,0,0,1,1,14.500849863929062,-105.11271805027945,39.262411912267936,-36.656452635195215
2024,5,T,0,0,1,2,17.698558884492158,-129.9378241002446,47.014972814207646,-40.59711656774072
2024,5,T,0,0,2,1,17.626288122550463,-53.712135065331495,44.92105652692708,38.328119553988124
2024,5,T,0,0,2,2,16.135579842785233,-49.86341554458977,38.62217296071284,36.89711052661161
2024,5,T,0,1,1,1,17.676066635216387,-175.13327632975552,47.77888117702559,-41.11013554074773
2024,5,T,0,1,1,2,18.640099705729625,-124.7214993941493,49.04767747966073,-43.68925042409555
2024,5,T,0,1,2,1,18.255671894143575,-105.32469476435517,47.66176384872989,41.7402046116148
2024,5,T,0,1,2,2,16.82487532951548,-86.87576296094312,42.50942038905554,39.85809909099173
2024,5,T,0,2,1,1,15.67031407407407,-175.41305185185183,45.651001925925925,-40.97228422222223
2024,5,T,0,2,1,2,17.47710989621943,-149.11609896219397,48.400987138621204,-42.74099836916234
2024,5,T,0,2,2,1,17.344623037073006,-129.03355350493757,50.65312428363283,45.431353869192165
2024,5,T,0,2,2,2,16.412181403508754,-121.94962807017555,42.51034522807018,40.43473512280702
2024,5,T,1,0,1,1,12.933410714285714,-67.2146675531917,35.15719487082067,-33.83847606382979
2024,5,T,1,0,1,2,11.977592307692305,-96.95308205128185,35.49226817948718,-33.34385125641026
2024,5,T,1,0,2,1,14.133148502994004,-39.412999334664164,36.686712109115106,32.886285252827676
2024,5,T,1,0,2,2,14.823051245210706,-61.06179310344851,35.51885204022989,34.81768049808429
2024,5,T,1,1,1,1,15.692406914344673,-113.47660866873048,39.2664442621259,-36.29399980392157
2024,5,T,1,1,1,2,15.883446682121118,-134.68110946102615,45.811957736887855,-40.5023332584758
2024,5,T,1,1,2,1,17.262159580774423,-101.35790908875379,42.9629114789083,39.17744937993503
2024,5,T,1,1,2,2,16.882976652443602,-97.64041661728152,38.374285196159775,39.39904427521631
2024,5,T,1,2,1,1,15.772295207578708,-200.04974644747836,40.19300596266369,-41.59743198662581
2024,5,T,1,2,1,2,16.58321943847926,-48.81256804263103,45.33210858983536,-37.36277497017418
2024,5,T,1,2,2,1,16.822348956727296,-96.06268578476738,47.57326526878405,40.83864140199404
2024,5,T,1,2,2,2,16.61033366668059,-80.54759739989186,41.784285352167444,37.75178955234246
2024,5,T,2,0,1,1,12.793625730994165,-138.058187134503,35.26316656920078,-34.43208372319688
2024,5,T,2,0,1,2,12.351433888888891,-181.3875444444443,35.06629216666667,-31.57753038888889
2024,5,T,2,0,2,1,13.174961491935477,-100.1852520161292,30.94940726814516,34.33507289314516
2024,5,T,2,0,2,2,13.783497356331821,-56.98214700528706,37.79464423160267,33.35594421426714
2024,5,T,2,1,1,1,13.740053030303017,-94.31985247208922,32.68474114832536,-32.14770426634769
2024,5,T,2,1,1,2,15.479596169630653,-157.96674145006864,39.030560957592336,-35.46619337893297
2024,5,T,2,1,2,1,13.880231076151432,-96.42204058367543,34.58631933424533,34.61644018467852
2024,5,T,2,1,2,2,13.139120144534758,-57.118925022583426,32.290065093345376,33.35445225082807
2024,5,T,2,2,1,1,15.508468201193523,-164.6956392156867,41.269485797101446,-38.91128508098891
2024,5,T,2,2,1,2,17.05333737185461,-179.65726794035436,43.55697826964896,-42.86709655172414
2024,5,T,2,2,2,1,16.725656665256054,-117.52636859923814,48.02060458738891,39.547685120609394
2024,5,T,2,2,2,2,15.748310376492213,-89.24891643709816,41.58267750229568,35.594702295684115
2024,5,T,3,0,1,1,,,,
2024,5,T,3,0,1,2,,,,
2024,5,T,3,0,2,1,,,,
2024,5,T,3,0,2,2,13.977262068965501,-168.07434482758617,42.19118862068966,31.949029310344827
2024,5,T,3,1,1,1,,,,
2024,5,T,3,1,1,2,14.55830059523808,-116.78499999999985,35.096619345238096,-30.448664285714287
2024,5,T,3,1,2,1,13.357819265143974,-85.31792452830177,35.286675620655416,32.13137770605759
2024,5,T,3,1,2,2,12.965545630650013,-176.4024687903575,36.56802795953508,35.294158286698234
2024,5,T,3,2,1,1,14.37408338125357,-202.6779125934445,36.609901207590575,-40.21327222541691
2024,5,T,3,2,1,2,14.27737491548342,-81.24319945909428,37.20787224475997,-36.62644306964165
2024,5,T,3,2,2,1,15.925750933997506,-25.600682262942428,42.06557280732966,38.62555911759473
2024,5,T,3,2,2,2,15.291842857142854,-125.48025793650777,36.10809420634921,36.460188452380955
2024,6,B,0,0,1,1,15.332538867302745,-133.74555630287205,38.98148435471178,-37.60504411518788
2024,6,B,0,0,1,2,16.027038838402575,-87.48096114614236,42.72662054896142,-37.4799521977003
2024,6,B,0,0,2,1,16.33999493228208,-78.432179623303,41.406379512921596,37.48814679036356
2024,6,B,0,0,2,2,15.763783029001075,-87.8546251933899,39.313950226155164,37.23419938607988
2024,6,B,0,1,1,1,16.041447641351596,-158.81905932864993,44.02313033344486,-38.70434182000669
2024,6,B,0,1,1,2,18.660201221355592,-98.56478142572087,49.9673346695689,-40.77205390289619
2024,6,B,0,1,2,1,17.17248772871804,-107.16364368538325,47.78157478722797,44.015294487919114
2024,6,B,0,1,2,2,17.162388766495795,-98.13780364998001,41.9231973576423,40.80599984307025
2024,6,B,0,2,1,1,15.696713855421677,-155.34293327154774,41.65543489341983,-41.856869045412424
2024,6,B,0,2,1,2,17.606648051948042,-98.01438528138533,46.190911558441556,-40.036108138528135
2024,6,B,0,2,2,1,16.062112925170084,-127.27042176870782,49.72954576870749,41.643071020408165
2024,6,B,0,2,2,2,15.45454064120139,-134.5325922173888,42.43865778261129,38.59266602109529
2024,6,B,1,0,1,1,13.275660921391761,-133.35716333762912,35.2743818943299,-35.328785913337626
2024,6,B,1,0,1,2,14.599389626239514,-129.40574523264695,37.923006826849736,-36.05009826849733
2024,6,B,1,0,2,1,14.09746947744614,-66.1862899642615,36.616104998551144,34.42680576644451
2024,6,B,1,0,2,2,13.939282962737337,-69.81292222560614,34.40885451010254,34.943088260737134
2024,6,B,1,1,1,1,14.890605601469218,-143.27079201101924,36.88880300734619,-39.34291466942149
2024,6,B,1,1,1,2,15.261889438202232,-64.42300764044921,43.202081204494384,-35.263460359550564
2024,6,B,1,1,2,1,15.744614885564971,-114.34537979816196,43.59506885700126,39.34631216435394
2024,6,B,1,1,2,2,14.900072024690587,-95.81605843017496,37.9257426920291,37.515963681121995
2024,6,B,1,2,1,1,15.407408010480992,-198.60529758562598,44.35890014037058,-41.8983569904548
2024,6,B,1,2,1,2,16.684143784152994,-163.01192144808692,46.45988553620219,-40.51077325819672
2024,6,B,1,2,2,1,15.662462306750314,-157.4369569876012,49.053393295576306,38.55868119929588
2024,6,B,1,2,2,2,16.492345042499522,-118.79976383995518,43.41536191207079,38.477809406867365
2024,6,B,2,0,1,1,13.5494837962963,-37.03790509259261,35.280571064814815,-34.24233715277778
2024,6,B,2,0,1,2,12.465190382081687,-188.56797101449274,37.03249907773386,-30.493984057971016
2024,6,B,2,0,2,1,14.513324671983554,-72.38906997684626,39.40452881399537,32.3749205299717
2024,6,B,2,0,2,2,14.749165468951531,-57.08122443338834,37.86949657269209,34.82913385848535
2024,6,B,2,1,1,1,13.861227130977113,-121.02337837837831,34.3058051975052,-35.24100415800416
2024,6,B,2,1,1,2,13.152915740501413,-76.5955647454125,40.03344125096925,-35.58407061256139
2024,6,B,2,1,2,1,13.968117895371648,-107.23419719583853,39.35352394090155,37.430764751997586
2024,6,B,2,1,2,2,12.761247234247236,-61.120531505531744,34.58918122895623,33.409808585858585
2024,6,B,2,2,1,1,14.825572049689441,-140.03778757763985,41.14133540372671,-41.052914720496894
2024,6,B,2,2,1,2,17.51175576519917,-79.90288143489397,45.00823328674586,-41.43420046587468
2024,6,B,2,2,2,1,15.541524302764202,-150.1236890111927,46.60183546162884,40.205185736812815
2024,6,B,2,2,2,2,15.987593050541506,-125.95864801444031,40.257698407942236,36.62657468592057
2024,6,B,3,0,1,1,,,,
2024,6,B,3,0,1,2,,,,
2024,6,B,3,0,2,1,,,,
2024,6,B,3,0,2,2,,,,
2024,6,B,3,1,1,1,11.66566666666668,-142.11577777777757,34.16865555555555,-30.030544444444445
2024,6,B,3,1,1,2,13.868139423076911,-35.25272435897432,41.20667564102564,-35.93232692307692
2024,6,B,3,1,2,1,12.686479646017688,-86.48008596713044,35.62719150442477,33.77314424778761
2024,6,B,3,1,2,2,11.975830576441098,-137.26699749373438,35.82915017543859,35.54473892230577
2024,6,B,3,2,1,1,13.369675925925918,-111.91635327635322,33.70242806267806,-39.85668048433048
2024,6,B,3,2,1,2,13.285447781385272,-87.23878787878812,32.676602408008655,-34.28647172619048
2024,6,B,3,2,2,1,14.730529055258472,-88.55772549019639,43.70038652406417,36.06878705882353
2024,6,B,3,2,2,2,14.230935593220352,-112.40088861985487,38.81567708232445,35.25308513317191
2024,6,T,0,0,1,1,14.474682539682533,-104.93201110201062,39.251874153374146,-36.046574504374504
2024,6,T,0,0,1,2,15.532710199498865,-81.7526785014993,43.02928504374734,-36.82223960675311
2024,6,T,0,0,2,1,16.59207831554562,-69.4451890626292,43.03490332919666,39.21276981219492
2024,6,T,0,0,2,2,16.39072240002865,-63.45582133338894,40.998983074184274,37.64469002271161
2024,6,T,0,1,1,1,16.655118589743594,-119.03105769230797,44.16107628205128,-38.47823269230769
2024,6,T,0,1,1,2,16.4384062049062,-128.9608989898993,46.71727104814377,-39.941043224452315
2024,6,T,0,1,2,1,17.808366492146575,-107.84875189446166,48.8982586731882,41.45828882440066
2024,6,T,0,1,2,2,16.639445484273466,-72.1347485047977,43.97162387806033,38.38079784647821
2024,6,T,0,2,1,1,16.26904697609001,-100.79225879043634,44.34885395218003,-41.26263575246132
2024,6,T,0,2,1,2,16.38305532681423,-122.04995033453451,51.62233013381369,-41.04862982501287
2024,6,T,0,2,2,1,17.930943998716288,-119.05477021822844,52.343264746469835,45.7664213254172
2024,6,T,0,2,2,2,15.842895402298865,-97.62422988505796,44.515643084291185,38.58009432950192
2024,6,T,1,0,1,1,13.599033643410849,-90.82402744186038,36.10144396124031,-34.80091640310077
2024,6,T,1,0,1,2,12.664003873744633,-65.41720875179271,35.83881380200861,-32.19859847202296
2024,6,T,1,0,2,1,13.373852173913008,-65.56062805991905,34.55579900986481,34.15046699671173
2024,6,T,1,0,2,2,13.952825074048747,-59.988167862838964,35.118214251537935,36.15913771075416
2024,6,T,1,1,1,1,14.28606815398075,-107.53318722659651,39.57215185476815,-37.72872254593176
2024,6,T,1,1,1,2,15.11810537634409,-91.09446594982091,43.34236394265233,-35.97490841099164
2024,6,T,1,1,2,1,17.481849081364814,-114.11047533713463,48.33958524753372,40.3980220472441
2024,6,T,1,1,2,2,15.62922388059701,-113.06393368796125,40.690320105355575,39.28184645870991
2024,6,T,1,2,1,1,15.473512790697669,-177.60950775193805,46.508982751937985,-39.42940944767442
2024,6,T,1,2,1,2,17.56183748133398,-138.4833041314091,48.443585664509705,-42.82021849178696
2024,6,T,1,2,2,1,16.20568069778517,-126.34429030721594,49.5152947785187,40.42674663312694
2024,6,T,1,2,2,2,16.096236522156488,-76.09427246307223,44.11181462432677,39.6097780808404
2024,6,T,2,0,1,1,11.615411724137942,-133.03588965517247,32.360953103448274,-33.21712317241379
2024,6,T,2,0,1,2,11.082888009049753,86.51651131221706,34.46247669683258,-30.585239819004528
2024,6,T,2,0,2,1,14.105702886002888,-78.24005916305896,36.68815812409812,32.2536341991342
2024,6,T,2,0,2,2,12.678623333333348,-48.320824999999786,33.47554195833333,33.030241708333335
2024,6,T,2,1,1,1,13.636069852941205,-109.81404411764697,34.98630625,-33.08235379901961
2024,6,T,2,1,1,2,11.26956302521009,-64.64689075630258,31.090503193277307,-30.287224537815124
2024,6,T,2,1,2,1,13.665626809742804,-79.75151706126144,33.88688569806393,35.043668506216996
2024,6,T,2,1,2,2,13.768500749823545,-78.0634708009884,36.450417514996474,33.245426689308395
2024,6,T,2,2,1,1,15.065614571948998,-142.7267741347905,39.24891080145719,-40.83121515482696
2024,6,T,2,2,1,2,16.15863698630136,-110.3957407045009,45.98692429060666,-36.774725966242656
2024,6,T,2,2,2,1,16.78173915477575,-114.05094661022758,44.52200220864341,38.19937246535127
2024,6,T,2,2,2,2,15.380962239948673,-80.35617020082555,41.77328850964044,37.56619240590051
2024,6,T,3,0,1,1,,,,
2024,6,T,3,0,1,2,,,,
2024,6,T,3,0,2,1,,,,
2024,6,T,3,0,2,2,14.85387692307691,-62.2074615384613,36.69167564102565,37.239348974358975
2024,6,T,3,1,1,1,15.475263403263412,-175.00121212121212,44.641180885780884,-40.59751282051282
2024,6,T,3,1,1,2,12.349861111111125,55.35500000000002,36.93632222222222,-33.18701111111111
2024,6,T,3,1,2,1,14.438744155844148,-117.92509523809485,39.04560238095238,33.163833766233765
2024,6,T,3,1,2,2,13.757417838765008,-34.7489296740996,37.66321665523156,30.115432778730703
2024,6,T,3,2,1,1,13.656737012987008,-132.20755194805224,35.84084545454545,-40.154120941558446
2024,6,T,3,2,1,2,11.589381410256408,-121.55626602564098,39.24038573717949,-34.2749451923077
2024,6,T,3,2,2,1,16.326522039680412,-106.93109902145625,42.78217081425622,39.055393123260615
2024,6,T,3,2,2,2,13.22667524916946,-97.34013901031722,34.834953558314396,34.81241662878126
2024,7,B,0,0,1,1,14.264858267716534,-107.54290022329315,37.87648439887179,-36.39567457104243
2024,7,B,0,0,1,2,15.518939075241704,-52.77715889029014,42.42348282471626,-37.93251188398487
2024,7,B,0,0,2,1,17.2011894993895,-62.29135429385451,43.93388677146927,38.35947944240944
2024,7,B,0,0,2,2,16.061730797241125,-56.28633453535622,38.75519745521393,37.45259393608362
2024,7,B,0,1,1,1,15.073888905985541,-124.02858162794291,40.91182945068472,-38.55757161871057
2024,7,B,0,1,1,2,15.360127269178207,-130.64444807729842,44.61818147569783,-39.611202830372825
2024,7,B,0,1,2,1,17.62935416082935,-124.21395629027757,47.1508183314654,42.453853964695995
2024,7,B,0,1,2,2,15.918444610787276,-77.42014564165402,39.80148879838268,39.69410281086625
2024,7,B,0,2,1,1,14.675108736942065,-135.3735778727446,40.02638005698006,-41.243776733143406
2024,7,B,0,2,1,2,16.544110688343153,-228.8389865098584,49.480205984088556,-38.93891207194742
2024,7,B,0,2,2,1,16.470730158730163,-174.4390696649034,49.146403615520285,42.49972566137566
2024,7,B,0,2,2,2,15.075481091617945,-106.54558235867444,41.687601793372316,38.51813747563353
2024,7,B,1,0,1,1,13.637837166793616,-82.59520792079184,35.80941268088347,-35.33675483625285
2024,7,B,1,0,1,2,13.003900432900423,-66.59951025785813,38.480464332768676,-30.30732178618483
2024,7,B,1,0,2,1,14.673178681999104,-54.683779301194136,38.29674967565973,36.75227611491965
2024,7,B,1,0,2,2,13.669513821684575,-61.81874439964167,34.91374994175627,34.9634650515233
2024,7,B,1,1,1,1,14.423071376811606,-133.29394710144925,38.42258739130435,-37.26686036231884
2024,7,B,1,1,1,2,16.17568639690056,-38.21327324580261,42.46242184674989,-35.70547505380973
2024,7,B,1,1,2,1,14.910812018641167,-131.2760716212897,42.19572672798626,36.42212422859946
2024,7,B,1,1,2,2,15.977183594204462,-104.39865098755172,40.7953213350516,38.072397759103644
2024,7,B,1,2,1,1,14.812634909909917,-168.00152027027025,40.2725143018018,-37.55503092342342
2024,7,B,1,2,1,2,15.499596560846555,-157.93768959435602,45.510137081128754,-38.19054514991181
2024,7,B,1,2,2,1,16.40097213622292,-118.4832490970075,49.37313257223942,39.128992027863774
2024,7,B,1,2,2,2,14.891800067141645,-79.97613725490191,42.41423441878971,36.69043972919542
2024,7,B,2,0,1,1,13.265329670329663,-23.898901098901206,34.44238461538461,-32.59743901098901
2024,7,B,2,0,1,2,11.755297200714722,-19.520518165574686,38.37329249553305,-30.855701012507442
2024,7,B,2,0,2,1,14.924830094729174,-34.09843818314312,35.72928337381589,35.877627762934175
2024,7,B,2,0,2,2,13.351372599231752,-89.03183525394797,35.63119453691848,33.849716880068286
2024,7,B,2,1,1,1,13.471015873015858,-78.4138321995465,36.84452154195011,-34.06782721088435
2024,7,B,2,1,1,2,13.004182213930363,-108.3085447761191,39.17044769900498,-31.25032213930348
2024,7,B,2,1,2,1,14.735780952380935,-59.22304761904752,39.59266771428572,36.37157323809524
2024,7,B,2,1,2,2,14.546282446311892,-42.68361811391242,37.49246349206349,36.93577394957983
2024,7,B,2,2,1,1,14.112725672877843,-140.55080745341593,35.79320284679089,-38.10071397515528
2024,7,B,2,2,1,2,14.27161666666666,-119.5324966666667,39.232097333333336,-36.54493133333333
2024,7,B,2,2,2,1,15.190853540051677,-90.7759400516793,42.54630875452197,35.59165555555556
2024,7,B,2,2,2,2,15.44063911220357,-99.43994635627587,42.5954989068826,36.24368504048583
2024,7,B,3,0,1,1,,,,
2024,7,B,3,0,1,2,,,,
2024,7,B,3,0,2,1,,,,
2024,7,B,3,0,2,2,9.943530701754383,-145.82942982456098,29.432010526315786,26.960701315789475
2024,7,B,3,1,1,1,11.781602339181262,-82.77992202729047,33.285426900584795,-29.28650545808967
2024,7,B,3,1,1,2,10.202822764227648,-171.11943089430906,34.60946536585365,-34.11648601626016
2024,7,B,3,1,2,1,16.39247642276422,3.501317073170867,40.10543040650406,34.12016902439024
2024,7,B,3,1,2,2,14.18711278195488,-86.21596133190087,34.59563587540279,37.17330741138561
2024,7,B,3,2,1,1,12.276045609548163,-53.66368712702479,39.20021061381075,-30.371605626598463
2024,7,B,3,2,1,2,14.406568148148153,-22.95931777777787,40.379713333333335,-34.78859666666667
2024,7,B,3,2,2,1,14.995296135265704,-104.85694685990347,38.613728961352656,40.22771927536232
2024,7,B,3,2,2,2,14.370989373814012,-109.79560151802661,39.214061935483876,34.378806850094875
2024,7,T,0,0,1,1,14.760212001791302,-114.34972951186728,40.51704979997015,-33.5601065158979
2024,7,T,0,0,1,2,15.597037873399685,-133.364891180654,43.16511314900426,-36.12551411806543
2024,7,T,0,0,2,1,16.495955717255697,-80.41353528188802,43.16465188700012,38.241282278341686
2024,7,T,0,0,2,2,16.193957390106902,-66.351295538253,40.1913827347239,37.21680950921258
2024,7,T,0,1,1,1,16.344411810411813,-140.47700660450664,44.38225172882673,-36.887702544677545
2024,7,T,0,1,1,2,16.933886879730863,-134.95348331931564,48.540783263246425,-33.984343439865434
2024,7,T,0,1,2,1,16.837145473758355,-117.43747416930819,47.7845165844781,40.373774768110835
2024,7,T,0,1,2,2,16.669629856213604,-104.25947497042125,42.656409719918784,38.933906772891895
2024,7,T,0,2,1,1,15.891155284552838,-192.06884552845486,46.79804955284553,-39.58892691056911
2024,7,T,0,2,1,2,14.450224165341837,-203.35293057763693,49.30584398516163,-34.455429676735555
2024,7,T,0,2,2,1,15.21787119565218,-133.96579891304373,47.30661252717391,40.28016027173913
2024,7,T,0,2,2,2,15.999961680613637,-102.9340739191075,46.05046307880056,37.53780603730823
2024,7,T,1,0,1,1,11.937267575322807,-83.34427546628376,37.6396843854615,-30.197894380679102
2024,7,T,1,0,1,2,12.526457324840749,-99.30284607218664,36.447239989384286,-32.82853263269639
2024,7,T,1,0,2,1,14.285313671274963,-77.67482258064547,39.53665444700461,34.39699692780338
2024,7,T,1,0,2,2,14.690887590491457,-41.289060612419235,35.63301579909771,34.935923080381905
2024,7,T,1,1,1,1,14.03283846153846,-157.14869658119642,39.70926158119658,-34.971773696581195
2024,7,T,1,1,1,2,14.11855793650794,-64.63719841269858,43.41629404761905,-32.20793253968254
2024,7,T,1,1,2,1,16.184173161779853,-101.59564002639308,45.884507952905274,38.73962813518084
2024,7,T,1,1,2,2,16.161295254936647,-111.45644336378837,42.3926098732685,38.17174622458002
2024,7,T,1,2,1,1,16.303526323683826,-186.10083845807685,45.079303329833515,-36.18726059697015
2024,7,T,1,2,1,2,16.752117604747326,-140.9574680812807,52.01256809926273,-38.202908649523465
2024,7,T,1,2,2,1,16.915876004089398,-117.57346657903736,50.75932208022978,41.300782184411666
2024,7,T,1,2,2,2,15.989360995429166,-99.18001909598797,45.96107028237684,38.05702498628746
2024,7,T,2,0,1,1,11.909426587301567,-61.07894841269808,36.5698126984127,-29.78709226190476
2024,7,T,2,0,1,2,11.480514639639608,-137.74305180180136,36.177263288288295,-30.324509009009006
2024,7,T,2,0,2,1,12.637857015306139,-58.96542091836727,33.3750575255102,33.787963265306125
2024,7,T,2,0,2,2,14.586781032509151,-19.552433035714785,33.36435843063187,34.155643269230765
2024,7,T,2,1,1,1,12.007870214752558,-68.96872082166192,37.733893930905694,-30.934569374416434
2024,7,T,2,1,1,2,12.324722040072857,-70.88217122040078,35.41871063752277,-30.843222513661203
2024,7,T,2,1,2,1,13.380558423913072,-71.08954030797122,35.37479211956522,32.64354671648551
2024,7,T,2,1,2,2,14.533745945945924,-71.92663063063083,37.88080257657658,35.78965731531532
2024,7,T,2,2,1,1,14.158791643139494,-114.77895351025745,41.53965659702616,-34.85459580274798
2024,7,T,2,2,1,2,15.629619597615516,-88.89921758569244,44.11363809612519,-33.579687760804774
2024,7,T,2,2,2,1,15.649532522796363,-120.18778216818646,47.108647122593716,36.91445
2024,7,T,2,2,2,2,15.918762941919198,-121.15277651515134,43.69958210858586,38.965631123737374
2024,7,T,3,0,1,1,,,,
2024,7,T,3,0,1,2,,,,
2024,7,T,3,0,2,1,,,,
2024,7,T,3,0,2,2,14.798689167974885,-100.63649921507067,36.45436766091051,36.85495525902669
2024,7,T,3,1,1,1,10.854346153846137,3.5026068376068906,33.5538576923077,-24.546155555555554
2024,7,T,3,1,1,2,,,,
2024,7,T,3,1,2,1,10.583177570093454,-90.00287850467294,31.453238093457944,30.52471110280374
2024,7,T,3,1,2,2,12.945686363636383,-110.84281060606054,38.010622954545454,35.876021515151514
2024,7,T,3,2,1,1,12.28436842105262,-168.12421052631544,40.20258771929825,-29.47702807017544
2024,7,T,3,2,1,2,12.925575438596468,-207.1195131578943,41.895906578947375,-33.28550951754386
2024,7,T,3,2,2,1,12.105535018889867,-86.11244405696061,36.334776373147335,36.91525238302819
2024,7,T,3,2,2,2,14.963390510948898,-108.3871587591243,40.6287491459854,36.095605569343064
2024,8,B,0,0,1,1,13.86980960598217,-62.16271393834813,38.30898882265276,-32.77391315658744
2024,8,B,0,0,1,2,14.08380258397932,-66.54833056478446,41.12891853820599,-32.17397997046881
2024,8,B,0,0,2,1,17.12417925525466,-94.45567638003331,42.7565930489224,38.867562948192685
2024,8,B,0,0,2,2,15.456848231201576,-74.78153478252216,39.07909403729867,37.34799558201688
2024,8,B,0,1,1,1,16.03366156670745,-159.2924859241125,42.217020722154224,-38.18717731946144
2024,8,B,0,1,1,2,15.434218474426814,-61.32607164902947,41.86023179012346,-34.49860548941799
2024,8,B,0,1,2,1,17.14991074052776,-106.49279199412194,46.08656421953869,38.91163418152195
2024,8,B,0,1,2,2,16.291885596858066,-91.79334392484589,41.27050111852297,39.509446628149085
2024,8,B,0,2,1,1,14.544153333333327,-55.118170370370535,39.32883992592593,-37.54457992592593
2024,8,B,0,2,1,2,15.59803452685422,-9.938404092071778,43.643207800511505,-33.10470677749361
2024,8,B,0,2,2,1,16.10785933784527,-69.17893543076661,52.94541222791293,38.53391453265045
2024,8,B,0,2,2,2,14.458100666619401,-118.19822634919501,41.25752406389618,37.828945885043616
2024,8,B,1,0,1,1,11.93041136363638,-96.64398426573462,35.074914265734265,-28.24865305944056
2024,8,B,1,0,1,2,12.912452380952374,-39.23457302921179,37.95199233693478,-31.79769379751901
2024,8,B,1,0,2,1,15.126927339771214,-57.77878345498766,39.09785270737937,35.96411524988288
2024,8,B,1,0,2,2,14.726318202055097,-45.052157053051815,36.206657408330805,36.90061940145673
2024,8,B,1,1,1,1,12.762256460970463,-47.45134731012649,38.71619171940928,-33.61515708069621
2024,8,B,1,1,1,2,14.458005942275037,-48.3024830220711,40.77246239388795,-33.19437559422751
2024,8,B,1,1,2,1,16.96347615960819,-84.17183988764009,42.720029519590895,39.523834327283204
2024,8,B,1,1,2,2,16.092951312598103,-86.7626155657008,40.8970490797546,36.433663332857755
2024,8,B,1,2,1,1,14.414558976132838,-159.57320477343455,40.934103597371156,-35.467821826357664
2024,8,B,1,2,1,2,15.002982116244425,-17.839757824142907,42.180306557377044,-31.99525692995529
2024,8,B,1,2,2,1,16.87856703211088,-137.24257944237343,50.316024483833274,40.74930355334187
2024,8,B,1,2,2,2,15.884469946311839,-108.01234693043853,45.78390462476657,39.77856153127918
2024,8,B,2,0,1,1,10.116781376518219,-68.81346153846152,33.16376740890688,-28.619074291497977
2024,8,B,2,0,1,2,13.607590909090902,-218.33590909090935,39.60625681818182,-37.364943181818184
2024,8,B,2,0,2,1,15.3093540240518,-13.139516188714424,33.76670289546716,36.87078423681776
2024,8,B,2,0,2,2,13.676210317460317,-3.101400226757505,32.44051077097505,34.88054739229025
2024,8,B,2,1,1,1,12.740842572062093,-74.1601995565411,38.01948935698448,-30.382912527716186
2024,8,B,2,1,1,2,11.545395157384974,-102.67535108958828,33.29614469733656,-27.74944440677966
2024,8,B,2,1,2,1,13.645484242629607,-87.3320241725969,36.30187957754434,34.603250694679765
2024,8,B,2,1,2,2,13.982642070933537,-67.07812956305816,33.779555494200046,37.393163547418744
2024,8,B,2,2,1,1,14.23434404283799,-71.19000223114699,39.815487059348506,-37.85138605533244
2024,8,B,2,2,1,2,13.899578125000005,-79.53093749999971,43.097775,-32.7829921875
2024,8,B,2,2,2,1,16.354439716312072,-77.68282269503561,45.2639764539007,38.99556113475177
2024,8,B,2,2,2,2,15.095727678571421,-136.44772033410118,42.80538358294931,38.82675627880184
2024,8,B,3,0,1,2,,,,
2024,8,B,3,0,2,1,,,,
2024,8,B,3,0,2,2,,,,
2024,8,B,3,1,1,1,12.408741025641035,-164.45920512820476,37.67185846153846,-31.080483589743594
2024,8,B,3,1,1,2,,,,
2024,8,B,3,1,2,1,14.553048219178066,-140.22046301369846,36.77577076712329,38.75592430136986
2024,8,B,3,1,2,2,13.365464600270997,-58.90503048780511,34.12453738143632,38.00384861111111
2024,8,B,3,2,1,1,12.140493493493494,-31.964334334334126,35.990806806806816,-30.281007507507507
2024,8,B,3,2,1,2,12.403577560975634,-108.01271219512228,42.49956741463414,-32.890826536585365
2024,8,B,3,2,2,1,12.669431924882616,-51.48934446183284,34.44566437141366,34.29827438706312
2024,8,B,3,2,2,2,14.4671268498943,-96.44492644467937,41.02976738900634,36.812082038407326
2024,8,T,0,0,1,1,13.975415372283948,-136.6787038842308,38.90404161304998,-33.62337008297047
2024,8,T,0,0,1,2,14.699531250000007,-119.89943281249998,42.28074625,-36.607108359375005
2024,8,T,0,0,2,1,17.028755742887256,-62.08675110642753,42.015961664910435,38.27527823112048
2024,8,T,0,0,2,2,15.843466522167489,-55.243982922824216,39.10894830541872,37.19746140558293
2024,8,T,0,1,1,1,15.886002107037527,-85.73557838179522,42.842559681837336,-35.99036366413822
2024,8,T,0,1,1,2,15.195576190476189,-132.54625476190495,44.872445416666665,-35.178518690476196
2024,8,T,0,1,2,1,18.26022947532583,-90.3514455990703,47.37851123824377,39.84803238275593
2024,8,T,0,1,2,2,16.54647412019932,-86.78266656663618,42.84998431457134,38.202001641127595
2024,8,T,0,2,1,1,14.942264320220858,-145.0232587991718,41.99973854382332,-34.0357850931677
2024,8,T,0,2,1,2,13.749954212454213,-24.07566666666662,43.533767582417575,-34.991352014652016
2024,8,T,0,2,2,1,16.142373238932976,-175.10325395122663,53.21303745977258,40.151598955874995
2024,8,T,0,2,2,2,16.189209937431002,-35.62735382161691,42.25348638694639,37.19605132376396
2024,8,T,1,0,1,1,13.834946473779382,-206.6564098854733,34.993615840867996,-32.05588812537673
2024,8,T,1,0,1,2,12.4402689826303,-95.9159900744421,38.38979069478908,-32.765111960297766
2024,8,T,1,0,2,1,14.787751313903499,-32.6561580665707,36.12939415113871,35.979336864946646
2024,8,T,1,0,2,2,15.161671983718605,-44.47222002918352,36.03880835803702,34.98108438368789
2024,8,T,1,1,1,1,14.813248268431579,-141.28308757888271,39.03339299676774,-34.29884799138064
2024,8,T,1,1,1,2,13.532887681159423,-86.88208850931687,40.676392934782605,-31.316016019668737
2024,8,T,1,1,2,1,16.344156421356416,-107.09255555555546,41.689509105339106,38.62869670995671
2024,8,T,1,1,2,2,16.219681539723297,-99.99414348880373,41.73432284089288,37.579758105120526
2024,8,T,1,2,1,1,14.811575105897674,-139.70630661453242,40.94253025415445,-36.20322580645161
2024,8,T,1,2,1,2,16.136229876160996,-108.17502038183693,45.25605464396284,-35.24669228586171
2024,8,T,1,2,2,1,17.250897602719988,-120.90646458825586,50.58143035498185,40.07078847461534
2024,8,T,1,2,2,2,15.73906857373089,-91.62203900080567,44.4541862288477,39.02464571716358
2024,8,T,2,0,1,1,12.961911111111107,-200.5326666666665,33.94847228070176,-27.227289941520468
2024,8,T,2,0,1,2,11.657603225806469,-142.19367612903216,36.670200903225805,-31.661983161290323
2024,8,T,2,0,2,1,14.394315384615368,-36.32044230769225,35.16116980769231,34.69403733974359
2024,8,T,2,0,2,2,14.324455555555573,-12.53741880341886,31.74925158119658,33.418931794871796
2024,8,T,2,1,1,1,13.595370132844721,-123.83343105817676,38.70372295006871,-32.37631795693999
2024,8,T,2,1,1,2,12.597587878787863,-109.79278787878775,36.54538848484848,-28.78837212121212
2024,8,T,2,1,2,1,15.36625217391304,-96.78035869565247,37.91162559782609,36.20120804347826
2024,8,T,2,1,2,2,16.073163405373805,-86.07705570969665,36.05595875438084,36.67985205169393
2024,8,T,2,2,1,1,14.072447131147527,-162.73944467213187,39.554787499999996,-32.667707848360656
2024,8,T,2,2,1,2,14.259551026392955,-114.2792844574783,40.42695,-30.442427947214078
2024,8,T,2,2,2,1,16.700275160821775,-132.24742633326423,44.058275866362315,39.81565857024279
2024,8,T,2,2,2,2,16.33102601094555,-128.9279434478567,44.5140089951353,39.60637670872605
2024,8,T,3,0,1,1,,,,
2024,8,T,3,0,1,2,,,,
2024,8,T,3,0,2,1,,,,
2024,8,T,3,0,2,2,,,,
2024,8,T,3,1,1,1,14.719031830238748,-158.53450928381972,35.1264074270557,-30.57057851458886
2024,8,T,3,1,1,2,11.69240370370369,-155.2536666666665,36.264788888888894,-29.32113037037037
2024,8,T,3,1,2,1,12.353696115288216,-123.91530075187939,32.482684555137844,34.25150187969925
2024,8,T,3,1,2,2,14.728891223155898,-95.04201213818897,33.43941778711485,30.69387324929972
2024,8,T,3,2,1,1,14.014862533692735,-161.90661994609127,36.63577892183289,-31.774104420485173
2024,8,T,3,2,1,2,12.425985215053743,-39.29465053763488,31.024952822580644,-27.675208669354838
2024,8,T,3,2,2,1,13.502428048636517,-134.8429500649272,35.919008098217446,35.46144950419077
2024,8,T,3,2,2,2,15.051029916275269,-110.78626097610731,39.40548953440882,36.510922340208296
2024,9,B,0,0,1,1,13.274370370370377,-135.7351161330821,34.87869510357816,-34.6487131826742
2024,9,B,0,0,1,2,15.34165040352164,-163.88282098312538,41.87328672046955,-36.916739031548055
2024,9,B,0,0,2,1,17.680293802045014,-16.709078616212537,42.446587403669646,37.81560700141004
2024,9,B,0,0,2,2,15.38778806858565,-46.30056947405774,38.41145555259417,34.68241552283227
2024,9,B,0,1,1,1,14.431900928792558,-213.4715170278646,37.148914241486075,-34.74810185758514
2024,9,B,0,1,1,2,16.673462365591405,-130.40122222222226,41.18407813620071,-44.313739964157705
2024,9,B,0,1,2,1,17.56273089979075,-46.928269239711426,45.50187339688445,37.61295601488026
2024,9,B,0,1,2,2,15.604771605944052,-59.307360848595636,40.60844557615851,35.637401771166004
2024,9,B,0,2,1,1,,,,
2024,9,B,0,2,1,2,14.326689393939404,-78.94159090909079,59.86237575757576,-31.110618939393945
2024,9,B,0,2,2,1,20.155744949494945,-135.24762626262645,51.75560277777778,38.42062121212121
2024,9,B,0,2,2,2,15.565866880037959,-40.384643907064856,41.95747610241821,33.77800010668563
2024,9,B,1,0,1,1,13.814835714285692,0.4766285714285914,35.27827357142857,-34.988665
2024,9,B,1,0,1,2,14.370010638297884,-212.0260182370821,41.42254604863221,-33.35367294832827
2024,9,B,1,0,2,1,13.31239651799686,-46.725369718309594,31.955468661971832,35.10065821596244
2024,9,B,1,0,2,2,13.488892972144129,-37.35435062611805,33.23827311014567,32.961857610529
2024,9,B,1,1,1,1,10.428750000000008,3.924999999999727,30.624425000000002,-28.238083333333332
2024,9,B,1,1,1,2,15.60265757575759,108.6145151515152,37.18147181818182,-36.112142727272726
2024,9,B,1,1,2,1,16.931690737073694,-38.609386578657904,41.10205329372937,37.36900129812982
2024,9,B,1,1,2,2,15.319280891980355,-26.736393207856054,38.314307968494276,33.228264576513915
2024,9,B,1,2,1,1,13.36693406593406,-168.89461538461546,44.47711703296703,-37.35795054945055
2024,9,B,1,2,1,2,16.698333333333323,-122.810833333333,44.528416666666665,-47.73577083333333
2024,9,B,1,2,2,1,14.697508333333332,28.06281153846112,42.21943776923077,34.233403884615385
2024,9,B,1,2,2,2,15.418035619351429,-54.74516347687404,40.07964631180223,36.08737254120149
2024,9,B,2,0,1,1,,,,
2024,9,B,2,0,1,2,,,,
2024,9,B,2,0,2,1,15.166915296052622,-55.52090460526324,34.679509991776314,37.95694206414474
2024,9,B,2,0,2,2,12.849499999999978,-41.5272994652405,32.34770427807487,31.37995294117647
2024,9,B,2,1,1,1,,,,
2024,9,B,2,1,1,2,,,,
2024,9,B,2,1,2,1,12.915599832214752,-67.77009731543603,30.988962382550334,34.081319781879195
2024,9,B,2,1,2,2,14.466296875000012,-45.34727035984861,36.77596508049242,32.93306152935607
2024,9,B,2,2,1,1,11.189727272727254,-6.223454545454388,22.643860909090904,-38.574481818181816
2024,9,B,2,2,1,2,13.134690476190485,-29.92780952380963,30.140279523809525,-32.329853809523804
2024,9,B,2,2,2,1,15.399023949169106,-25.249159335288823,37.93087189638319,32.506173069403715
2024,9,B,2,2,2,2,14.124317625231896,-55.17297835497857,37.608468843537416,33.84447767470625
2024,9,B,3,0,2,1,,,,
2024,9,B,3,0,2,2,,,,
2024,9,B,3,1,1,2,,,,
2024,9,B,3,1,2,1,10.757162807017522,-89.50997894736838,29.63999859649123,30.183320070175437
2024,9,B,3,1,2,2,14.986757777777768,-135.58988888888916,42.73665333333334,30.40531111111111
2024,9,B,3,2,1,2,11.701409090909095,-227.43954545454517,33.81508636363637,-33.003313636363636
2024,9,B,3,2,2,1,13.095295184490311,-36.64714196372779,35.36478474046279,32.142185365853656
2024,9,B,3,2,2,2,14.277078529657473,-91.1057435254802,36.767810860484545,33.76236111111111
2024,9,T,0,0,1,1,13.68000686813187,-55.6753076923078,36.972846936813184,-31.137884972527473
2024,9,T,0,0,1,2,15.120893107769419,-97.87095739348388,41.96399409774436,-36.25136690476191
2024,9,T,0,0,2,1,17.67346387787549,-60.23087078285607,44.760774362486856,38.77689246713604
2024,9,T,0,0,2,2,15.833438087969,-24.71095611667579,39.91073478764266,35.98094420728657
2024,9,T,0,1,1,1,16.654452266152376,-89.56562520089983,42.644494214079074,-37.202005753776916
2024,9,T,0,1,1,2,16.909573214285714,-104.51442261904776,48.519954404761904,-39.60681898809524
2024,9,T,0,1,2,1,19.05662478431374,-47.607830588235174,49.29694450196079,42.05240024313726
2024,9,T,0,1,2,2,16.480898511544552,-37.70701816429073,41.71167711886163,38.477130134280586
2024,9,T,0,2,1,1,18.377168880455415,-140.30351043643213,52.69569734345351,-43.77681878557875
2024,9,T,0,2,1,2,15.941787878787878,-160.2210606060603,51.21652878787879,-43.02012272727273
2024,9,T,0,2,2,1,18.349329948420404,24.98167311411953,50.28458027079304,39.051622404900066
2024,9,T,0,2,2,2,16.096376536988515,-59.540724249143295,42.445941737552914,37.51381204192703
2024,9,T,1,0,1,1,13.624785602503906,-23.812013562858738,36.58346572769953,-29.13855279081899
2024,9,T,1,0,1,2,11.821300366300363,-51.27884615384619,36.3028402014652,-28.004296153846152
2024,9,T,1,0,2,1,14.286056680851061,-70.05455404255281,39.20698338723404,33.01532347234043
2024,9,T,1,0,2,2,14.418770797440772,-20.262537084033283,34.01115453622619,33.338741045859095
2024,9,T,1,1,1,1,14.721180555555549,-57.15993055555555,42.309574999999995,-36.44483263888889
2024,9,T,1,1,1,2,13.542533251733971,-14.484337005303587,41.45473117095063,-31.779461689106483
2024,9,T,1,1,2,1,16.432616492542962,-80.93464645317545,43.309128984026046,36.35742846165493
2024,9,T,1,1,2,2,15.433081452152862,-35.603260061663605,39.90895023681796,36.55946115110887
2024,9,T,1,2,1,1,14.413286195286219,-76.41422558922568,44.627685858585856,-38.068169360269366
2024,9,T,1,2,1,2,17.105788588588595,-201.1059219219219,48.79834804804805,-42.276402942942944
2024,9,T,1,2,2,1,16.591657692307706,-84.96526923076954,45.414101153846154,39.009145
2024,9,T,1,2,2,2,15.438755574614078,-49.4240440251574,41.17609617495712,37.31176502572899
2024,9,T,2,0,1,1,,,,
2024,9,T,2,0,1,2,,,,
2024,9,T,2,0,2,1,13.312180113756057,-9.973930903728615,34.62582690120075,32.23935356014325
2024,9,T,2,0,2,2,13.784718380376347,-29.14994791666686,34.03973991935484,30.75540678763441
2024,9,T,2,1,1,1,12.948300840336117,-12.199579831932624,40.089993781512604,-32.67279142857143
2024,9,T,2,1,1,2,11.025043181818177,-72.93443181818157,36.799101590909096,-27.99887409090909
2024,9,T,2,1,2,1,13.68310529908166,-10.414730081905873,34.59324825639116,32.46937361007694
2024,9,T,2,1,2,2,14.6403053313403,-25.453327354260182,34.4211564324863,35.22336080385318
2024,9,T,2,2,1,1,13.278976719576718,-152.72876190476154,42.7045126984127,-32.38505417989418
2024,9,T,2,2,1,2,13.259827380952373,-42.33569940476218,41.23877574404762,-36.177421875
2024,9,T,2,2,2,1,16.577232193396213,-102.84875147405683,46.55894058372642,39.43439451356132
2024,9,T,2,2,2,2,15.411096053330368,-57.382421667551625,39.9033175769349,35.44580769069514
2024,9,T,3,0,1,1,,,,
2024,9,T,3,0,1,2,,,,
2024,9,T,3,0,2,1,,,,
2024,9,T,3,0,2,2,16.828911392405075,-149.36227848101225,40.834285822784814,34.726191518987335
2024,9,T,3,1,1,1,,,,
2024,9,T,3,1,1,2,,,,
2024,9,T,3,1,2,1,12.218402777777754,10.168527777777854,31.862371944444444,32.80970527777778
2024,9,T,3,1,2,2,13.298605701754383,0.18232017543869006,35.6112321491228,35.249037236842106
2024,9,T,3,2,1,1,,,,
2024,9,T,3,2,1,2,,,,
2024,9,T,3,2,2,1,16.41897837116153,-26.502076101468447,40.95002046728972,34.16627225634179
2024,9,T,3,2,2,2,13.938631787234044,-35.64493361702125,36.04351268085106,35.340460782978724
2024,10,B,0,0,2,1,18.503438256658583,-51.90015738498778,35.626455266343825,36.26334273607748
2024,10,B,0,0,2,2,16.389520282186936,-70.33124716553311,40.459831443688586,36.16372146636432
2024,10,B,0,1,2,1,19.28673333333333,-99.86088888888935,44.47166444444444,46.4183525925926
2024,10,B,0,1,2,2,15.98483269230772,-11.317288461538737,45.32057192307692,35.61452711538462
2024,10,B,0,2,2,1,,,,
2024,10,B,0,2,2,2,12.449973262032074,-155.7130481283425,40.87079732620321,36.976435828877
2024,10,B,1,0,2,1,,,,
2024,10,B,1,0,2,2,18.283390476190476,-133.4413333333332,36.12552761904762,42.01924857142857
2024,10,B,1,1,2,1,19.745800000000017,23.915105263157784,53.62570763157894,39.45834236842106
2024,10,B,1,1,2,2,17.162785714285718,7.892857142857338,39.154226190476194,35.3376619047619
2024,10,B,1,2,2,1,,,,
2024,10,B,1,2,2,2,14.293437037037023,-98.55901851851877,45.22357333333333,35.06191037037037
2024,10,B,2,0,2,1,,,,
2024,10,B,2,0,2,2,,,,
2024,10,B,2,1,2,1,,,,
2024,10,B,2,1,2,2,,,,
2024,10,B,2,2,2,1,15.007463636363639,102.46095454545457,37.40189545454545,28.53374409090909
2024,10,B,2,2,2,2,13.396425339366488,-96.67312217194603,38.45386108597285,33.244521493212666
2024,10,B,3,1,2,1,,,,
2024,10,B,3,2,2,1,,,,
2024,10,B,3,2,2,2,,,,
2024,10,T,0,0,2,1,14.340062661498678,-39.83958656330742,45.10529799741602,35.47925471576227
2024,10,T,0,0,2,2,15.074736714975842,0.9871014492750874,41.21283605072464,33.94649329710145
2024,10,T,0,1,2,1,18.980376190476193,-53.77859523809502,61.83607261904762,40.94473404761905
2024,10,T,0,1,2,2,15.96390957446809,-45.752579787234026,41.48696841755319,38.02233158244681
2024,10,T,0,2,2,1,,,,
2024,10,T,0,2,2,2,14.23253884711778,-130.67749373433617,39.387385714285706,34.93087418546366
2024,10,T,1,0,2,1,15.28719047619046,-182.85919913419912,49.537920562770566,38.660609740259744
2024,10,T,1,0,2,2,11.739142857142866,11.89280000000008,34.03191142857143,32.70181657142857
2024,10,T,1,1,2,1,,,,
2024,10,T,1,1,2,2,15.551153383458654,-74.63297744360898,42.241910000000004,37.07689804511278
2024,10,T,1,2,2,1,13.973793650793624,51.46833333333325,49.93443333333333,32.32052063492063
2024,10,T,1,2,2,2,16.329388655462168,-127.1917226890755,41.279461134453776,43.45249600840336
2024,10,T,2,0,2,1,,,,
2024,10,T,2,0,2,2,,,,
2024,10,T,2,1,2,1,,,,
2024,10,T,2,1,2,2,,,,
2024,10,T,2,2,2,1,14.714980769230777,-55.8582051282051,48.92814134615385,40.93230384615384
2024,10,T,2,2,2,2,17.861570048309176,13.328850241546206,48.471095893719806,40.9158574879227
2024,10,T,3,0,2,1,,,,
2024,10,T,3,1,2,2,,,,
2024,10,T,3,2,2,1,,,,
2024,10,T,3,2,2,2,,,,
2024,11,B,0,0,2,1,,,,
2024,11,B,0,0,2,2,15.320524369747886,-63.79784873949575,31.368768067226892,32.44268806722689
2024,11,B,0,1,2,2,15.152749999999997,-108.38392857142844,30.163529761904755,30.347516666666667
2024,11,B,1,0,2,1,,,,
2024,11,B,1,1,2,1,,,,
2024,11,B,1,1,2,2,,,,
2024,11,B,2,1,2,1,,,,
2024,11,B,3,2,2,1,,,,
2024,11,T,0,0,2,1,17.15769622331692,15.895073891625543,44.14846288998358,33.5561356321839
2024,11,T,0,0,2,2,15.547413082437288,-17.957535842293964,40.844312903225806,33.2643082437276
2024,11,T,0,1,2,1,,,,
2024,11,T,0,1,2,2,16.108621710526336,32.322763157895224,35.330853947368425,37.91584605263158
2024,11,T,0,2,2,2,,,,
2024,11,T,1,0,2,1,,,,
2024,11,T,1,0,2,2,,,,
2024,11,T,1,1,2,1,,,,
2024,11,T,1,2,2,1,,,,
2024,11,T,2,2,2,1,,,,
2024,12,B,0,0,2,2,14.979000000000013,69.94363636363641,38.84723636363636,25.215718181818183
2024,12,T,0,0,2,1,,,,
2024,12,T,0,0,2,2,,,,
