role,season,game_type,train_team_id,train_player_id,current_trackman_player_id,mapping_status
batter,2019,F,12,21947,77248.0,confirmed_exact_strict
batter,2019,F,12,22284,61104.0,confirmed_global_exact_fallback
batter,2019,F,12,22345,61208.0,confirmed_global_exact_fallback
batter,2019,F,12,22514,79290.0,confirmed_exact_strict
batter,2019,F,12,22521,63202.0,confirmed_global_exact_fallback
batter,2019,F,12,22522,63257.0,confirmed_exact_strict
batter,2019,F,12,22748,64086.0,confirmed_global_exact_fallback
batter,2019,F,12,22822,64260.0,confirmed_exact_strict
batter,2019,F,12,22830,66203.0,confirmed_global_exact_fallback
batter,2019,F,12,22841,64213.0,confirmed_exact_strict
batter,2019,F,12,23186,66233.0,confirmed_exact_strict
batter,2019,F,12,23241,67202.0,confirmed_exact_strict
batter,2019,F,12,23242,67265.0,confirmed_exact_strict
batter,2019,F,12,23243,67207.0,confirmed_exact_strict
batter,2019,F,12,23250,67206.0,confirmed_exact_strict
batter,2019,F,12,23252,67209.0,confirmed_exact_strict
batter,2019,F,12,23253,64209.0,confirmed_global_exact_fallback
batter,2019,F,12,23552,68205.0,confirmed_exact_strict
batter,2019,F,12,23562,63559.0,confirmed_global_exact_fallback
batter,2019,F,12,23563,,unanchored_no_exact_evidence
batter,2019,F,12,23626,63440.0,confirmed_global_exact_fallback
batter,2019,F,12,23728,68211.0,confirmed_exact_strict
batter,2019,F,12,23733,69203.0,confirmed_exact_strict
batter,2019,F,12,23734,68204.0,confirmed_exact_strict
batter,2019,F,12,23735,69238.0,confirmed_exact_strict
batter,2019,F,12,23739,69207.0,confirmed_global_exact_fallback
batter,2019,F,12,23742,69210.0,confirmed_exact_strict
batter,2019,F,13,20889,71184.0,confirmed_exact_strict
batter,2019,F,13,21174,71842.0,confirmed_exact_strict
batter,2019,F,13,21241,72133.0,confirmed_global_exact_fallback
batter,2019,F,13,21968,77564.0,confirmed_exact_strict
batter,2019,F,13,21996,78135.0,confirmed_exact_strict
batter,2019,F,13,22102,79192.0,confirmed_global_exact_fallback
batter,2019,F,13,22106,79150.0,confirmed_exact_strict
batter,2019,F,13,22281,61114.0,confirmed_exact_strict
batter,2019,F,13,22283,61102.0,confirmed_global_exact_fallback
batter,2019,F,13,22374,62164.0,confirmed_exact_strict
batter,2019,F,13,22502,78361.0,confirmed_exact_strict
batter,2019,F,13,22613,62917.0,confirmed_exact_strict
batter,2019,F,13,22695,65132.0,confirmed_exact_strict
batter,2019,F,13,22696,65136.0,confirmed_exact_strict
batter,2019,F,13,22737,64117.0,confirmed_exact_strict
batter,2019,F,13,22773,65120.0,confirmed_exact_strict
batter,2019,F,13,22774,63360.0,confirmed_exact_strict
batter,2019,F,13,22800,64164.0,confirmed_exact_strict
batter,2019,F,13,22808,64101.0,confirmed_exact_strict
batter,2019,F,13,22811,66113.0,confirmed_exact_strict
batter,2019,F,13,22813,66109.0,confirmed_global_exact_fallback
batter,2019,F,13,22816,66108.0,confirmed_exact_strict
batter,2019,F,13,22817,64100.0,confirmed_exact_strict
batter,2019,F,13,22831,65207.0,confirmed_global_exact_fallback
batter,2019,F,13,23227,67169.0,confirmed_exact_strict
batter,2019,F,13,23234,67123.0,confirmed_exact_strict
batter,2019,F,13,23418,65109.0,confirmed_exact_strict
batter,2019,F,13,23425,68100.0,confirmed_exact_strict
batter,2019,F,13,23427,68106.0,confirmed_exact_strict
batter,2019,F,13,23430,68110.0,confirmed_exact_strict
batter,2019,F,13,23553,79530.0,confirmed_exact_strict
batter,2019,F,13,23635,571830.0,confirmed_exact_strict
batter,2019,F,13,23639,69102.0,confirmed_exact_strict
batter,2019,F,13,23641,69105.0,confirmed_exact_strict
batter,2019,F,13,23645,69100.0,confirmed_exact_strict
batter,2019,F,13,23845,,unanchored_no_exact_evidence
batter,2019,F,14,22146,79365.0,confirmed_global_exact_fallback
batter,2019,F,14,22148,79300.0,confirmed_exact_strict
batter,2019,F,14,22392,62353.0,confirmed_global_exact_fallback
batter,2019,F,14,22736,65357.0,confirmed_global_exact_fallback
batter,2019,F,14,22775,65399.0,confirmed_global_exact_fallback
batter,2019,F,14,22847,,unanchored_no_exact_evidence
batter,2019,F,14,22852,65304.0,confirmed_exact_strict
batter,2019,F,14,22857,,unanchored_no_exact_evidence
batter,2019,F,14,22872,65362.0,confirmed_global_exact_fallback
batter,2019,F,14,22882,64340.0,confirmed_global_exact_fallback
batter,2019,F,14,22886,66354.0,confirmed_global_exact_fallback
batter,2019,F,14,23352,,unanchored_no_exact_evidence
batter,2019,F,14,23435,68302.0,confirmed_global_exact_fallback
batter,2019,F,14,23436,68330.0,confirmed_exact_strict
batter,2019,F,14,23442,68346.0,confirmed_exact_strict
batter,2019,F,14,23443,75125.0,confirmed_global_exact_fallback
batter,2019,F,14,23444,68362.0,confirmed_exact_strict
batter,2019,F,14,23448,,unanchored_no_exact_evidence
batter,2019,F,14,23450,68304.0,confirmed_exact_strict
batter,2019,F,14,23452,68305.0,confirmed_global_exact_fallback
batter,2019,F,14,23746,69394.0,confirmed_exact_strict
batter,2019,F,14,23750,69332.0,confirmed_global_exact_fallback
batter,2019,F,14,23752,69366.0,confirmed_exact_strict
batter,2019,F,14,23753,69363.0,confirmed_exact_strict
batter,2019,F,14,23755,69393.0,confirmed_global_exact_fallback
batter,2019,F,14,23756,69305.0,confirmed_global_exact_fallback
batter,2019,F,14,23757,69306.0,confirmed_exact_strict
batter,2019,F,15,21865,76509.0,confirmed_exact_strict
batter,2019,F,15,21892,76100.0,confirmed_exact_strict
batter,2019,F,15,22064,78566.0,confirmed_exact_strict
batter,2019,F,15,22269,60523.0,confirmed_exact_strict
batter,2019,F,15,22344,61204.0,confirmed_global_exact_fallback
batter,2019,F,15,22353,61566.0,confirmed_exact_strict
batter,2019,F,15,22424,62558.0,confirmed_exact_strict
batter,2019,F,15,22739,64504.0,confirmed_exact_strict
batter,2019,F,15,22921,,unanchored_no_exact_evidence
batter,2019,F,15,22924,,unanchored_no_exact_evidence
batter,2019,F,15,23188,64022.0,confirmed_global_exact_fallback
batter,2019,F,15,23189,66504.0,confirmed_global_exact_fallback
batter,2019,F,15,23346,61591.0,confirmed_exact_strict
batter,2019,F,15,23357,67568.0,confirmed_exact_strict
batter,2019,F,15,23463,68518.0,confirmed_exact_strict
batter,2019,F,15,23464,65586.0,confirmed_exact_strict
batter,2019,F,15,23465,68525.0,confirmed_exact_strict
batter,2019,F,15,23467,63593.0,confirmed_exact_strict
batter,2019,F,15,23469,63558.0,confirmed_exact_strict
batter,2019,F,15,23670,64501.0,confirmed_exact_strict
batter,2019,F,15,23675,69592.0,confirmed_global_exact_fallback
batter,2019,F,15,23677,69500.0,confirmed_global_exact_fallback
batter,2019,F,15,23680,,unanchored_no_exact_evidence
batter,2019,F,15,23681,69508.0,confirmed_exact_strict
batter,2019,F,15,23683,69512.0,confirmed_exact_strict
batter,2019,F,15,23686,69518.0,confirmed_global_exact_fallback
batter,2019,F,16,22025,78643.0,confirmed_exact_strict
batter,2019,F,16,22104,79113.0,confirmed_global_exact_fallback
batter,2019,F,16,22221,60648.0,confirmed_exact_strict
batter,2019,F,16,22225,60605.0,confirmed_exact_strict
batter,2019,F,16,22439,62893.0,confirmed_exact_strict
batter,2019,F,16,22454,76368.0,confirmed_exact_strict
batter,2019,F,16,22523,63260.0,confirmed_global_exact_fallback
batter,2019,F,16,22763,62908.0,confirmed_exact_strict
batter,2019,F,16,22934,66615.0,confirmed_exact_strict
batter,2019,F,16,22943,66662.0,confirmed_exact_strict
batter,2019,F,16,22956,66606.0,confirmed_global_exact_fallback
batter,2019,F,16,23300,67610.0,confirmed_exact_strict
batter,2019,F,16,23495,,unanchored_no_exact_evidence
batter,2019,F,16,23505,68646.0,confirmed_global_exact_fallback
batter,2019,F,16,23507,68614.0,confirmed_global_exact_fallback
batter,2019,F,16,23508,64657.0,confirmed_exact_strict
batter,2019,F,16,23657,69627.0,confirmed_exact_strict
batter,2019,F,16,23658,69628.0,confirmed_exact_strict
batter,2019,F,16,23662,69636.0,confirmed_global_exact_fallback
batter,2019,F,16,23663,62668.0,confirmed_exact_strict
batter,2019,F,16,23666,64602.0,confirmed_exact_strict
batter,2019,F,16,23667,65620.0,confirmed_exact_strict
batter,2019,F,16,23846,,unanchored_no_exact_evidence
batter,2019,F,17,21600,74729.0,confirmed_exact_strict
batter,2019,F,17,22002,60100.0,confirmed_exact_strict
batter,2019,F,17,22160,79705.0,confirmed_exact_strict
batter,2019,F,17,22238,60805.0,confirmed_global_exact_fallback
batter,2019,F,17,22258,60184.0,confirmed_exact_strict
batter,2019,F,17,22332,61700.0,confirmed_global_exact_fallback
batter,2019,F,17,22382,62797.0,confirmed_exact_strict
batter,2019,F,17,22682,61554.0,confirmed_exact_strict
batter,2019,F,17,22683,61366.0,confirmed_exact_strict
batter,2019,F,17,22684,64706.0,confirmed_exact_strict
batter,2019,F,17,22709,64717.0,confirmed_global_exact_fallback
batter,2019,F,17,22762,79364.0,confirmed_exact_strict
batter,2019,F,17,22963,66715.0,confirmed_exact_strict
batter,2019,F,17,23121,64724.0,confirmed_exact_strict
batter,2019,F,17,23134,66704.0,confirmed_exact_strict
batter,2019,F,17,23579,68707.0,confirmed_global_exact_fallback
batter,2019,F,17,23584,68700.0,confirmed_exact_strict
batter,2019,F,17,23688,63700.0,confirmed_exact_strict
batter,2019,F,17,23691,69727.0,confirmed_exact_strict
batter,2019,F,17,23692,,unanchored_no_exact_evidence
batter,2019,F,17,23693,69737.0,confirmed_exact_strict
batter,2019,F,17,23698,69766.0,confirmed_exact_strict
batter,2019,F,17,23700,63703.0,confirmed_exact_strict
batter,2019,F,17,23701,64704.0,confirmed_exact_strict
batter,2019,F,17,23702,69702.0,confirmed_exact_strict
batter,2019,F,17,23706,69706.0,confirmed_exact_strict
batter,2019,F,18,21278,64793.0,confirmed_exact_strict
batter,2019,F,18,21737,75566.0,confirmed_exact_strict
batter,2019,F,18,22571,62409.0,confirmed_exact_strict
batter,2019,F,18,22574,63435.0,confirmed_global_exact_fallback
batter,2019,F,18,22679,64499.0,confirmed_exact_strict
batter,2019,F,18,22756,64468.0,confirmed_exact_strict
batter,2019,F,18,22758,64493.0,confirmed_exact_strict
batter,2019,F,18,23001,65462.0,confirmed_exact_strict
batter,2019,F,18,23089,66838.0,confirmed_exact_strict
batter,2019,F,18,23244,64266.0,confirmed_exact_strict
batter,2019,F,18,23373,67412.0,confirmed_exact_strict
batter,2019,F,18,23377,67405.0,confirmed_exact_strict
batter,2019,F,18,23521,60288.0,confirmed_exact_strict
batter,2019,F,18,23523,,unanchored_no_exact_evidence
batter,2019,F,18,23524,64410.0,confirmed_exact_strict
batter,2019,F,18,23525,64407.0,confirmed_exact_strict
batter,2019,F,18,23526,68463.0,confirmed_exact_strict
batter,2019,F,18,23527,68416.0,confirmed_exact_strict
batter,2019,F,18,23529,64469.0,confirmed_exact_strict
batter,2019,F,18,23531,68466.0,confirmed_exact_strict
batter,2019,F,18,23718,69442.0,confirmed_exact_strict
batter,2019,F,18,23726,68407.0,confirmed_exact_strict
batter,2019,F,19,21461,73306.0,confirmed_exact_strict
batter,2019,F,19,21848,76720.0,confirmed_exact_strict
batter,2019,F,19,22006,78813.0,confirmed_exact_strict
batter,2019,F,19,22132,79234.0,confirmed_exact_strict
batter,2019,F,19,22523,63260.0,confirmed_exact_strict
batter,2019,F,19,22629,63903.0,confirmed_exact_strict
batter,2019,F,19,22716,64944.0,confirmed_exact_strict
batter,2019,F,19,23049,65909.0,confirmed_exact_strict
batter,2019,F,19,23064,65905.0,confirmed_exact_strict
batter,2019,F,19,23193,66917.0,confirmed_exact_strict
batter,2019,F,19,23205,66963.0,confirmed_exact_strict
batter,2019,F,19,23262,67944.0,confirmed_exact_strict
batter,2019,F,19,23408,62025.0,confirmed_exact_strict
batter,2019,F,19,23602,68912.0,confirmed_exact_strict
batter,2019,F,19,23605,68906.0,confirmed_exact_strict
batter,2019,F,19,23606,68904.0,confirmed_exact_strict
batter,2019,F,19,23776,69992.0,confirmed_exact_strict
batter,2019,F,19,23778,69995.0,confirmed_exact_strict
batter,2019,F,19,23780,69900.0,confirmed_exact_strict
batter,2019,F,20,21401,73153.0,confirmed_exact_strict
batter,2019,F,20,22208,60343.0,confirmed_exact_strict
batter,2019,F,20,22333,61743.0,confirmed_global_exact_fallback
batter,2019,F,20,22416,62468.0,confirmed_exact_strict
batter,2019,F,20,22460,77654.0,confirmed_exact_strict
batter,2019,F,20,22732,64007.0,confirmed_exact_strict
batter,2019,F,20,22733,63088.0,confirmed_exact_strict
batter,2019,F,20,22745,63448.0,confirmed_exact_strict
batter,2019,F,20,23113,,unresolved_global_conflict
batter,2019,F,20,23388,,unanchored_no_exact_evidence
batter,2019,F,20,23395,67063.0,confirmed_exact_strict
batter,2019,F,20,23471,76313.0,confirmed_exact_strict
batter,2019,F,20,23472,64014.0,confirmed_exact_strict
batter,2019,F,20,23481,68069.0,confirmed_global_exact_fallback
batter,2019,F,20,23482,68087.0,confirmed_exact_strict
batter,2019,F,20,23486,67094.0,confirmed_exact_strict
batter,2019,F,20,23492,68002.0,confirmed_global_exact_fallback
batter,2019,F,20,23493,68003.0,confirmed_exact_strict
batter,2019,F,20,23788,69056.0,confirmed_exact_strict
batter,2019,F,20,23789,69064.0,confirmed_global_exact_fallback
batter,2019,F,20,23791,69055.0,confirmed_global_exact_fallback
batter,2019,F,20,23793,,unanchored_no_exact_evidence
batter,2019,F,21,21448,73209.0,confirmed_global_exact_fallback
batter,2019,F,21,21786,76158.0,confirmed_global_exact_fallback
batter,2019,F,21,22137,79465.0,confirmed_exact_strict
batter,2019,F,21,22333,61743.0,confirmed_exact_strict
batter,2019,F,21,22442,62884.0,confirmed_exact_strict
batter,2019,F,21,22576,63450.0,confirmed_global_exact_fallback
batter,2019,F,21,22768,63704.0,confirmed_global_exact_fallback
batter,2019,F,21,23108,65869.0,confirmed_exact_strict
batter,2019,F,21,23111,,unanchored_no_exact_evidence
batter,2019,F,21,23138,66803.0,confirmed_exact_strict
batter,2019,F,21,23143,66864.0,confirmed_exact_strict
batter,2019,F,21,23146,63895.0,confirmed_exact_strict
batter,2019,F,21,23153,578268.0,confirmed_exact_strict
batter,2019,F,21,23212,66802.0,confirmed_exact_strict
batter,2019,F,21,23318,62802.0,confirmed_global_exact_fallback
batter,2019,F,21,23321,61869.0,confirmed_exact_strict
batter,2019,F,21,23546,68869.0,confirmed_exact_strict
batter,2019,F,21,23547,,unanchored_no_exact_evidence
batter,2019,F,21,23548,64803.0,confirmed_exact_strict
batter,2019,F,21,23549,68868.0,confirmed_exact_strict
batter,2019,F,21,23551,68805.0,confirmed_exact_strict
batter,2019,F,21,23760,69825.0,confirmed_global_exact_fallback
batter,2019,F,21,23763,69860.0,confirmed_exact_strict
batter,2019,F,21,23835,69802.0,confirmed_exact_strict
batter,2019,F,21,23836,69809.0,confirmed_exact_strict
batter,2019,F,21,23837,69805.0,confirmed_global_exact_fallback
batter,2019,F,21,23838,69810.0,confirmed_exact_strict
batter,2019,F,21,23839,69804.0,confirmed_global_exact_fallback
batter,2019,F,22,21999,78122.0,confirmed_global_exact_fallback
batter,2019,F,22,22749,65653.0,confirmed_global_exact_fallback
batter,2019,F,22,22817,64100.0,confirmed_global_exact_fallback
batter,2019,F,22,22830,66203.0,confirmed_global_exact_fallback
batter,2019,F,22,22872,65362.0,confirmed_global_exact_fallback
batter,2019,F,22,22950,66657.0,confirmed_global_exact_fallback
batter,2019,F,22,23022,66409.0,confirmed_global_exact_fallback
batter,2019,F,22,23028,63913.0,confirmed_global_exact_fallback
batter,2019,F,22,23132,66749.0,confirmed_global_exact_fallback
batter,2019,F,22,23299,63636.0,confirmed_global_exact_fallback
batter,2019,F,22,23349,67504.0,confirmed_global_exact_fallback
batter,2019,F,23,22664,,unresolved_global_conflict
batter,2019,F,23,22674,63920.0,confirmed_exact_strict
batter,2019,F,23,22693,64153.0,confirmed_exact_strict
batter,2019,F,23,22781,65506.0,confirmed_global_exact_fallback
batter,2019,F,23,22839,66209.0,confirmed_exact_strict
batter,2019,F,23,22853,65898.0,confirmed_exact_strict
batter,2019,F,23,22969,66707.0,confirmed_exact_strict
batter,2019,F,23,23000,65412.0,confirmed_global_exact_fallback
batter,2019,F,23,23116,65464.0,confirmed_global_exact_fallback
batter,2019,F,23,23195,66965.0,confirmed_exact_strict
batter,2019,F,23,23200,66968.0,confirmed_exact_strict
batter,2019,F,23,23298,67644.0,confirmed_exact_strict
batter,2019,F,23,23319,67893.0,confirmed_exact_strict
batter,2019,F,23,23388,,unanchored_no_exact_evidence
batter,2019,F,23,23407,67005.0,confirmed_exact_strict
batter,2019,R,12,21616,74206.0,confirmed_exact_strict
batter,2019,R,12,21660,75334.0,confirmed_exact_strict
batter,2019,R,12,21821,76267.0,confirmed_exact_strict
batter,2019,R,12,21947,77248.0,confirmed_exact_strict
batter,2019,R,12,22013,78224.0,confirmed_exact_strict
batter,2019,R,12,22126,79240.0,confirmed_exact_strict
batter,2019,R,12,22127,79215.0,confirmed_exact_strict
batter,2019,R,12,22130,79231.0,confirmed_exact_strict
batter,2019,R,12,22284,61104.0,confirmed_exact_strict
batter,2019,R,12,22345,61208.0,confirmed_exact_strict
batter,2019,R,12,22429,62234.0,confirmed_exact_strict
batter,2019,R,12,22430,62244.0,confirmed_exact_strict
batter,2019,R,12,22514,79290.0,confirmed_exact_strict
batter,2019,R,12,22521,63202.0,confirmed_exact_strict
batter,2019,R,12,22522,63257.0,confirmed_exact_strict
batter,2019,R,12,22748,64086.0,confirmed_exact_strict
batter,2019,R,12,22822,64260.0,confirmed_exact_strict
batter,2019,R,12,22830,66203.0,confirmed_global_exact_fallback
batter,2019,R,12,23241,67202.0,confirmed_global_exact_fallback
batter,2019,R,12,23243,67207.0,confirmed_exact_strict
batter,2019,R,12,23562,63559.0,confirmed_exact_strict
batter,2019,R,12,23626,63440.0,confirmed_exact_strict
batter,2019,R,12,23687,628336.0,confirmed_exact_strict
batter,2019,R,12,23733,69203.0,confirmed_global_exact_fallback
batter,2019,R,12,23735,69238.0,confirmed_exact_strict
batter,2019,R,13,20889,71184.0,confirmed_exact_strict
batter,2019,R,13,21174,71842.0,confirmed_exact_strict
batter,2019,R,13,21241,72133.0,confirmed_exact_strict
batter,2019,R,13,21968,77564.0,confirmed_exact_strict
batter,2019,R,13,21996,78135.0,confirmed_exact_strict
batter,2019,R,13,22016,78217.0,confirmed_exact_strict
batter,2019,R,13,22101,79198.0,confirmed_exact_strict
batter,2019,R,13,22102,79192.0,confirmed_exact_strict
batter,2019,R,13,22103,79109.0,confirmed_exact_strict
batter,2019,R,13,22106,79150.0,confirmed_exact_strict
batter,2019,R,13,22281,61114.0,confirmed_exact_strict
batter,2019,R,13,22283,61102.0,confirmed_exact_strict
batter,2019,R,13,22287,61186.0,confirmed_exact_strict
batter,2019,R,13,22374,62164.0,confirmed_exact_strict
batter,2019,R,13,22502,78361.0,confirmed_exact_strict
batter,2019,R,13,22695,65132.0,confirmed_exact_strict
batter,2019,R,13,22696,65136.0,confirmed_exact_strict
batter,2019,R,13,22800,64164.0,confirmed_exact_strict
batter,2019,R,13,22816,66108.0,confirmed_exact_strict
batter,2019,R,13,22831,65207.0,confirmed_exact_strict
batter,2019,R,13,23234,67123.0,confirmed_exact_strict
batter,2019,R,13,23418,65109.0,confirmed_exact_strict
batter,2019,R,13,23420,76290.0,confirmed_exact_strict
batter,2019,R,13,23553,79530.0,confirmed_exact_strict
batter,2019,R,13,23635,571830.0,confirmed_exact_strict
batter,2019,R,13,23645,69100.0,confirmed_exact_strict
batter,2019,R,13,23844,451713.0,confirmed_exact_strict
batter,2019,R,14,22144,79334.0,confirmed_exact_strict
batter,2019,R,14,22146,79365.0,confirmed_exact_strict
batter,2019,R,14,22148,79300.0,confirmed_exact_strict
batter,2019,R,14,22182,79456.0,confirmed_exact_strict
batter,2019,R,14,22392,62353.0,confirmed_exact_strict
batter,2019,R,14,22394,62356.0,confirmed_exact_strict
batter,2019,R,14,22500,78168.0,confirmed_exact_strict
batter,2019,R,14,22671,64300.0,confirmed_exact_strict
batter,2019,R,14,22719,64346.0,confirmed_exact_strict
batter,2019,R,14,22736,65357.0,confirmed_exact_strict
batter,2019,R,14,22775,65399.0,confirmed_exact_strict
batter,2019,R,14,22852,65304.0,confirmed_exact_strict
batter,2019,R,14,22853,65898.0,confirmed_exact_strict
batter,2019,R,14,22882,64340.0,confirmed_exact_strict
batter,2019,R,14,22886,66354.0,confirmed_exact_strict
batter,2019,R,14,23281,67304.0,confirmed_exact_strict
batter,2019,R,14,23282,67341.0,confirmed_exact_strict
batter,2019,R,14,23436,68330.0,confirmed_exact_strict
batter,2019,R,14,23443,75125.0,confirmed_exact_strict
batter,2019,R,14,23444,68362.0,confirmed_global_exact_fallback
batter,2019,R,14,23625,543742.0,confirmed_exact_strict
batter,2019,R,14,23757,69306.0,confirmed_global_exact_fallback
batter,2019,R,15,21381,72546.0,confirmed_exact_strict
batter,2019,R,15,21822,76249.0,confirmed_exact_strict
batter,2019,R,15,21865,76509.0,confirmed_exact_strict
batter,2019,R,15,21892,76100.0,confirmed_exact_strict
batter,2019,R,15,21980,77463.0,confirmed_exact_strict
batter,2019,R,15,21992,78513.0,confirmed_exact_strict
batter,2019,R,15,22064,78566.0,confirmed_exact_strict
batter,2019,R,15,22066,77532.0,confirmed_exact_strict
batter,2019,R,15,22269,60523.0,confirmed_exact_strict
batter,2019,R,15,22344,61204.0,confirmed_exact_strict
batter,2019,R,15,22353,61566.0,confirmed_exact_strict
batter,2019,R,15,22420,62556.0,confirmed_exact_strict
batter,2019,R,15,22424,62558.0,confirmed_exact_strict
batter,2019,R,15,22739,64504.0,confirmed_exact_strict
batter,2019,R,15,22902,66508.0,confirmed_exact_strict
batter,2019,R,15,23188,64022.0,confirmed_exact_strict
batter,2019,R,15,23189,66504.0,confirmed_exact_strict
batter,2019,R,15,23346,,unresolved_global_conflict
batter,2019,R,15,23347,67539.0,confirmed_exact_strict
batter,2019,R,15,23348,71564.0,confirmed_exact_strict
batter,2019,R,15,23349,67504.0,confirmed_exact_strict
batter,2019,R,15,23455,68556.0,confirmed_exact_strict
batter,2019,R,15,23463,68518.0,confirmed_exact_strict
batter,2019,R,15,23464,65586.0,confirmed_exact_strict
batter,2019,R,15,23465,68525.0,confirmed_exact_strict
batter,2019,R,15,23467,63593.0,confirmed_exact_strict
batter,2019,R,15,23469,63558.0,confirmed_exact_strict
batter,2019,R,15,23669,65515.0,confirmed_exact_strict
batter,2019,R,15,23670,64501.0,confirmed_exact_strict
batter,2019,R,15,23671,69530.0,confirmed_exact_strict
batter,2019,R,15,23681,69508.0,confirmed_exact_strict
batter,2019,R,15,23685,69517.0,confirmed_exact_strict
batter,2019,R,15,23841,607111.0,confirmed_exact_strict
batter,2019,R,16,20946,70410.0,confirmed_exact_strict
batter,2019,R,16,20984,70756.0,confirmed_exact_strict
batter,2019,R,16,21286,72443.0,confirmed_exact_strict
batter,2019,R,16,21837,76849.0,confirmed_exact_strict
batter,2019,R,16,22021,78629.0,confirmed_exact_strict
batter,2019,R,16,22025,78643.0,confirmed_exact_strict
batter,2019,R,16,22026,78603.0,confirmed_exact_strict
batter,2019,R,16,22104,79113.0,confirmed_exact_strict
batter,2019,R,16,22109,79608.0,confirmed_exact_strict
batter,2019,R,16,22221,60648.0,confirmed_global_exact_fallback
batter,2019,R,16,22225,60605.0,confirmed_exact_strict
batter,2019,R,16,22432,62265.0,confirmed_exact_strict
batter,2019,R,16,22436,62864.0,confirmed_exact_strict
batter,2019,R,16,22439,62893.0,confirmed_global_exact_fallback
batter,2019,R,16,22454,76368.0,confirmed_exact_strict
batter,2019,R,16,22523,63260.0,confirmed_exact_strict
batter,2019,R,16,22542,63722.0,confirmed_exact_strict
batter,2019,R,16,22690,64560.0,confirmed_exact_strict
batter,2019,R,16,22763,62908.0,confirmed_exact_strict
batter,2019,R,16,22934,66615.0,confirmed_exact_strict
batter,2019,R,16,22943,66662.0,confirmed_exact_strict
batter,2019,R,16,22950,66657.0,confirmed_exact_strict
batter,2019,R,16,22956,66606.0,confirmed_exact_strict
batter,2019,R,16,23116,65464.0,confirmed_exact_strict
batter,2019,R,16,23298,67644.0,confirmed_exact_strict
batter,2019,R,16,23299,63636.0,confirmed_exact_strict
batter,2019,R,16,23505,68646.0,confirmed_exact_strict
batter,2019,R,16,23507,68614.0,confirmed_exact_strict
batter,2019,R,16,23508,64657.0,confirmed_exact_strict
batter,2019,R,16,23614,,unanchored_no_exact_evidence
batter,2019,R,16,23646,64646.0,confirmed_exact_strict
batter,2019,R,16,23649,571757.0,confirmed_exact_strict
batter,2019,R,16,23662,69636.0,confirmed_exact_strict
batter,2019,R,16,23663,62668.0,confirmed_global_exact_fallback
batter,2019,R,16,23664,65610.0,confirmed_exact_strict
batter,2019,R,16,23840,69652.0,confirmed_exact_strict
batter,2019,R,17,21143,71752.0,confirmed_exact_strict
batter,2019,R,17,21400,73136.0,confirmed_exact_strict
batter,2019,R,17,21600,74729.0,confirmed_exact_strict
batter,2019,R,17,21693,,conflict_reverse_multiple_train_ids
batter,2019,R,17,21851,76753.0,confirmed_exact_strict
batter,2019,R,17,22002,60100.0,confirmed_exact_strict
batter,2019,R,17,22038,78756.0,confirmed_exact_strict
batter,2019,R,17,22160,79705.0,confirmed_exact_strict
batter,2019,R,17,22238,60805.0,confirmed_exact_strict
batter,2019,R,17,22258,60184.0,confirmed_exact_strict
batter,2019,R,17,22332,61700.0,confirmed_exact_strict
batter,2019,R,17,22379,62700.0,confirmed_exact_strict
batter,2019,R,17,22382,62797.0,confirmed_exact_strict
batter,2019,R,17,22455,,conflict_multiple_trackman_ids
batter,2019,R,17,22682,61554.0,confirmed_exact_strict
batter,2019,R,17,22684,64706.0,confirmed_exact_strict
batter,2019,R,17,22709,64717.0,confirmed_exact_strict
batter,2019,R,17,22762,79364.0,confirmed_exact_strict
batter,2019,R,17,22963,66715.0,confirmed_exact_strict
batter,2019,R,17,22969,66707.0,confirmed_exact_strict
batter,2019,R,17,22986,66702.0,confirmed_exact_strict
batter,2019,R,17,23121,64724.0,confirmed_exact_strict
batter,2019,R,17,23134,66704.0,confirmed_exact_strict
batter,2019,R,17,23578,68743.0,confirmed_exact_strict
batter,2019,R,17,23582,68730.0,confirmed_exact_strict
batter,2019,R,17,23583,66706.0,confirmed_exact_strict
batter,2019,R,17,23584,68700.0,confirmed_exact_strict
batter,2019,R,17,23688,63700.0,confirmed_exact_strict
batter,2019,R,17,23691,69727.0,confirmed_exact_strict
batter,2019,R,17,23693,69737.0,confirmed_exact_strict
batter,2019,R,17,23698,69766.0,confirmed_exact_strict
batter,2019,R,17,23700,63703.0,confirmed_exact_strict
batter,2019,R,18,21131,71432.0,confirmed_exact_strict
batter,2019,R,18,21278,64793.0,confirmed_exact_strict
batter,2019,R,18,21288,72456.0,confirmed_exact_strict
batter,2019,R,18,21627,74540.0,confirmed_exact_strict
batter,2019,R,18,21737,75566.0,confirmed_exact_strict
batter,2019,R,18,22133,79402.0,confirmed_exact_strict
batter,2019,R,18,22288,61197.0,confirmed_exact_strict
batter,2019,R,18,22315,61404.0,confirmed_exact_strict
batter,2019,R,18,22410,62404.0,confirmed_exact_strict
batter,2019,R,18,22571,62409.0,confirmed_exact_strict
batter,2019,R,18,22660,62415.0,confirmed_exact_strict
batter,2019,R,18,22679,64499.0,confirmed_exact_strict
batter,2019,R,18,22756,64468.0,confirmed_exact_strict
batter,2019,R,18,22758,64493.0,confirmed_exact_strict
batter,2019,R,18,23004,66462.0,confirmed_exact_strict
batter,2019,R,18,23022,66409.0,confirmed_exact_strict
batter,2019,R,18,23089,66838.0,confirmed_exact_strict
batter,2019,R,18,23244,64266.0,confirmed_exact_strict
batter,2019,R,18,23380,,unanchored_no_exact_evidence
batter,2019,R,18,23404,573131.0,confirmed_exact_strict
batter,2019,R,18,23521,60288.0,confirmed_exact_strict
batter,2019,R,18,23524,64410.0,confirmed_exact_strict
batter,2019,R,18,23525,64407.0,confirmed_exact_strict
batter,2019,R,18,23529,64469.0,confirmed_exact_strict
batter,2019,R,18,23712,69403.0,confirmed_exact_strict
batter,2019,R,18,23718,69442.0,confirmed_exact_strict
batter,2019,R,18,23720,69453.0,confirmed_exact_strict
batter,2019,R,18,23724,69418.0,confirmed_exact_strict
batter,2019,R,18,23726,68407.0,confirmed_exact_strict
batter,2019,R,18,23847,607776.0,confirmed_exact_strict
batter,2019,R,19,21461,73306.0,confirmed_exact_strict
batter,2019,R,19,21511,73213.0,confirmed_exact_strict
batter,2019,R,19,21818,76232.0,confirmed_exact_strict
batter,2019,R,19,21837,76849.0,confirmed_exact_strict
batter,2019,R,19,21848,76720.0,confirmed_exact_strict
batter,2019,R,19,21999,78122.0,confirmed_exact_strict
batter,2019,R,19,22006,78813.0,confirmed_exact_strict
batter,2019,R,19,22132,79234.0,confirmed_exact_strict
batter,2019,R,19,22523,63260.0,confirmed_exact_strict
batter,2019,R,19,22605,62931.0,confirmed_exact_strict
batter,2019,R,19,22606,62907.0,confirmed_exact_strict
batter,2019,R,19,22607,62925.0,confirmed_exact_strict
batter,2019,R,19,22610,62947.0,confirmed_exact_strict
batter,2019,R,19,22611,62921.0,confirmed_exact_strict
batter,2019,R,19,22612,62934.0,confirmed_exact_strict
batter,2019,R,19,22626,60566.0,confirmed_exact_strict
batter,2019,R,19,22629,63903.0,confirmed_exact_strict
batter,2019,R,19,22632,63963.0,confirmed_exact_strict
batter,2019,R,19,22674,63920.0,confirmed_exact_strict
batter,2019,R,19,23040,64984.0,confirmed_exact_strict
batter,2019,R,19,23045,74465.0,confirmed_exact_strict
batter,2019,R,19,23064,65905.0,confirmed_exact_strict
batter,2019,R,19,23193,66917.0,confirmed_exact_strict
batter,2019,R,19,23408,62025.0,confirmed_exact_strict
batter,2019,R,19,23602,68912.0,confirmed_exact_strict
batter,2019,R,19,23604,62537.0,confirmed_exact_strict
batter,2019,R,19,23605,68906.0,confirmed_exact_strict
batter,2019,R,19,23606,68904.0,confirmed_global_exact_fallback
batter,2019,R,19,23612,68901.0,confirmed_exact_strict
batter,2019,R,19,23768,69950.0,confirmed_exact_strict
batter,2019,R,19,23842,519295.0,confirmed_exact_strict
batter,2019,R,20,21398,73113.0,confirmed_exact_strict
batter,2019,R,20,21401,73153.0,confirmed_exact_strict
batter,2019,R,20,21617,74215.0,confirmed_exact_strict
batter,2019,R,20,21990,78548.0,confirmed_exact_strict
batter,2019,R,20,22208,60343.0,confirmed_exact_strict
batter,2019,R,20,22245,60558.0,confirmed_exact_strict
batter,2019,R,20,22460,77654.0,confirmed_exact_strict
batter,2019,R,20,22576,63450.0,confirmed_exact_strict
batter,2019,R,20,22725,64006.0,confirmed_exact_strict
batter,2019,R,20,22727,64004.0,confirmed_exact_strict
batter,2019,R,20,22728,64012.0,confirmed_exact_strict
batter,2019,R,20,22732,64007.0,confirmed_exact_strict
batter,2019,R,20,22733,63088.0,confirmed_exact_strict
batter,2019,R,20,22743,,unanchored_no_exact_evidence
batter,2019,R,20,22745,63448.0,confirmed_exact_strict
batter,2019,R,20,22779,64166.0,confirmed_exact_strict
batter,2019,R,20,23034,64906.0,confirmed_exact_strict
batter,2019,R,20,23080,74339.0,confirmed_exact_strict
batter,2019,R,20,23113,64868.0,confirmed_exact_strict
batter,2019,R,20,23318,62802.0,confirmed_exact_strict
batter,2019,R,20,23396,67006.0,confirmed_exact_strict
batter,2019,R,20,23413,592692.0,confirmed_exact_strict
batter,2019,R,20,23471,76313.0,confirmed_exact_strict
batter,2019,R,20,23472,64014.0,confirmed_exact_strict
batter,2019,R,20,23474,64011.0,confirmed_exact_strict
batter,2019,R,20,23476,68050.0,confirmed_exact_strict
batter,2019,R,20,23481,68069.0,confirmed_exact_strict
batter,2019,R,20,23788,69056.0,confirmed_exact_strict
batter,2019,R,21,21170,71837.0,confirmed_exact_strict
batter,2019,R,21,21448,73209.0,confirmed_exact_strict
batter,2019,R,21,21577,74846.0,confirmed_exact_strict
batter,2019,R,21,21696,75847.0,confirmed_exact_strict
batter,2019,R,21,21708,75151.0,confirmed_exact_strict
batter,2019,R,21,21786,76158.0,confirmed_exact_strict
batter,2019,R,21,21831,76812.0,confirmed_exact_strict
batter,2019,R,21,21834,76802.0,confirmed_exact_strict
batter,2019,R,21,21835,76869.0,confirmed_exact_strict
batter,2019,R,21,21945,77243.0,confirmed_exact_strict
batter,2019,R,21,22137,79465.0,confirmed_exact_strict
batter,2019,R,21,22323,61353.0,confirmed_exact_strict
batter,2019,R,21,22333,61743.0,confirmed_exact_strict
batter,2019,R,21,22442,62884.0,confirmed_exact_strict
batter,2019,R,21,22443,62895.0,confirmed_exact_strict
batter,2019,R,21,22468,63123.0,confirmed_exact_strict
batter,2019,R,21,22576,63450.0,confirmed_exact_strict
batter,2019,R,21,22768,63704.0,confirmed_exact_strict
batter,2019,R,21,23108,65869.0,confirmed_exact_strict
batter,2019,R,21,23143,66864.0,confirmed_exact_strict
batter,2019,R,21,23146,63895.0,confirmed_global_exact_fallback
batter,2019,R,21,23153,578268.0,confirmed_exact_strict
batter,2019,R,21,23318,62802.0,confirmed_exact_strict
batter,2019,R,21,23321,61869.0,confirmed_exact_strict
batter,2019,R,21,23410,457449.0,confirmed_exact_strict
batter,2019,R,21,23548,64803.0,confirmed_exact_strict
batter,2019,R,21,23549,68868.0,confirmed_exact_strict
batter,2019,R,21,23760,69825.0,confirmed_exact_strict
batter,2019,R,21,23763,69860.0,confirmed_exact_strict
batter,2019,R,21,23835,69802.0,confirmed_exact_strict
batter,2019,R,21,23839,69804.0,confirmed_global_exact_fallback
batter,2020,F,12,21174,71842.0,confirmed_exact_strict
batter,2020,F,12,21947,77248.0,confirmed_global_exact_fallback
batter,2020,F,12,22514,79290.0,confirmed_global_exact_fallback
batter,2020,F,12,22521,63202.0,confirmed_exact_strict
batter,2020,F,12,22522,63257.0,confirmed_exact_strict
batter,2020,F,12,22748,64086.0,confirmed_exact_strict
batter,2020,F,12,22822,64260.0,confirmed_global_exact_fallback
batter,2020,F,12,22830,66203.0,confirmed_exact_strict
batter,2020,F,12,22841,64213.0,confirmed_exact_strict
batter,2020,F,12,23180,66202.0,confirmed_exact_strict
batter,2020,F,12,23242,67265.0,confirmed_exact_strict
batter,2020,F,12,23252,67209.0,confirmed_exact_strict
batter,2020,F,12,23317,,unanchored_no_exact_evidence
batter,2020,F,12,23562,63559.0,confirmed_exact_strict
batter,2020,F,12,23563,,unanchored_no_exact_evidence
batter,2020,F,12,23626,63440.0,confirmed_global_exact_fallback
batter,2020,F,12,23728,68211.0,confirmed_exact_strict
batter,2020,F,12,23732,69214.0,confirmed_exact_strict
batter,2020,F,12,23733,69203.0,confirmed_exact_strict
batter,2020,F,12,23734,68204.0,confirmed_global_exact_fallback
batter,2020,F,12,23735,69238.0,confirmed_global_exact_fallback
batter,2020,F,12,23739,69207.0,confirmed_global_exact_fallback
batter,2020,F,12,23742,69210.0,confirmed_exact_strict
batter,2020,F,12,23945,50204.0,confirmed_exact_strict
batter,2020,F,12,23946,50244.0,confirmed_exact_strict
batter,2020,F,12,23948,50202.0,confirmed_exact_strict
batter,2020,F,12,23949,50293.0,confirmed_exact_strict
batter,2020,F,12,23957,50208.0,confirmed_exact_strict
batter,2020,F,12,23958,50209.0,confirmed_exact_strict
batter,2020,F,12,24006,50214.0,confirmed_exact_strict
batter,2020,F,13,21241,72133.0,confirmed_exact_strict
batter,2020,F,13,21968,77564.0,confirmed_exact_strict
batter,2020,F,13,21996,78135.0,confirmed_exact_strict
batter,2020,F,13,22102,79192.0,confirmed_exact_strict
batter,2020,F,13,22287,61186.0,confirmed_exact_strict
batter,2020,F,13,22502,,conflict_multiple_trackman_ids
batter,2020,F,13,22628,63905.0,confirmed_exact_strict
batter,2020,F,13,22695,65132.0,confirmed_exact_strict
batter,2020,F,13,22696,65136.0,confirmed_exact_strict
batter,2020,F,13,22767,64895.0,confirmed_exact_strict
batter,2020,F,13,22771,64115.0,confirmed_exact_strict
batter,2020,F,13,22773,65120.0,confirmed_exact_strict
batter,2020,F,13,22800,64164.0,confirmed_exact_strict
batter,2020,F,13,22808,64101.0,confirmed_exact_strict
batter,2020,F,13,22811,66113.0,confirmed_exact_strict
batter,2020,F,13,22813,66109.0,confirmed_exact_strict
batter,2020,F,13,22817,64100.0,confirmed_exact_strict
batter,2020,F,13,22819,66162.0,confirmed_exact_strict
batter,2020,F,13,22831,65207.0,confirmed_exact_strict
batter,2020,F,13,23028,63913.0,confirmed_exact_strict
batter,2020,F,13,23228,,unanchored_no_exact_evidence
batter,2020,F,13,23418,65109.0,confirmed_exact_strict
batter,2020,F,13,23427,68106.0,confirmed_exact_strict
batter,2020,F,13,23432,68117.0,confirmed_exact_strict
batter,2020,F,13,23553,79530.0,confirmed_exact_strict
batter,2020,F,13,23639,69102.0,confirmed_exact_strict
batter,2020,F,13,23641,69105.0,confirmed_exact_strict
batter,2020,F,13,23854,50167.0,confirmed_exact_strict
batter,2020,F,13,23855,50150.0,confirmed_exact_strict
batter,2020,F,13,23859,,conflict_reverse_multiple_train_ids
batter,2020,F,13,23861,50110.0,confirmed_exact_strict
batter,2020,F,13,23864,,unresolved_global_conflict
batter,2020,F,14,22392,62353.0,confirmed_global_exact_fallback
batter,2020,F,14,22394,62356.0,confirmed_exact_strict
batter,2020,F,14,22396,62332.0,confirmed_exact_strict
batter,2020,F,14,22775,65399.0,confirmed_global_exact_fallback
batter,2020,F,14,22852,65304.0,confirmed_exact_strict
batter,2020,F,14,22872,65362.0,confirmed_exact_strict
batter,2020,F,14,22882,64340.0,confirmed_exact_strict
batter,2020,F,14,22886,66354.0,confirmed_global_exact_fallback
batter,2020,F,14,23435,68302.0,confirmed_exact_strict
batter,2020,F,14,23442,68346.0,confirmed_exact_strict
batter,2020,F,14,23452,68305.0,confirmed_global_exact_fallback
batter,2020,F,14,23464,65586.0,confirmed_global_exact_fallback
batter,2020,F,14,23746,69394.0,confirmed_global_exact_fallback
batter,2020,F,14,23750,69332.0,confirmed_global_exact_fallback
batter,2020,F,14,23752,69366.0,confirmed_exact_strict
batter,2020,F,14,23753,69363.0,confirmed_global_exact_fallback
batter,2020,F,14,23755,69393.0,confirmed_exact_strict
batter,2020,F,14,23756,69305.0,confirmed_exact_strict
batter,2020,F,14,23757,69306.0,confirmed_global_exact_fallback
batter,2020,F,14,23975,50304.0,confirmed_exact_strict
batter,2020,F,14,23978,50357.0,confirmed_exact_strict
batter,2020,F,14,23980,578628.0,confirmed_exact_strict
batter,2020,F,14,23981,,unanchored_no_exact_evidence
batter,2020,F,14,23983,50394.0,confirmed_exact_strict
batter,2020,F,14,23986,600301.0,confirmed_global_exact_fallback
batter,2020,F,15,22425,,unanchored_no_exact_evidence
batter,2020,F,15,22709,64717.0,confirmed_global_exact_fallback
batter,2020,F,15,22739,64504.0,confirmed_global_exact_fallback
batter,2020,F,15,22760,,unanchored_no_exact_evidence
batter,2020,F,15,23132,66749.0,confirmed_global_exact_fallback
batter,2020,F,15,23146,63895.0,confirmed_global_exact_fallback
batter,2020,F,15,23349,67504.0,confirmed_global_exact_fallback
batter,2020,F,15,23669,65515.0,confirmed_global_exact_fallback
batter,2020,F,15,23670,64501.0,confirmed_global_exact_fallback
batter,2020,F,15,23681,69508.0,confirmed_global_exact_fallback
batter,2020,F,15,23683,69512.0,confirmed_global_exact_fallback
batter,2020,F,15,23685,69517.0,confirmed_global_exact_fallback
batter,2020,F,15,23890,50507.0,confirmed_global_exact_fallback
batter,2020,F,17,21400,73136.0,confirmed_exact_strict
batter,2020,F,17,21600,74729.0,confirmed_exact_strict
batter,2020,F,17,21851,76753.0,confirmed_exact_strict
batter,2020,F,17,22160,79705.0,confirmed_exact_strict
batter,2020,F,17,22208,60343.0,confirmed_exact_strict
batter,2020,F,17,22258,60184.0,confirmed_exact_strict
batter,2020,F,17,22332,61700.0,confirmed_global_exact_fallback
batter,2020,F,17,22382,62797.0,confirmed_exact_strict
batter,2020,F,17,22682,61554.0,confirmed_exact_strict
batter,2020,F,17,22900,65503.0,confirmed_exact_strict
batter,2020,F,17,22959,66710.0,confirmed_exact_strict
batter,2020,F,17,22969,66707.0,confirmed_global_exact_fallback
batter,2020,F,17,22970,65705.0,confirmed_exact_strict
batter,2020,F,17,22985,65703.0,confirmed_exact_strict
batter,2020,F,17,22986,66702.0,confirmed_exact_strict
batter,2020,F,17,23253,64209.0,confirmed_exact_strict
batter,2020,F,17,23583,66706.0,confirmed_global_exact_fallback
batter,2020,F,17,23586,68709.0,confirmed_exact_strict
batter,2020,F,17,23686,69518.0,confirmed_exact_strict
batter,2020,F,17,23688,63700.0,confirmed_exact_strict
batter,2020,F,17,23698,69766.0,confirmed_exact_strict
batter,2020,F,17,23700,63703.0,confirmed_exact_strict
batter,2020,F,17,23701,64704.0,confirmed_exact_strict
batter,2020,F,17,23702,69702.0,confirmed_exact_strict
batter,2020,F,17,23705,69705.0,confirmed_exact_strict
batter,2020,F,17,23706,69706.0,confirmed_exact_strict
batter,2020,F,17,23711,,unanchored_no_exact_evidence
batter,2020,F,17,23937,50713.0,confirmed_exact_strict
batter,2020,F,17,23938,50704.0,confirmed_exact_strict
batter,2020,F,17,23939,50707.0,confirmed_exact_strict
batter,2020,F,17,23940,50709.0,confirmed_exact_strict
batter,2020,F,17,23941,50714.0,confirmed_exact_strict
batter,2020,F,18,21278,,unresolved_global_conflict
batter,2020,F,18,22574,63435.0,confirmed_global_exact_fallback
batter,2020,F,18,22660,62415.0,confirmed_global_exact_fallback
batter,2020,F,18,23022,66409.0,confirmed_global_exact_fallback
batter,2020,F,18,23524,64410.0,confirmed_global_exact_fallback
batter,2020,F,18,23525,64407.0,confirmed_global_exact_fallback
batter,2020,F,18,23529,64469.0,confirmed_global_exact_fallback
batter,2020,F,18,23712,69403.0,confirmed_global_exact_fallback
batter,2020,F,18,23718,,unresolved_global_conflict
batter,2020,F,18,23876,,unanchored_no_exact_evidence
batter,2020,F,18,23878,,unanchored_no_exact_evidence
batter,2020,F,19,21461,73306.0,confirmed_global_exact_fallback
batter,2020,F,19,21848,76720.0,confirmed_global_exact_fallback
batter,2020,F,19,22629,63903.0,confirmed_global_exact_fallback
batter,2020,F,19,22716,64944.0,confirmed_global_exact_fallback
batter,2020,F,19,23001,65462.0,confirmed_global_exact_fallback
batter,2020,F,19,23064,65905.0,confirmed_global_exact_fallback
batter,2020,F,19,23197,66928.0,confirmed_global_exact_fallback
batter,2020,F,19,23266,67991.0,confirmed_global_exact_fallback
batter,2020,F,19,23604,62537.0,confirmed_global_exact_fallback
batter,2020,F,19,23605,,unresolved_global_conflict
batter,2020,F,19,23606,68904.0,confirmed_global_exact_fallback
batter,2020,F,19,23773,69980.0,confirmed_global_exact_fallback
batter,2020,F,19,23776,69992.0,confirmed_global_exact_fallback
batter,2020,F,19,23778,69995.0,confirmed_global_exact_fallback
batter,2020,F,19,23960,,unanchored_no_exact_evidence
batter,2020,F,19,23965,50996.0,confirmed_global_exact_fallback
batter,2020,F,19,23970,50902.0,confirmed_global_exact_fallback
batter,2020,F,20,21945,77243.0,confirmed_global_exact_fallback
batter,2020,F,20,22745,63448.0,confirmed_global_exact_fallback
batter,2020,F,20,22777,65040.0,confirmed_global_exact_fallback
batter,2020,F,20,23395,67063.0,confirmed_global_exact_fallback
batter,2020,F,20,23472,64014.0,confirmed_global_exact_fallback
batter,2020,F,20,23474,64011.0,confirmed_global_exact_fallback
batter,2020,F,20,23476,68050.0,confirmed_global_exact_fallback
batter,2020,F,20,23789,69064.0,confirmed_global_exact_fallback
batter,2020,F,20,23793,,unanchored_no_exact_evidence
batter,2020,F,20,23992,50092.0,confirmed_global_exact_fallback
batter,2020,F,20,23993,50093.0,confirmed_global_exact_fallback
batter,2020,F,20,24000,50011.0,confirmed_global_exact_fallback
batter,2020,F,20,24002,,unanchored_no_exact_evidence
batter,2020,F,20,24003,,unanchored_no_exact_evidence
batter,2020,F,20,24004,,unanchored_no_exact_evidence
batter,2020,F,21,21617,74215.0,confirmed_exact_strict
batter,2020,F,21,21708,75151.0,confirmed_exact_strict
batter,2020,F,21,21831,76812.0,confirmed_global_exact_fallback
batter,2020,F,21,21835,76869.0,confirmed_global_exact_fallback
batter,2020,F,21,21980,77463.0,confirmed_exact_strict
batter,2020,F,21,22323,61353.0,confirmed_global_exact_fallback
batter,2020,F,21,22333,61743.0,confirmed_exact_strict
batter,2020,F,21,22442,62884.0,confirmed_global_exact_fallback
batter,2020,F,21,22443,62895.0,confirmed_global_exact_fallback
batter,2020,F,21,22499,63339.0,confirmed_global_exact_fallback
batter,2020,F,21,22553,63634.0,confirmed_exact_strict
batter,2020,F,21,22576,63450.0,confirmed_global_exact_fallback
batter,2020,F,21,22766,64890.0,confirmed_exact_strict
batter,2020,F,21,22822,64260.0,confirmed_exact_strict
batter,2020,F,21,23095,64898.0,confirmed_exact_strict
batter,2020,F,21,23108,65869.0,confirmed_global_exact_fallback
batter,2020,F,21,23138,66803.0,confirmed_global_exact_fallback
batter,2020,F,21,23147,66807.0,confirmed_exact_strict
batter,2020,F,21,23153,578268.0,confirmed_exact_strict
batter,2020,F,21,23317,,unanchored_no_exact_evidence
batter,2020,F,21,23319,67893.0,confirmed_global_exact_fallback
batter,2020,F,21,23321,61869.0,confirmed_global_exact_fallback
batter,2020,F,21,23329,67803.0,confirmed_exact_strict
batter,2020,F,21,23546,68869.0,confirmed_global_exact_fallback
batter,2020,F,21,23549,68868.0,confirmed_exact_strict
batter,2020,F,21,23626,63440.0,confirmed_global_exact_fallback
batter,2020,F,21,23760,69825.0,confirmed_global_exact_fallback
batter,2020,F,21,23763,69860.0,confirmed_exact_strict
batter,2020,F,21,23836,69809.0,confirmed_exact_strict
batter,2020,F,21,23839,69804.0,confirmed_exact_strict
batter,2020,F,21,23899,50840.0,confirmed_exact_strict
batter,2020,F,21,23900,50848.0,confirmed_exact_strict
batter,2020,F,21,23905,50819.0,confirmed_exact_strict
batter,2020,F,21,23906,50868.0,confirmed_exact_strict
batter,2020,F,21,23907,50816.0,confirmed_exact_strict
batter,2020,F,21,23912,50818.0,confirmed_exact_strict
batter,2020,F,21,23913,50817.0,confirmed_exact_strict
batter,2020,F,21,24009,643603.0,confirmed_global_exact_fallback
batter,2020,R,12,21174,71842.0,confirmed_exact_strict
batter,2020,R,12,21616,74206.0,confirmed_exact_strict
batter,2020,R,12,21660,75334.0,confirmed_exact_strict
batter,2020,R,12,21821,76267.0,confirmed_exact_strict
batter,2020,R,12,21947,77248.0,confirmed_exact_strict
batter,2020,R,12,22013,78224.0,confirmed_exact_strict
batter,2020,R,12,22126,79240.0,confirmed_exact_strict
batter,2020,R,12,22127,79215.0,confirmed_exact_strict
batter,2020,R,12,22130,79231.0,confirmed_exact_strict
batter,2020,R,12,22429,62234.0,confirmed_exact_strict
batter,2020,R,12,22430,62244.0,confirmed_exact_strict
batter,2020,R,12,22514,79290.0,confirmed_exact_strict
batter,2020,R,12,22521,63202.0,confirmed_exact_strict
batter,2020,R,12,22522,63257.0,confirmed_exact_strict
batter,2020,R,12,22748,64086.0,confirmed_exact_strict
batter,2020,R,12,22830,66203.0,confirmed_exact_strict
batter,2020,R,12,22839,66209.0,confirmed_exact_strict
batter,2020,R,12,22841,64213.0,confirmed_exact_strict
batter,2020,R,12,23243,67207.0,confirmed_exact_strict
batter,2020,R,12,23562,63559.0,confirmed_exact_strict
batter,2020,R,12,23626,63440.0,confirmed_exact_strict
batter,2020,R,12,23687,628336.0,confirmed_exact_strict
batter,2020,R,12,23728,68211.0,confirmed_exact_strict
batter,2020,R,12,23734,68204.0,confirmed_exact_strict
batter,2020,R,12,23945,50204.0,confirmed_exact_strict
batter,2020,R,12,23948,50202.0,confirmed_exact_strict
batter,2020,R,12,23949,50293.0,confirmed_exact_strict
batter,2020,R,12,23957,50208.0,confirmed_exact_strict
batter,2020,R,13,20889,71184.0,confirmed_exact_strict
batter,2020,R,13,21241,72133.0,confirmed_exact_strict
batter,2020,R,13,21693,75808.0,confirmed_exact_strict
batter,2020,R,13,21968,77564.0,confirmed_exact_strict
batter,2020,R,13,21996,78135.0,confirmed_exact_strict
batter,2020,R,13,22016,78217.0,confirmed_exact_strict
batter,2020,R,13,22102,79192.0,confirmed_exact_strict
batter,2020,R,13,22103,79109.0,confirmed_exact_strict
batter,2020,R,13,22106,79150.0,confirmed_exact_strict
batter,2020,R,13,22283,61102.0,confirmed_exact_strict
batter,2020,R,13,22287,61186.0,confirmed_exact_strict
batter,2020,R,13,22502,78361.0,confirmed_exact_strict
batter,2020,R,13,22693,64153.0,confirmed_exact_strict
batter,2020,R,13,22771,64115.0,confirmed_exact_strict
batter,2020,R,13,22808,64101.0,confirmed_global_exact_fallback
batter,2020,R,13,22811,66113.0,confirmed_exact_strict
batter,2020,R,13,22816,66108.0,confirmed_exact_strict
batter,2020,R,13,22817,64100.0,confirmed_exact_strict
batter,2020,R,13,22831,65207.0,confirmed_exact_strict
batter,2020,R,13,23028,63913.0,confirmed_exact_strict
batter,2020,R,13,23418,65109.0,confirmed_exact_strict
batter,2020,R,13,23420,76290.0,confirmed_exact_strict
batter,2020,R,13,23427,68106.0,confirmed_exact_strict
batter,2020,R,13,23645,69100.0,confirmed_exact_strict
batter,2020,R,13,23855,50150.0,confirmed_exact_strict
batter,2020,R,13,23865,657733.0,confirmed_exact_strict
batter,2020,R,14,21458,73342.0,confirmed_exact_strict
batter,2020,R,14,22146,79365.0,confirmed_exact_strict
batter,2020,R,14,22182,79456.0,confirmed_exact_strict
batter,2020,R,14,22392,62353.0,confirmed_exact_strict
batter,2020,R,14,22394,62356.0,confirmed_exact_strict
batter,2020,R,14,22396,62332.0,confirmed_exact_strict
batter,2020,R,14,22500,78168.0,confirmed_exact_strict
batter,2020,R,14,22671,64300.0,confirmed_exact_strict
batter,2020,R,14,22719,64346.0,confirmed_exact_strict
batter,2020,R,14,22775,65399.0,confirmed_exact_strict
batter,2020,R,14,22852,65304.0,confirmed_exact_strict
batter,2020,R,14,22853,65898.0,confirmed_exact_strict
batter,2020,R,14,22872,65362.0,confirmed_exact_strict
batter,2020,R,14,22882,64340.0,confirmed_exact_strict
batter,2020,R,14,22886,66354.0,confirmed_exact_strict
batter,2020,R,14,23281,67304.0,confirmed_exact_strict
batter,2020,R,14,23282,67341.0,confirmed_exact_strict
batter,2020,R,14,23442,68346.0,confirmed_exact_strict
batter,2020,R,14,23443,75125.0,confirmed_exact_strict
batter,2020,R,14,23452,68305.0,confirmed_exact_strict
batter,2020,R,14,23464,65586.0,confirmed_exact_strict
batter,2020,R,14,23508,64657.0,confirmed_exact_strict
batter,2020,R,14,23757,69306.0,confirmed_exact_strict
batter,2020,R,14,23975,50304.0,confirmed_global_exact_fallback
batter,2020,R,14,23978,50357.0,confirmed_exact_strict
batter,2020,R,14,23980,578628.0,confirmed_exact_strict
batter,2020,R,14,23986,600301.0,confirmed_exact_strict
batter,2020,R,14,24007,608365.0,confirmed_exact_strict
batter,2020,R,15,21822,76249.0,confirmed_exact_strict
batter,2020,R,15,21892,76100.0,confirmed_exact_strict
batter,2020,R,15,21992,78513.0,confirmed_exact_strict
batter,2020,R,15,22066,77532.0,confirmed_exact_strict
batter,2020,R,15,22109,79608.0,confirmed_exact_strict
batter,2020,R,15,22269,60523.0,confirmed_exact_strict
batter,2020,R,15,22344,61204.0,confirmed_exact_strict
batter,2020,R,15,22353,61566.0,confirmed_exact_strict
batter,2020,R,15,22420,62556.0,confirmed_exact_strict
batter,2020,R,15,22424,62558.0,confirmed_exact_strict
batter,2020,R,15,22709,64717.0,confirmed_global_exact_fallback
batter,2020,R,15,22739,64504.0,confirmed_exact_strict
batter,2020,R,15,22781,65506.0,confirmed_exact_strict
batter,2020,R,15,22893,65514.0,confirmed_exact_strict
batter,2020,R,15,22901,,conflict_multiple_trackman_ids
batter,2020,R,15,23348,493193.0,confirmed_exact_strict
batter,2020,R,15,23349,67504.0,confirmed_exact_strict
batter,2020,R,15,23444,68362.0,confirmed_exact_strict
batter,2020,R,15,23463,68518.0,confirmed_exact_strict
batter,2020,R,15,23465,68525.0,confirmed_exact_strict
batter,2020,R,15,23466,68504.0,confirmed_exact_strict
batter,2020,R,15,23669,65515.0,confirmed_exact_strict
batter,2020,R,15,23670,64501.0,confirmed_exact_strict
batter,2020,R,15,23681,69508.0,confirmed_exact_strict
batter,2020,R,15,23882,553988.0,confirmed_exact_strict
batter,2020,R,16,20946,70410.0,confirmed_exact_strict
batter,2020,R,16,21286,72443.0,confirmed_exact_strict
batter,2020,R,16,21448,73209.0,confirmed_exact_strict
batter,2020,R,16,22021,78629.0,confirmed_exact_strict
batter,2020,R,16,22025,78643.0,confirmed_exact_strict
batter,2020,R,16,22026,78603.0,confirmed_exact_strict
batter,2020,R,16,22104,79113.0,confirmed_exact_strict
batter,2020,R,16,22144,79334.0,confirmed_exact_strict
batter,2020,R,16,22429,62234.0,confirmed_exact_strict
batter,2020,R,16,22432,62265.0,confirmed_exact_strict
batter,2020,R,16,22436,62864.0,confirmed_exact_strict
batter,2020,R,16,22439,62893.0,confirmed_exact_strict
batter,2020,R,16,22523,63260.0,confirmed_exact_strict
batter,2020,R,16,22542,63722.0,confirmed_exact_strict
batter,2020,R,16,22690,64560.0,confirmed_exact_strict
batter,2020,R,16,22745,63448.0,confirmed_global_exact_fallback
batter,2020,R,16,22749,65653.0,confirmed_exact_strict
batter,2020,R,16,22763,62908.0,confirmed_exact_strict
batter,2020,R,16,22928,66614.0,confirmed_exact_strict
batter,2020,R,16,22950,66657.0,confirmed_exact_strict
batter,2020,R,16,22956,66606.0,confirmed_exact_strict
batter,2020,R,16,23040,64984.0,confirmed_exact_strict
batter,2020,R,16,23116,65464.0,confirmed_exact_strict
batter,2020,R,16,23298,67644.0,confirmed_global_exact_fallback
batter,2020,R,16,23299,63636.0,confirmed_exact_strict
batter,2020,R,16,23646,64646.0,confirmed_exact_strict
batter,2020,R,16,23662,69636.0,confirmed_exact_strict
batter,2020,R,16,23664,65610.0,confirmed_exact_strict
batter,2020,R,16,23840,69652.0,confirmed_exact_strict
batter,2020,R,16,23918,50657.0,confirmed_exact_strict
batter,2020,R,16,23919,50600.0,confirmed_exact_strict
batter,2020,R,17,21143,71752.0,confirmed_exact_strict
batter,2020,R,17,21400,73136.0,confirmed_exact_strict
batter,2020,R,17,21520,74163.0,confirmed_exact_strict
batter,2020,R,17,21600,74729.0,confirmed_exact_strict
batter,2020,R,17,21786,76158.0,confirmed_exact_strict
batter,2020,R,17,21851,76753.0,confirmed_exact_strict
batter,2020,R,17,21865,76509.0,confirmed_exact_strict
batter,2020,R,17,22038,78756.0,confirmed_exact_strict
batter,2020,R,17,22160,79705.0,confirmed_exact_strict
batter,2020,R,17,22208,60343.0,confirmed_exact_strict
batter,2020,R,17,22332,61700.0,confirmed_exact_strict
batter,2020,R,17,22345,61208.0,confirmed_exact_strict
batter,2020,R,17,22379,62700.0,confirmed_exact_strict
batter,2020,R,17,22382,62797.0,confirmed_exact_strict
batter,2020,R,17,22455,78288.0,confirmed_exact_strict
batter,2020,R,17,22682,61554.0,confirmed_exact_strict
batter,2020,R,17,22768,63704.0,confirmed_exact_strict
batter,2020,R,17,22900,65503.0,confirmed_exact_strict
batter,2020,R,17,22969,66707.0,confirmed_exact_strict
batter,2020,R,17,22985,65703.0,confirmed_exact_strict
batter,2020,R,17,22986,66702.0,confirmed_exact_strict
batter,2020,R,17,23253,64209.0,confirmed_exact_strict
batter,2020,R,17,23574,68701.0,confirmed_exact_strict
batter,2020,R,17,23578,68743.0,confirmed_exact_strict
batter,2020,R,17,23582,592419.0,confirmed_exact_strict
batter,2020,R,17,23583,66706.0,confirmed_exact_strict
batter,2020,R,17,23688,63700.0,confirmed_exact_strict
batter,2020,R,17,23693,69737.0,confirmed_exact_strict
batter,2020,R,17,23698,69766.0,confirmed_exact_strict
batter,2020,R,17,23700,63703.0,confirmed_exact_strict
batter,2020,R,17,23701,64704.0,confirmed_exact_strict
batter,2020,R,17,23702,69702.0,confirmed_exact_strict
batter,2020,R,17,23705,69705.0,confirmed_exact_strict
batter,2020,R,17,23706,69706.0,confirmed_exact_strict
batter,2020,R,17,23938,50704.0,confirmed_exact_strict
batter,2020,R,17,23939,50707.0,confirmed_exact_strict
batter,2020,R,17,23940,50709.0,confirmed_exact_strict
batter,2020,R,17,24005,488681.0,confirmed_exact_strict
batter,2020,R,18,21278,64793.0,confirmed_exact_strict
batter,2020,R,18,21627,74540.0,confirmed_exact_strict
batter,2020,R,18,21737,75566.0,confirmed_exact_strict
batter,2020,R,18,22133,79402.0,confirmed_exact_strict
batter,2020,R,18,22288,61197.0,confirmed_exact_strict
batter,2020,R,18,22315,61404.0,confirmed_exact_strict
batter,2020,R,18,22410,62404.0,confirmed_exact_strict
batter,2020,R,18,22571,62409.0,confirmed_exact_strict
batter,2020,R,18,22574,63435.0,confirmed_exact_strict
batter,2020,R,18,22660,62415.0,confirmed_exact_strict
batter,2020,R,18,22664,64610.0,confirmed_exact_strict
batter,2020,R,18,22679,64499.0,confirmed_exact_strict
batter,2020,R,18,22756,64468.0,confirmed_exact_strict
batter,2020,R,18,23000,65412.0,confirmed_exact_strict
batter,2020,R,18,23022,66409.0,confirmed_exact_strict
batter,2020,R,18,23089,66838.0,confirmed_exact_strict
batter,2020,R,18,23244,64266.0,confirmed_exact_strict
batter,2020,R,18,23367,67449.0,confirmed_exact_strict
batter,2020,R,18,23521,60288.0,confirmed_exact_strict
batter,2020,R,18,23524,64410.0,confirmed_exact_strict
batter,2020,R,18,23525,64407.0,confirmed_exact_strict
batter,2020,R,18,23529,64469.0,confirmed_exact_strict
batter,2020,R,18,23712,69403.0,confirmed_exact_strict
batter,2020,R,18,23718,69442.0,confirmed_exact_strict
batter,2020,R,18,23720,69453.0,confirmed_exact_strict
batter,2020,R,18,23724,69418.0,confirmed_exact_strict
batter,2020,R,18,23849,,unanchored_no_exact_evidence
batter,2020,R,18,23875,50458.0,confirmed_exact_strict
batter,2020,R,18,23881,573135.0,confirmed_exact_strict
batter,2020,R,18,24008,594953.0,confirmed_exact_strict
batter,2020,R,19,21461,73306.0,confirmed_exact_strict
batter,2020,R,19,21818,76232.0,confirmed_exact_strict
batter,2020,R,19,21837,76849.0,confirmed_exact_strict
batter,2020,R,19,21999,78122.0,confirmed_exact_strict
batter,2020,R,19,22006,78813.0,confirmed_exact_strict
batter,2020,R,19,22605,62931.0,confirmed_exact_strict
batter,2020,R,19,22606,62907.0,confirmed_exact_strict
batter,2020,R,19,22607,62925.0,confirmed_exact_strict
batter,2020,R,19,22610,62947.0,confirmed_exact_strict
batter,2020,R,19,22612,,conflict_multiple_trackman_ids
batter,2020,R,19,22626,60566.0,confirmed_exact_strict
batter,2020,R,19,22629,63903.0,confirmed_exact_strict
batter,2020,R,19,22632,,conflict_reverse_multiple_train_ids
batter,2020,R,19,22674,63920.0,confirmed_exact_strict
batter,2020,R,19,23001,65462.0,confirmed_exact_strict
batter,2020,R,19,23040,64984.0,confirmed_exact_strict
batter,2020,R,19,23045,74465.0,confirmed_exact_strict
batter,2020,R,19,23193,66917.0,confirmed_exact_strict
batter,2020,R,19,23195,66965.0,confirmed_exact_strict
batter,2020,R,19,23197,66928.0,confirmed_exact_strict
batter,2020,R,19,23200,66968.0,confirmed_exact_strict
batter,2020,R,19,23408,62025.0,confirmed_exact_strict
batter,2020,R,19,23602,68912.0,confirmed_exact_strict
batter,2020,R,19,23604,62537.0,confirmed_exact_strict
batter,2020,R,19,23776,69992.0,confirmed_exact_strict
batter,2020,R,19,23778,69995.0,confirmed_exact_strict
batter,2020,R,19,23961,571437.0,confirmed_exact_strict
batter,2020,R,19,23965,50996.0,confirmed_exact_strict
batter,2020,R,20,21398,73113.0,confirmed_exact_strict
batter,2020,R,20,21945,77243.0,confirmed_exact_strict
batter,2020,R,20,21990,78548.0,confirmed_exact_strict
batter,2020,R,20,22245,60558.0,confirmed_exact_strict
batter,2020,R,20,22553,63634.0,confirmed_exact_strict
batter,2020,R,20,22725,64006.0,confirmed_exact_strict
batter,2020,R,20,22727,64004.0,confirmed_exact_strict
batter,2020,R,20,22728,64012.0,confirmed_exact_strict
batter,2020,R,20,22732,64007.0,confirmed_exact_strict
batter,2020,R,20,22745,63448.0,confirmed_exact_strict
batter,2020,R,20,22777,65040.0,confirmed_exact_strict
batter,2020,R,20,22779,64166.0,confirmed_exact_strict
batter,2020,R,20,23034,64906.0,confirmed_exact_strict
batter,2020,R,20,23080,74339.0,confirmed_exact_strict
batter,2020,R,20,23113,64868.0,confirmed_exact_strict
batter,2020,R,20,23318,62802.0,confirmed_exact_strict
batter,2020,R,20,23387,65096.0,confirmed_exact_strict
batter,2020,R,20,23395,67063.0,confirmed_global_exact_fallback
batter,2020,R,20,23407,67005.0,confirmed_exact_strict
batter,2020,R,20,23413,592692.0,confirmed_exact_strict
batter,2020,R,20,23471,76313.0,confirmed_exact_strict
batter,2020,R,20,23472,64014.0,confirmed_exact_strict
batter,2020,R,20,23476,68050.0,confirmed_exact_strict
batter,2020,R,20,23493,68003.0,confirmed_exact_strict
batter,2020,R,20,23989,50066.0,confirmed_exact_strict
batter,2020,R,20,23990,50054.0,confirmed_exact_strict
batter,2020,R,21,21170,71837.0,confirmed_exact_strict
batter,2020,R,21,21617,74215.0,confirmed_exact_strict
batter,2020,R,21,21696,75847.0,confirmed_exact_strict
batter,2020,R,21,21708,75151.0,confirmed_exact_strict
batter,2020,R,21,21831,76812.0,confirmed_exact_strict
batter,2020,R,21,21834,76802.0,confirmed_exact_strict
batter,2020,R,21,21835,76869.0,confirmed_exact_strict
batter,2020,R,21,21980,77463.0,confirmed_exact_strict
batter,2020,R,21,22245,60558.0,confirmed_exact_strict
batter,2020,R,21,22323,61353.0,confirmed_exact_strict
batter,2020,R,21,22333,61743.0,confirmed_exact_strict
batter,2020,R,21,22442,62884.0,confirmed_exact_strict
batter,2020,R,21,22443,62895.0,confirmed_exact_strict
batter,2020,R,21,22499,63339.0,confirmed_exact_strict
batter,2020,R,21,22553,63634.0,confirmed_exact_strict
batter,2020,R,21,22576,63450.0,confirmed_exact_strict
batter,2020,R,21,22766,64890.0,confirmed_exact_strict
batter,2020,R,21,22768,63704.0,confirmed_exact_strict
batter,2020,R,21,22822,64260.0,confirmed_exact_strict
batter,2020,R,21,23108,65869.0,confirmed_exact_strict
batter,2020,R,21,23153,578268.0,confirmed_exact_strict
batter,2020,R,21,23319,67893.0,confirmed_exact_strict
batter,2020,R,21,23321,61869.0,confirmed_exact_strict
batter,2020,R,21,23410,457449.0,confirmed_exact_strict
batter,2020,R,21,23549,68868.0,confirmed_exact_strict
batter,2020,R,21,23626,63440.0,confirmed_exact_strict
batter,2020,R,21,23760,69825.0,confirmed_exact_strict
batter,2020,R,21,23839,69804.0,confirmed_exact_strict
batter,2020,R,21,23900,50848.0,confirmed_exact_strict
batter,2020,R,21,23901,50854.0,confirmed_exact_strict
batter,2020,R,21,23905,50819.0,confirmed_exact_strict
batter,2020,R,21,23906,50868.0,confirmed_exact_strict
batter,2020,R,21,24009,643603.0,confirmed_exact_strict
batter,2021,F,12,21947,77248.0,confirmed_exact_strict
batter,2021,F,12,22127,79215.0,confirmed_exact_strict
batter,2021,F,12,22514,79290.0,confirmed_exact_strict
batter,2021,F,12,22748,64086.0,confirmed_exact_strict
batter,2021,F,12,22830,66203.0,confirmed_exact_strict
batter,2021,F,12,22841,64213.0,confirmed_exact_strict
batter,2021,F,12,23179,65269.0,confirmed_exact_strict
batter,2021,F,12,23180,66202.0,confirmed_exact_strict
batter,2021,F,12,23187,66207.0,confirmed_exact_strict
batter,2021,F,12,23241,67202.0,confirmed_exact_strict
batter,2021,F,12,23242,67265.0,confirmed_exact_strict
batter,2021,F,12,23552,68205.0,confirmed_exact_strict
batter,2021,F,12,23562,63559.0,confirmed_exact_strict
batter,2021,F,12,23734,68204.0,confirmed_exact_strict
batter,2021,F,12,23742,69210.0,confirmed_exact_strict
batter,2021,F,12,23945,50204.0,confirmed_exact_strict
batter,2021,F,12,23946,50244.0,confirmed_global_exact_fallback
batter,2021,F,12,23948,50202.0,confirmed_exact_strict
batter,2021,F,12,23957,50208.0,confirmed_exact_strict
batter,2021,F,12,24006,50214.0,confirmed_exact_strict
batter,2021,F,12,24098,51203.0,confirmed_global_exact_fallback
batter,2021,F,12,24101,51269.0,confirmed_exact_strict
batter,2021,F,12,24103,51295.0,confirmed_exact_strict
batter,2021,F,12,24106,51298.0,confirmed_exact_strict
batter,2021,F,12,24108,51200.0,confirmed_global_exact_fallback
batter,2021,F,12,24114,51205.0,confirmed_exact_strict
batter,2021,F,13,20889,71184.0,confirmed_exact_strict
batter,2021,F,13,21968,77564.0,confirmed_exact_strict
batter,2021,F,13,21996,78135.0,confirmed_exact_strict
batter,2021,F,13,22016,78217.0,confirmed_exact_strict
batter,2021,F,13,22102,79192.0,confirmed_exact_strict
batter,2021,F,13,22103,79109.0,confirmed_global_exact_fallback
batter,2021,F,13,22106,79150.0,confirmed_exact_strict
batter,2021,F,13,22283,61102.0,confirmed_exact_strict
batter,2021,F,13,22287,61186.0,confirmed_exact_strict
batter,2021,F,13,22500,78168.0,confirmed_exact_strict
batter,2021,F,13,22626,60566.0,confirmed_exact_strict
batter,2021,F,13,22695,65132.0,confirmed_exact_strict
batter,2021,F,13,22697,65115.0,confirmed_exact_strict
batter,2021,F,13,22771,64115.0,confirmed_exact_strict
batter,2021,F,13,22807,65157.0,confirmed_exact_strict
batter,2021,F,13,22808,64101.0,confirmed_exact_strict
batter,2021,F,13,22809,66112.0,confirmed_exact_strict
batter,2021,F,13,22811,66113.0,confirmed_exact_strict
batter,2021,F,13,22813,66109.0,confirmed_exact_strict
batter,2021,F,13,22816,66108.0,confirmed_exact_strict
batter,2021,F,13,22817,64100.0,confirmed_exact_strict
batter,2021,F,13,22819,66162.0,confirmed_exact_strict
batter,2021,F,13,22831,65207.0,confirmed_exact_strict
batter,2021,F,13,23227,67169.0,confirmed_exact_strict
batter,2021,F,13,23425,68100.0,confirmed_exact_strict
batter,2021,F,13,23427,68106.0,confirmed_exact_strict
batter,2021,F,13,23430,68110.0,confirmed_exact_strict
batter,2021,F,13,23432,68117.0,confirmed_exact_strict
batter,2021,F,13,23433,68119.0,confirmed_exact_strict
batter,2021,F,13,23639,69102.0,confirmed_exact_strict
batter,2021,F,13,23645,69100.0,confirmed_exact_strict
batter,2021,F,13,23854,50167.0,confirmed_exact_strict
batter,2021,F,13,23855,50150.0,confirmed_exact_strict
batter,2021,F,13,23859,50108.0,confirmed_exact_strict
batter,2021,F,13,24010,51100.0,confirmed_exact_strict
batter,2021,F,13,24014,51103.0,confirmed_exact_strict
batter,2021,F,13,24016,51106.0,confirmed_exact_strict
batter,2021,F,13,24019,51112.0,confirmed_exact_strict
batter,2021,F,13,24148,571506.0,confirmed_exact_strict
batter,2021,F,14,22396,62332.0,confirmed_global_exact_fallback
batter,2021,F,14,22775,65399.0,confirmed_exact_strict
batter,2021,F,14,22852,65304.0,confirmed_exact_strict
batter,2021,F,14,22853,65898.0,confirmed_global_exact_fallback
batter,2021,F,14,22882,64340.0,confirmed_global_exact_fallback
batter,2021,F,14,23290,67363.0,confirmed_exact_strict
batter,2021,F,14,23442,68346.0,confirmed_exact_strict
batter,2021,F,14,23443,75125.0,confirmed_global_exact_fallback
batter,2021,F,14,23452,68305.0,confirmed_global_exact_fallback
batter,2021,F,14,23508,64657.0,confirmed_global_exact_fallback
batter,2021,F,14,23752,69366.0,confirmed_exact_strict
batter,2021,F,14,23753,69363.0,confirmed_global_exact_fallback
batter,2021,F,14,23757,69306.0,confirmed_exact_strict
batter,2021,F,14,23975,50304.0,confirmed_exact_strict
batter,2021,F,14,23976,50312.0,confirmed_global_exact_fallback
batter,2021,F,14,23978,50357.0,confirmed_exact_strict
batter,2021,F,14,23980,578628.0,confirmed_exact_strict
batter,2021,F,14,23981,,unanchored_no_exact_evidence
batter,2021,F,14,23983,50394.0,confirmed_global_exact_fallback
batter,2021,F,14,24087,51344.0,confirmed_exact_strict
batter,2021,F,14,24090,51302.0,confirmed_exact_strict
batter,2021,F,14,24091,51303.0,confirmed_exact_strict
batter,2021,F,14,24092,51304.0,confirmed_exact_strict
batter,2021,F,14,24093,51305.0,confirmed_global_exact_fallback
batter,2021,F,14,24095,,unresolved_global_conflict
batter,2021,F,14,24096,,unanchored_no_exact_evidence
batter,2021,F,14,24143,571679.0,confirmed_global_exact_fallback
batter,2021,F,15,21822,76249.0,confirmed_global_exact_fallback
batter,2021,F,15,21892,76100.0,confirmed_exact_strict
batter,2021,F,15,22709,64717.0,confirmed_global_exact_fallback
batter,2021,F,15,22781,65506.0,confirmed_global_exact_fallback
batter,2021,F,15,22901,,unresolved_global_conflict
batter,2021,F,15,23132,66749.0,confirmed_exact_strict
batter,2021,F,15,23146,63895.0,confirmed_global_exact_fallback
batter,2021,F,15,23358,67563.0,confirmed_exact_strict
batter,2021,F,15,23366,67454.0,confirmed_exact_strict
batter,2021,F,15,23444,68362.0,confirmed_global_exact_fallback
batter,2021,F,15,23463,68518.0,confirmed_exact_strict
batter,2021,F,15,23466,68504.0,confirmed_global_exact_fallback
batter,2021,F,15,23470,68507.0,confirmed_global_exact_fallback
batter,2021,F,15,23669,65515.0,confirmed_exact_strict
batter,2021,F,15,23681,69508.0,confirmed_global_exact_fallback
batter,2021,F,15,23890,50507.0,confirmed_exact_strict
batter,2021,F,15,24040,51551.0,confirmed_global_exact_fallback
batter,2021,F,15,24041,51528.0,confirmed_exact_strict
batter,2021,F,15,24046,51560.0,confirmed_exact_strict
batter,2021,F,15,24049,51574.0,confirmed_exact_strict
batter,2021,F,16,22025,78643.0,confirmed_exact_strict
batter,2021,F,16,22104,79113.0,confirmed_exact_strict
batter,2021,F,16,22144,79334.0,confirmed_exact_strict
batter,2021,F,16,22432,62265.0,confirmed_exact_strict
batter,2021,F,16,22439,62893.0,confirmed_global_exact_fallback
batter,2021,F,16,22523,63260.0,confirmed_exact_strict
batter,2021,F,16,22745,63448.0,confirmed_exact_strict
batter,2021,F,16,22763,62908.0,confirmed_global_exact_fallback
batter,2021,F,16,22950,66657.0,confirmed_exact_strict
batter,2021,F,16,23116,65464.0,confirmed_global_exact_fallback
batter,2021,F,16,23298,67644.0,confirmed_global_exact_fallback
batter,2021,F,16,23309,67611.0,confirmed_exact_strict
batter,2021,F,16,23658,69628.0,confirmed_global_exact_fallback
batter,2021,F,16,23662,69636.0,confirmed_exact_strict
batter,2021,F,16,23667,,unresolved_global_conflict
batter,2021,F,16,23918,50657.0,confirmed_exact_strict
batter,2021,F,16,24119,51640.0,confirmed_global_exact_fallback
batter,2021,F,16,24120,51605.0,confirmed_exact_strict
batter,2021,F,16,24122,51603.0,confirmed_global_exact_fallback
batter,2021,F,16,24124,51604.0,confirmed_exact_strict
batter,2021,F,16,24127,,unanchored_no_exact_evidence
batter,2021,F,17,22038,78756.0,confirmed_exact_strict
batter,2021,F,17,22208,60343.0,confirmed_exact_strict
batter,2021,F,17,22682,61554.0,confirmed_exact_strict
batter,2021,F,17,22900,65503.0,confirmed_exact_strict
batter,2021,F,17,22959,66710.0,confirmed_exact_strict
batter,2021,F,17,22963,66715.0,confirmed_exact_strict
batter,2021,F,17,22969,66707.0,confirmed_exact_strict
batter,2021,F,17,22970,65705.0,confirmed_global_exact_fallback
batter,2021,F,17,22985,65703.0,confirmed_exact_strict
batter,2021,F,17,22986,66702.0,confirmed_exact_strict
batter,2021,F,17,22995,66716.0,confirmed_exact_strict
batter,2021,F,17,23134,66704.0,confirmed_exact_strict
batter,2021,F,17,23244,64266.0,confirmed_exact_strict
batter,2021,F,17,23253,64209.0,confirmed_global_exact_fallback
batter,2021,F,17,23576,,unanchored_no_exact_evidence
batter,2021,F,17,23579,68707.0,confirmed_exact_strict
batter,2021,F,17,23584,68700.0,confirmed_exact_strict
batter,2021,F,17,23688,63700.0,confirmed_exact_strict
batter,2021,F,17,23698,69766.0,confirmed_exact_strict
batter,2021,F,17,23700,63703.0,confirmed_global_exact_fallback
batter,2021,F,17,23701,64704.0,confirmed_exact_strict
batter,2021,F,17,23702,69702.0,confirmed_global_exact_fallback
batter,2021,F,17,23705,69705.0,confirmed_exact_strict
batter,2021,F,17,23706,69706.0,confirmed_exact_strict
batter,2021,F,17,23938,50704.0,confirmed_exact_strict
batter,2021,F,17,23939,50707.0,confirmed_exact_strict
batter,2021,F,17,23940,50709.0,confirmed_exact_strict
batter,2021,F,17,24128,51764.0,confirmed_exact_strict
batter,2021,F,17,24130,51767.0,confirmed_exact_strict
batter,2021,F,17,24132,51762.0,confirmed_exact_strict
batter,2021,F,17,24134,51701.0,confirmed_exact_strict
batter,2021,F,17,24137,51704.0,confirmed_exact_strict
batter,2021,F,17,24141,51707.0,confirmed_exact_strict
batter,2021,F,17,24142,51708.0,confirmed_exact_strict
batter,2021,F,17,24145,51706.0,confirmed_exact_strict
batter,2021,F,17,24150,541650.0,confirmed_global_exact_fallback
batter,2021,F,18,21278,,conflict_reverse_multiple_train_ids
batter,2021,F,18,21660,75334.0,confirmed_exact_strict
batter,2021,F,18,21737,75566.0,confirmed_exact_strict
batter,2021,F,18,22038,78756.0,confirmed_exact_strict
batter,2021,F,18,22133,79402.0,confirmed_exact_strict
batter,2021,F,18,22288,61197.0,confirmed_exact_strict
batter,2021,F,18,22315,61404.0,confirmed_exact_strict
batter,2021,F,18,22410,62404.0,confirmed_exact_strict
batter,2021,F,18,22574,63435.0,confirmed_exact_strict
batter,2021,F,18,22664,64610.0,confirmed_exact_strict
batter,2021,F,18,22679,64499.0,confirmed_global_exact_fallback
batter,2021,F,18,22758,64493.0,confirmed_exact_strict
batter,2021,F,18,23000,65412.0,confirmed_global_exact_fallback
batter,2021,F,18,23008,66410.0,confirmed_exact_strict
batter,2021,F,18,23244,64266.0,confirmed_exact_strict
batter,2021,F,18,23367,67449.0,confirmed_exact_strict
batter,2021,F,18,23405,66406.0,confirmed_exact_strict
batter,2021,F,18,23521,60288.0,confirmed_exact_strict
batter,2021,F,18,23525,64407.0,confirmed_exact_strict
batter,2021,F,18,23531,68466.0,confirmed_exact_strict
batter,2021,F,18,23718,,conflict_multiple_trackman_ids
batter,2021,F,18,23720,69453.0,confirmed_exact_strict
batter,2021,F,18,23723,69416.0,confirmed_exact_strict
batter,2021,F,18,23724,69418.0,confirmed_exact_strict
batter,2021,F,18,23875,50458.0,confirmed_exact_strict
batter,2021,F,18,24068,51403.0,confirmed_exact_strict
batter,2021,F,18,24071,51407.0,confirmed_global_exact_fallback
batter,2021,F,18,24072,51417.0,confirmed_exact_strict
batter,2021,F,18,24074,517369.0,confirmed_exact_strict
batter,2021,F,19,21461,73306.0,confirmed_exact_strict
batter,2021,F,19,21848,76720.0,confirmed_exact_strict
batter,2021,F,19,22502,78361.0,confirmed_exact_strict
batter,2021,F,19,22607,62925.0,confirmed_exact_strict
batter,2021,F,19,22628,63905.0,confirmed_exact_strict
batter,2021,F,19,22674,63920.0,confirmed_exact_strict
batter,2021,F,19,23001,65462.0,confirmed_exact_strict
batter,2021,F,19,23064,65905.0,confirmed_exact_strict
batter,2021,F,19,23200,66968.0,confirmed_exact_strict
batter,2021,F,19,23205,66963.0,confirmed_global_exact_fallback
batter,2021,F,19,23263,67993.0,confirmed_exact_strict
batter,2021,F,19,23264,67900.0,confirmed_exact_strict
batter,2021,F,19,23266,67991.0,confirmed_exact_strict
batter,2021,F,19,23274,67905.0,confirmed_exact_strict
batter,2021,F,19,23321,61869.0,confirmed_exact_strict
batter,2021,F,19,23408,62025.0,confirmed_exact_strict
batter,2021,F,19,23604,62537.0,confirmed_exact_strict
batter,2021,F,19,23608,68909.0,confirmed_exact_strict
batter,2021,F,19,23776,69992.0,confirmed_exact_strict
batter,2021,F,19,23965,50996.0,confirmed_exact_strict
batter,2021,F,19,23971,50903.0,confirmed_exact_strict
batter,2021,F,19,24075,51907.0,confirmed_exact_strict
batter,2021,F,19,24077,51991.0,confirmed_exact_strict
batter,2021,F,19,24079,51996.0,confirmed_exact_strict
batter,2021,F,19,24080,,unanchored_no_exact_evidence
batter,2021,F,20,21945,77243.0,confirmed_global_exact_fallback
batter,2021,F,20,22322,61360.0,confirmed_exact_strict
batter,2021,F,20,22420,62556.0,confirmed_exact_strict
batter,2021,F,20,22553,63634.0,confirmed_exact_strict
batter,2021,F,20,22732,64007.0,confirmed_exact_strict
batter,2021,F,20,22777,65040.0,confirmed_exact_strict
batter,2021,F,20,23034,64906.0,confirmed_exact_strict
batter,2021,F,20,23068,65044.0,confirmed_exact_strict
batter,2021,F,20,23318,62802.0,confirmed_exact_strict
batter,2021,F,20,23395,67063.0,confirmed_exact_strict
batter,2021,F,20,23401,67016.0,confirmed_exact_strict
batter,2021,F,20,23407,67005.0,confirmed_exact_strict
batter,2021,F,20,23472,64014.0,confirmed_exact_strict
batter,2021,F,20,23474,64011.0,confirmed_exact_strict
batter,2021,F,20,23483,68089.0,confirmed_exact_strict
batter,2021,F,20,23990,50054.0,confirmed_exact_strict
batter,2021,F,20,23992,50092.0,confirmed_exact_strict
batter,2021,F,20,23993,50093.0,confirmed_exact_strict
batter,2021,F,20,23996,50007.0,confirmed_exact_strict
batter,2021,F,20,24000,50011.0,confirmed_exact_strict
batter,2021,F,20,24022,51003.0,confirmed_exact_strict
batter,2021,F,20,24031,51005.0,confirmed_exact_strict
batter,2021,F,20,24033,51008.0,confirmed_exact_strict
batter,2021,F,20,24034,51009.0,confirmed_exact_strict
batter,2021,F,21,21174,71842.0,confirmed_global_exact_fallback
batter,2021,F,21,22323,61353.0,confirmed_global_exact_fallback
batter,2021,F,21,22333,61743.0,confirmed_exact_strict
batter,2021,F,21,22442,62884.0,confirmed_exact_strict
batter,2021,F,21,22766,64890.0,confirmed_exact_strict
batter,2021,F,21,22822,64260.0,confirmed_exact_strict
batter,2021,F,21,23108,65869.0,confirmed_exact_strict
batter,2021,F,21,23138,66803.0,confirmed_exact_strict
batter,2021,F,21,23143,66864.0,confirmed_global_exact_fallback
batter,2021,F,21,23144,66833.0,confirmed_exact_strict
batter,2021,F,21,23147,66807.0,confirmed_exact_strict
batter,2021,F,21,23153,578268.0,confirmed_exact_strict
batter,2021,F,21,23212,66802.0,confirmed_global_exact_fallback
batter,2021,F,21,23321,61869.0,confirmed_exact_strict
batter,2021,F,21,23329,67803.0,confirmed_exact_strict
batter,2021,F,21,23330,67807.0,confirmed_exact_strict
batter,2021,F,21,23410,457449.0,confirmed_global_exact_fallback
batter,2021,F,21,23551,68805.0,confirmed_global_exact_fallback
batter,2021,F,21,23760,69825.0,confirmed_exact_strict
batter,2021,F,21,23835,69802.0,confirmed_global_exact_fallback
batter,2021,F,21,23838,69810.0,confirmed_global_exact_fallback
batter,2021,F,21,23839,69804.0,confirmed_exact_strict
batter,2021,F,21,23899,50840.0,confirmed_global_exact_fallback
batter,2021,F,21,23900,50848.0,confirmed_exact_strict
batter,2021,F,21,23906,50868.0,confirmed_exact_strict
batter,2021,F,21,23911,50820.0,confirmed_exact_strict
batter,2021,F,21,24050,51868.0,confirmed_exact_strict
batter,2021,F,21,24054,51865.0,confirmed_exact_strict
batter,2021,F,21,24061,51805.0,confirmed_exact_strict
batter,2021,F,23,22612,62934.0,confirmed_exact_strict
batter,2021,F,23,22719,64346.0,confirmed_exact_strict
batter,2021,F,23,23243,67207.0,confirmed_exact_strict
batter,2021,F,23,23526,68463.0,confirmed_exact_strict
batter,2021,F,23,23546,68869.0,confirmed_exact_strict
batter,2021,F,23,23549,68868.0,confirmed_global_exact_fallback
batter,2021,F,23,23602,68912.0,confirmed_exact_strict
batter,2021,F,23,23606,68904.0,confirmed_global_exact_fallback
batter,2021,F,23,23691,69727.0,confirmed_exact_strict
batter,2021,F,23,23726,68407.0,confirmed_exact_strict
batter,2021,F,23,23739,69207.0,confirmed_exact_strict
batter,2021,F,23,23778,69995.0,confirmed_exact_strict
batter,2021,F,23,23791,69055.0,confirmed_exact_strict
batter,2021,F,23,23919,50600.0,confirmed_global_exact_fallback
batter,2021,R,12,21616,74206.0,confirmed_exact_strict
batter,2021,R,12,21947,77248.0,confirmed_exact_strict
batter,2021,R,12,22013,78224.0,confirmed_exact_strict
batter,2021,R,12,22126,79240.0,confirmed_exact_strict
batter,2021,R,12,22127,79215.0,confirmed_exact_strict
batter,2021,R,12,22130,79231.0,confirmed_exact_strict
batter,2021,R,12,22430,62244.0,confirmed_exact_strict
batter,2021,R,12,22468,63123.0,confirmed_exact_strict
batter,2021,R,12,22514,79290.0,confirmed_exact_strict
batter,2021,R,12,22521,63202.0,confirmed_exact_strict
batter,2021,R,12,22522,63257.0,confirmed_exact_strict
batter,2021,R,12,22693,64153.0,confirmed_exact_strict
batter,2021,R,12,22748,64086.0,confirmed_exact_strict
batter,2021,R,12,22756,64468.0,confirmed_exact_strict
batter,2021,R,12,22830,66203.0,confirmed_exact_strict
batter,2021,R,12,22839,66209.0,confirmed_exact_strict
batter,2021,R,12,22841,64213.0,confirmed_exact_strict
batter,2021,R,12,23179,65269.0,confirmed_exact_strict
batter,2021,R,12,23187,66207.0,confirmed_global_exact_fallback
batter,2021,R,12,23552,68205.0,confirmed_exact_strict
batter,2021,R,12,23562,63559.0,confirmed_global_exact_fallback
batter,2021,R,12,23687,628336.0,confirmed_exact_strict
batter,2021,R,12,23734,68204.0,confirmed_exact_strict
batter,2021,R,12,23945,50204.0,confirmed_exact_strict
batter,2021,R,12,23948,50202.0,confirmed_exact_strict
batter,2021,R,12,23957,50208.0,confirmed_exact_strict
batter,2021,R,12,24098,51203.0,confirmed_exact_strict
batter,2021,R,12,24106,51298.0,confirmed_exact_strict
batter,2021,R,13,20889,71184.0,confirmed_exact_strict
batter,2021,R,13,21968,77564.0,confirmed_exact_strict
batter,2021,R,13,21996,78135.0,confirmed_exact_strict
batter,2021,R,13,22016,78217.0,confirmed_exact_strict
batter,2021,R,13,22102,79192.0,confirmed_exact_strict
batter,2021,R,13,22103,79109.0,confirmed_exact_strict
batter,2021,R,13,22106,79150.0,confirmed_exact_strict
batter,2021,R,13,22283,61102.0,confirmed_exact_strict
batter,2021,R,13,22287,61186.0,confirmed_exact_strict
batter,2021,R,13,22500,78168.0,confirmed_exact_strict
batter,2021,R,13,22626,60566.0,confirmed_exact_strict
batter,2021,R,13,22695,65132.0,confirmed_exact_strict
batter,2021,R,13,22697,65115.0,confirmed_exact_strict
batter,2021,R,13,22771,64115.0,confirmed_exact_strict
batter,2021,R,13,22807,65157.0,confirmed_exact_strict
batter,2021,R,13,22808,64101.0,confirmed_exact_strict
batter,2021,R,13,22811,66113.0,confirmed_exact_strict
batter,2021,R,13,22816,66108.0,confirmed_exact_strict
batter,2021,R,13,22819,66162.0,confirmed_exact_strict
batter,2021,R,13,22831,65207.0,confirmed_exact_strict
batter,2021,R,13,23420,76290.0,confirmed_exact_strict
batter,2021,R,13,23427,68106.0,confirmed_exact_strict
batter,2021,R,13,23433,68119.0,confirmed_exact_strict
batter,2021,R,13,23639,69102.0,confirmed_exact_strict
batter,2021,R,13,23645,69100.0,confirmed_exact_strict
batter,2021,R,13,23854,50167.0,confirmed_exact_strict
batter,2021,R,13,23855,50150.0,confirmed_exact_strict
batter,2021,R,13,23865,657733.0,confirmed_exact_strict
batter,2021,R,13,24010,51100.0,confirmed_exact_strict
batter,2021,R,13,24148,571506.0,confirmed_exact_strict
batter,2021,R,14,21520,74163.0,confirmed_exact_strict
batter,2021,R,14,22146,79365.0,confirmed_exact_strict
batter,2021,R,14,22182,79456.0,confirmed_exact_strict
batter,2021,R,14,22392,62353.0,confirmed_exact_strict
batter,2021,R,14,22396,62332.0,confirmed_exact_strict
batter,2021,R,14,22500,78168.0,confirmed_exact_strict
batter,2021,R,14,22736,65357.0,confirmed_exact_strict
batter,2021,R,14,22775,65399.0,confirmed_exact_strict
batter,2021,R,14,22852,65304.0,confirmed_exact_strict
batter,2021,R,14,22853,65898.0,confirmed_exact_strict
batter,2021,R,14,22872,65362.0,confirmed_exact_strict
batter,2021,R,14,22882,64340.0,confirmed_exact_strict
batter,2021,R,14,23281,67304.0,confirmed_exact_strict
batter,2021,R,14,23282,67341.0,confirmed_exact_strict
batter,2021,R,14,23436,68330.0,confirmed_exact_strict
batter,2021,R,14,23442,68346.0,confirmed_exact_strict
batter,2021,R,14,23443,75125.0,confirmed_exact_strict
batter,2021,R,14,23452,68305.0,confirmed_exact_strict
batter,2021,R,14,23464,65586.0,confirmed_exact_strict
batter,2021,R,14,23508,64657.0,confirmed_exact_strict
batter,2021,R,14,23752,69366.0,confirmed_exact_strict
batter,2021,R,14,23757,69306.0,confirmed_exact_strict
batter,2021,R,14,23975,50304.0,confirmed_exact_strict
batter,2021,R,14,23976,50312.0,confirmed_exact_strict
batter,2021,R,14,23978,50357.0,confirmed_exact_strict
batter,2021,R,14,23980,578628.0,confirmed_exact_strict
batter,2021,R,14,24087,51344.0,confirmed_exact_strict
batter,2021,R,14,24090,51302.0,confirmed_exact_strict
batter,2021,R,14,24143,571679.0,confirmed_exact_strict
batter,2021,R,14,24149,643269.0,confirmed_exact_strict
batter,2021,R,15,21822,76249.0,confirmed_exact_strict
batter,2021,R,15,21892,76100.0,confirmed_exact_strict
batter,2021,R,15,21992,78513.0,confirmed_exact_strict
batter,2021,R,15,22066,77532.0,confirmed_exact_strict
batter,2021,R,15,22109,79608.0,confirmed_exact_strict
batter,2021,R,15,22269,60523.0,confirmed_exact_strict
batter,2021,R,15,22424,62558.0,confirmed_exact_strict
batter,2021,R,15,22709,64717.0,confirmed_exact_strict
batter,2021,R,15,22739,64504.0,confirmed_exact_strict
batter,2021,R,15,22781,65506.0,confirmed_exact_strict
batter,2021,R,15,22893,65514.0,confirmed_exact_strict
batter,2021,R,15,23132,66749.0,confirmed_exact_strict
batter,2021,R,15,23146,63895.0,confirmed_exact_strict
batter,2021,R,15,23188,64022.0,confirmed_exact_strict
batter,2021,R,15,23348,493193.0,confirmed_exact_strict
batter,2021,R,15,23349,67504.0,confirmed_exact_strict
batter,2021,R,15,23366,67454.0,confirmed_exact_strict
batter,2021,R,15,23444,68362.0,confirmed_exact_strict
batter,2021,R,15,23463,68518.0,confirmed_exact_strict
batter,2021,R,15,23465,68525.0,confirmed_exact_strict
batter,2021,R,15,23466,68504.0,confirmed_exact_strict
batter,2021,R,15,23470,68507.0,confirmed_exact_strict
batter,2021,R,15,23669,65515.0,confirmed_exact_strict
batter,2021,R,15,23670,64501.0,confirmed_exact_strict
batter,2021,R,15,23681,69508.0,confirmed_exact_strict
batter,2021,R,15,23882,553988.0,confirmed_exact_strict
batter,2021,R,15,24040,51551.0,confirmed_exact_strict
batter,2021,R,15,24041,51528.0,confirmed_exact_strict
batter,2021,R,15,24046,51560.0,confirmed_exact_strict
batter,2021,R,15,24049,51574.0,confirmed_exact_strict
batter,2021,R,16,21286,72443.0,confirmed_exact_strict
batter,2021,R,16,21448,73209.0,confirmed_exact_strict
batter,2021,R,16,22021,78629.0,confirmed_exact_strict
batter,2021,R,16,22025,78643.0,confirmed_global_exact_fallback
batter,2021,R,16,22026,78603.0,confirmed_exact_strict
batter,2021,R,16,22332,61700.0,confirmed_exact_strict
batter,2021,R,16,22429,62234.0,confirmed_exact_strict
batter,2021,R,16,22432,62265.0,confirmed_exact_strict
batter,2021,R,16,22436,62864.0,confirmed_exact_strict
batter,2021,R,16,22439,62893.0,confirmed_exact_strict
batter,2021,R,16,22523,63260.0,confirmed_exact_strict
batter,2021,R,16,22542,63722.0,confirmed_exact_strict
batter,2021,R,16,22690,64560.0,confirmed_exact_strict
batter,2021,R,16,22749,65653.0,confirmed_exact_strict
batter,2021,R,16,22763,62908.0,confirmed_exact_strict
batter,2021,R,16,22928,66614.0,confirmed_exact_strict
batter,2021,R,16,22950,66657.0,confirmed_exact_strict
batter,2021,R,16,22956,66606.0,confirmed_exact_strict
batter,2021,R,16,23040,64984.0,confirmed_exact_strict
batter,2021,R,16,23116,65464.0,confirmed_exact_strict
batter,2021,R,16,23298,67644.0,confirmed_exact_strict
batter,2021,R,16,23300,67610.0,confirmed_exact_strict
batter,2021,R,16,23507,68614.0,confirmed_exact_strict
batter,2021,R,16,23646,64646.0,confirmed_exact_strict
batter,2021,R,16,23662,69636.0,confirmed_exact_strict
batter,2021,R,16,23664,65610.0,confirmed_exact_strict
batter,2021,R,16,23667,67609.0,confirmed_exact_strict
batter,2021,R,16,23840,69652.0,confirmed_exact_strict
batter,2021,R,16,23918,50657.0,confirmed_exact_strict
batter,2021,R,16,24119,51640.0,confirmed_exact_strict
batter,2021,R,17,21400,73136.0,confirmed_exact_strict
batter,2021,R,17,22025,78643.0,confirmed_exact_strict
batter,2021,R,17,22208,,conflict_reverse_multiple_train_ids
batter,2021,R,17,22332,61700.0,confirmed_exact_strict
batter,2021,R,17,22345,61208.0,confirmed_exact_strict
batter,2021,R,17,22379,62700.0,confirmed_exact_strict
batter,2021,R,17,22455,,conflict_multiple_trackman_ids
batter,2021,R,17,22682,61554.0,confirmed_exact_strict
batter,2021,R,17,22768,63704.0,confirmed_exact_strict
batter,2021,R,17,22900,65503.0,confirmed_exact_strict
batter,2021,R,17,22959,,conflict_reverse_multiple_train_ids
batter,2021,R,17,22969,66707.0,confirmed_global_exact_fallback
batter,2021,R,17,22985,65703.0,confirmed_exact_strict
batter,2021,R,17,22986,,conflict_multiple_trackman_ids
batter,2021,R,17,23134,66704.0,confirmed_exact_strict
batter,2021,R,17,23244,64266.0,confirmed_exact_strict
batter,2021,R,17,23578,68743.0,confirmed_exact_strict
batter,2021,R,17,23584,68700.0,confirmed_exact_strict
batter,2021,R,17,23688,63700.0,confirmed_exact_strict
batter,2021,R,17,23693,69737.0,confirmed_exact_strict
batter,2021,R,17,23698,69766.0,confirmed_exact_strict
batter,2021,R,17,23701,64704.0,confirmed_exact_strict
batter,2021,R,17,23702,69702.0,confirmed_exact_strict
batter,2021,R,17,23705,69705.0,confirmed_exact_strict
batter,2021,R,17,23706,69706.0,confirmed_exact_strict
batter,2021,R,17,23938,50704.0,confirmed_exact_strict
batter,2021,R,17,23939,50707.0,confirmed_exact_strict
batter,2021,R,17,23940,50709.0,confirmed_exact_strict
batter,2021,R,17,24128,51764.0,confirmed_exact_strict
batter,2021,R,17,24130,51767.0,confirmed_exact_strict
batter,2021,R,17,24132,51762.0,confirmed_exact_strict
batter,2021,R,17,24139,592387.0,confirmed_exact_strict
batter,2021,R,17,24145,51706.0,confirmed_exact_strict
batter,2021,R,17,24150,541650.0,confirmed_exact_strict
batter,2021,R,18,21278,64793.0,confirmed_exact_strict
batter,2021,R,18,21627,74540.0,confirmed_exact_strict
batter,2021,R,18,21660,75334.0,confirmed_exact_strict
batter,2021,R,18,21737,75566.0,confirmed_exact_strict
batter,2021,R,18,22038,78756.0,confirmed_exact_strict
batter,2021,R,18,22133,79402.0,confirmed_exact_strict
batter,2021,R,18,22288,61197.0,confirmed_exact_strict
batter,2021,R,18,22315,61404.0,confirmed_exact_strict
batter,2021,R,18,22410,62404.0,confirmed_exact_strict
batter,2021,R,18,22574,63435.0,confirmed_exact_strict
batter,2021,R,18,22660,62415.0,confirmed_exact_strict
batter,2021,R,18,22664,,conflict_reverse_multiple_train_ids
batter,2021,R,18,23000,65412.0,confirmed_exact_strict
batter,2021,R,18,23089,66838.0,confirmed_exact_strict
batter,2021,R,18,23244,64266.0,confirmed_global_exact_fallback
batter,2021,R,18,23367,67449.0,confirmed_exact_strict
batter,2021,R,18,23521,60288.0,confirmed_global_exact_fallback
batter,2021,R,18,23524,64410.0,confirmed_exact_strict
batter,2021,R,18,23525,64407.0,confirmed_exact_strict
batter,2021,R,18,23529,64469.0,confirmed_exact_strict
batter,2021,R,18,23531,68466.0,confirmed_exact_strict
batter,2021,R,18,23718,69442.0,confirmed_exact_strict
batter,2021,R,18,23720,69453.0,confirmed_exact_strict
batter,2021,R,18,23724,69418.0,confirmed_exact_strict
batter,2021,R,18,23875,,conflict_multiple_trackman_ids
batter,2021,R,18,24072,51417.0,confirmed_exact_strict
batter,2021,R,18,24074,517369.0,confirmed_exact_strict
batter,2021,R,19,21461,73306.0,confirmed_exact_strict
batter,2021,R,19,21818,76232.0,confirmed_exact_strict
batter,2021,R,19,21837,76849.0,confirmed_exact_strict
batter,2021,R,19,21848,76720.0,confirmed_exact_strict
batter,2021,R,19,21999,78122.0,confirmed_exact_strict
batter,2021,R,19,22006,78813.0,confirmed_exact_strict
batter,2021,R,19,22502,78361.0,confirmed_exact_strict
batter,2021,R,19,22576,63450.0,confirmed_exact_strict
batter,2021,R,19,22605,62931.0,confirmed_exact_strict
batter,2021,R,19,22606,62907.0,confirmed_exact_strict
batter,2021,R,19,22607,62925.0,confirmed_exact_strict
batter,2021,R,19,22610,62947.0,confirmed_exact_strict
batter,2021,R,19,22628,63905.0,confirmed_exact_strict
batter,2021,R,19,22632,63963.0,confirmed_exact_strict
batter,2021,R,19,22674,63920.0,confirmed_exact_strict
batter,2021,R,19,22716,64944.0,confirmed_exact_strict
batter,2021,R,19,23001,65462.0,confirmed_exact_strict
batter,2021,R,19,23045,74465.0,confirmed_exact_strict
batter,2021,R,19,23064,65905.0,confirmed_exact_strict
batter,2021,R,19,23193,66917.0,confirmed_exact_strict
batter,2021,R,19,23195,66965.0,confirmed_exact_strict
batter,2021,R,19,23197,66928.0,confirmed_exact_strict
batter,2021,R,19,23200,66968.0,confirmed_exact_strict
batter,2021,R,19,23205,66963.0,confirmed_exact_strict
batter,2021,R,19,23264,67900.0,confirmed_exact_strict
batter,2021,R,19,23321,61869.0,confirmed_exact_strict
batter,2021,R,19,23408,62025.0,confirmed_exact_strict
batter,2021,R,19,23608,68909.0,confirmed_exact_strict
batter,2021,R,19,23776,69992.0,confirmed_exact_strict
batter,2021,R,19,23961,571437.0,confirmed_exact_strict
batter,2021,R,19,23965,50996.0,confirmed_global_exact_fallback
batter,2021,R,19,24075,51907.0,confirmed_exact_strict
batter,2021,R,19,24077,51991.0,confirmed_exact_strict
batter,2021,R,19,24079,51996.0,confirmed_exact_strict
batter,2021,R,20,21398,73113.0,confirmed_exact_strict
batter,2021,R,20,21945,77243.0,confirmed_exact_strict
batter,2021,R,20,21990,78548.0,confirmed_exact_strict
batter,2021,R,20,22420,62556.0,confirmed_exact_strict
batter,2021,R,20,22424,62558.0,confirmed_exact_strict
batter,2021,R,20,22553,63634.0,confirmed_exact_strict
batter,2021,R,20,22720,64001.0,confirmed_exact_strict
batter,2021,R,20,22725,64006.0,confirmed_exact_strict
batter,2021,R,20,22727,64004.0,confirmed_exact_strict
batter,2021,R,20,22728,64012.0,confirmed_exact_strict
batter,2021,R,20,22732,64007.0,confirmed_exact_strict
batter,2021,R,20,22739,64504.0,confirmed_exact_strict
batter,2021,R,20,22777,65040.0,confirmed_exact_strict
batter,2021,R,20,22779,64166.0,confirmed_exact_strict
batter,2021,R,20,23034,64906.0,confirmed_exact_strict
batter,2021,R,20,23080,74339.0,confirmed_exact_strict
batter,2021,R,20,23113,,conflict_reverse_multiple_train_ids
batter,2021,R,20,23318,62802.0,confirmed_global_exact_fallback
batter,2021,R,20,23407,,conflict_multiple_trackman_ids
batter,2021,R,20,23471,76313.0,confirmed_exact_strict
batter,2021,R,20,23472,64014.0,confirmed_exact_strict
batter,2021,R,20,23476,68050.0,confirmed_exact_strict
batter,2021,R,20,23481,68069.0,confirmed_global_exact_fallback
batter,2021,R,20,23582,592419.0,confirmed_exact_strict
batter,2021,R,20,23990,50054.0,confirmed_exact_strict
batter,2021,R,20,24022,51003.0,confirmed_exact_strict
batter,2021,R,20,24023,501660.0,confirmed_exact_strict
batter,2021,R,20,24031,51005.0,confirmed_exact_strict
batter,2021,R,21,21170,71837.0,confirmed_exact_strict
batter,2021,R,21,21174,71842.0,confirmed_exact_strict
batter,2021,R,21,21696,75847.0,confirmed_exact_strict
batter,2021,R,21,21708,75151.0,confirmed_exact_strict
batter,2021,R,21,21821,76267.0,confirmed_exact_strict
batter,2021,R,21,21831,76812.0,confirmed_exact_strict
batter,2021,R,21,21834,76802.0,confirmed_exact_strict
batter,2021,R,21,22245,60558.0,confirmed_exact_strict
batter,2021,R,21,22323,61353.0,confirmed_exact_strict
batter,2021,R,21,22333,61743.0,confirmed_exact_strict
batter,2021,R,21,22442,62884.0,confirmed_exact_strict
batter,2021,R,21,22443,62895.0,confirmed_exact_strict
batter,2021,R,21,22576,63450.0,confirmed_exact_strict
batter,2021,R,21,22735,,unanchored_no_exact_evidence
batter,2021,R,21,22766,64890.0,confirmed_exact_strict
batter,2021,R,21,23108,65869.0,confirmed_exact_strict
batter,2021,R,21,23143,66864.0,confirmed_exact_strict
batter,2021,R,21,23153,578268.0,confirmed_exact_strict
batter,2021,R,21,23193,66917.0,confirmed_exact_strict
batter,2021,R,21,23319,67893.0,confirmed_exact_strict
batter,2021,R,21,23321,61869.0,confirmed_exact_strict
batter,2021,R,21,23330,67807.0,confirmed_exact_strict
batter,2021,R,21,23410,457449.0,confirmed_exact_strict
batter,2021,R,21,23626,63440.0,confirmed_exact_strict
batter,2021,R,21,23760,69825.0,confirmed_exact_strict
batter,2021,R,21,23838,69810.0,confirmed_global_exact_fallback
batter,2021,R,21,23901,50854.0,confirmed_exact_strict
batter,2021,R,21,24050,51868.0,confirmed_exact_strict
batter,2021,R,21,24144,425783.0,confirmed_exact_strict
batter,2022,F,12,22468,63123.0,confirmed_global_exact_fallback
batter,2022,F,12,22521,63202.0,confirmed_global_exact_fallback
batter,2022,F,12,22522,63257.0,confirmed_global_exact_fallback
batter,2022,F,12,22607,62925.0,confirmed_exact_strict
batter,2022,F,12,22748,64086.0,confirmed_exact_strict
batter,2022,F,12,22756,64468.0,confirmed_global_exact_fallback
batter,2022,F,12,22830,66203.0,confirmed_global_exact_fallback
batter,2022,F,12,22841,64213.0,confirmed_exact_strict
batter,2022,F,12,23179,65269.0,confirmed_exact_strict
batter,2022,F,12,23180,66202.0,confirmed_global_exact_fallback
batter,2022,F,12,23186,66233.0,confirmed_global_exact_fallback
batter,2022,F,12,23187,66207.0,confirmed_global_exact_fallback
batter,2022,F,12,23241,67202.0,confirmed_exact_strict
batter,2022,F,12,23474,64011.0,confirmed_exact_strict
batter,2022,F,12,23552,68205.0,confirmed_exact_strict
batter,2022,F,12,23733,69203.0,confirmed_exact_strict
batter,2022,F,12,23734,68204.0,confirmed_exact_strict
batter,2022,F,12,23735,69238.0,confirmed_global_exact_fallback
batter,2022,F,12,23742,69210.0,confirmed_global_exact_fallback
batter,2022,F,12,23948,50202.0,confirmed_global_exact_fallback
batter,2022,F,12,23949,,unresolved_global_conflict
batter,2022,F,12,23957,50208.0,confirmed_global_exact_fallback
batter,2022,F,12,24101,51269.0,confirmed_global_exact_fallback
batter,2022,F,12,24103,51295.0,confirmed_global_exact_fallback
batter,2022,F,12,24106,51298.0,confirmed_global_exact_fallback
batter,2022,F,12,24225,52267.0,confirmed_exact_strict
batter,2022,F,12,24227,52294.0,confirmed_global_exact_fallback
batter,2022,F,12,24230,52210.0,confirmed_global_exact_fallback
batter,2022,F,12,24232,,unanchored_no_exact_evidence
batter,2022,F,12,24233,,unanchored_no_exact_evidence
batter,2022,F,12,24235,52208.0,confirmed_global_exact_fallback
batter,2022,F,12,24236,52209.0,confirmed_exact_strict
batter,2022,F,12,24238,,unanchored_no_exact_evidence
batter,2022,F,13,21996,78135.0,confirmed_exact_strict
batter,2022,F,13,22106,79150.0,confirmed_exact_strict
batter,2022,F,13,22287,61186.0,confirmed_exact_strict
batter,2022,F,13,22500,78168.0,confirmed_exact_strict
batter,2022,F,13,22626,60566.0,confirmed_exact_strict
batter,2022,F,13,22697,65115.0,confirmed_exact_strict
batter,2022,F,13,22807,,conflict_multiple_trackman_ids
batter,2022,F,13,22808,64101.0,confirmed_exact_strict
batter,2022,F,13,22809,66112.0,confirmed_exact_strict
batter,2022,F,13,22811,,conflict_reverse_multiple_train_ids
batter,2022,F,13,22816,66108.0,confirmed_exact_strict
batter,2022,F,13,22817,64100.0,confirmed_exact_strict
batter,2022,F,13,22819,66162.0,confirmed_exact_strict
batter,2022,F,13,22831,65207.0,confirmed_exact_strict
batter,2022,F,13,23227,67169.0,confirmed_exact_strict
batter,2022,F,13,23234,,conflict_multiple_trackman_ids
batter,2022,F,13,23425,68100.0,confirmed_exact_strict
batter,2022,F,13,23427,68106.0,confirmed_exact_strict
batter,2022,F,13,23430,68110.0,confirmed_exact_strict
batter,2022,F,13,23433,68119.0,confirmed_global_exact_fallback
batter,2022,F,13,23639,69102.0,confirmed_exact_strict
batter,2022,F,13,23641,,unresolved_global_conflict
batter,2022,F,13,23645,69100.0,confirmed_exact_strict
batter,2022,F,13,23851,50116.0,confirmed_exact_strict
batter,2022,F,13,23855,50150.0,confirmed_exact_strict
batter,2022,F,13,24010,51100.0,confirmed_exact_strict
batter,2022,F,13,24016,51106.0,confirmed_exact_strict
batter,2022,F,13,24155,,conflict_reverse_multiple_train_ids
batter,2022,F,13,24158,52103.0,confirmed_global_exact_fallback
batter,2022,F,13,24159,52105.0,confirmed_global_exact_fallback
batter,2022,F,13,24160,52121.0,confirmed_exact_strict
batter,2022,F,13,24162,52124.0,confirmed_exact_strict
batter,2022,F,13,24163,547004.0,confirmed_exact_strict
batter,2022,F,13,24304,596825.0,confirmed_global_exact_fallback
batter,2022,F,14,22396,62332.0,confirmed_global_exact_fallback
batter,2022,F,14,22882,64340.0,confirmed_global_exact_fallback
batter,2022,F,14,23034,64906.0,confirmed_global_exact_fallback
batter,2022,F,14,23290,67363.0,confirmed_global_exact_fallback
batter,2022,F,14,23435,68302.0,confirmed_global_exact_fallback
batter,2022,F,14,23436,68330.0,confirmed_global_exact_fallback
batter,2022,F,14,23442,68346.0,confirmed_global_exact_fallback
batter,2022,F,14,23508,64657.0,confirmed_global_exact_fallback
batter,2022,F,14,23750,69332.0,confirmed_global_exact_fallback
batter,2022,F,14,23752,69366.0,confirmed_global_exact_fallback
batter,2022,F,14,23757,69306.0,confirmed_global_exact_fallback
batter,2022,F,14,23976,50312.0,confirmed_global_exact_fallback
batter,2022,F,14,23978,50357.0,confirmed_global_exact_fallback
batter,2022,F,14,24087,51344.0,confirmed_global_exact_fallback
batter,2022,F,14,24090,51302.0,confirmed_global_exact_fallback
batter,2022,F,14,24091,51303.0,confirmed_global_exact_fallback
batter,2022,F,14,24092,51304.0,confirmed_global_exact_fallback
batter,2022,F,14,24093,51305.0,confirmed_global_exact_fallback
batter,2022,F,14,24095,,unresolved_global_conflict
batter,2022,F,14,24186,52398.0,confirmed_global_exact_fallback
batter,2022,F,14,24187,52301.0,confirmed_global_exact_fallback
batter,2022,F,14,24188,,unanchored_no_exact_evidence
batter,2022,F,14,24189,,unanchored_no_exact_evidence
batter,2022,F,14,24190,,unanchored_no_exact_evidence
batter,2022,F,14,24191,52305.0,confirmed_global_exact_fallback
batter,2022,F,15,22893,65514.0,confirmed_global_exact_fallback
batter,2022,F,15,23132,66749.0,confirmed_global_exact_fallback
batter,2022,F,15,23146,63895.0,confirmed_global_exact_fallback
batter,2022,F,15,23188,64022.0,confirmed_global_exact_fallback
batter,2022,F,15,23349,67504.0,confirmed_global_exact_fallback
batter,2022,F,15,23670,64501.0,confirmed_global_exact_fallback
batter,2022,F,15,23677,69500.0,confirmed_global_exact_fallback
batter,2022,F,15,23681,69508.0,confirmed_global_exact_fallback
batter,2022,F,15,23883,,unanchored_no_exact_evidence
batter,2022,F,15,23991,,unanchored_no_exact_evidence
batter,2022,F,15,24210,52516.0,confirmed_global_exact_fallback
batter,2022,F,15,24212,52591.0,confirmed_global_exact_fallback
batter,2022,F,15,24214,52568.0,confirmed_global_exact_fallback
batter,2022,F,15,24216,,unanchored_no_exact_evidence
batter,2022,F,15,24217,,unanchored_no_exact_evidence
batter,2022,F,15,24218,,unanchored_no_exact_evidence
batter,2022,F,15,24220,,unanchored_no_exact_evidence
batter,2022,F,15,24302,,unanchored_no_exact_evidence
batter,2022,F,16,22021,78629.0,confirmed_global_exact_fallback
batter,2022,F,16,22439,62893.0,confirmed_global_exact_fallback
batter,2022,F,16,22934,66615.0,confirmed_global_exact_fallback
batter,2022,F,16,22943,66662.0,confirmed_global_exact_fallback
batter,2022,F,16,23144,66833.0,confirmed_global_exact_fallback
batter,2022,F,16,23298,67644.0,confirmed_global_exact_fallback
batter,2022,F,16,23300,67610.0,confirmed_global_exact_fallback
batter,2022,F,16,23507,68614.0,confirmed_global_exact_fallback
batter,2022,F,16,23657,69627.0,confirmed_global_exact_fallback
batter,2022,F,16,23658,69628.0,confirmed_global_exact_fallback
batter,2022,F,16,23661,,unanchored_no_exact_evidence
batter,2022,F,16,23662,69636.0,confirmed_global_exact_fallback
batter,2022,F,16,23667,,unresolved_global_conflict
batter,2022,F,16,23926,50608.0,confirmed_global_exact_fallback
batter,2022,F,16,24119,51640.0,confirmed_global_exact_fallback
batter,2022,F,16,24120,51605.0,confirmed_global_exact_fallback
batter,2022,F,16,24123,,unanchored_no_exact_evidence
batter,2022,F,16,24124,51604.0,confirmed_global_exact_fallback
batter,2022,F,16,24284,,unanchored_no_exact_evidence
batter,2022,F,16,24287,52628.0,confirmed_global_exact_fallback
batter,2022,F,16,24288,,unanchored_no_exact_evidence
batter,2022,F,16,24292,,unanchored_no_exact_evidence
batter,2022,F,17,22025,78643.0,confirmed_global_exact_fallback
batter,2022,F,17,22208,,unresolved_global_conflict
batter,2022,F,17,22950,66657.0,confirmed_global_exact_fallback
batter,2022,F,17,22959,,unresolved_global_conflict
batter,2022,F,17,22963,66715.0,confirmed_global_exact_fallback
batter,2022,F,17,22969,66707.0,confirmed_global_exact_fallback
batter,2022,F,17,22985,65703.0,confirmed_global_exact_fallback
batter,2022,F,17,22986,,unresolved_global_conflict
batter,2022,F,17,23244,64266.0,confirmed_exact_strict
batter,2022,F,17,23341,67760.0,confirmed_global_exact_fallback
batter,2022,F,17,23576,,unanchored_no_exact_evidence
batter,2022,F,17,23579,68707.0,confirmed_exact_strict
batter,2022,F,17,23583,66706.0,confirmed_exact_strict
batter,2022,F,17,23584,68700.0,confirmed_exact_strict
batter,2022,F,17,23668,,unanchored_no_exact_evidence
batter,2022,F,17,23686,69518.0,confirmed_global_exact_fallback
batter,2022,F,17,23688,63700.0,confirmed_global_exact_fallback
batter,2022,F,17,23691,69727.0,confirmed_global_exact_fallback
batter,2022,F,17,23698,69766.0,confirmed_global_exact_fallback
batter,2022,F,17,23702,69702.0,confirmed_global_exact_fallback
batter,2022,F,17,23706,69706.0,confirmed_exact_strict
batter,2022,F,17,23940,50709.0,confirmed_global_exact_fallback
batter,2022,F,17,24128,51764.0,confirmed_exact_strict
batter,2022,F,17,24130,51767.0,confirmed_global_exact_fallback
batter,2022,F,17,24134,51701.0,confirmed_exact_strict
batter,2022,F,17,24141,51707.0,confirmed_exact_strict
batter,2022,F,17,24145,51706.0,confirmed_global_exact_fallback
batter,2022,F,17,24242,52764.0,confirmed_exact_strict
batter,2022,F,17,24243,52765.0,confirmed_global_exact_fallback
batter,2022,F,17,24245,666247.0,confirmed_global_exact_fallback
batter,2022,F,17,24250,,unanchored_no_exact_evidence
batter,2022,F,17,24295,,unanchored_no_exact_evidence
batter,2022,F,17,24296,52704.0,confirmed_global_exact_fallback
batter,2022,F,17,24297,52705.0,confirmed_exact_strict
batter,2022,F,17,24299,52710.0,confirmed_exact_strict
batter,2022,F,18,22133,79402.0,confirmed_exact_strict
batter,2022,F,18,22574,63435.0,confirmed_global_exact_fallback
batter,2022,F,18,22695,65132.0,confirmed_exact_strict
batter,2022,F,18,23000,65412.0,confirmed_exact_strict
batter,2022,F,18,23022,66409.0,confirmed_global_exact_fallback
batter,2022,F,18,23089,66838.0,confirmed_global_exact_fallback
batter,2022,F,18,23367,67449.0,confirmed_exact_strict
batter,2022,F,18,23405,66406.0,confirmed_exact_strict
batter,2022,F,18,23525,64407.0,confirmed_exact_strict
batter,2022,F,18,23526,68463.0,confirmed_exact_strict
batter,2022,F,18,23527,68416.0,confirmed_exact_strict
batter,2022,F,18,23529,64469.0,confirmed_exact_strict
batter,2022,F,18,23531,68466.0,confirmed_exact_strict
batter,2022,F,18,23715,69428.0,confirmed_exact_strict
batter,2022,F,18,23723,69416.0,confirmed_exact_strict
batter,2022,F,18,23724,69418.0,confirmed_exact_strict
batter,2022,F,18,23726,68407.0,confirmed_global_exact_fallback
batter,2022,F,18,23877,50414.0,confirmed_global_exact_fallback
batter,2022,F,18,24280,52402.0,confirmed_exact_strict
batter,2022,F,18,24282,,unanchored_no_exact_evidence
batter,2022,F,19,21848,76720.0,confirmed_global_exact_fallback
batter,2022,F,19,22628,63905.0,confirmed_exact_strict
batter,2022,F,19,23000,65412.0,confirmed_global_exact_fallback
batter,2022,F,19,23064,65905.0,confirmed_exact_strict
batter,2022,F,19,23195,66965.0,confirmed_global_exact_fallback
batter,2022,F,19,23205,66963.0,confirmed_exact_strict
batter,2022,F,19,23263,67993.0,confirmed_global_exact_fallback
batter,2022,F,19,23264,67900.0,confirmed_exact_strict
batter,2022,F,19,23274,67905.0,confirmed_global_exact_fallback
batter,2022,F,19,23321,61869.0,confirmed_exact_strict
batter,2022,F,19,23521,60288.0,confirmed_exact_strict
batter,2022,F,19,23608,68909.0,confirmed_global_exact_fallback
batter,2022,F,19,23612,68901.0,confirmed_exact_strict
batter,2022,F,19,23778,69995.0,confirmed_exact_strict
batter,2022,F,19,23970,50902.0,confirmed_exact_strict
batter,2022,F,19,24077,51991.0,confirmed_exact_strict
batter,2022,F,19,24079,51996.0,confirmed_global_exact_fallback
batter,2022,F,19,24080,,unanchored_no_exact_evidence
batter,2022,F,19,24082,51903.0,confirmed_exact_strict
batter,2022,F,19,24195,,unanchored_no_exact_evidence
batter,2022,F,19,24200,,unanchored_no_exact_evidence
batter,2022,F,19,24204,,unanchored_no_exact_evidence
batter,2022,F,19,24206,52906.0,confirmed_global_exact_fallback
batter,2022,F,20,22732,64007.0,confirmed_exact_strict
batter,2022,F,20,22771,64115.0,confirmed_exact_strict
batter,2022,F,20,22777,65040.0,confirmed_exact_strict
batter,2022,F,20,23068,65044.0,confirmed_exact_strict
batter,2022,F,20,23387,65096.0,confirmed_exact_strict
batter,2022,F,20,23395,67063.0,confirmed_exact_strict
batter,2022,F,20,23396,67006.0,confirmed_exact_strict
batter,2022,F,20,23472,64014.0,confirmed_exact_strict
batter,2022,F,20,23483,68089.0,confirmed_exact_strict
batter,2022,F,20,23487,68096.0,confirmed_exact_strict
batter,2022,F,20,23492,68002.0,confirmed_exact_strict
batter,2022,F,20,23992,50092.0,confirmed_exact_strict
batter,2022,F,20,23993,50093.0,confirmed_global_exact_fallback
batter,2022,F,20,23995,50096.0,confirmed_global_exact_fallback
batter,2022,F,20,23996,50007.0,confirmed_exact_strict
batter,2022,F,20,24022,51003.0,confirmed_exact_strict
batter,2022,F,20,24024,51013.0,confirmed_exact_strict
batter,2022,F,20,24034,51009.0,confirmed_exact_strict
batter,2022,F,20,24035,51006.0,confirmed_exact_strict
batter,2022,F,20,24255,52001.0,confirmed_exact_strict
batter,2022,F,21,21821,76267.0,confirmed_global_exact_fallback
batter,2022,F,21,22333,61743.0,confirmed_global_exact_fallback
batter,2022,F,21,22442,62884.0,confirmed_global_exact_fallback
batter,2022,F,21,22679,64499.0,confirmed_exact_strict
batter,2022,F,21,22766,64890.0,confirmed_global_exact_fallback
batter,2022,F,21,23108,65869.0,confirmed_exact_strict
batter,2022,F,21,23138,66803.0,confirmed_global_exact_fallback
batter,2022,F,21,23143,66864.0,confirmed_global_exact_fallback
batter,2022,F,21,23144,66833.0,confirmed_exact_strict
batter,2022,F,21,23212,66802.0,confirmed_exact_strict
batter,2022,F,21,23330,67807.0,confirmed_exact_strict
batter,2022,F,21,23546,68869.0,confirmed_exact_strict
batter,2022,F,21,23551,68805.0,confirmed_exact_strict
batter,2022,F,21,23626,63440.0,confirmed_global_exact_fallback
batter,2022,F,21,23759,69813.0,confirmed_exact_strict
batter,2022,F,21,23762,,unanchored_no_exact_evidence
batter,2022,F,21,23837,69805.0,confirmed_exact_strict
batter,2022,F,21,23838,69810.0,confirmed_exact_strict
batter,2022,F,21,23905,50819.0,confirmed_global_exact_fallback
batter,2022,F,21,23911,50820.0,confirmed_exact_strict
batter,2022,F,21,23913,50817.0,confirmed_exact_strict
batter,2022,F,21,24050,51868.0,confirmed_exact_strict
batter,2022,F,21,24054,51865.0,confirmed_exact_strict
batter,2022,F,21,24061,51805.0,confirmed_exact_strict
batter,2022,F,21,24171,52803.0,confirmed_global_exact_fallback
batter,2022,F,21,24174,52805.0,confirmed_exact_strict
batter,2022,F,21,24175,52804.0,confirmed_exact_strict
batter,2022,F,21,24176,52807.0,confirmed_exact_strict
batter,2022,F,21,24177,605196.0,confirmed_global_exact_fallback
batter,2022,F,21,24308,501571.0,confirmed_global_exact_fallback
batter,2022,F,23,22956,66606.0,confirmed_global_exact_fallback
batter,2022,F,23,23193,66917.0,confirmed_global_exact_fallback
batter,2022,F,23,23243,67207.0,confirmed_global_exact_fallback
batter,2022,F,23,23452,68305.0,confirmed_global_exact_fallback
batter,2022,F,23,23549,68868.0,confirmed_global_exact_fallback
batter,2022,F,23,23645,69100.0,confirmed_global_exact_fallback
batter,2022,F,23,23705,69705.0,confirmed_global_exact_fallback
batter,2022,F,23,23718,,unresolved_global_conflict
batter,2022,F,23,23776,69992.0,confirmed_global_exact_fallback
batter,2022,F,23,23918,50657.0,confirmed_global_exact_fallback
batter,2022,F,23,23919,50600.0,confirmed_global_exact_fallback
batter,2022,F,23,23939,50707.0,confirmed_global_exact_fallback
batter,2022,F,23,23990,50054.0,confirmed_global_exact_fallback
batter,2022,F,23,24040,51551.0,confirmed_global_exact_fallback
batter,2022,F,23,24041,51528.0,confirmed_global_exact_fallback
batter,2022,F,23,24132,51762.0,confirmed_global_exact_fallback
batter,2022,F,23,24274,52424.0,confirmed_global_exact_fallback
batter,2022,R,12,21616,74206.0,confirmed_exact_strict
batter,2022,R,12,21947,77248.0,confirmed_exact_strict
batter,2022,R,12,22013,78224.0,confirmed_exact_strict
batter,2022,R,12,22126,79240.0,confirmed_exact_strict
batter,2022,R,12,22130,79231.0,confirmed_exact_strict
batter,2022,R,12,22430,62244.0,confirmed_exact_strict
batter,2022,R,12,22468,63123.0,confirmed_exact_strict
batter,2022,R,12,22521,63202.0,confirmed_exact_strict
batter,2022,R,12,22522,63257.0,confirmed_exact_strict
batter,2022,R,12,22607,62925.0,confirmed_exact_strict
batter,2022,R,12,22693,64153.0,confirmed_exact_strict
batter,2022,R,12,22748,64086.0,confirmed_exact_strict
batter,2022,R,12,22756,64468.0,confirmed_exact_strict
batter,2022,R,12,22830,66203.0,confirmed_exact_strict
batter,2022,R,12,22839,66209.0,confirmed_exact_strict
batter,2022,R,12,22841,64213.0,confirmed_global_exact_fallback
batter,2022,R,12,23179,65269.0,confirmed_exact_strict
batter,2022,R,12,23186,66233.0,confirmed_exact_strict
batter,2022,R,12,23241,67202.0,confirmed_exact_strict
batter,2022,R,12,23243,67207.0,confirmed_exact_strict
batter,2022,R,12,23474,64011.0,confirmed_exact_strict
batter,2022,R,12,23552,68205.0,confirmed_exact_strict
batter,2022,R,12,23687,628336.0,confirmed_exact_strict
batter,2022,R,12,23733,69203.0,confirmed_exact_strict
batter,2022,R,12,23734,68204.0,confirmed_exact_strict
batter,2022,R,12,23735,69238.0,confirmed_exact_strict
batter,2022,R,12,23739,69207.0,confirmed_exact_strict
batter,2022,R,12,23948,50202.0,confirmed_exact_strict
batter,2022,R,12,23949,50293.0,confirmed_exact_strict
batter,2022,R,12,24098,51203.0,confirmed_exact_strict
batter,2022,R,12,24101,51269.0,confirmed_exact_strict
batter,2022,R,13,21945,77243.0,confirmed_exact_strict
batter,2022,R,13,21968,77564.0,confirmed_exact_strict
batter,2022,R,13,21996,78135.0,confirmed_exact_strict
batter,2022,R,13,22102,79192.0,confirmed_exact_strict
batter,2022,R,13,22103,79109.0,confirmed_exact_strict
batter,2022,R,13,22283,61102.0,confirmed_exact_strict
batter,2022,R,13,22287,61186.0,confirmed_exact_strict
batter,2022,R,13,22500,78168.0,confirmed_exact_strict
batter,2022,R,13,22626,60566.0,confirmed_exact_strict
batter,2022,R,13,22660,62415.0,confirmed_exact_strict
batter,2022,R,13,22697,65115.0,confirmed_exact_strict
batter,2022,R,13,22807,65157.0,confirmed_exact_strict
batter,2022,R,13,22808,64101.0,confirmed_exact_strict
batter,2022,R,13,22809,66112.0,confirmed_exact_strict
batter,2022,R,13,22811,66113.0,confirmed_exact_strict
batter,2022,R,13,22816,66108.0,confirmed_exact_strict
batter,2022,R,13,22831,65207.0,confirmed_exact_strict
batter,2022,R,13,23225,67119.0,confirmed_exact_strict
batter,2022,R,13,23420,76290.0,confirmed_exact_strict
batter,2022,R,13,23427,68106.0,confirmed_exact_strict
batter,2022,R,13,23430,68110.0,confirmed_exact_strict
batter,2022,R,13,23433,68119.0,confirmed_exact_strict
batter,2022,R,13,23639,69102.0,confirmed_exact_strict
batter,2022,R,13,23855,50150.0,confirmed_exact_strict
batter,2022,R,13,24010,51100.0,confirmed_exact_strict
batter,2022,R,13,24163,547004.0,confirmed_exact_strict
batter,2022,R,13,24304,596825.0,confirmed_exact_strict
batter,2022,R,14,21520,74163.0,confirmed_exact_strict
batter,2022,R,14,22146,79365.0,confirmed_exact_strict
batter,2022,R,14,22182,79456.0,confirmed_exact_strict
batter,2022,R,14,22396,62332.0,confirmed_exact_strict
batter,2022,R,14,22674,63920.0,confirmed_exact_strict
batter,2022,R,14,22736,65357.0,confirmed_exact_strict
batter,2022,R,14,22853,65898.0,confirmed_exact_strict
batter,2022,R,14,22882,64340.0,confirmed_exact_strict
batter,2022,R,14,23034,64906.0,confirmed_exact_strict
batter,2022,R,14,23040,64984.0,confirmed_exact_strict
batter,2022,R,14,23281,67304.0,confirmed_exact_strict
batter,2022,R,14,23282,67341.0,confirmed_exact_strict
batter,2022,R,14,23290,67363.0,confirmed_exact_strict
batter,2022,R,14,23436,68330.0,confirmed_exact_strict
batter,2022,R,14,23442,68346.0,confirmed_exact_strict
batter,2022,R,14,23464,65586.0,confirmed_exact_strict
batter,2022,R,14,23508,64657.0,confirmed_exact_strict
batter,2022,R,14,23752,69366.0,confirmed_exact_strict
batter,2022,R,14,23757,69306.0,confirmed_exact_strict
batter,2022,R,14,23976,50312.0,confirmed_exact_strict
batter,2022,R,14,23978,50357.0,confirmed_exact_strict
batter,2022,R,14,24087,51344.0,confirmed_exact_strict
batter,2022,R,14,24090,51302.0,confirmed_exact_strict
batter,2022,R,14,24091,51303.0,confirmed_exact_strict
batter,2022,R,14,24095,51307.0,confirmed_exact_strict
batter,2022,R,14,24180,52348.0,confirmed_exact_strict
batter,2022,R,14,24194,624577.0,confirmed_exact_strict
batter,2022,R,15,21992,78513.0,confirmed_exact_strict
batter,2022,R,15,22109,79608.0,confirmed_exact_strict
batter,2022,R,15,22269,60523.0,confirmed_exact_strict
batter,2022,R,15,22709,64717.0,confirmed_exact_strict
batter,2022,R,15,22893,65514.0,confirmed_exact_strict
batter,2022,R,15,23188,64022.0,confirmed_exact_strict
batter,2022,R,15,23318,62802.0,confirmed_exact_strict
batter,2022,R,15,23348,493193.0,confirmed_exact_strict
batter,2022,R,15,23349,67504.0,confirmed_exact_strict
batter,2022,R,15,23444,68362.0,confirmed_exact_strict
batter,2022,R,15,23463,68518.0,confirmed_exact_strict
batter,2022,R,15,23465,68525.0,confirmed_exact_strict
batter,2022,R,15,23466,68504.0,confirmed_exact_strict
batter,2022,R,15,23470,68507.0,confirmed_exact_strict
batter,2022,R,15,23670,64501.0,confirmed_exact_strict
batter,2022,R,15,23677,69500.0,confirmed_exact_strict
batter,2022,R,15,23681,69508.0,confirmed_exact_strict
batter,2022,R,15,23685,69517.0,confirmed_exact_strict
batter,2022,R,15,23720,69453.0,confirmed_exact_strict
batter,2022,R,15,23896,50500.0,confirmed_exact_strict
batter,2022,R,15,24210,52516.0,confirmed_exact_strict
batter,2022,R,15,24212,52591.0,confirmed_exact_strict
batter,2022,R,15,24214,52568.0,confirmed_exact_strict
batter,2022,R,15,24219,52514.0,confirmed_exact_strict
batter,2022,R,15,24221,656847.0,confirmed_exact_strict
batter,2022,R,15,24309,676646.0,confirmed_exact_strict
batter,2022,R,16,21286,72443.0,confirmed_exact_strict
batter,2022,R,16,22021,78629.0,confirmed_global_exact_fallback
batter,2022,R,16,22026,78603.0,confirmed_exact_strict
batter,2022,R,16,22146,79365.0,confirmed_exact_strict
batter,2022,R,16,22323,61353.0,confirmed_exact_strict
batter,2022,R,16,22429,62234.0,confirmed_exact_strict
batter,2022,R,16,22436,62864.0,confirmed_exact_strict
batter,2022,R,16,22523,63260.0,confirmed_exact_strict
batter,2022,R,16,22542,63722.0,confirmed_exact_strict
batter,2022,R,16,22610,62947.0,confirmed_exact_strict
batter,2022,R,16,22690,64560.0,confirmed_exact_strict
batter,2022,R,16,22749,65653.0,confirmed_exact_strict
batter,2022,R,16,22928,66614.0,confirmed_exact_strict
batter,2022,R,16,22934,66615.0,confirmed_global_exact_fallback
batter,2022,R,16,22943,66662.0,confirmed_exact_strict
batter,2022,R,16,23040,64984.0,confirmed_global_exact_fallback
batter,2022,R,16,23116,65464.0,confirmed_exact_strict
batter,2022,R,16,23144,66833.0,confirmed_exact_strict
batter,2022,R,16,23298,67644.0,confirmed_exact_strict
batter,2022,R,16,23300,67610.0,confirmed_exact_strict
batter,2022,R,16,23646,64646.0,confirmed_exact_strict
batter,2022,R,16,23664,65610.0,confirmed_exact_strict
batter,2022,R,16,23667,,unresolved_global_conflict
batter,2022,R,16,23918,50657.0,confirmed_exact_strict
batter,2022,R,16,24119,51640.0,confirmed_global_exact_fallback
batter,2022,R,16,24124,51604.0,confirmed_exact_strict
batter,2022,R,16,24264,52605.0,confirmed_exact_strict
batter,2022,R,16,24270,593647.0,confirmed_exact_strict
batter,2022,R,17,22025,78643.0,confirmed_exact_strict
batter,2022,R,17,22208,60343.0,confirmed_exact_strict
batter,2022,R,17,22379,62700.0,confirmed_exact_strict
batter,2022,R,17,22455,78288.0,confirmed_exact_strict
batter,2022,R,17,22768,63704.0,confirmed_exact_strict
batter,2022,R,17,22950,66657.0,confirmed_exact_strict
batter,2022,R,17,22963,66715.0,confirmed_exact_strict
batter,2022,R,17,22969,66707.0,confirmed_exact_strict
batter,2022,R,17,22985,65703.0,confirmed_exact_strict
batter,2022,R,17,23134,66704.0,confirmed_exact_strict
batter,2022,R,17,23244,64266.0,confirmed_exact_strict
batter,2022,R,17,23341,67760.0,confirmed_exact_strict
batter,2022,R,17,23578,68743.0,confirmed_exact_strict
batter,2022,R,17,23583,66706.0,confirmed_exact_strict
batter,2022,R,17,23584,68700.0,confirmed_exact_strict
batter,2022,R,17,23688,63700.0,confirmed_exact_strict
batter,2022,R,17,23691,69727.0,confirmed_exact_strict
batter,2022,R,17,23693,69737.0,confirmed_exact_strict
batter,2022,R,17,23698,69766.0,confirmed_exact_strict
batter,2022,R,17,23706,69706.0,confirmed_exact_strict
batter,2022,R,17,23938,50704.0,confirmed_exact_strict
batter,2022,R,17,23940,50709.0,confirmed_exact_strict
batter,2022,R,17,24128,51764.0,confirmed_exact_strict
batter,2022,R,17,24242,52764.0,confirmed_exact_strict
batter,2022,R,17,24245,666247.0,confirmed_exact_strict
batter,2022,R,17,24251,643565.0,confirmed_exact_strict
batter,2022,R,17,24297,52705.0,confirmed_exact_strict
batter,2022,R,18,21627,74540.0,confirmed_exact_strict
batter,2022,R,18,21660,75334.0,confirmed_exact_strict
batter,2022,R,18,21737,75566.0,confirmed_exact_strict
batter,2022,R,18,21999,78122.0,confirmed_exact_strict
batter,2022,R,18,22038,78756.0,confirmed_exact_strict
batter,2022,R,18,22133,79402.0,confirmed_exact_strict
batter,2022,R,18,22288,61197.0,confirmed_exact_strict
batter,2022,R,18,22315,61404.0,confirmed_exact_strict
batter,2022,R,18,22410,62404.0,confirmed_exact_strict
batter,2022,R,18,22574,63435.0,confirmed_exact_strict
batter,2022,R,18,22664,64610.0,confirmed_exact_strict
batter,2022,R,18,22695,65132.0,confirmed_exact_strict
batter,2022,R,18,23022,66409.0,confirmed_exact_strict
batter,2022,R,18,23089,66838.0,confirmed_exact_strict
batter,2022,R,18,23367,67449.0,confirmed_exact_strict
batter,2022,R,18,23405,66406.0,confirmed_exact_strict
batter,2022,R,18,23525,64407.0,confirmed_exact_strict
batter,2022,R,18,23526,68463.0,confirmed_exact_strict
batter,2022,R,18,23529,64469.0,confirmed_exact_strict
batter,2022,R,18,23531,68466.0,confirmed_exact_strict
batter,2022,R,18,23715,69428.0,confirmed_exact_strict
batter,2022,R,18,23723,69416.0,confirmed_exact_strict
batter,2022,R,18,23724,69418.0,confirmed_exact_strict
batter,2022,R,18,23726,68407.0,confirmed_exact_strict
batter,2022,R,18,23875,50458.0,confirmed_exact_strict
batter,2022,R,18,24068,51403.0,confirmed_exact_strict
batter,2022,R,18,24072,51417.0,confirmed_exact_strict
batter,2022,R,18,24074,517369.0,confirmed_exact_strict
batter,2022,R,18,24272,52415.0,confirmed_exact_strict
batter,2022,R,18,24273,52430.0,confirmed_exact_strict
batter,2022,R,18,24274,52424.0,confirmed_exact_strict
batter,2022,R,18,24278,52405.0,confirmed_exact_strict
batter,2022,R,19,21818,76232.0,confirmed_exact_strict
batter,2022,R,19,21837,76849.0,confirmed_exact_strict
batter,2022,R,19,21848,76720.0,confirmed_exact_strict
batter,2022,R,19,22066,77532.0,confirmed_exact_strict
batter,2022,R,19,22127,79215.0,confirmed_exact_strict
batter,2022,R,19,22502,78361.0,confirmed_exact_strict
batter,2022,R,19,22605,62931.0,confirmed_exact_strict
batter,2022,R,19,22606,62907.0,confirmed_exact_strict
batter,2022,R,19,22628,63905.0,confirmed_exact_strict
batter,2022,R,19,22632,63963.0,confirmed_exact_strict
batter,2022,R,19,22716,64944.0,confirmed_exact_strict
batter,2022,R,19,23001,65462.0,confirmed_exact_strict
batter,2022,R,19,23045,74465.0,confirmed_exact_strict
batter,2022,R,19,23064,65905.0,confirmed_exact_strict
batter,2022,R,19,23195,66965.0,confirmed_exact_strict
batter,2022,R,19,23197,66928.0,confirmed_exact_strict
batter,2022,R,19,23263,67993.0,confirmed_global_exact_fallback
batter,2022,R,19,23264,67900.0,confirmed_exact_strict
batter,2022,R,19,23274,67905.0,confirmed_exact_strict
batter,2022,R,19,23321,61869.0,confirmed_exact_strict
batter,2022,R,19,23521,60288.0,confirmed_exact_strict
batter,2022,R,19,23606,68904.0,confirmed_exact_strict
batter,2022,R,19,23778,69995.0,confirmed_exact_strict
batter,2022,R,19,23970,50902.0,confirmed_exact_strict
batter,2022,R,19,24075,51907.0,confirmed_exact_strict
batter,2022,R,19,24079,51996.0,confirmed_exact_strict
batter,2022,R,19,24207,605361.0,confirmed_exact_strict
batter,2022,R,20,21398,73113.0,confirmed_exact_strict
batter,2022,R,20,21990,78548.0,confirmed_exact_strict
batter,2022,R,20,22420,62556.0,confirmed_exact_strict
batter,2022,R,20,22424,62558.0,confirmed_exact_strict
batter,2022,R,20,22725,64006.0,confirmed_exact_strict
batter,2022,R,20,22727,64004.0,confirmed_exact_strict
batter,2022,R,20,22728,64012.0,confirmed_exact_strict
batter,2022,R,20,22732,64007.0,confirmed_exact_strict
batter,2022,R,20,22739,64504.0,confirmed_exact_strict
batter,2022,R,20,22771,64115.0,confirmed_exact_strict
batter,2022,R,20,22777,65040.0,confirmed_exact_strict
batter,2022,R,20,22779,64166.0,confirmed_exact_strict
batter,2022,R,20,22986,66702.0,confirmed_exact_strict
batter,2022,R,20,23113,64868.0,confirmed_exact_strict
batter,2022,R,20,23395,67063.0,confirmed_exact_strict
batter,2022,R,20,23407,67005.0,confirmed_exact_strict
batter,2022,R,20,23443,75125.0,confirmed_exact_strict
batter,2022,R,20,23471,76313.0,confirmed_exact_strict
batter,2022,R,20,23472,64014.0,confirmed_exact_strict
batter,2022,R,20,23476,68050.0,confirmed_exact_strict
batter,2022,R,20,23483,68089.0,confirmed_exact_strict
batter,2022,R,20,23492,68002.0,confirmed_exact_strict
batter,2022,R,20,23996,50007.0,confirmed_exact_strict
batter,2022,R,20,24022,51003.0,confirmed_exact_strict
batter,2022,R,20,24024,51013.0,confirmed_exact_strict
batter,2022,R,20,24034,51009.0,confirmed_exact_strict
batter,2022,R,20,24263,592656.0,confirmed_exact_strict
batter,2022,R,20,24301,546990.0,confirmed_exact_strict
batter,2022,R,21,21170,71837.0,confirmed_exact_strict
batter,2022,R,21,21696,75847.0,confirmed_exact_strict
batter,2022,R,21,21821,76267.0,confirmed_exact_strict
batter,2022,R,21,21831,76812.0,confirmed_exact_strict
batter,2022,R,21,21834,76802.0,confirmed_exact_strict
batter,2022,R,21,22245,60558.0,confirmed_exact_strict
batter,2022,R,21,22333,61743.0,confirmed_exact_strict
batter,2022,R,21,22436,62864.0,confirmed_exact_strict
batter,2022,R,21,22442,62884.0,confirmed_exact_strict
batter,2022,R,21,22443,62895.0,confirmed_exact_strict
batter,2022,R,21,22679,64499.0,confirmed_exact_strict
batter,2022,R,21,23108,65869.0,confirmed_exact_strict
batter,2022,R,21,23143,66864.0,confirmed_exact_strict
batter,2022,R,21,23319,67893.0,confirmed_exact_strict
batter,2022,R,21,23330,67807.0,confirmed_exact_strict
batter,2022,R,21,23546,68869.0,confirmed_global_exact_fallback
batter,2022,R,21,23549,68868.0,confirmed_exact_strict
batter,2022,R,21,23551,68805.0,confirmed_exact_strict
batter,2022,R,21,23626,63440.0,confirmed_exact_strict
batter,2022,R,21,23759,69813.0,confirmed_exact_strict
batter,2022,R,21,23835,69802.0,confirmed_exact_strict
batter,2022,R,21,23838,69810.0,confirmed_global_exact_fallback
batter,2022,R,21,23901,50854.0,confirmed_exact_strict
batter,2022,R,21,23911,50820.0,confirmed_exact_strict
batter,2022,R,21,24054,51865.0,confirmed_exact_strict
batter,2022,R,21,24144,425783.0,confirmed_exact_strict
batter,2022,R,21,24175,52804.0,confirmed_exact_strict
batter,2022,R,21,24177,605196.0,confirmed_exact_strict
batter,2022,R,21,24308,501571.0,confirmed_exact_strict
batter,2023,F,12,21616,74206.0,confirmed_global_exact_fallback
batter,2023,F,12,22468,63123.0,confirmed_global_exact_fallback
batter,2023,F,12,22607,62925.0,confirmed_global_exact_fallback
batter,2023,F,12,22748,64086.0,confirmed_global_exact_fallback
batter,2023,F,12,22756,64468.0,confirmed_global_exact_fallback
batter,2023,F,12,22830,66203.0,confirmed_global_exact_fallback
batter,2023,F,12,23179,65269.0,confirmed_exact_strict
batter,2023,F,12,23186,66233.0,confirmed_exact_strict
batter,2023,F,12,23197,66928.0,confirmed_exact_strict
batter,2023,F,12,23241,67202.0,confirmed_exact_strict
batter,2023,F,12,23474,64011.0,confirmed_global_exact_fallback
batter,2023,F,12,23552,68205.0,confirmed_exact_strict
batter,2023,F,12,23733,69203.0,confirmed_exact_strict
batter,2023,F,12,23734,68204.0,confirmed_exact_strict
batter,2023,F,12,23735,69238.0,confirmed_exact_strict
batter,2023,F,12,23739,69207.0,confirmed_exact_strict
batter,2023,F,12,23949,50293.0,confirmed_exact_strict
batter,2023,F,12,24227,52294.0,confirmed_exact_strict
batter,2023,F,12,24232,,unanchored_no_exact_evidence
batter,2023,F,12,24331,53293.0,confirmed_exact_strict
batter,2023,F,12,24332,53296.0,confirmed_exact_strict
batter,2023,F,12,24335,53204.0,confirmed_global_exact_fallback
batter,2023,F,12,24336,53205.0,confirmed_exact_strict
batter,2023,F,13,21945,77243.0,confirmed_global_exact_fallback
batter,2023,F,13,21968,77564.0,confirmed_global_exact_fallback
batter,2023,F,13,22103,79109.0,confirmed_global_exact_fallback
batter,2023,F,13,22106,79150.0,confirmed_global_exact_fallback
batter,2023,F,13,22500,78168.0,confirmed_exact_strict
batter,2023,F,13,22697,65115.0,confirmed_exact_strict
batter,2023,F,13,22807,,unresolved_global_conflict
batter,2023,F,13,22809,,conflict_reverse_multiple_train_ids
batter,2023,F,13,22819,66162.0,confirmed_exact_strict
batter,2023,F,13,23064,65905.0,confirmed_global_exact_fallback
batter,2023,F,13,23227,67169.0,confirmed_exact_strict
batter,2023,F,13,23234,67123.0,confirmed_exact_strict
batter,2023,F,13,23425,68100.0,confirmed_exact_strict
batter,2023,F,13,23427,68106.0,confirmed_exact_strict
batter,2023,F,13,23430,,conflict_reverse_multiple_train_ids
batter,2023,F,13,23641,,conflict_multiple_trackman_ids
batter,2023,F,13,23854,50167.0,confirmed_exact_strict
batter,2023,F,13,23855,50150.0,confirmed_exact_strict
batter,2023,F,13,23859,50108.0,confirmed_exact_strict
batter,2023,F,13,23864,,conflict_multiple_trackman_ids
batter,2023,F,13,24019,51112.0,confirmed_exact_strict
batter,2023,F,13,24158,52103.0,confirmed_exact_strict
batter,2023,F,13,24159,52105.0,confirmed_exact_strict
batter,2023,F,13,24162,52124.0,confirmed_global_exact_fallback
batter,2023,F,13,24342,53144.0,confirmed_exact_strict
batter,2023,F,13,24345,53160.0,confirmed_exact_strict
batter,2023,F,13,24348,53168.0,confirmed_exact_strict
batter,2023,F,13,24350,53105.0,confirmed_exact_strict
batter,2023,F,13,24351,,unanchored_no_exact_evidence
batter,2023,F,13,24352,53104.0,confirmed_exact_strict
batter,2023,F,13,24353,53103.0,confirmed_exact_strict
batter,2023,F,14,22182,79456.0,confirmed_exact_strict
batter,2023,F,14,22396,62332.0,confirmed_exact_strict
batter,2023,F,14,22674,63920.0,confirmed_exact_strict
batter,2023,F,14,22719,64346.0,confirmed_global_exact_fallback
batter,2023,F,14,22853,65898.0,confirmed_exact_strict
batter,2023,F,14,22882,64340.0,confirmed_exact_strict
batter,2023,F,14,23040,64984.0,confirmed_exact_strict
batter,2023,F,14,23290,67363.0,confirmed_exact_strict
batter,2023,F,14,23436,68330.0,confirmed_exact_strict
batter,2023,F,14,23442,68346.0,confirmed_exact_strict
batter,2023,F,14,23750,69332.0,confirmed_exact_strict
batter,2023,F,14,23753,69363.0,confirmed_exact_strict
batter,2023,F,14,23756,69305.0,confirmed_exact_strict
batter,2023,F,14,23757,69306.0,confirmed_global_exact_fallback
batter,2023,F,14,23975,50304.0,confirmed_global_exact_fallback
batter,2023,F,14,23976,50312.0,confirmed_global_exact_fallback
batter,2023,F,14,23978,50357.0,confirmed_exact_strict
batter,2023,F,14,24091,51303.0,confirmed_exact_strict
batter,2023,F,14,24093,51305.0,confirmed_exact_strict
batter,2023,F,14,24095,,conflict_reverse_multiple_train_ids
batter,2023,F,14,24180,52348.0,confirmed_exact_strict
batter,2023,F,14,24186,52398.0,confirmed_exact_strict
batter,2023,F,14,24187,52301.0,confirmed_exact_strict
batter,2023,F,14,24191,52305.0,confirmed_exact_strict
batter,2023,F,14,24398,53312.0,confirmed_exact_strict
batter,2023,F,14,24402,53302.0,confirmed_exact_strict
batter,2023,F,14,24403,53303.0,confirmed_exact_strict
batter,2023,F,14,24404,53304.0,confirmed_exact_strict
batter,2023,F,14,24405,,conflict_multiple_trackman_ids
batter,2023,F,14,24406,,unanchored_no_exact_evidence
batter,2023,F,14,24409,53309.0,confirmed_global_exact_fallback
batter,2023,F,15,22269,60523.0,confirmed_exact_strict
batter,2023,F,15,22514,79290.0,confirmed_global_exact_fallback
batter,2023,F,15,22709,64717.0,confirmed_exact_strict
batter,2023,F,15,22893,65514.0,confirmed_exact_strict
batter,2023,F,15,23132,66749.0,confirmed_global_exact_fallback
batter,2023,F,15,23298,67644.0,confirmed_exact_strict
batter,2023,F,15,23349,67504.0,confirmed_global_exact_fallback
batter,2023,F,15,23466,68504.0,confirmed_exact_strict
batter,2023,F,15,23470,68507.0,confirmed_exact_strict
batter,2023,F,15,23681,69508.0,confirmed_global_exact_fallback
batter,2023,F,15,23890,50507.0,confirmed_exact_strict
batter,2023,F,15,23896,50500.0,confirmed_global_exact_fallback
batter,2023,F,15,24046,51560.0,confirmed_global_exact_fallback
batter,2023,F,15,24049,51574.0,confirmed_global_exact_fallback
batter,2023,F,15,24215,,unresolved_global_conflict
batter,2023,F,15,24219,52514.0,confirmed_exact_strict
batter,2023,F,15,24375,53568.0,confirmed_exact_strict
batter,2023,F,15,24379,,unanchored_no_exact_evidence
batter,2023,F,15,24381,53598.0,confirmed_exact_strict
batter,2023,F,15,24382,53505.0,confirmed_exact_strict
batter,2023,F,15,24383,53569.0,confirmed_exact_strict
batter,2023,F,15,24385,53587.0,confirmed_exact_strict
batter,2023,F,15,24386,53597.0,confirmed_exact_strict
batter,2023,F,16,22886,66354.0,confirmed_exact_strict
batter,2023,F,16,22943,66662.0,confirmed_global_exact_fallback
batter,2023,F,16,23116,65464.0,confirmed_global_exact_fallback
batter,2023,F,16,23144,66833.0,confirmed_exact_strict
batter,2023,F,16,23147,66807.0,confirmed_exact_strict
batter,2023,F,16,23300,67610.0,confirmed_exact_strict
batter,2023,F,16,23505,68646.0,confirmed_exact_strict
batter,2023,F,16,23664,65610.0,confirmed_exact_strict
batter,2023,F,16,23667,67609.0,confirmed_exact_strict
batter,2023,F,16,23919,50600.0,confirmed_exact_strict
batter,2023,F,16,24124,51604.0,confirmed_global_exact_fallback
batter,2023,F,16,24218,,unanchored_no_exact_evidence
batter,2023,F,16,24287,52628.0,confirmed_exact_strict
batter,2023,F,16,24390,53659.0,confirmed_exact_strict
batter,2023,F,16,24396,53618.0,confirmed_exact_strict
batter,2023,F,16,24397,53619.0,confirmed_global_exact_fallback
batter,2023,F,16,24457,53611.0,confirmed_exact_strict
batter,2023,F,16,24458,53610.0,confirmed_exact_strict
batter,2023,F,17,21837,76849.0,confirmed_exact_strict
batter,2023,F,17,22379,62700.0,confirmed_exact_strict
batter,2023,F,17,22768,63704.0,confirmed_exact_strict
batter,2023,F,17,22950,66657.0,confirmed_exact_strict
batter,2023,F,17,22963,66715.0,confirmed_exact_strict
batter,2023,F,17,22985,65703.0,confirmed_exact_strict
batter,2023,F,17,23134,66704.0,confirmed_global_exact_fallback
batter,2023,F,17,23244,64266.0,confirmed_exact_strict
batter,2023,F,17,23263,67993.0,confirmed_exact_strict
batter,2023,F,17,23341,67760.0,confirmed_exact_strict
batter,2023,F,17,23578,68743.0,confirmed_exact_strict
batter,2023,F,17,23579,68707.0,confirmed_exact_strict
batter,2023,F,17,23583,66706.0,confirmed_exact_strict
batter,2023,F,17,23584,68700.0,confirmed_exact_strict
batter,2023,F,17,23686,69518.0,confirmed_global_exact_fallback
batter,2023,F,17,23698,69766.0,confirmed_exact_strict
batter,2023,F,17,23702,69702.0,confirmed_exact_strict
batter,2023,F,17,23705,69705.0,confirmed_exact_strict
batter,2023,F,17,23706,69706.0,confirmed_exact_strict
batter,2023,F,17,23940,50709.0,confirmed_exact_strict
batter,2023,F,17,24128,51764.0,confirmed_exact_strict
batter,2023,F,17,24137,51704.0,confirmed_exact_strict
batter,2023,F,17,24145,51706.0,confirmed_global_exact_fallback
batter,2023,F,17,24245,666247.0,confirmed_exact_strict
batter,2023,F,17,24296,52704.0,confirmed_exact_strict
batter,2023,F,17,24297,52705.0,confirmed_exact_strict
batter,2023,F,17,24299,52710.0,confirmed_global_exact_fallback
batter,2023,F,17,24357,53795.0,confirmed_exact_strict
batter,2023,F,17,24359,,unanchored_no_exact_evidence
batter,2023,F,17,24362,53705.0,confirmed_exact_strict
batter,2023,F,17,24366,53710.0,confirmed_exact_strict
batter,2023,F,17,24368,53715.0,confirmed_exact_strict
batter,2023,F,17,24371,657434.0,confirmed_exact_strict
batter,2023,F,18,21278,,unresolved_global_conflict
batter,2023,F,18,22315,61404.0,confirmed_exact_strict
batter,2023,F,18,22777,65040.0,confirmed_exact_strict
batter,2023,F,18,23405,66406.0,confirmed_exact_strict
batter,2023,F,18,23525,64407.0,confirmed_exact_strict
batter,2023,F,18,23526,68463.0,confirmed_exact_strict
batter,2023,F,18,23529,64469.0,confirmed_exact_strict
batter,2023,F,18,23531,68466.0,confirmed_global_exact_fallback
batter,2023,F,18,23712,69403.0,confirmed_exact_strict
batter,2023,F,18,23715,69428.0,confirmed_exact_strict
batter,2023,F,18,23718,69442.0,confirmed_exact_strict
batter,2023,F,18,23726,68407.0,confirmed_global_exact_fallback
batter,2023,F,18,23877,50414.0,confirmed_exact_strict
batter,2023,F,18,24066,51466.0,confirmed_exact_strict
batter,2023,F,18,24068,51403.0,confirmed_exact_strict
batter,2023,F,18,24278,52405.0,confirmed_exact_strict
batter,2023,F,18,24280,52402.0,confirmed_exact_strict
batter,2023,F,18,24282,,unanchored_no_exact_evidence
batter,2023,F,18,24413,53400.0,confirmed_exact_strict
batter,2023,F,18,24418,53404.0,confirmed_exact_strict
batter,2023,F,18,24419,,unanchored_no_exact_evidence
batter,2023,F,18,24421,53416.0,confirmed_exact_strict
batter,2023,F,19,22716,64944.0,confirmed_exact_strict
batter,2023,F,19,22808,64101.0,confirmed_exact_strict
batter,2023,F,19,23000,65412.0,confirmed_exact_strict
batter,2023,F,19,23064,65905.0,confirmed_exact_strict
batter,2023,F,19,23205,66963.0,confirmed_global_exact_fallback
batter,2023,F,19,23264,67900.0,confirmed_exact_strict
batter,2023,F,19,23274,67905.0,confirmed_global_exact_fallback
batter,2023,F,19,23321,61869.0,confirmed_exact_strict
batter,2023,F,19,23602,68912.0,confirmed_global_exact_fallback
batter,2023,F,19,23606,68904.0,confirmed_exact_strict
batter,2023,F,19,23608,68909.0,confirmed_exact_strict
batter,2023,F,19,23773,69980.0,confirmed_exact_strict
batter,2023,F,19,23780,69900.0,confirmed_exact_strict
batter,2023,F,19,23965,50996.0,confirmed_global_exact_fallback
batter,2023,F,19,23974,50906.0,confirmed_exact_strict
batter,2023,F,19,24079,51996.0,confirmed_exact_strict
batter,2023,F,19,24134,51701.0,confirmed_global_exact_fallback
batter,2023,F,19,24206,52906.0,confirmed_global_exact_fallback
batter,2023,F,19,24315,53992.0,confirmed_global_exact_fallback
batter,2023,F,19,24325,53990.0,confirmed_exact_strict
batter,2023,F,20,22420,62556.0,confirmed_global_exact_fallback
batter,2023,F,20,22728,64012.0,confirmed_global_exact_fallback
batter,2023,F,20,22732,64007.0,confirmed_global_exact_fallback
batter,2023,F,20,22739,64504.0,confirmed_global_exact_fallback
batter,2023,F,20,22779,64166.0,confirmed_global_exact_fallback
batter,2023,F,20,22986,,unresolved_global_conflict
batter,2023,F,20,23395,67063.0,confirmed_global_exact_fallback
batter,2023,F,20,23396,67006.0,confirmed_global_exact_fallback
batter,2023,F,20,23472,64014.0,confirmed_global_exact_fallback
batter,2023,F,20,23481,68069.0,confirmed_global_exact_fallback
batter,2023,F,20,23493,68003.0,confirmed_global_exact_fallback
batter,2023,F,20,23789,69064.0,confirmed_global_exact_fallback
batter,2023,F,20,23793,,unanchored_no_exact_evidence
batter,2023,F,20,23989,50066.0,confirmed_global_exact_fallback
batter,2023,F,20,23996,50007.0,confirmed_global_exact_fallback
batter,2023,F,20,24029,,unanchored_no_exact_evidence
batter,2023,F,20,24031,51005.0,confirmed_global_exact_fallback
batter,2023,F,20,24260,52002.0,confirmed_global_exact_fallback
batter,2023,F,20,24426,53058.0,confirmed_global_exact_fallback
batter,2023,F,20,24427,53057.0,confirmed_global_exact_fallback
batter,2023,F,20,24430,53036.0,confirmed_global_exact_fallback
batter,2023,F,20,24437,,unanchored_no_exact_evidence
batter,2023,F,20,24438,,unanchored_no_exact_evidence
batter,2023,F,21,21831,76812.0,confirmed_exact_strict
batter,2023,F,21,21834,76802.0,confirmed_global_exact_fallback
batter,2023,F,21,22442,62884.0,confirmed_exact_strict
batter,2023,F,21,22443,62895.0,confirmed_global_exact_fallback
batter,2023,F,21,23143,66864.0,confirmed_exact_strict
batter,2023,F,21,23193,66917.0,confirmed_exact_strict
batter,2023,F,21,23330,67807.0,confirmed_exact_strict
batter,2023,F,21,23546,68869.0,confirmed_exact_strict
batter,2023,F,21,23549,68868.0,confirmed_exact_strict
batter,2023,F,21,23551,68805.0,confirmed_global_exact_fallback
batter,2023,F,21,23626,63440.0,confirmed_exact_strict
batter,2023,F,21,23759,69813.0,confirmed_global_exact_fallback
batter,2023,F,21,23835,69802.0,confirmed_exact_strict
batter,2023,F,21,23837,69805.0,confirmed_exact_strict
batter,2023,F,21,23838,69810.0,confirmed_exact_strict
batter,2023,F,21,23905,50819.0,confirmed_exact_strict
batter,2023,F,21,23906,50868.0,confirmed_exact_strict
batter,2023,F,21,23911,50820.0,confirmed_exact_strict
batter,2023,F,21,24050,51868.0,confirmed_exact_strict
batter,2023,F,21,24054,51865.0,confirmed_global_exact_fallback
batter,2023,F,21,24174,52805.0,confirmed_global_exact_fallback
batter,2023,F,21,24442,53844.0,confirmed_exact_strict
batter,2023,F,21,24443,53865.0,confirmed_exact_strict
batter,2023,F,21,24445,53893.0,confirmed_exact_strict
batter,2023,F,21,24448,53803.0,confirmed_exact_strict
batter,2023,F,23,22725,64006.0,confirmed_global_exact_fallback
batter,2023,F,23,22956,66606.0,confirmed_global_exact_fallback
batter,2023,F,23,23193,66917.0,confirmed_global_exact_fallback
batter,2023,F,23,23444,68362.0,confirmed_global_exact_fallback
batter,2023,F,23,23452,68305.0,confirmed_global_exact_fallback
batter,2023,F,23,23645,69100.0,confirmed_global_exact_fallback
batter,2023,F,23,23718,,unresolved_global_conflict
batter,2023,F,23,23724,69418.0,confirmed_global_exact_fallback
batter,2023,F,23,23776,69992.0,confirmed_global_exact_fallback
batter,2023,F,23,23918,50657.0,confirmed_global_exact_fallback
batter,2023,F,23,23939,50707.0,confirmed_global_exact_fallback
batter,2023,F,23,23990,50054.0,confirmed_global_exact_fallback
batter,2023,F,23,24010,51100.0,confirmed_global_exact_fallback
batter,2023,F,23,24022,,unresolved_global_conflict
batter,2023,F,23,24040,51551.0,confirmed_global_exact_fallback
batter,2023,F,23,24041,51528.0,confirmed_global_exact_fallback
batter,2023,F,23,24090,51302.0,confirmed_global_exact_fallback
batter,2023,F,23,24106,51298.0,confirmed_global_exact_fallback
batter,2023,F,23,24128,51764.0,confirmed_global_exact_fallback
batter,2023,F,23,24132,51762.0,confirmed_global_exact_fallback
batter,2023,F,23,24210,52516.0,confirmed_global_exact_fallback
batter,2023,F,23,24214,52568.0,confirmed_global_exact_fallback
batter,2023,F,23,24242,52764.0,confirmed_global_exact_fallback
batter,2023,F,23,24274,52424.0,confirmed_global_exact_fallback
batter,2023,R,12,21616,74206.0,confirmed_exact_strict
batter,2023,R,12,21818,76232.0,confirmed_exact_strict
batter,2023,R,12,22013,78224.0,confirmed_exact_strict
batter,2023,R,12,22126,79240.0,confirmed_exact_strict
batter,2023,R,12,22130,79231.0,confirmed_exact_strict
batter,2023,R,12,22468,63123.0,confirmed_exact_strict
batter,2023,R,12,22521,63202.0,confirmed_exact_strict
batter,2023,R,12,22522,63257.0,confirmed_exact_strict
batter,2023,R,12,22607,62925.0,confirmed_exact_strict
batter,2023,R,12,22693,64153.0,confirmed_exact_strict
batter,2023,R,12,22748,64086.0,confirmed_exact_strict
batter,2023,R,12,22756,64468.0,confirmed_exact_strict
batter,2023,R,12,22830,66203.0,confirmed_exact_strict
batter,2023,R,12,22839,66209.0,confirmed_exact_strict
batter,2023,R,12,23179,65269.0,confirmed_exact_strict
batter,2023,R,12,23186,66233.0,confirmed_exact_strict
batter,2023,R,12,23197,66928.0,confirmed_exact_strict
batter,2023,R,12,23241,67202.0,confirmed_exact_strict
batter,2023,R,12,23243,67207.0,confirmed_exact_strict
batter,2023,R,12,23474,64011.0,confirmed_exact_strict
batter,2023,R,12,23552,68205.0,confirmed_exact_strict
batter,2023,R,12,23733,69203.0,confirmed_exact_strict
batter,2023,R,12,23734,68204.0,confirmed_exact_strict
batter,2023,R,12,23735,69238.0,confirmed_exact_strict
batter,2023,R,12,23739,69207.0,confirmed_exact_strict
batter,2023,R,12,23945,50204.0,confirmed_exact_strict
batter,2023,R,12,23949,50293.0,confirmed_exact_strict
batter,2023,R,12,24098,51203.0,confirmed_exact_strict
batter,2023,R,12,24341,670351.0,confirmed_exact_strict
batter,2023,R,13,21945,77243.0,confirmed_exact_strict
batter,2023,R,13,21968,77564.0,confirmed_exact_strict
batter,2023,R,13,22103,79109.0,confirmed_exact_strict
batter,2023,R,13,22106,79150.0,confirmed_exact_strict
batter,2023,R,13,22146,79365.0,confirmed_exact_strict
batter,2023,R,13,22287,61186.0,confirmed_exact_strict
batter,2023,R,13,22500,78168.0,confirmed_exact_strict
batter,2023,R,13,22660,62415.0,confirmed_exact_strict
batter,2023,R,13,22697,65115.0,confirmed_exact_strict
batter,2023,R,13,22809,66112.0,confirmed_exact_strict
batter,2023,R,13,22816,66108.0,confirmed_exact_strict
batter,2023,R,13,22819,66162.0,confirmed_exact_strict
batter,2023,R,13,22831,65207.0,confirmed_exact_strict
batter,2023,R,13,23064,65905.0,confirmed_exact_strict
batter,2023,R,13,23234,67123.0,confirmed_exact_strict
batter,2023,R,13,23420,76290.0,confirmed_exact_strict
batter,2023,R,13,23427,68106.0,confirmed_exact_strict
batter,2023,R,13,23430,68110.0,confirmed_exact_strict
batter,2023,R,13,23433,68119.0,confirmed_exact_strict
batter,2023,R,13,23639,69102.0,confirmed_exact_strict
batter,2023,R,13,23854,50167.0,confirmed_exact_strict
batter,2023,R,13,23855,50150.0,confirmed_exact_strict
batter,2023,R,13,24342,53144.0,confirmed_exact_strict
batter,2023,R,13,24350,53105.0,confirmed_exact_strict
batter,2023,R,13,24354,621573.0,confirmed_exact_strict
batter,2023,R,14,21520,74163.0,confirmed_exact_strict
batter,2023,R,14,21737,75566.0,confirmed_exact_strict
batter,2023,R,14,21996,78135.0,confirmed_exact_strict
batter,2023,R,14,22182,79456.0,confirmed_exact_strict
batter,2023,R,14,22396,62332.0,confirmed_exact_strict
batter,2023,R,14,22674,63920.0,confirmed_exact_strict
batter,2023,R,14,22719,64346.0,confirmed_exact_strict
batter,2023,R,14,22736,65357.0,confirmed_exact_strict
batter,2023,R,14,22853,65898.0,confirmed_exact_strict
batter,2023,R,14,22882,64340.0,confirmed_exact_strict
batter,2023,R,14,23040,64984.0,confirmed_exact_strict
batter,2023,R,14,23281,67304.0,confirmed_exact_strict
batter,2023,R,14,23282,67341.0,confirmed_exact_strict
batter,2023,R,14,23290,67363.0,confirmed_exact_strict
batter,2023,R,14,23436,68330.0,confirmed_exact_strict
batter,2023,R,14,23442,68346.0,confirmed_exact_strict
batter,2023,R,14,23464,65586.0,confirmed_exact_strict
batter,2023,R,14,23508,64657.0,confirmed_exact_strict
batter,2023,R,14,23750,69332.0,confirmed_exact_strict
batter,2023,R,14,23757,69306.0,confirmed_exact_strict
batter,2023,R,14,23854,50167.0,confirmed_exact_strict
batter,2023,R,14,23975,50304.0,confirmed_exact_strict
batter,2023,R,14,23976,50312.0,confirmed_exact_strict
batter,2023,R,14,23978,50357.0,confirmed_exact_strict
batter,2023,R,14,24007,608365.0,confirmed_exact_strict
batter,2023,R,14,24087,51344.0,confirmed_exact_strict
batter,2023,R,14,24091,51303.0,confirmed_exact_strict
batter,2023,R,14,24180,52348.0,confirmed_exact_strict
batter,2023,R,14,24191,52305.0,confirmed_exact_strict
batter,2023,R,14,24398,53312.0,confirmed_exact_strict
batter,2023,R,14,24400,53344.0,confirmed_exact_strict
batter,2023,R,14,24402,53302.0,confirmed_exact_strict
batter,2023,R,14,24403,53303.0,confirmed_exact_strict
batter,2023,R,14,24466,669008.0,confirmed_exact_strict
batter,2023,R,15,21992,78513.0,confirmed_exact_strict
batter,2023,R,15,22109,79608.0,confirmed_exact_strict
batter,2023,R,15,22269,60523.0,confirmed_exact_strict
batter,2023,R,15,22283,61102.0,confirmed_exact_strict
batter,2023,R,15,22514,79290.0,confirmed_exact_strict
batter,2023,R,15,22605,62931.0,confirmed_exact_strict
batter,2023,R,15,22709,64717.0,confirmed_exact_strict
batter,2023,R,15,23298,67644.0,confirmed_exact_strict
batter,2023,R,15,23318,62802.0,confirmed_exact_strict
batter,2023,R,15,23349,67504.0,confirmed_exact_strict
batter,2023,R,15,23463,68518.0,confirmed_exact_strict
batter,2023,R,15,23465,68525.0,confirmed_exact_strict
batter,2023,R,15,23470,68507.0,confirmed_exact_strict
batter,2023,R,15,23681,69508.0,confirmed_exact_strict
batter,2023,R,15,23685,69517.0,confirmed_exact_strict
batter,2023,R,15,23720,69453.0,confirmed_exact_strict
batter,2023,R,15,23896,50500.0,confirmed_exact_strict
batter,2023,R,15,23948,50202.0,confirmed_exact_strict
batter,2023,R,15,24041,51528.0,confirmed_exact_strict
batter,2023,R,15,24058,51803.0,confirmed_exact_strict
batter,2023,R,15,24212,52591.0,confirmed_exact_strict
batter,2023,R,15,24215,52504.0,confirmed_exact_strict
batter,2023,R,15,24309,676646.0,confirmed_exact_strict
batter,2023,R,15,24372,53554.0,confirmed_exact_strict
batter,2023,R,15,24375,53568.0,confirmed_exact_strict
batter,2023,R,15,24382,53505.0,confirmed_global_exact_fallback
batter,2023,R,15,24383,53569.0,confirmed_exact_strict
batter,2023,R,15,24385,53587.0,confirmed_exact_strict
batter,2023,R,15,24464,592348.0,confirmed_exact_strict
batter,2023,R,16,21286,72443.0,confirmed_exact_strict
batter,2023,R,16,21999,78122.0,confirmed_exact_strict
batter,2023,R,16,22026,78603.0,confirmed_exact_strict
batter,2023,R,16,22323,61353.0,confirmed_exact_strict
batter,2023,R,16,22429,62234.0,confirmed_exact_strict
batter,2023,R,16,22523,63260.0,confirmed_exact_strict
batter,2023,R,16,22542,63722.0,confirmed_exact_strict
batter,2023,R,16,22610,62947.0,confirmed_exact_strict
batter,2023,R,16,22690,64560.0,confirmed_exact_strict
batter,2023,R,16,22749,65653.0,confirmed_exact_strict
batter,2023,R,16,22886,66354.0,confirmed_exact_strict
batter,2023,R,16,22928,66614.0,confirmed_exact_strict
batter,2023,R,16,22943,66662.0,confirmed_exact_strict
batter,2023,R,16,22956,66606.0,confirmed_exact_strict
batter,2023,R,16,23116,65464.0,confirmed_exact_strict
batter,2023,R,16,23300,67610.0,confirmed_exact_strict
batter,2023,R,16,23505,68646.0,confirmed_exact_strict
batter,2023,R,16,23646,64646.0,confirmed_exact_strict
batter,2023,R,16,23662,69636.0,confirmed_exact_strict
batter,2023,R,16,23664,65610.0,confirmed_exact_strict
batter,2023,R,16,23667,67609.0,confirmed_exact_strict
batter,2023,R,16,23691,69727.0,confirmed_exact_strict
batter,2023,R,16,23919,50600.0,confirmed_exact_strict
batter,2023,R,16,24124,51604.0,confirmed_global_exact_fallback
batter,2023,R,16,24264,52605.0,confirmed_exact_strict
batter,2023,R,16,24266,52667.0,confirmed_global_exact_fallback
batter,2023,R,16,24270,593647.0,confirmed_exact_strict
batter,2023,R,17,21837,,conflict_multiple_trackman_ids
batter,2023,R,17,22038,78756.0,confirmed_exact_strict
batter,2023,R,17,22102,79192.0,confirmed_exact_strict
batter,2023,R,17,22379,62700.0,confirmed_exact_strict
batter,2023,R,17,22455,78288.0,confirmed_exact_strict
batter,2023,R,17,22768,63704.0,confirmed_exact_strict
batter,2023,R,17,22950,66657.0,confirmed_exact_strict
batter,2023,R,17,22963,66715.0,confirmed_exact_strict
batter,2023,R,17,22969,66707.0,confirmed_exact_strict
batter,2023,R,17,22985,65703.0,confirmed_exact_strict
batter,2023,R,17,23134,66704.0,confirmed_exact_strict
batter,2023,R,17,23244,64266.0,confirmed_exact_strict
batter,2023,R,17,23263,67993.0,confirmed_exact_strict
batter,2023,R,17,23578,,conflict_reverse_multiple_train_ids
batter,2023,R,17,23583,66706.0,confirmed_exact_strict
batter,2023,R,17,23584,68700.0,confirmed_exact_strict
batter,2023,R,17,23688,63700.0,confirmed_global_exact_fallback
batter,2023,R,17,23693,69737.0,confirmed_exact_strict
batter,2023,R,17,23698,69766.0,confirmed_exact_strict
batter,2023,R,17,23702,69702.0,confirmed_exact_strict
batter,2023,R,17,23706,69706.0,confirmed_exact_strict
batter,2023,R,17,23939,50707.0,confirmed_exact_strict
batter,2023,R,17,23940,50709.0,confirmed_exact_strict
batter,2023,R,17,24145,51706.0,confirmed_exact_strict
batter,2023,R,17,24245,666247.0,confirmed_exact_strict
batter,2023,R,17,24296,52704.0,confirmed_exact_strict
batter,2023,R,17,24297,52705.0,confirmed_global_exact_fallback
batter,2023,R,17,24356,53764.0,confirmed_exact_strict
batter,2023,R,17,24357,53795.0,confirmed_exact_strict
batter,2023,R,17,24371,657434.0,confirmed_exact_strict
batter,2023,R,17,24462,608384.0,confirmed_exact_strict
batter,2023,R,18,21278,64793.0,confirmed_exact_strict
batter,2023,R,18,21627,74540.0,confirmed_exact_strict
batter,2023,R,18,21660,75334.0,confirmed_exact_strict
batter,2023,R,18,21737,75566.0,confirmed_exact_strict
batter,2023,R,18,21999,78122.0,confirmed_exact_strict
batter,2023,R,18,22315,61404.0,confirmed_exact_strict
batter,2023,R,18,22410,62404.0,confirmed_exact_strict
batter,2023,R,18,22429,62234.0,confirmed_exact_strict
batter,2023,R,18,22621,63960.0,confirmed_exact_strict
batter,2023,R,18,22664,64610.0,confirmed_exact_strict
batter,2023,R,18,22695,65132.0,confirmed_exact_strict
batter,2023,R,18,22777,65040.0,confirmed_exact_strict
batter,2023,R,18,23022,66409.0,confirmed_exact_strict
batter,2023,R,18,23089,66838.0,confirmed_exact_strict
batter,2023,R,18,23367,67449.0,confirmed_exact_strict
batter,2023,R,18,23405,66406.0,confirmed_exact_strict
batter,2023,R,18,23525,64407.0,confirmed_exact_strict
batter,2023,R,18,23526,68463.0,confirmed_exact_strict
batter,2023,R,18,23529,64469.0,confirmed_exact_strict
batter,2023,R,18,23531,68466.0,confirmed_exact_strict
batter,2023,R,18,23715,69428.0,confirmed_exact_strict
batter,2023,R,18,23718,69442.0,confirmed_exact_strict
batter,2023,R,18,23723,69416.0,confirmed_exact_strict
batter,2023,R,18,23726,68407.0,confirmed_exact_strict
batter,2023,R,18,23875,50458.0,confirmed_exact_strict
batter,2023,R,18,24068,51403.0,confirmed_exact_strict
batter,2023,R,18,24072,51417.0,confirmed_exact_strict
batter,2023,R,18,24074,517369.0,confirmed_exact_strict
batter,2023,R,18,24272,52415.0,confirmed_exact_strict
batter,2023,R,18,24273,52430.0,confirmed_exact_strict
batter,2023,R,18,24278,52405.0,confirmed_exact_strict
batter,2023,R,18,24280,52402.0,confirmed_exact_strict
batter,2023,R,18,24413,53400.0,confirmed_exact_strict
batter,2023,R,18,24416,53460.0,confirmed_exact_strict
batter,2023,R,18,24418,53404.0,confirmed_exact_strict
batter,2023,R,19,22066,77532.0,confirmed_exact_strict
batter,2023,R,19,22127,79215.0,confirmed_exact_strict
batter,2023,R,19,22430,62244.0,confirmed_exact_strict
batter,2023,R,19,22606,62907.0,confirmed_exact_strict
batter,2023,R,19,22612,62934.0,confirmed_exact_strict
batter,2023,R,19,22628,63905.0,confirmed_exact_strict
batter,2023,R,19,22632,63963.0,confirmed_exact_strict
batter,2023,R,19,22716,64944.0,confirmed_exact_strict
batter,2023,R,19,22808,64101.0,confirmed_exact_strict
batter,2023,R,19,23045,74465.0,confirmed_exact_strict
batter,2023,R,19,23188,64022.0,confirmed_exact_strict
batter,2023,R,19,23195,66965.0,confirmed_exact_strict
batter,2023,R,19,23264,67900.0,confirmed_exact_strict
batter,2023,R,19,23274,67905.0,confirmed_exact_strict
batter,2023,R,19,23602,68912.0,confirmed_exact_strict
batter,2023,R,19,23606,68904.0,confirmed_exact_strict
batter,2023,R,19,23608,68909.0,confirmed_exact_strict
batter,2023,R,19,23771,,unanchored_no_exact_evidence
batter,2023,R,19,23776,69992.0,confirmed_exact_strict
batter,2023,R,19,23778,69995.0,confirmed_exact_strict
batter,2023,R,19,23780,69900.0,confirmed_exact_strict
batter,2023,R,19,23970,50902.0,confirmed_exact_strict
batter,2023,R,19,23974,50906.0,confirmed_exact_strict
batter,2023,R,19,24075,51907.0,confirmed_exact_strict
batter,2023,R,19,24077,51991.0,confirmed_exact_strict
batter,2023,R,19,24079,51996.0,confirmed_exact_strict
batter,2023,R,19,24134,51701.0,confirmed_exact_strict
batter,2023,R,19,24315,53992.0,confirmed_exact_strict
batter,2023,R,19,24326,641829.0,confirmed_exact_strict
batter,2023,R,20,21398,73113.0,confirmed_exact_strict
batter,2023,R,20,21990,78548.0,confirmed_exact_strict
batter,2023,R,20,22133,79402.0,confirmed_exact_strict
batter,2023,R,20,22420,62556.0,confirmed_exact_strict
batter,2023,R,20,22424,62558.0,confirmed_exact_strict
batter,2023,R,20,22626,60566.0,confirmed_exact_strict
batter,2023,R,20,22727,64004.0,confirmed_exact_strict
batter,2023,R,20,22728,64012.0,confirmed_exact_strict
batter,2023,R,20,22732,64007.0,confirmed_exact_strict
batter,2023,R,20,22739,64504.0,confirmed_exact_strict
batter,2023,R,20,22771,64115.0,confirmed_exact_strict
batter,2023,R,20,22779,64166.0,confirmed_exact_strict
batter,2023,R,20,22986,66702.0,confirmed_exact_strict
batter,2023,R,20,23113,64868.0,confirmed_exact_strict
batter,2023,R,20,23395,67063.0,confirmed_exact_strict
batter,2023,R,20,23396,67006.0,confirmed_exact_strict
batter,2023,R,20,23407,67005.0,confirmed_exact_strict
batter,2023,R,20,23443,75125.0,confirmed_exact_strict
batter,2023,R,20,23466,68504.0,confirmed_exact_strict
batter,2023,R,20,23471,76313.0,confirmed_exact_strict
batter,2023,R,20,23472,64014.0,confirmed_exact_strict
batter,2023,R,20,23476,68050.0,confirmed_exact_strict
batter,2023,R,20,23788,69056.0,confirmed_exact_strict
batter,2023,R,20,23789,69064.0,confirmed_exact_strict
batter,2023,R,20,23989,50066.0,confirmed_exact_strict
batter,2023,R,20,23996,50007.0,confirmed_exact_strict
batter,2023,R,20,24260,52002.0,confirmed_global_exact_fallback
batter,2023,R,20,24301,546990.0,confirmed_exact_strict
batter,2023,R,20,24426,53058.0,confirmed_exact_strict
batter,2023,R,20,24427,53057.0,confirmed_exact_strict
batter,2023,R,20,24430,53036.0,confirmed_exact_strict
batter,2023,R,21,21170,71837.0,confirmed_exact_strict
batter,2023,R,21,21696,75847.0,confirmed_exact_strict
batter,2023,R,21,21821,76267.0,confirmed_exact_strict
batter,2023,R,21,21831,76812.0,confirmed_exact_strict
batter,2023,R,21,21834,76802.0,confirmed_exact_strict
batter,2023,R,21,22245,60558.0,confirmed_exact_strict
batter,2023,R,21,22436,62864.0,confirmed_exact_strict
batter,2023,R,21,22442,62884.0,confirmed_exact_strict
batter,2023,R,21,22443,62895.0,confirmed_exact_strict
batter,2023,R,21,22607,62925.0,confirmed_exact_strict
batter,2023,R,21,23143,66864.0,confirmed_exact_strict
batter,2023,R,21,23193,66917.0,confirmed_exact_strict
batter,2023,R,21,23319,67893.0,confirmed_exact_strict
batter,2023,R,21,23330,67807.0,confirmed_exact_strict
batter,2023,R,21,23549,68868.0,confirmed_exact_strict
batter,2023,R,21,23551,68805.0,confirmed_exact_strict
batter,2023,R,21,23626,63440.0,confirmed_exact_strict
batter,2023,R,21,23759,69813.0,confirmed_exact_strict
batter,2023,R,21,23835,69802.0,confirmed_exact_strict
batter,2023,R,21,23901,50854.0,confirmed_exact_strict
batter,2023,R,21,23906,50868.0,confirmed_exact_strict
batter,2023,R,21,23911,50820.0,confirmed_exact_strict
batter,2023,R,21,24050,51868.0,confirmed_exact_strict
batter,2023,R,21,24054,51865.0,confirmed_exact_strict
batter,2023,R,21,24144,425783.0,confirmed_exact_strict
batter,2023,R,21,24439,628338.0,confirmed_exact_strict
batter,2023,R,21,24442,53844.0,confirmed_exact_strict
batter,2023,R,21,24443,53865.0,confirmed_exact_strict
batter,2024,F,12,21616,74206.0,confirmed_exact_strict
batter,2024,F,12,22126,79240.0,confirmed_exact_strict
batter,2024,F,12,22830,66203.0,confirmed_exact_strict
batter,2024,F,12,23186,66233.0,confirmed_exact_strict
batter,2024,F,12,23197,66928.0,confirmed_exact_strict
batter,2024,F,12,23474,64011.0,confirmed_exact_strict
batter,2024,F,12,23552,68205.0,confirmed_exact_strict
batter,2024,F,12,23734,68204.0,confirmed_exact_strict
batter,2024,F,12,23735,69238.0,confirmed_exact_strict
batter,2024,F,12,23739,69207.0,confirmed_exact_strict
batter,2024,F,12,23945,50204.0,confirmed_exact_strict
batter,2024,F,12,23946,50244.0,confirmed_exact_strict
batter,2024,F,12,23949,,conflict_multiple_trackman_ids
batter,2024,F,12,23957,50208.0,confirmed_exact_strict
batter,2024,F,12,24101,51269.0,confirmed_exact_strict
batter,2024,F,12,24108,51200.0,confirmed_exact_strict
batter,2024,F,12,24225,52267.0,confirmed_exact_strict
batter,2024,F,12,24230,52210.0,confirmed_exact_strict
batter,2024,F,12,24235,52208.0,confirmed_exact_strict
batter,2024,F,12,24236,52209.0,confirmed_exact_strict
batter,2024,F,12,24331,53293.0,confirmed_exact_strict
batter,2024,F,12,24332,53296.0,confirmed_exact_strict
batter,2024,F,12,24335,53204.0,confirmed_exact_strict
batter,2024,F,12,24528,54205.0,confirmed_exact_strict
batter,2024,F,12,24529,54236.0,confirmed_exact_strict
batter,2024,F,12,24530,54268.0,confirmed_exact_strict
batter,2024,F,12,24532,54214.0,confirmed_exact_strict
batter,2024,F,12,24534,,conflict_reverse_multiple_train_ids
batter,2024,F,12,24536,54219.0,confirmed_exact_strict
batter,2024,F,13,21945,77243.0,confirmed_exact_strict
batter,2024,F,13,22103,79109.0,confirmed_global_exact_fallback
batter,2024,F,13,22146,79365.0,confirmed_global_exact_fallback
batter,2024,F,13,22697,65115.0,confirmed_exact_strict
batter,2024,F,13,22819,66162.0,confirmed_exact_strict
batter,2024,F,13,23064,65905.0,confirmed_exact_strict
batter,2024,F,13,23234,67123.0,confirmed_exact_strict
batter,2024,F,13,23349,67504.0,confirmed_exact_strict
batter,2024,F,13,23427,68106.0,confirmed_exact_strict
batter,2024,F,13,23429,68109.0,confirmed_exact_strict
batter,2024,F,13,23430,68110.0,confirmed_exact_strict
batter,2024,F,13,23433,68119.0,confirmed_exact_strict
batter,2024,F,13,23487,68096.0,confirmed_global_exact_fallback
batter,2024,F,13,23641,69105.0,confirmed_exact_strict
batter,2024,F,13,23859,50108.0,confirmed_exact_strict
batter,2024,F,13,23864,50115.0,confirmed_exact_strict
batter,2024,F,13,23995,50096.0,confirmed_exact_strict
batter,2024,F,13,24010,51100.0,confirmed_exact_strict
batter,2024,F,13,24014,51103.0,confirmed_global_exact_fallback
batter,2024,F,13,24016,51106.0,confirmed_exact_strict
batter,2024,F,13,24019,51112.0,confirmed_exact_strict
batter,2024,F,13,24034,51009.0,confirmed_exact_strict
batter,2024,F,13,24155,52154.0,confirmed_exact_strict
batter,2024,F,13,24158,52103.0,confirmed_exact_strict
batter,2024,F,13,24159,52105.0,confirmed_exact_strict
batter,2024,F,13,24160,52121.0,confirmed_exact_strict
batter,2024,F,13,24342,53144.0,confirmed_exact_strict
batter,2024,F,13,24479,54166.0,confirmed_exact_strict
batter,2024,F,13,24480,54156.0,confirmed_exact_strict
batter,2024,F,13,24481,54164.0,confirmed_exact_strict
batter,2024,F,13,24489,54107.0,confirmed_exact_strict
batter,2024,F,13,24490,54108.0,confirmed_exact_strict
batter,2024,F,13,24491,54110.0,confirmed_exact_strict
batter,2024,F,13,24492,54112.0,confirmed_exact_strict
batter,2024,F,13,24493,54116.0,confirmed_exact_strict
batter,2024,F,13,24620,54123.0,confirmed_exact_strict
batter,2024,F,14,21520,74163.0,confirmed_global_exact_fallback
batter,2024,F,14,21996,78135.0,confirmed_exact_strict
batter,2024,F,14,22719,64346.0,confirmed_exact_strict
batter,2024,F,14,22853,65898.0,confirmed_exact_strict
batter,2024,F,14,22882,64340.0,confirmed_exact_strict
batter,2024,F,14,23040,64984.0,confirmed_exact_strict
batter,2024,F,14,23436,68330.0,confirmed_exact_strict
batter,2024,F,14,23442,68346.0,confirmed_exact_strict
batter,2024,F,14,23452,68305.0,confirmed_global_exact_fallback
batter,2024,F,14,23750,69332.0,confirmed_exact_strict
batter,2024,F,14,23752,69366.0,confirmed_exact_strict
batter,2024,F,14,23753,69363.0,confirmed_exact_strict
batter,2024,F,14,23757,69306.0,confirmed_exact_strict
batter,2024,F,14,23975,50304.0,confirmed_exact_strict
batter,2024,F,14,23976,50312.0,confirmed_exact_strict
batter,2024,F,14,23978,50357.0,confirmed_exact_strict
batter,2024,F,14,24086,51359.0,confirmed_exact_strict
batter,2024,F,14,24091,51303.0,confirmed_exact_strict
batter,2024,F,14,24180,52348.0,confirmed_exact_strict
batter,2024,F,14,24191,52305.0,confirmed_exact_strict
batter,2024,F,14,24398,53312.0,confirmed_global_exact_fallback
batter,2024,F,14,24400,53344.0,confirmed_global_exact_fallback
batter,2024,F,14,24402,53302.0,confirmed_exact_strict
batter,2024,F,14,24403,53303.0,confirmed_exact_strict
batter,2024,F,14,24405,53305.0,confirmed_exact_strict
batter,2024,F,14,24407,53307.0,confirmed_exact_strict
batter,2024,F,14,24408,53308.0,confirmed_exact_strict
batter,2024,F,14,24409,53309.0,confirmed_exact_strict
batter,2024,F,14,24567,54305.0,confirmed_exact_strict
batter,2024,F,14,24574,54394.0,confirmed_exact_strict
batter,2024,F,14,24575,,unanchored_no_exact_evidence
batter,2024,F,14,24578,54303.0,confirmed_exact_strict
batter,2024,F,14,24581,54306.0,confirmed_exact_strict
batter,2024,F,14,24582,54307.0,confirmed_exact_strict
batter,2024,F,14,24583,,unanchored_no_exact_evidence
batter,2024,F,15,21968,77564.0,confirmed_exact_strict
batter,2024,F,15,21992,78513.0,confirmed_global_exact_fallback
batter,2024,F,15,22038,78756.0,confirmed_exact_strict
batter,2024,F,15,22605,62931.0,confirmed_exact_strict
batter,2024,F,15,22893,65514.0,confirmed_exact_strict
batter,2024,F,15,23463,68518.0,confirmed_global_exact_fallback
batter,2024,F,15,23675,69592.0,confirmed_exact_strict
batter,2024,F,15,23681,69508.0,confirmed_exact_strict
batter,2024,F,15,23926,50608.0,confirmed_exact_strict
batter,2024,F,15,24046,51560.0,confirmed_exact_strict
batter,2024,F,15,24049,51574.0,confirmed_exact_strict
batter,2024,F,15,24213,,unanchored_no_exact_evidence
batter,2024,F,15,24372,53554.0,confirmed_global_exact_fallback
batter,2024,F,15,24375,53568.0,confirmed_exact_strict
batter,2024,F,15,24379,,unanchored_no_exact_evidence
batter,2024,F,15,24470,54567.0,confirmed_global_exact_fallback
batter,2024,F,15,24471,54598.0,confirmed_global_exact_fallback
batter,2024,F,15,24472,54512.0,confirmed_exact_strict
batter,2024,F,15,24473,,unanchored_no_exact_evidence
batter,2024,F,15,24474,54511.0,confirmed_exact_strict
batter,2024,F,15,24475,54507.0,confirmed_exact_strict
batter,2024,F,15,24476,54509.0,confirmed_exact_strict
batter,2024,F,15,24584,,conflict_reverse_multiple_train_ids
batter,2024,F,15,24588,,conflict_multiple_trackman_ids
batter,2024,F,15,24589,54506.0,confirmed_exact_strict
batter,2024,F,16,22323,61353.0,confirmed_global_exact_fallback
batter,2024,F,16,22500,78168.0,confirmed_global_exact_fallback
batter,2024,F,16,22542,63722.0,confirmed_global_exact_fallback
batter,2024,F,16,22690,64560.0,confirmed_global_exact_fallback
batter,2024,F,16,23116,65464.0,confirmed_global_exact_fallback
batter,2024,F,16,23147,66807.0,confirmed_global_exact_fallback
batter,2024,F,16,23436,68330.0,confirmed_exact_strict
batter,2024,F,16,23507,68614.0,confirmed_global_exact_fallback
batter,2024,F,16,23662,69636.0,confirmed_global_exact_fallback
batter,2024,F,16,23664,65610.0,confirmed_exact_strict
batter,2024,F,16,23918,50657.0,confirmed_exact_strict
batter,2024,F,16,24120,51605.0,confirmed_exact_strict
batter,2024,F,16,24121,,unanchored_no_exact_evidence
batter,2024,F,16,24122,51603.0,confirmed_exact_strict
batter,2024,F,16,24123,,unanchored_no_exact_evidence
batter,2024,F,16,24266,52667.0,confirmed_global_exact_fallback
batter,2024,F,16,24288,,unanchored_no_exact_evidence
batter,2024,F,16,24290,52634.0,confirmed_exact_strict
batter,2024,F,16,24396,53618.0,confirmed_global_exact_fallback
batter,2024,F,16,24397,53619.0,confirmed_exact_strict
batter,2024,F,16,24562,54644.0,confirmed_exact_strict
batter,2024,F,16,24601,,unanchored_no_exact_evidence
batter,2024,F,16,24603,54614.0,confirmed_exact_strict
batter,2024,F,17,21170,71837.0,confirmed_exact_strict
batter,2024,F,17,21837,76849.0,confirmed_exact_strict
batter,2024,F,17,22455,78288.0,confirmed_exact_strict
batter,2024,F,17,22950,66657.0,confirmed_exact_strict
batter,2024,F,17,22963,66715.0,confirmed_exact_strict
batter,2024,F,17,22969,66707.0,confirmed_exact_strict
batter,2024,F,17,23578,68743.0,confirmed_exact_strict
batter,2024,F,17,23579,68707.0,confirmed_exact_strict
batter,2024,F,17,23583,66706.0,confirmed_global_exact_fallback
batter,2024,F,17,23584,68700.0,confirmed_exact_strict
batter,2024,F,17,23698,69766.0,confirmed_exact_strict
batter,2024,F,17,23702,69702.0,confirmed_exact_strict
batter,2024,F,17,23705,69705.0,confirmed_exact_strict
batter,2024,F,17,23706,69706.0,confirmed_exact_strict
batter,2024,F,17,23938,50704.0,confirmed_exact_strict
batter,2024,F,17,23939,50707.0,confirmed_global_exact_fallback
batter,2024,F,17,24130,51767.0,confirmed_exact_strict
batter,2024,F,17,24132,51762.0,confirmed_exact_strict
batter,2024,F,17,24137,51704.0,confirmed_exact_strict
batter,2024,F,17,24242,52764.0,confirmed_exact_strict
batter,2024,F,17,24243,52765.0,confirmed_exact_strict
batter,2024,F,17,24245,666247.0,confirmed_exact_strict
batter,2024,F,17,24296,52704.0,confirmed_exact_strict
batter,2024,F,17,24299,52710.0,confirmed_exact_strict
batter,2024,F,17,24356,53764.0,confirmed_exact_strict
batter,2024,F,17,24357,53795.0,confirmed_exact_strict
batter,2024,F,17,24543,53717.0,confirmed_exact_strict
batter,2024,F,17,24547,54794.0,confirmed_exact_strict
batter,2024,F,17,24548,54795.0,confirmed_global_exact_fallback
batter,2024,F,17,24551,,unanchored_no_exact_evidence
batter,2024,F,17,24554,54710.0,confirmed_exact_strict
batter,2024,F,17,24558,54708.0,confirmed_exact_strict
batter,2024,F,18,21278,64793.0,confirmed_exact_strict
batter,2024,F,18,21660,75334.0,confirmed_exact_strict
batter,2024,F,18,22664,64610.0,confirmed_exact_strict
batter,2024,F,18,22695,65132.0,confirmed_exact_strict
batter,2024,F,18,22777,65040.0,confirmed_exact_strict
batter,2024,F,18,23464,65586.0,confirmed_global_exact_fallback
batter,2024,F,18,23526,68463.0,confirmed_global_exact_fallback
batter,2024,F,18,23712,69403.0,confirmed_exact_strict
batter,2024,F,18,23718,69442.0,confirmed_exact_strict
batter,2024,F,18,23726,68407.0,confirmed_exact_strict
batter,2024,F,18,24066,51466.0,confirmed_global_exact_fallback
batter,2024,F,18,24067,51468.0,confirmed_exact_strict
batter,2024,F,18,24068,51403.0,confirmed_exact_strict
batter,2024,F,18,24071,51407.0,confirmed_exact_strict
batter,2024,F,18,24072,51417.0,confirmed_global_exact_fallback
batter,2024,F,18,24274,52424.0,confirmed_exact_strict
batter,2024,F,18,24418,53404.0,confirmed_exact_strict
batter,2024,F,18,24421,53416.0,confirmed_global_exact_fallback
batter,2024,F,18,24590,54460.0,confirmed_global_exact_fallback
batter,2024,F,18,24593,54408.0,confirmed_exact_strict
batter,2024,F,18,24594,54411.0,confirmed_exact_strict
batter,2024,F,18,24595,54410.0,confirmed_exact_strict
batter,2024,F,19,22628,63905.0,confirmed_global_exact_fallback
batter,2024,F,19,22808,64101.0,confirmed_exact_strict
batter,2024,F,19,23188,64022.0,confirmed_exact_strict
batter,2024,F,19,23205,66963.0,confirmed_exact_strict
batter,2024,F,19,23264,67900.0,confirmed_exact_strict
batter,2024,F,19,23274,67905.0,confirmed_exact_strict
batter,2024,F,19,23606,68904.0,confirmed_exact_strict
batter,2024,F,19,23608,68909.0,confirmed_exact_strict
batter,2024,F,19,23773,69980.0,confirmed_exact_strict
batter,2024,F,19,23970,50902.0,confirmed_exact_strict
batter,2024,F,19,23971,50903.0,confirmed_exact_strict
batter,2024,F,19,24134,51701.0,confirmed_exact_strict
batter,2024,F,19,24206,52906.0,confirmed_exact_strict
batter,2024,F,19,24315,53992.0,confirmed_exact_strict
batter,2024,F,19,24316,53991.0,confirmed_exact_strict
batter,2024,F,19,24517,54905.0,confirmed_exact_strict
batter,2024,F,19,24520,54908.0,confirmed_exact_strict
batter,2024,F,19,24521,54909.0,confirmed_exact_strict
batter,2024,F,20,22424,62558.0,confirmed_exact_strict
batter,2024,F,20,22771,64115.0,confirmed_exact_strict
batter,2024,F,20,23113,64868.0,confirmed_exact_strict
batter,2024,F,20,23396,67006.0,confirmed_exact_strict
batter,2024,F,20,23407,67005.0,confirmed_exact_strict
batter,2024,F,20,23605,,conflict_reverse_multiple_train_ids
batter,2024,F,20,23788,69056.0,confirmed_exact_strict
batter,2024,F,20,23789,69064.0,confirmed_exact_strict
batter,2024,F,20,23989,50066.0,confirmed_exact_strict
batter,2024,F,20,23992,50092.0,confirmed_exact_strict
batter,2024,F,20,24022,,conflict_multiple_trackman_ids
batter,2024,F,20,24024,51013.0,confirmed_global_exact_fallback
batter,2024,F,20,24031,51005.0,confirmed_exact_strict
batter,2024,F,20,24255,52001.0,confirmed_exact_strict
batter,2024,F,20,24260,52002.0,confirmed_exact_strict
batter,2024,F,20,24426,53058.0,confirmed_exact_strict
batter,2024,F,20,24612,,unanchored_no_exact_evidence
batter,2024,F,20,24613,,unanchored_no_exact_evidence
batter,2024,F,20,24616,54097.0,confirmed_exact_strict
batter,2024,F,21,22436,62864.0,confirmed_exact_strict
batter,2024,F,21,22607,62925.0,confirmed_exact_strict
batter,2024,F,21,22716,64944.0,confirmed_exact_strict
batter,2024,F,21,22807,,conflict_multiple_trackman_ids
batter,2024,F,21,22943,66662.0,confirmed_exact_strict
batter,2024,F,21,23143,66864.0,confirmed_exact_strict
batter,2024,F,21,23193,66917.0,confirmed_exact_strict
batter,2024,F,21,23330,67807.0,confirmed_exact_strict
batter,2024,F,21,23546,68869.0,confirmed_exact_strict
batter,2024,F,21,23549,68868.0,confirmed_exact_strict
batter,2024,F,21,23551,68805.0,confirmed_exact_strict
batter,2024,F,21,23760,69825.0,confirmed_exact_strict
batter,2024,F,21,23899,50840.0,confirmed_exact_strict
batter,2024,F,21,23900,50848.0,confirmed_exact_strict
batter,2024,F,21,23906,50868.0,confirmed_exact_strict
batter,2024,F,21,23911,50820.0,confirmed_exact_strict
batter,2024,F,21,24054,51865.0,confirmed_exact_strict
batter,2024,F,21,24057,51860.0,confirmed_exact_strict
batter,2024,F,21,24171,52803.0,confirmed_exact_strict
batter,2024,F,21,24174,52805.0,confirmed_global_exact_fallback
batter,2024,F,21,24176,52807.0,confirmed_exact_strict
batter,2024,F,21,24443,53865.0,confirmed_exact_strict
batter,2024,F,21,24445,53893.0,confirmed_exact_strict
batter,2024,F,21,24448,53803.0,confirmed_exact_strict
batter,2024,F,21,24496,54805.0,confirmed_exact_strict
batter,2024,F,21,24497,54806.0,confirmed_exact_strict
batter,2024,F,21,24500,54812.0,confirmed_exact_strict
batter,2024,F,21,24501,,conflict_reverse_multiple_train_ids
batter,2024,F,21,24503,54814.0,confirmed_exact_strict
batter,2024,F,21,24505,,unanchored_no_exact_evidence
batter,2024,F,21,24507,54813.0,confirmed_exact_strict
batter,2024,F,23,22725,64006.0,confirmed_exact_strict
batter,2024,F,23,23427,68106.0,confirmed_global_exact_fallback
batter,2024,F,23,23444,68362.0,confirmed_exact_strict
batter,2024,F,23,23465,68525.0,confirmed_global_exact_fallback
batter,2024,F,23,23723,69416.0,confirmed_global_exact_fallback
batter,2024,F,23,23940,50709.0,confirmed_exact_strict
batter,2024,F,23,24010,51100.0,confirmed_exact_strict
batter,2024,F,23,24077,51991.0,confirmed_exact_strict
batter,2024,F,23,24090,51302.0,confirmed_global_exact_fallback
batter,2024,F,23,24106,51298.0,confirmed_global_exact_fallback
batter,2024,F,23,24124,51604.0,confirmed_global_exact_fallback
batter,2024,F,23,24128,51764.0,confirmed_exact_strict
batter,2024,F,23,24210,52516.0,confirmed_exact_strict
batter,2024,F,23,24214,52568.0,confirmed_exact_strict
batter,2024,F,23,24242,52764.0,confirmed_exact_strict
batter,2024,F,23,24278,52405.0,confirmed_global_exact_fallback
batter,2024,F,23,24332,53296.0,confirmed_global_exact_fallback
batter,2024,F,23,24413,53400.0,confirmed_global_exact_fallback
batter,2024,F,23,24418,53404.0,confirmed_global_exact_fallback
batter,2024,F,23,24430,53036.0,confirmed_global_exact_fallback
batter,2024,F,25,23797,,unanchored_no_exact_evidence
batter,2024,F,25,23798,,unanchored_no_exact_evidence
batter,2024,F,25,23799,,unanchored_no_exact_evidence
batter,2024,F,25,23802,,unanchored_no_exact_evidence
batter,2024,F,25,23803,,unanchored_no_exact_evidence
batter,2024,F,25,23805,,unanchored_no_exact_evidence
batter,2024,F,25,23810,,unanchored_no_exact_evidence
batter,2024,F,25,23811,,unanchored_no_exact_evidence
batter,2024,F,25,23817,,unanchored_no_exact_evidence
batter,2024,R,12,21616,74206.0,confirmed_exact_strict
batter,2024,R,12,21818,76232.0,confirmed_exact_strict
batter,2024,R,12,22013,78224.0,confirmed_exact_strict
batter,2024,R,12,22126,79240.0,confirmed_exact_strict
batter,2024,R,12,22130,79231.0,confirmed_exact_strict
batter,2024,R,12,22468,63123.0,confirmed_exact_strict
batter,2024,R,12,22521,63202.0,confirmed_exact_strict
batter,2024,R,12,22522,63257.0,confirmed_exact_strict
batter,2024,R,12,22693,64153.0,confirmed_exact_strict
batter,2024,R,12,22756,64468.0,confirmed_exact_strict
batter,2024,R,12,22809,66112.0,confirmed_exact_strict
batter,2024,R,12,22830,66203.0,confirmed_exact_strict
batter,2024,R,12,22839,66209.0,confirmed_exact_strict
batter,2024,R,12,23179,65269.0,confirmed_exact_strict
batter,2024,R,12,23186,66233.0,confirmed_exact_strict
batter,2024,R,12,23197,66928.0,confirmed_exact_strict
batter,2024,R,12,23243,67207.0,confirmed_exact_strict
batter,2024,R,12,23474,64011.0,confirmed_exact_strict
batter,2024,R,12,23552,68205.0,confirmed_exact_strict
batter,2024,R,12,23735,69238.0,confirmed_exact_strict
batter,2024,R,12,23739,69207.0,confirmed_exact_strict
batter,2024,R,12,23946,50244.0,confirmed_exact_strict
batter,2024,R,12,23949,50293.0,confirmed_exact_strict
batter,2024,R,12,23953,,unanchored_no_exact_evidence
batter,2024,R,12,23957,50208.0,confirmed_exact_strict
batter,2024,R,12,24263,592656.0,confirmed_exact_strict
batter,2024,R,12,24332,53296.0,confirmed_exact_strict
batter,2024,R,12,24335,53204.0,confirmed_exact_strict
batter,2024,R,12,24528,54205.0,confirmed_exact_strict
batter,2024,R,12,24529,54236.0,confirmed_exact_strict
batter,2024,R,12,24532,54214.0,confirmed_exact_strict
batter,2024,R,12,24536,54219.0,confirmed_exact_strict
batter,2024,R,12,24630,676724.0,confirmed_exact_strict
batter,2024,R,13,21945,77243.0,confirmed_exact_strict
batter,2024,R,13,22103,79109.0,confirmed_exact_strict
batter,2024,R,13,22146,79365.0,confirmed_exact_strict
batter,2024,R,13,22660,62415.0,confirmed_exact_strict
batter,2024,R,13,22697,65115.0,confirmed_exact_strict
batter,2024,R,13,22816,66108.0,confirmed_exact_strict
batter,2024,R,13,22819,66162.0,confirmed_exact_strict
batter,2024,R,13,22831,65207.0,confirmed_exact_strict
batter,2024,R,13,23064,65905.0,confirmed_exact_strict
batter,2024,R,13,23234,67123.0,confirmed_exact_strict
batter,2024,R,13,23349,67504.0,confirmed_exact_strict
batter,2024,R,13,23418,65109.0,confirmed_exact_strict
batter,2024,R,13,23420,76290.0,confirmed_exact_strict
batter,2024,R,13,23430,68110.0,confirmed_exact_strict
batter,2024,R,13,23433,68119.0,confirmed_exact_strict
batter,2024,R,13,23637,,unanchored_no_exact_evidence
batter,2024,R,13,23639,69102.0,confirmed_exact_strict
batter,2024,R,13,23641,69105.0,confirmed_exact_strict
batter,2024,R,13,23645,69100.0,confirmed_exact_strict
batter,2024,R,13,23855,50150.0,confirmed_exact_strict
batter,2024,R,13,23859,50108.0,confirmed_exact_strict
batter,2024,R,13,23864,50115.0,confirmed_exact_strict
batter,2024,R,13,24010,51100.0,confirmed_exact_strict
batter,2024,R,13,24155,52154.0,confirmed_exact_strict
batter,2024,R,13,24158,52103.0,confirmed_exact_strict
batter,2024,R,13,24159,52105.0,confirmed_exact_strict
batter,2024,R,13,24342,53144.0,confirmed_exact_strict
batter,2024,R,13,24354,621573.0,confirmed_exact_strict
batter,2024,R,13,24479,54166.0,confirmed_exact_strict
batter,2024,R,13,24481,54164.0,confirmed_exact_strict
batter,2024,R,13,24492,54112.0,confirmed_exact_strict
batter,2024,R,14,21520,74163.0,confirmed_exact_strict
batter,2024,R,14,21737,75566.0,confirmed_exact_strict
batter,2024,R,14,21821,76267.0,confirmed_exact_strict
batter,2024,R,14,21996,78135.0,confirmed_exact_strict
batter,2024,R,14,22396,62332.0,confirmed_exact_strict
batter,2024,R,14,22719,64346.0,confirmed_exact_strict
batter,2024,R,14,22736,65357.0,confirmed_exact_strict
batter,2024,R,14,22853,65898.0,confirmed_exact_strict
batter,2024,R,14,22882,64340.0,confirmed_exact_strict
batter,2024,R,14,23040,64984.0,confirmed_exact_strict
batter,2024,R,14,23281,67304.0,confirmed_exact_strict
batter,2024,R,14,23436,68330.0,confirmed_exact_strict
batter,2024,R,14,23442,68346.0,confirmed_global_exact_fallback
batter,2024,R,14,23452,68305.0,confirmed_exact_strict
batter,2024,R,14,23750,69332.0,confirmed_exact_strict
batter,2024,R,14,23753,69363.0,confirmed_exact_strict
batter,2024,R,14,23757,69306.0,confirmed_exact_strict
batter,2024,R,14,23854,50167.0,confirmed_exact_strict
batter,2024,R,14,23975,50304.0,confirmed_exact_strict
batter,2024,R,14,23978,50357.0,confirmed_exact_strict
batter,2024,R,14,24086,51359.0,confirmed_exact_strict
batter,2024,R,14,24087,51344.0,confirmed_exact_strict
batter,2024,R,14,24091,51303.0,confirmed_exact_strict
batter,2024,R,14,24191,52305.0,confirmed_exact_strict
batter,2024,R,14,24398,53312.0,confirmed_exact_strict
batter,2024,R,14,24400,53344.0,confirmed_global_exact_fallback
batter,2024,R,14,24402,53302.0,confirmed_exact_strict
batter,2024,R,14,24405,53305.0,confirmed_exact_strict
batter,2024,R,14,24466,669008.0,confirmed_exact_strict
batter,2024,R,14,24567,54305.0,confirmed_exact_strict
batter,2024,R,14,24569,54344.0,confirmed_exact_strict
batter,2024,R,14,24574,54394.0,confirmed_exact_strict
batter,2024,R,14,24582,54307.0,confirmed_exact_strict
batter,2024,R,15,21968,77564.0,confirmed_exact_strict
batter,2024,R,15,21992,78513.0,confirmed_exact_strict
batter,2024,R,15,22038,78756.0,confirmed_exact_strict
batter,2024,R,15,22269,60523.0,confirmed_exact_strict
batter,2024,R,15,22283,61102.0,confirmed_exact_strict
batter,2024,R,15,22442,62884.0,confirmed_exact_strict
batter,2024,R,15,22605,62931.0,confirmed_exact_strict
batter,2024,R,15,22893,65514.0,confirmed_exact_strict
batter,2024,R,15,23298,67644.0,confirmed_exact_strict
batter,2024,R,15,23318,62802.0,confirmed_exact_strict
batter,2024,R,15,23463,68518.0,confirmed_exact_strict
batter,2024,R,15,23465,68525.0,confirmed_exact_strict
batter,2024,R,15,23470,68507.0,confirmed_exact_strict
batter,2024,R,15,23681,69508.0,confirmed_exact_strict
batter,2024,R,15,23685,69517.0,confirmed_exact_strict
batter,2024,R,15,23720,69453.0,confirmed_exact_strict
batter,2024,R,15,23855,50150.0,confirmed_exact_strict
batter,2024,R,15,23896,50500.0,confirmed_exact_strict
batter,2024,R,15,23926,50608.0,confirmed_exact_strict
batter,2024,R,15,24040,51551.0,confirmed_exact_strict
batter,2024,R,15,24041,51528.0,confirmed_exact_strict
batter,2024,R,15,24046,51560.0,confirmed_exact_strict
batter,2024,R,15,24212,52591.0,confirmed_exact_strict
batter,2024,R,15,24215,,conflict_multiple_trackman_ids
batter,2024,R,15,24372,53554.0,confirmed_exact_strict
batter,2024,R,15,24375,53568.0,confirmed_exact_strict
batter,2024,R,15,24383,53569.0,confirmed_exact_strict
batter,2024,R,15,24470,54567.0,confirmed_exact_strict
batter,2024,R,15,24471,54598.0,confirmed_exact_strict
batter,2024,R,15,24475,54507.0,confirmed_exact_strict
batter,2024,R,15,24526,,conflict_reverse_multiple_train_ids
batter,2024,R,15,24589,54506.0,confirmed_exact_strict
batter,2024,R,16,21286,72443.0,confirmed_exact_strict
batter,2024,R,16,21999,78122.0,confirmed_exact_strict
batter,2024,R,16,22026,78603.0,confirmed_exact_strict
batter,2024,R,16,22323,61353.0,confirmed_exact_strict
batter,2024,R,16,22500,78168.0,confirmed_exact_strict
batter,2024,R,16,22523,63260.0,confirmed_exact_strict
batter,2024,R,16,22542,63722.0,confirmed_exact_strict
batter,2024,R,16,22610,62947.0,confirmed_exact_strict
batter,2024,R,16,22690,64560.0,confirmed_exact_strict
batter,2024,R,16,22749,65653.0,confirmed_exact_strict
batter,2024,R,16,22928,66614.0,confirmed_exact_strict
batter,2024,R,16,22956,66606.0,confirmed_exact_strict
batter,2024,R,16,23116,65464.0,confirmed_exact_strict
batter,2024,R,16,23505,68646.0,confirmed_exact_strict
batter,2024,R,16,23646,64646.0,confirmed_exact_strict
batter,2024,R,16,23662,69636.0,confirmed_exact_strict
batter,2024,R,16,23664,65610.0,confirmed_global_exact_fallback
batter,2024,R,16,23667,67609.0,confirmed_exact_strict
batter,2024,R,16,23691,69727.0,confirmed_exact_strict
batter,2024,R,16,23918,50657.0,confirmed_exact_strict
batter,2024,R,16,23919,50600.0,confirmed_exact_strict
batter,2024,R,16,24264,52605.0,confirmed_exact_strict
batter,2024,R,16,24266,52667.0,confirmed_exact_strict
batter,2024,R,16,24270,593647.0,confirmed_exact_strict
batter,2024,R,16,24603,54614.0,confirmed_exact_strict
batter,2024,R,17,21170,71837.0,confirmed_exact_strict
batter,2024,R,17,21831,76812.0,confirmed_exact_strict
batter,2024,R,17,21837,76849.0,confirmed_exact_strict
batter,2024,R,17,22102,79192.0,confirmed_exact_strict
batter,2024,R,17,22109,79608.0,confirmed_exact_strict
batter,2024,R,17,22379,62700.0,confirmed_exact_strict
batter,2024,R,17,22455,78288.0,confirmed_exact_strict
batter,2024,R,17,22950,66657.0,confirmed_exact_strict
batter,2024,R,17,22963,66715.0,confirmed_exact_strict
batter,2024,R,17,22969,66707.0,confirmed_exact_strict
batter,2024,R,17,22985,65703.0,confirmed_exact_strict
batter,2024,R,17,23134,66704.0,confirmed_exact_strict
batter,2024,R,17,23578,68743.0,confirmed_exact_strict
batter,2024,R,17,23583,66706.0,confirmed_exact_strict
batter,2024,R,17,23584,68700.0,confirmed_exact_strict
batter,2024,R,17,23693,69737.0,confirmed_exact_strict
batter,2024,R,17,23698,69766.0,confirmed_exact_strict
batter,2024,R,17,23938,50704.0,confirmed_exact_strict
batter,2024,R,17,23939,50707.0,confirmed_exact_strict
batter,2024,R,17,24132,51762.0,confirmed_exact_strict
batter,2024,R,17,24245,666247.0,confirmed_exact_strict
batter,2024,R,17,24296,52704.0,confirmed_exact_strict
batter,2024,R,17,24299,52710.0,confirmed_exact_strict
batter,2024,R,17,24356,53764.0,confirmed_exact_strict
batter,2024,R,17,24545,666632.0,confirmed_exact_strict
batter,2024,R,17,24548,54795.0,confirmed_exact_strict
batter,2024,R,18,21278,64793.0,confirmed_exact_strict
batter,2024,R,18,21627,74540.0,confirmed_exact_strict
batter,2024,R,18,21660,75334.0,confirmed_exact_strict
batter,2024,R,18,22315,61404.0,confirmed_exact_strict
batter,2024,R,18,22410,62404.0,confirmed_exact_strict
batter,2024,R,18,22429,62234.0,confirmed_exact_strict
batter,2024,R,18,22664,64610.0,confirmed_exact_strict
batter,2024,R,18,22695,65132.0,confirmed_exact_strict
batter,2024,R,18,22777,65040.0,confirmed_exact_strict
batter,2024,R,18,23022,66409.0,confirmed_exact_strict
batter,2024,R,18,23089,66838.0,confirmed_exact_strict
batter,2024,R,18,23367,67449.0,confirmed_exact_strict
batter,2024,R,18,23405,66406.0,confirmed_exact_strict
batter,2024,R,18,23443,75125.0,confirmed_exact_strict
batter,2024,R,18,23464,65586.0,confirmed_exact_strict
batter,2024,R,18,23526,68463.0,confirmed_exact_strict
batter,2024,R,18,23712,69403.0,confirmed_exact_strict
batter,2024,R,18,23715,69428.0,confirmed_exact_strict
batter,2024,R,18,23718,69442.0,confirmed_exact_strict
batter,2024,R,18,23726,68407.0,confirmed_exact_strict
batter,2024,R,18,23875,50458.0,confirmed_exact_strict
batter,2024,R,18,24068,51403.0,confirmed_exact_strict
batter,2024,R,18,24071,51407.0,confirmed_exact_strict
batter,2024,R,18,24072,51417.0,confirmed_exact_strict
batter,2024,R,18,24272,52415.0,confirmed_exact_strict
batter,2024,R,18,24273,52430.0,confirmed_exact_strict
batter,2024,R,18,24274,52424.0,confirmed_exact_strict
batter,2024,R,18,24413,53400.0,confirmed_exact_strict
batter,2024,R,18,24418,53404.0,confirmed_exact_strict
batter,2024,R,18,24542,676950.0,confirmed_exact_strict
batter,2024,R,18,24590,54460.0,confirmed_exact_strict
batter,2024,R,18,24593,54408.0,confirmed_exact_strict
batter,2024,R,18,24628,665180.0,confirmed_exact_strict
batter,2024,R,18,24632,650331.0,confirmed_exact_strict
batter,2024,R,19,22066,77532.0,confirmed_exact_strict
batter,2024,R,19,22127,79215.0,confirmed_exact_strict
batter,2024,R,19,22430,62244.0,confirmed_exact_strict
batter,2024,R,19,22606,62907.0,confirmed_exact_strict
batter,2024,R,19,22612,62934.0,confirmed_exact_strict
batter,2024,R,19,22632,63963.0,confirmed_exact_strict
batter,2024,R,19,22808,64101.0,confirmed_exact_strict
batter,2024,R,19,23188,64022.0,confirmed_exact_strict
batter,2024,R,19,23195,66965.0,confirmed_exact_strict
batter,2024,R,19,23264,67900.0,confirmed_exact_strict
batter,2024,R,19,23274,67905.0,confirmed_exact_strict
batter,2024,R,19,23602,68912.0,confirmed_exact_strict
batter,2024,R,19,23606,68904.0,confirmed_exact_strict
batter,2024,R,19,23733,69203.0,confirmed_exact_strict
batter,2024,R,19,23773,69980.0,confirmed_exact_strict
batter,2024,R,19,23776,69992.0,confirmed_exact_strict
batter,2024,R,19,23778,69995.0,confirmed_exact_strict
batter,2024,R,19,23965,50996.0,confirmed_exact_strict
batter,2024,R,19,23970,50902.0,confirmed_exact_strict
batter,2024,R,19,23971,50903.0,confirmed_exact_strict
batter,2024,R,19,23974,50906.0,confirmed_exact_strict
batter,2024,R,19,24075,51907.0,confirmed_exact_strict
batter,2024,R,19,24087,51344.0,confirmed_exact_strict
batter,2024,R,19,24315,53992.0,confirmed_exact_strict
batter,2024,R,19,24316,53991.0,confirmed_exact_strict
batter,2024,R,19,24510,571602.0,confirmed_exact_strict
batter,2024,R,19,24517,54905.0,confirmed_exact_strict
batter,2024,R,20,21398,73113.0,confirmed_exact_strict
batter,2024,R,20,21660,,conflict_reverse_multiple_train_ids
batter,2024,R,20,21990,78548.0,confirmed_exact_strict
batter,2024,R,20,22133,79402.0,confirmed_exact_strict
batter,2024,R,20,22420,62556.0,confirmed_exact_strict
batter,2024,R,20,22424,62558.0,confirmed_exact_strict
batter,2024,R,20,22725,64006.0,confirmed_exact_strict
batter,2024,R,20,22727,64004.0,confirmed_exact_strict
batter,2024,R,20,22728,64012.0,confirmed_exact_strict
batter,2024,R,20,22732,64007.0,confirmed_exact_strict
batter,2024,R,20,22739,64504.0,confirmed_exact_strict
batter,2024,R,20,22771,64115.0,confirmed_exact_strict
batter,2024,R,20,22779,64166.0,confirmed_exact_strict
batter,2024,R,20,23113,64868.0,confirmed_exact_strict
batter,2024,R,20,23396,67006.0,confirmed_exact_strict
batter,2024,R,20,23407,67005.0,confirmed_exact_strict
batter,2024,R,20,23413,592692.0,confirmed_exact_strict
batter,2024,R,20,23443,75125.0,confirmed_exact_strict
batter,2024,R,20,23466,68504.0,confirmed_exact_strict
batter,2024,R,20,23471,76313.0,confirmed_exact_strict
batter,2024,R,20,23476,68050.0,confirmed_exact_strict
batter,2024,R,20,23483,68089.0,confirmed_exact_strict
batter,2024,R,20,23788,69056.0,confirmed_exact_strict
batter,2024,R,20,23789,69064.0,confirmed_exact_strict
batter,2024,R,20,23989,50066.0,confirmed_exact_strict
batter,2024,R,20,23990,50054.0,confirmed_exact_strict
batter,2024,R,20,23992,50092.0,confirmed_exact_strict
batter,2024,R,20,24022,,conflict_multiple_trackman_ids
batter,2024,R,20,24031,51005.0,confirmed_exact_strict
batter,2024,R,20,24255,52001.0,confirmed_exact_strict
batter,2024,R,20,24260,52002.0,confirmed_exact_strict
batter,2024,R,20,24426,53058.0,confirmed_exact_strict
batter,2024,R,21,21696,75847.0,confirmed_exact_strict
batter,2024,R,21,21834,76802.0,confirmed_exact_strict
batter,2024,R,21,22182,79456.0,confirmed_exact_strict
batter,2024,R,21,22245,60558.0,confirmed_exact_strict
batter,2024,R,21,22435,,unanchored_no_exact_evidence
batter,2024,R,21,22436,62864.0,confirmed_exact_strict
batter,2024,R,21,22443,62895.0,confirmed_exact_strict
batter,2024,R,21,22607,62925.0,confirmed_exact_strict
batter,2024,R,21,22807,65157.0,confirmed_exact_strict
batter,2024,R,21,22943,66662.0,confirmed_exact_strict
batter,2024,R,21,23143,66864.0,confirmed_exact_strict
batter,2024,R,21,23193,66917.0,confirmed_exact_strict
batter,2024,R,21,23319,67893.0,confirmed_exact_strict
batter,2024,R,21,23549,68868.0,confirmed_exact_strict
batter,2024,R,21,23551,68805.0,confirmed_exact_strict
batter,2024,R,21,23759,69813.0,confirmed_exact_strict
batter,2024,R,21,23760,69825.0,confirmed_exact_strict
batter,2024,R,21,23835,69802.0,confirmed_exact_strict
batter,2024,R,21,23899,50840.0,confirmed_exact_strict
batter,2024,R,21,23901,50854.0,confirmed_exact_strict
batter,2024,R,21,23906,50868.0,confirmed_exact_strict
batter,2024,R,21,23911,50820.0,confirmed_exact_strict
batter,2024,R,21,24050,51868.0,confirmed_exact_strict
batter,2024,R,21,24054,51865.0,confirmed_exact_strict
batter,2024,R,21,24144,425783.0,confirmed_exact_strict
batter,2024,R,21,24439,628338.0,confirmed_exact_strict
batter,2024,R,21,24496,54805.0,confirmed_exact_strict
batter,2024,R,21,24500,54812.0,confirmed_exact_strict
batter,2024,R,21,24501,54815.0,confirmed_exact_strict
pitcher,2019,F,12,21624,74543.0,confirmed_global_exact_fallback
pitcher,2019,F,12,21943,77263.0,confirmed_global_exact_fallback
pitcher,2019,F,12,22156,79535.0,confirmed_exact_strict
pitcher,2019,F,12,22335,61214.0,confirmed_global_exact_fallback
pitcher,2019,F,12,22427,62242.0,confirmed_global_exact_fallback
pitcher,2019,F,12,22428,62263.0,confirmed_global_exact_fallback
pitcher,2019,F,12,22840,65241.0,confirmed_global_exact_fallback
pitcher,2019,F,12,22842,,unanchored_no_exact_evidence
pitcher,2019,F,12,22869,61396.0,confirmed_global_exact_fallback
pitcher,2019,F,12,23053,65064.0,confirmed_exact_strict
pitcher,2019,F,12,23107,,unanchored_no_exact_evidence
pitcher,2019,F,12,23554,63292.0,confirmed_exact_strict
pitcher,2019,F,12,23558,68242.0,confirmed_exact_strict
pitcher,2019,F,12,23561,67263.0,confirmed_global_exact_fallback
pitcher,2019,F,12,23564,68269.0,confirmed_exact_strict
pitcher,2019,F,12,23565,68200.0,confirmed_global_exact_fallback
pitcher,2019,F,12,23617,68249.0,confirmed_exact_strict
pitcher,2019,F,12,23618,64198.0,confirmed_exact_strict
pitcher,2019,F,12,23727,68207.0,confirmed_exact_strict
pitcher,2019,F,12,23731,69213.0,confirmed_global_exact_fallback
pitcher,2019,F,12,23736,69204.0,confirmed_global_exact_fallback
pitcher,2019,F,12,23737,69205.0,confirmed_exact_strict
pitcher,2019,F,12,23740,69208.0,confirmed_exact_strict
pitcher,2019,F,13,21095,71118.0,confirmed_exact_strict
pitcher,2019,F,13,21874,76355.0,confirmed_exact_strict
pitcher,2019,F,13,21998,78148.0,confirmed_exact_strict
pitcher,2019,F,13,22094,79140.0,confirmed_exact_strict
pitcher,2019,F,13,22110,79617.0,confirmed_exact_strict
pitcher,2019,F,13,22123,79825.0,confirmed_exact_strict
pitcher,2019,F,13,22234,60845.0,confirmed_exact_strict
pitcher,2019,F,13,22253,60140.0,confirmed_exact_strict
pitcher,2019,F,13,22277,61101.0,confirmed_exact_strict
pitcher,2019,F,13,22278,61145.0,confirmed_exact_strict
pitcher,2019,F,13,22368,62146.0,confirmed_exact_strict
pitcher,2019,F,13,22469,63145.0,confirmed_exact_strict
pitcher,2019,F,13,22473,63138.0,confirmed_global_exact_fallback
pitcher,2019,F,13,22478,63103.0,confirmed_exact_strict
pitcher,2019,F,13,22487,63111.0,confirmed_exact_strict
pitcher,2019,F,13,22640,64155.0,confirmed_exact_strict
pitcher,2019,F,13,22795,67122.0,confirmed_exact_strict
pitcher,2019,F,13,22810,62918.0,confirmed_exact_strict
pitcher,2019,F,13,22815,,unanchored_no_exact_evidence
pitcher,2019,F,13,22820,66145.0,confirmed_exact_strict
pitcher,2019,F,13,22978,74167.0,confirmed_exact_strict
pitcher,2019,F,13,23231,67116.0,confirmed_exact_strict
pitcher,2019,F,13,23421,68130.0,confirmed_exact_strict
pitcher,2019,F,13,23423,68157.0,confirmed_exact_strict
pitcher,2019,F,13,23424,68159.0,confirmed_global_exact_fallback
pitcher,2019,F,13,23426,65117.0,confirmed_exact_strict
pitcher,2019,F,13,23428,68107.0,confirmed_global_exact_fallback
pitcher,2019,F,13,23429,68109.0,confirmed_exact_strict
pitcher,2019,F,13,23431,,unanchored_no_exact_evidence
pitcher,2019,F,13,23556,61962.0,confirmed_exact_strict
pitcher,2019,F,13,23636,69158.0,confirmed_exact_strict
pitcher,2019,F,13,23637,69159.0,confirmed_exact_strict
pitcher,2019,F,13,23638,69168.0,confirmed_exact_strict
pitcher,2019,F,13,23640,69104.0,confirmed_global_exact_fallback
pitcher,2019,F,13,23642,69108.0,confirmed_exact_strict
pitcher,2019,F,13,23643,69111.0,confirmed_exact_strict
pitcher,2019,F,13,23644,69113.0,confirmed_global_exact_fallback
pitcher,2019,F,14,21654,75342.0,confirmed_global_exact_fallback
pitcher,2019,F,14,22205,60336.0,confirmed_global_exact_fallback
pitcher,2019,F,14,22309,61456.0,confirmed_global_exact_fallback
pitcher,2019,F,14,22505,63348.0,confirmed_global_exact_fallback
pitcher,2019,F,14,22551,,unanchored_no_exact_evidence
pitcher,2019,F,14,22596,62937.0,confirmed_global_exact_fallback
pitcher,2019,F,14,22621,63960.0,confirmed_global_exact_fallback
pitcher,2019,F,14,22881,66398.0,confirmed_exact_strict
pitcher,2019,F,14,23137,65398.0,confirmed_global_exact_fallback
pitcher,2019,F,14,23158,66068.0,confirmed_global_exact_fallback
pitcher,2019,F,14,23194,,unanchored_no_exact_evidence
pitcher,2019,F,14,23284,67365.0,confirmed_exact_strict
pitcher,2019,F,14,23288,67391.0,confirmed_exact_strict
pitcher,2019,F,14,23289,64051.0,confirmed_exact_strict
pitcher,2019,F,14,23437,,unresolved_global_conflict
pitcher,2019,F,14,23439,61268.0,confirmed_global_exact_fallback
pitcher,2019,F,14,23446,,unanchored_no_exact_evidence
pitcher,2019,F,14,23447,,unanchored_no_exact_evidence
pitcher,2019,F,14,23449,,unanchored_no_exact_evidence
pitcher,2019,F,14,23747,69328.0,confirmed_global_exact_fallback
pitcher,2019,F,14,23748,69399.0,confirmed_exact_strict
pitcher,2019,F,14,23749,69360.0,confirmed_global_exact_fallback
pitcher,2019,F,14,23751,69367.0,confirmed_global_exact_fallback
pitcher,2019,F,14,23754,,unanchored_no_exact_evidence
pitcher,2019,F,15,21595,74630.0,confirmed_exact_strict
pitcher,2019,F,15,21857,,unanchored_no_exact_evidence
pitcher,2019,F,15,21978,77591.0,confirmed_exact_strict
pitcher,2019,F,15,22349,61565.0,confirmed_exact_strict
pitcher,2019,F,15,22404,62655.0,confirmed_exact_strict
pitcher,2019,F,15,22579,62595.0,confirmed_global_exact_fallback
pitcher,2019,F,15,22668,64565.0,confirmed_exact_strict
pitcher,2019,F,15,22742,65067.0,confirmed_global_exact_fallback
pitcher,2019,F,15,22915,72862.0,confirmed_global_exact_fallback
pitcher,2019,F,15,22923,65509.0,confirmed_global_exact_fallback
pitcher,2019,F,15,22926,66557.0,confirmed_exact_strict
pitcher,2019,F,15,23458,68529.0,confirmed_global_exact_fallback
pitcher,2019,F,15,23462,68501.0,confirmed_exact_strict
pitcher,2019,F,15,23676,69594.0,confirmed_global_exact_fallback
pitcher,2019,F,15,23682,,unanchored_no_exact_evidence
pitcher,2019,F,15,23684,69516.0,confirmed_exact_strict
pitcher,2019,F,16,22293,61643.0,confirmed_exact_strict
pitcher,2019,F,16,22761,65639.0,confirmed_exact_strict
pitcher,2019,F,16,22786,65661.0,confirmed_exact_strict
pitcher,2019,F,16,22851,76350.0,confirmed_global_exact_fallback
pitcher,2019,F,16,23302,67604.0,confirmed_exact_strict
pitcher,2019,F,16,23306,65616.0,confirmed_global_exact_fallback
pitcher,2019,F,16,23497,68616.0,confirmed_exact_strict
pitcher,2019,F,16,23498,64615.0,confirmed_global_exact_fallback
pitcher,2019,F,16,23499,65618.0,confirmed_exact_strict
pitcher,2019,F,16,23502,,unanchored_no_exact_evidence
pitcher,2019,F,16,23648,66663.0,confirmed_global_exact_fallback
pitcher,2019,F,16,23653,69645.0,confirmed_global_exact_fallback
pitcher,2019,F,16,23654,69646.0,confirmed_global_exact_fallback
pitcher,2019,F,16,23659,,unanchored_no_exact_evidence
pitcher,2019,F,17,21415,73750.0,confirmed_global_exact_fallback
pitcher,2019,F,17,21587,74731.0,confirmed_exact_strict
pitcher,2019,F,17,22231,60768.0,confirmed_global_exact_fallback
pitcher,2019,F,17,22233,60757.0,confirmed_exact_strict
pitcher,2019,F,17,22539,63730.0,confirmed_exact_strict
pitcher,2019,F,17,22540,63765.0,confirmed_exact_strict
pitcher,2019,F,17,22541,63749.0,confirmed_exact_strict
pitcher,2019,F,17,22575,63464.0,confirmed_exact_strict
pitcher,2019,F,17,22666,64760.0,confirmed_exact_strict
pitcher,2019,F,17,22964,66741.0,confirmed_global_exact_fallback
pitcher,2019,F,17,23122,64759.0,confirmed_exact_strict
pitcher,2019,F,17,23332,67762.0,confirmed_exact_strict
pitcher,2019,F,17,23334,67737.0,confirmed_global_exact_fallback
pitcher,2019,F,17,23568,68703.0,confirmed_exact_strict
pitcher,2019,F,17,23574,68701.0,confirmed_global_exact_fallback
pitcher,2019,F,17,23575,,unanchored_no_exact_evidence
pitcher,2019,F,17,23597,63961.0,confirmed_exact_strict
pitcher,2019,F,17,23627,,unresolved_global_conflict
pitcher,2019,F,17,23689,64554.0,confirmed_global_exact_fallback
pitcher,2019,F,17,23690,63791.0,confirmed_exact_strict
pitcher,2019,F,17,23695,69745.0,confirmed_exact_strict
pitcher,2019,F,17,23697,69762.0,confirmed_exact_strict
pitcher,2019,F,17,23708,,unanchored_no_exact_evidence
pitcher,2019,F,18,23005,66492.0,confirmed_exact_strict
pitcher,2019,F,18,23190,63492.0,confirmed_exact_strict
pitcher,2019,F,18,23360,64464.0,confirmed_exact_strict
pitcher,2019,F,18,23361,67467.0,confirmed_exact_strict
pitcher,2019,F,18,23362,67443.0,confirmed_exact_strict
pitcher,2019,F,18,23369,67419.0,confirmed_exact_strict
pitcher,2019,F,18,23512,65496.0,confirmed_exact_strict
pitcher,2019,F,18,23515,68403.0,confirmed_exact_strict
pitcher,2019,F,18,23516,68406.0,confirmed_exact_strict
pitcher,2019,F,18,23519,68413.0,confirmed_exact_strict
pitcher,2019,F,18,23615,68453.0,confirmed_exact_strict
pitcher,2019,F,18,23714,64769.0,confirmed_exact_strict
pitcher,2019,F,19,21840,76757.0,confirmed_exact_strict
pitcher,2019,F,19,22029,78366.0,confirmed_exact_strict
pitcher,2019,F,19,22201,60339.0,confirmed_exact_strict
pitcher,2019,F,19,22249,60263.0,confirmed_exact_strict
pitcher,2019,F,19,22321,61329.0,confirmed_exact_strict
pitcher,2019,F,19,22597,62929.0,confirmed_exact_strict
pitcher,2019,F,19,23041,64960.0,confirmed_exact_strict
pitcher,2019,F,19,23054,65964.0,confirmed_exact_strict
pitcher,2019,F,19,23204,573348.0,confirmed_exact_strict
pitcher,2019,F,19,23206,66920.0,confirmed_exact_strict
pitcher,2019,F,19,23260,67962.0,confirmed_exact_strict
pitcher,2019,F,19,23267,67989.0,confirmed_exact_strict
pitcher,2019,F,19,23589,68928.0,confirmed_exact_strict
pitcher,2019,F,19,23591,68908.0,confirmed_exact_strict
pitcher,2019,F,19,23593,68902.0,confirmed_exact_strict
pitcher,2019,F,19,23596,63936.0,confirmed_exact_strict
pitcher,2019,F,19,23771,69969.0,confirmed_exact_strict
pitcher,2019,F,19,23772,69974.0,confirmed_exact_strict
pitcher,2019,F,19,23779,69996.0,confirmed_exact_strict
pitcher,2019,F,20,21991,78517.0,confirmed_exact_strict
pitcher,2019,F,20,22302,60337.0,confirmed_global_exact_fallback
pitcher,2019,F,20,22729,69098.0,confirmed_exact_strict
pitcher,2019,F,20,22730,65056.0,confirmed_exact_strict
pitcher,2019,F,20,22922,64047.0,confirmed_exact_strict
pitcher,2019,F,20,23082,77563.0,confirmed_exact_strict
pitcher,2019,F,20,23150,63104.0,confirmed_global_exact_fallback
pitcher,2019,F,20,23151,66064.0,confirmed_exact_strict
pitcher,2019,F,20,23157,66047.0,confirmed_exact_strict
pitcher,2019,F,20,23175,66039.0,confirmed_global_exact_fallback
pitcher,2019,F,20,23383,67048.0,confirmed_global_exact_fallback
pitcher,2019,F,20,23384,67066.0,confirmed_exact_strict
pitcher,2019,F,20,23475,68036.0,confirmed_global_exact_fallback
pitcher,2019,F,20,23491,,unanchored_no_exact_evidence
pitcher,2019,F,20,23785,,unanchored_no_exact_evidence
pitcher,2019,F,20,23786,69041.0,confirmed_exact_strict
pitcher,2019,F,20,23787,69054.0,confirmed_global_exact_fallback
pitcher,2019,F,20,23790,69068.0,confirmed_exact_strict
pitcher,2019,F,20,23850,,unresolved_global_conflict
pitcher,2019,F,21,21178,71845.0,confirmed_exact_strict
pitcher,2019,F,21,21588,74748.0,confirmed_exact_strict
pitcher,2019,F,21,21699,75138.0,confirmed_exact_strict
pitcher,2019,F,21,21733,75250.0,confirmed_global_exact_fallback
pitcher,2019,F,21,21830,76858.0,confirmed_global_exact_fallback
pitcher,2019,F,21,22007,78819.0,confirmed_exact_strict
pitcher,2019,F,21,22203,60255.0,confirmed_exact_strict
pitcher,2019,F,21,22372,,unanchored_no_exact_evidence
pitcher,2019,F,21,22524,,unanchored_no_exact_evidence
pitcher,2019,F,21,22675,64893.0,confirmed_global_exact_fallback
pitcher,2019,F,21,22717,65343.0,confirmed_global_exact_fallback
pitcher,2019,F,21,23023,66444.0,confirmed_global_exact_fallback
pitcher,2019,F,21,23091,65702.0,confirmed_exact_strict
pitcher,2019,F,21,23094,66859.0,confirmed_exact_strict
pitcher,2019,F,21,23101,64896.0,confirmed_global_exact_fallback
pitcher,2019,F,21,23112,64768.0,confirmed_exact_strict
pitcher,2019,F,21,23117,61896.0,confirmed_exact_strict
pitcher,2019,F,21,23314,67863.0,confirmed_exact_strict
pitcher,2019,F,21,23532,68830.0,confirmed_exact_strict
pitcher,2019,F,21,23536,64805.0,confirmed_exact_strict
pitcher,2019,F,21,23537,,unanchored_no_exact_evidence
pitcher,2019,F,21,23761,69839.0,confirmed_global_exact_fallback
pitcher,2019,F,21,23765,,unanchored_no_exact_evidence
pitcher,2019,F,22,22784,65696.0,confirmed_global_exact_fallback
pitcher,2019,F,22,22815,,unanchored_no_exact_evidence
pitcher,2019,F,22,22836,64267.0,confirmed_global_exact_fallback
pitcher,2019,F,22,23003,,unanchored_no_exact_evidence
pitcher,2019,F,22,23024,66493.0,confirmed_global_exact_fallback
pitcher,2019,F,22,23175,66039.0,confirmed_global_exact_fallback
pitcher,2019,F,22,23258,67956.0,confirmed_global_exact_fallback
pitcher,2019,F,22,23385,67045.0,confirmed_global_exact_fallback
pitcher,2019,F,23,22312,61411.0,confirmed_exact_strict
pitcher,2019,F,23,22617,63959.0,confirmed_global_exact_fallback
pitcher,2019,F,23,22667,64596.0,confirmed_global_exact_fallback
pitcher,2019,F,23,22933,66660.0,confirmed_exact_strict
pitcher,2019,F,23,23139,66801.0,confirmed_exact_strict
pitcher,2019,F,23,23145,66858.0,confirmed_global_exact_fallback
pitcher,2019,F,23,23293,67646.0,confirmed_exact_strict
pitcher,2019,F,23,23342,67591.0,confirmed_exact_strict
pitcher,2019,F,23,23500,68659.0,confirmed_global_exact_fallback
pitcher,2019,F,23,23567,68797.0,confirmed_global_exact_fallback
pitcher,2019,F,23,23598,,unanchored_no_exact_evidence
pitcher,2019,F,23,23624,68201.0,confirmed_global_exact_fallback
pitcher,2019,R,12,20938,70425.0,confirmed_exact_strict
pitcher,2019,R,12,21279,72447.0,confirmed_exact_strict
pitcher,2019,R,12,21622,74513.0,confirmed_exact_strict
pitcher,2019,R,12,21624,74543.0,confirmed_exact_strict
pitcher,2019,R,12,21875,76329.0,confirmed_exact_strict
pitcher,2019,R,12,21940,77211.0,confirmed_exact_strict
pitcher,2019,R,12,22015,78247.0,confirmed_exact_strict
pitcher,2019,R,12,22131,79229.0,confirmed_exact_strict
pitcher,2019,R,12,22335,61214.0,confirmed_exact_strict
pitcher,2019,R,12,22427,62242.0,confirmed_exact_strict
pitcher,2019,R,12,22525,63248.0,confirmed_exact_strict
pitcher,2019,R,12,22598,62951.0,confirmed_exact_strict
pitcher,2019,R,12,22834,66291.0,confirmed_exact_strict
pitcher,2019,R,12,22869,61396.0,confirmed_exact_strict
pitcher,2019,R,12,23090,73248.0,confirmed_exact_strict
pitcher,2019,R,12,23238,67266.0,confirmed_exact_strict
pitcher,2019,R,12,23415,458676.0,confirmed_exact_strict
pitcher,2019,R,12,23557,68240.0,confirmed_exact_strict
pitcher,2019,R,12,23561,67263.0,confirmed_exact_strict
pitcher,2019,R,12,23565,68200.0,confirmed_global_exact_fallback
pitcher,2019,R,12,23617,68249.0,confirmed_exact_strict
pitcher,2019,R,12,23628,61295.0,confirmed_exact_strict
pitcher,2019,R,13,21095,71118.0,confirmed_exact_strict
pitcher,2019,R,13,21432,73801.0,confirmed_exact_strict
pitcher,2019,R,13,21795,76455.0,confirmed_exact_strict
pitcher,2019,R,13,21874,76355.0,confirmed_exact_strict
pitcher,2019,R,13,21998,78148.0,confirmed_exact_strict
pitcher,2019,R,13,22094,79140.0,confirmed_exact_strict
pitcher,2019,R,13,22123,79825.0,confirmed_exact_strict
pitcher,2019,R,13,22234,60845.0,confirmed_exact_strict
pitcher,2019,R,13,22253,60140.0,confirmed_exact_strict
pitcher,2019,R,13,22277,61101.0,confirmed_exact_strict
pitcher,2019,R,13,22278,61145.0,confirmed_exact_strict
pitcher,2019,R,13,22469,63145.0,confirmed_exact_strict
pitcher,2019,R,13,22478,63103.0,confirmed_exact_strict
pitcher,2019,R,13,22487,63111.0,confirmed_exact_strict
pitcher,2019,R,13,22547,76650.0,confirmed_exact_strict
pitcher,2019,R,13,22640,64155.0,confirmed_exact_strict
pitcher,2019,R,13,22820,66145.0,confirmed_exact_strict
pitcher,2019,R,13,22978,74167.0,confirmed_exact_strict
pitcher,2019,R,13,23225,67119.0,confirmed_exact_strict
pitcher,2019,R,13,23231,67116.0,confirmed_exact_strict
pitcher,2019,R,13,23422,68135.0,confirmed_exact_strict
pitcher,2019,R,13,23426,65117.0,confirmed_global_exact_fallback
pitcher,2019,R,13,23556,61962.0,confirmed_exact_strict
pitcher,2019,R,13,23633,543391.0,confirmed_exact_strict
pitcher,2019,R,13,23636,69158.0,confirmed_exact_strict
pitcher,2019,R,13,23637,69159.0,confirmed_exact_strict
pitcher,2019,R,13,23638,69168.0,confirmed_exact_strict
pitcher,2019,R,13,23643,69111.0,confirmed_exact_strict
pitcher,2019,R,14,21558,74359.0,confirmed_exact_strict
pitcher,2019,R,14,21654,75342.0,confirmed_exact_strict
pitcher,2019,R,14,21789,76430.0,confirmed_exact_strict
pitcher,2019,R,14,22309,61456.0,confirmed_exact_strict
pitcher,2019,R,14,22389,62363.0,confirmed_exact_strict
pitcher,2019,R,14,22397,62360.0,confirmed_exact_strict
pitcher,2019,R,14,22505,63348.0,confirmed_exact_strict
pitcher,2019,R,14,22508,63342.0,confirmed_exact_strict
pitcher,2019,R,14,22596,62937.0,confirmed_exact_strict
pitcher,2019,R,14,22890,65320.0,confirmed_exact_strict
pitcher,2019,R,14,23137,65398.0,confirmed_global_exact_fallback
pitcher,2019,R,14,23284,67365.0,confirmed_exact_strict
pitcher,2019,R,14,23289,64051.0,confirmed_exact_strict
pitcher,2019,R,14,23307,67603.0,confirmed_exact_strict
pitcher,2019,R,14,23312,67828.0,confirmed_exact_strict
pitcher,2019,R,14,23411,502010.0,confirmed_exact_strict
pitcher,2019,R,14,23437,66018.0,confirmed_exact_strict
pitcher,2019,R,14,23439,61268.0,confirmed_exact_strict
pitcher,2019,R,14,23440,68341.0,confirmed_exact_strict
pitcher,2019,R,14,23745,518852.0,confirmed_exact_strict
pitcher,2019,R,14,23747,69328.0,confirmed_exact_strict
pitcher,2019,R,14,23748,69399.0,confirmed_global_exact_fallback
pitcher,2019,R,14,23749,69360.0,confirmed_exact_strict
pitcher,2019,R,15,21372,72523.0,confirmed_exact_strict
pitcher,2019,R,15,21595,74630.0,confirmed_exact_strict
pitcher,2019,R,15,21813,76225.0,confirmed_exact_strict
pitcher,2019,R,15,21936,77318.0,confirmed_exact_strict
pitcher,2019,R,15,21978,77591.0,confirmed_exact_strict
pitcher,2019,R,15,21994,60559.0,confirmed_exact_strict
pitcher,2019,R,15,22154,79545.0,confirmed_exact_strict
pitcher,2019,R,15,22180,79293.0,confirmed_exact_strict
pitcher,2019,R,15,22404,62655.0,confirmed_exact_strict
pitcher,2019,R,15,22419,62528.0,confirmed_exact_strict
pitcher,2019,R,15,22579,62595.0,confirmed_global_exact_fallback
pitcher,2019,R,15,22668,64565.0,confirmed_exact_strict
pitcher,2019,R,15,22703,548384.0,confirmed_exact_strict
pitcher,2019,R,15,22738,63543.0,confirmed_exact_strict
pitcher,2019,R,15,22742,65067.0,confirmed_exact_strict
pitcher,2019,R,15,22759,64021.0,confirmed_exact_strict
pitcher,2019,R,15,22905,63512.0,confirmed_exact_strict
pitcher,2019,R,15,22911,75321.0,confirmed_exact_strict
pitcher,2019,R,15,22915,72862.0,confirmed_exact_strict
pitcher,2019,R,15,22923,65509.0,confirmed_exact_strict
pitcher,2019,R,15,22925,64718.0,confirmed_exact_strict
pitcher,2019,R,15,23343,67588.0,confirmed_global_exact_fallback
pitcher,2019,R,15,23455,68556.0,confirmed_exact_strict
pitcher,2019,R,15,23458,68529.0,confirmed_global_exact_fallback
pitcher,2019,R,15,23462,68501.0,confirmed_exact_strict
pitcher,2019,R,15,23672,69539.0,confirmed_exact_strict
pitcher,2019,R,15,23673,69550.0,confirmed_exact_strict
pitcher,2019,R,15,23676,69594.0,confirmed_exact_strict
pitcher,2019,R,15,23684,69516.0,confirmed_exact_strict
pitcher,2019,R,15,23758,621245.0,confirmed_exact_strict
pitcher,2019,R,16,21961,77637.0,confirmed_exact_strict
pitcher,2019,R,16,22220,60634.0,confirmed_exact_strict
pitcher,2019,R,16,22293,61643.0,confirmed_exact_strict
pitcher,2019,R,16,22380,62754.0,confirmed_exact_strict
pitcher,2019,R,16,22548,62648.0,confirmed_exact_strict
pitcher,2019,R,16,22761,65639.0,confirmed_exact_strict
pitcher,2019,R,16,22851,76350.0,confirmed_exact_strict
pitcher,2019,R,16,23293,67646.0,confirmed_exact_strict
pitcher,2019,R,16,23294,67640.0,confirmed_exact_strict
pitcher,2019,R,16,23302,67604.0,confirmed_global_exact_fallback
pitcher,2019,R,16,23306,65616.0,confirmed_exact_strict
pitcher,2019,R,16,23496,63628.0,confirmed_exact_strict
pitcher,2019,R,16,23497,68616.0,confirmed_global_exact_fallback
pitcher,2019,R,16,23498,64615.0,confirmed_exact_strict
pitcher,2019,R,16,23499,65618.0,confirmed_global_exact_fallback
pitcher,2019,R,16,23501,68639.0,confirmed_exact_strict
pitcher,2019,R,16,23614,65643.0,confirmed_exact_strict
pitcher,2019,R,16,23630,66609.0,confirmed_exact_strict
pitcher,2019,R,16,23632,63638.0,confirmed_exact_strict
pitcher,2019,R,16,23650,69620.0,confirmed_exact_strict
pitcher,2019,R,16,23651,545363.0,confirmed_exact_strict
pitcher,2019,R,16,23653,69645.0,confirmed_exact_strict
pitcher,2019,R,16,23654,69646.0,confirmed_exact_strict
pitcher,2019,R,16,23655,69656.0,confirmed_exact_strict
pitcher,2019,R,16,23665,65665.0,confirmed_exact_strict
pitcher,2019,R,17,21414,73738.0,confirmed_exact_strict
pitcher,2019,R,17,21415,73750.0,confirmed_exact_strict
pitcher,2019,R,17,21432,73801.0,confirmed_exact_strict
pitcher,2019,R,17,21587,74731.0,confirmed_global_exact_fallback
pitcher,2019,R,17,22163,79764.0,confirmed_exact_strict
pitcher,2019,R,17,22231,60768.0,confirmed_exact_strict
pitcher,2019,R,17,22233,60757.0,confirmed_exact_strict
pitcher,2019,R,17,22253,60140.0,confirmed_exact_strict
pitcher,2019,R,17,22540,63765.0,confirmed_exact_strict
pitcher,2019,R,17,22541,63749.0,confirmed_global_exact_fallback
pitcher,2019,R,17,22666,64760.0,confirmed_exact_strict
pitcher,2019,R,17,22708,65764.0,confirmed_exact_strict
pitcher,2019,R,17,22782,65769.0,confirmed_exact_strict
pitcher,2019,R,17,22964,66741.0,confirmed_exact_strict
pitcher,2019,R,17,22996,74857.0,confirmed_exact_strict
pitcher,2019,R,17,23122,64759.0,confirmed_exact_strict
pitcher,2019,R,17,23332,67762.0,confirmed_exact_strict
pitcher,2019,R,17,23334,67737.0,confirmed_exact_strict
pitcher,2019,R,17,23414,67703.0,confirmed_exact_strict
pitcher,2019,R,17,23568,68703.0,confirmed_exact_strict
pitcher,2019,R,17,23574,68701.0,confirmed_exact_strict
pitcher,2019,R,17,23597,63961.0,confirmed_exact_strict
pitcher,2019,R,17,23627,62611.0,confirmed_exact_strict
pitcher,2019,R,17,23689,64554.0,confirmed_exact_strict
pitcher,2019,R,17,23690,63791.0,confirmed_global_exact_fallback
pitcher,2019,R,17,23694,599683.0,confirmed_exact_strict
pitcher,2019,R,17,23695,69745.0,confirmed_exact_strict
pitcher,2019,R,17,23696,518445.0,confirmed_exact_strict
pitcher,2019,R,17,23697,69762.0,confirmed_exact_strict
pitcher,2019,R,18,20700,99445.0,confirmed_exact_strict
pitcher,2019,R,18,21402,73117.0,confirmed_exact_strict
pitcher,2019,R,18,21549,74454.0,confirmed_exact_strict
pitcher,2019,R,18,21916,77446.0,confirmed_exact_strict
pitcher,2019,R,18,22136,79440.0,confirmed_exact_strict
pitcher,2019,R,18,22254,60146.0,confirmed_exact_strict
pitcher,2019,R,18,22311,61457.0,confirmed_exact_strict
pitcher,2019,R,18,22318,61365.0,confirmed_exact_strict
pitcher,2019,R,18,22772,77927.0,confirmed_exact_strict
pitcher,2019,R,18,23005,66492.0,confirmed_exact_strict
pitcher,2019,R,18,23030,66451.0,confirmed_exact_strict
pitcher,2019,R,18,23361,67467.0,confirmed_exact_strict
pitcher,2019,R,18,23362,67443.0,confirmed_exact_strict
pitcher,2019,R,18,23363,67421.0,confirmed_exact_strict
pitcher,2019,R,18,23512,65496.0,confirmed_exact_strict
pitcher,2019,R,18,23515,68403.0,confirmed_exact_strict
pitcher,2019,R,18,23518,68419.0,confirmed_exact_strict
pitcher,2019,R,18,23713,69413.0,confirmed_exact_strict
pitcher,2019,R,18,23717,69435.0,confirmed_exact_strict
pitcher,2019,R,18,23719,69446.0,confirmed_exact_strict
pitcher,2019,R,18,23849,594902.0,confirmed_exact_strict
pitcher,2019,R,19,21690,75867.0,confirmed_exact_strict
pitcher,2019,R,19,21840,76757.0,confirmed_exact_strict
pitcher,2019,R,19,22028,78352.0,confirmed_exact_strict
pitcher,2019,R,19,22029,78366.0,confirmed_exact_strict
pitcher,2019,R,19,22143,79358.0,confirmed_exact_strict
pitcher,2019,R,19,22201,60339.0,confirmed_exact_strict
pitcher,2019,R,19,22249,60263.0,confirmed_exact_strict
pitcher,2019,R,19,22321,61329.0,confirmed_exact_strict
pitcher,2019,R,19,22592,76118.0,confirmed_exact_strict
pitcher,2019,R,19,22595,62920.0,confirmed_exact_strict
pitcher,2019,R,19,22597,62929.0,confirmed_exact_strict
pitcher,2019,R,19,22617,63959.0,confirmed_exact_strict
pitcher,2019,R,19,22624,63950.0,confirmed_exact_strict
pitcher,2019,R,19,22776,65042.0,confirmed_exact_strict
pitcher,2019,R,19,23035,65933.0,confirmed_exact_strict
pitcher,2019,R,19,23047,64995.0,confirmed_exact_strict
pitcher,2019,R,19,23054,65964.0,confirmed_exact_strict
pitcher,2019,R,19,23204,573348.0,confirmed_exact_strict
pitcher,2019,R,19,23206,66920.0,confirmed_exact_strict
pitcher,2019,R,19,23260,67962.0,confirmed_global_exact_fallback
pitcher,2019,R,19,23590,68900.0,confirmed_exact_strict
pitcher,2019,R,19,23596,63936.0,confirmed_exact_strict
pitcher,2019,R,19,23631,63991.0,confirmed_exact_strict
pitcher,2019,R,19,23766,69934.0,confirmed_exact_strict
pitcher,2019,R,19,23767,69940.0,confirmed_exact_strict
pitcher,2019,R,19,23769,69962.0,confirmed_exact_strict
pitcher,2019,R,19,23771,69969.0,confirmed_exact_strict
pitcher,2019,R,19,23772,69974.0,confirmed_exact_strict
pitcher,2019,R,19,23843,543184.0,confirmed_exact_strict
pitcher,2019,R,20,21754,75258.0,confirmed_exact_strict
pitcher,2019,R,20,21991,78517.0,confirmed_exact_strict
pitcher,2019,R,20,22302,60337.0,confirmed_exact_strict
pitcher,2019,R,20,22491,75340.0,confirmed_exact_strict
pitcher,2019,R,20,22729,65048.0,confirmed_exact_strict
pitcher,2019,R,20,22730,65056.0,confirmed_exact_strict
pitcher,2019,R,20,22734,65058.0,confirmed_exact_strict
pitcher,2019,R,20,22741,65060.0,confirmed_exact_strict
pitcher,2019,R,20,22743,65062.0,confirmed_exact_strict
pitcher,2019,R,20,22908,65516.0,confirmed_exact_strict
pitcher,2019,R,20,22922,64047.0,confirmed_exact_strict
pitcher,2019,R,20,23115,65827.0,confirmed_exact_strict
pitcher,2019,R,20,23150,63104.0,confirmed_exact_strict
pitcher,2019,R,20,23151,66064.0,confirmed_exact_strict
pitcher,2019,R,20,23154,64029.0,confirmed_global_exact_fallback
pitcher,2019,R,20,23383,67048.0,confirmed_exact_strict
pitcher,2019,R,20,23384,67066.0,confirmed_exact_strict
pitcher,2019,R,20,23475,68036.0,confirmed_exact_strict
pitcher,2019,R,20,23476,68050.0,confirmed_exact_strict
pitcher,2019,R,20,23478,68043.0,confirmed_exact_strict
pitcher,2019,R,20,23781,593417.0,confirmed_exact_strict
pitcher,2019,R,20,23782,571035.0,confirmed_exact_strict
pitcher,2019,R,20,23783,69047.0,confirmed_global_exact_fallback
pitcher,2019,R,20,23784,534648.0,confirmed_exact_strict
pitcher,2019,R,20,23786,69041.0,confirmed_exact_strict
pitcher,2019,R,20,23787,69054.0,confirmed_exact_strict
pitcher,2019,R,20,23790,69068.0,confirmed_exact_strict
pitcher,2019,R,21,21178,71845.0,confirmed_exact_strict
pitcher,2019,R,21,21588,74748.0,confirmed_exact_strict
pitcher,2019,R,21,21699,75138.0,confirmed_exact_strict
pitcher,2019,R,21,21733,75250.0,confirmed_exact_strict
pitcher,2019,R,21,21830,76858.0,confirmed_exact_strict
pitcher,2019,R,21,21955,77829.0,confirmed_exact_strict
pitcher,2019,R,21,22007,78819.0,confirmed_exact_strict
pitcher,2019,R,21,22099,79130.0,confirmed_exact_strict
pitcher,2019,R,21,22118,79847.0,confirmed_exact_strict
pitcher,2019,R,21,22192,60841.0,confirmed_exact_strict
pitcher,2019,R,21,22435,62869.0,confirmed_exact_strict
pitcher,2019,R,21,22458,464400.0,confirmed_exact_strict
pitcher,2019,R,21,22675,64893.0,confirmed_exact_strict
pitcher,2019,R,21,22717,65343.0,confirmed_exact_strict
pitcher,2019,R,21,22735,61895.0,confirmed_exact_strict
pitcher,2019,R,21,23023,66444.0,confirmed_exact_strict
pitcher,2019,R,21,23094,66859.0,confirmed_exact_strict
pitcher,2019,R,21,23110,62056.0,confirmed_exact_strict
pitcher,2019,R,21,23112,64768.0,confirmed_exact_strict
pitcher,2019,R,21,23314,67863.0,confirmed_exact_strict
pitcher,2019,R,21,23532,68830.0,confirmed_exact_strict
pitcher,2019,R,21,23534,68815.0,confirmed_exact_strict
pitcher,2019,R,21,23536,64805.0,confirmed_exact_strict
pitcher,2019,R,21,23758,621245.0,confirmed_exact_strict
pitcher,2019,R,21,23759,69813.0,confirmed_exact_strict
pitcher,2019,R,21,23761,69839.0,confirmed_exact_strict
pitcher,2020,F,12,21279,72447.0,confirmed_global_exact_fallback
pitcher,2020,F,12,21622,74513.0,confirmed_exact_strict
pitcher,2020,F,12,21943,77263.0,confirmed_exact_strict
pitcher,2020,F,12,22427,62242.0,confirmed_global_exact_fallback
pitcher,2020,F,12,22598,62951.0,confirmed_global_exact_fallback
pitcher,2020,F,12,22836,64267.0,confirmed_exact_strict
pitcher,2020,F,12,22840,65241.0,confirmed_exact_strict
pitcher,2020,F,12,23182,62294.0,confirmed_exact_strict
pitcher,2020,F,12,23235,67246.0,confirmed_exact_strict
pitcher,2020,F,12,23236,67259.0,confirmed_exact_strict
pitcher,2020,F,12,23240,67260.0,confirmed_exact_strict
pitcher,2020,F,12,23536,64805.0,confirmed_global_exact_fallback
pitcher,2020,F,12,23554,63292.0,confirmed_global_exact_fallback
pitcher,2020,F,12,23565,68200.0,confirmed_global_exact_fallback
pitcher,2020,F,12,23618,64198.0,confirmed_global_exact_fallback
pitcher,2020,F,12,23729,68209.0,confirmed_exact_strict
pitcher,2020,F,12,23731,69213.0,confirmed_exact_strict
pitcher,2020,F,12,23737,69205.0,confirmed_exact_strict
pitcher,2020,F,12,23738,69206.0,confirmed_exact_strict
pitcher,2020,F,12,23740,69208.0,confirmed_exact_strict
pitcher,2020,F,12,23743,69211.0,confirmed_exact_strict
pitcher,2020,F,12,23947,50262.0,confirmed_exact_strict
pitcher,2020,F,12,23951,50296.0,confirmed_global_exact_fallback
pitcher,2020,F,12,23952,50298.0,confirmed_exact_strict
pitcher,2020,F,12,23953,50203.0,confirmed_exact_strict
pitcher,2020,F,12,23954,50205.0,confirmed_exact_strict
pitcher,2020,F,12,23955,50206.0,confirmed_exact_strict
pitcher,2020,F,12,23959,50211.0,confirmed_exact_strict
pitcher,2020,F,13,21432,73801.0,confirmed_exact_strict
pitcher,2020,F,13,22007,78819.0,confirmed_exact_strict
pitcher,2020,F,13,22110,79617.0,confirmed_exact_strict
pitcher,2020,F,13,22123,79825.0,confirmed_exact_strict
pitcher,2020,F,13,22234,60845.0,confirmed_exact_strict
pitcher,2020,F,13,22261,60181.0,confirmed_exact_strict
pitcher,2020,F,13,22278,61145.0,confirmed_exact_strict
pitcher,2020,F,13,22302,60337.0,confirmed_exact_strict
pitcher,2020,F,13,22368,62146.0,confirmed_global_exact_fallback
pitcher,2020,F,13,22414,,unanchored_no_exact_evidence
pitcher,2020,F,13,22473,63138.0,confirmed_exact_strict
pitcher,2020,F,13,22478,63103.0,confirmed_exact_strict
pitcher,2020,F,13,22810,62918.0,confirmed_global_exact_fallback
pitcher,2020,F,13,22815,,unanchored_no_exact_evidence
pitcher,2020,F,13,22820,66145.0,confirmed_global_exact_fallback
pitcher,2020,F,13,23225,67119.0,confirmed_exact_strict
pitcher,2020,F,13,23231,67116.0,confirmed_exact_strict
pitcher,2020,F,13,23232,67164.0,confirmed_exact_strict
pitcher,2020,F,13,23426,65117.0,confirmed_exact_strict
pitcher,2020,F,13,23633,543391.0,confirmed_global_exact_fallback
pitcher,2020,F,13,23634,69134.0,confirmed_exact_strict
pitcher,2020,F,13,23638,69168.0,confirmed_exact_strict
pitcher,2020,F,13,23640,69104.0,confirmed_exact_strict
pitcher,2020,F,13,23643,69111.0,confirmed_exact_strict
pitcher,2020,F,13,23644,69113.0,confirmed_exact_strict
pitcher,2020,F,13,23852,50126.0,confirmed_global_exact_fallback
pitcher,2020,F,13,23853,50157.0,confirmed_global_exact_fallback
pitcher,2020,F,13,23856,50105.0,confirmed_exact_strict
pitcher,2020,F,13,23857,50106.0,confirmed_exact_strict
pitcher,2020,F,13,23858,50107.0,confirmed_exact_strict
pitcher,2020,F,13,23860,50109.0,confirmed_exact_strict
pitcher,2020,F,13,23863,50114.0,confirmed_exact_strict
pitcher,2020,F,14,21558,74359.0,confirmed_global_exact_fallback
pitcher,2020,F,14,22205,60336.0,confirmed_global_exact_fallback
pitcher,2020,F,14,22250,60264.0,confirmed_exact_strict
pitcher,2020,F,14,22309,61456.0,confirmed_global_exact_fallback
pitcher,2020,F,14,22389,62363.0,confirmed_global_exact_fallback
pitcher,2020,F,14,22505,63348.0,confirmed_exact_strict
pitcher,2020,F,14,22596,62937.0,confirmed_exact_strict
pitcher,2020,F,14,22785,65392.0,confirmed_global_exact_fallback
pitcher,2020,F,14,22867,66305.0,confirmed_exact_strict
pitcher,2020,F,14,22870,65348.0,confirmed_exact_strict
pitcher,2020,F,14,22881,66398.0,confirmed_global_exact_fallback
pitcher,2020,F,14,22923,65509.0,confirmed_global_exact_fallback
pitcher,2020,F,14,23137,65398.0,confirmed_exact_strict
pitcher,2020,F,14,23284,67365.0,confirmed_global_exact_fallback
pitcher,2020,F,14,23312,67828.0,confirmed_global_exact_fallback
pitcher,2020,F,14,23437,,unresolved_global_conflict
pitcher,2020,F,14,23439,61268.0,confirmed_global_exact_fallback
pitcher,2020,F,14,23440,68341.0,confirmed_global_exact_fallback
pitcher,2020,F,14,23446,,unanchored_no_exact_evidence
pitcher,2020,F,14,23449,,unanchored_no_exact_evidence
pitcher,2020,F,14,23556,61962.0,confirmed_global_exact_fallback
pitcher,2020,F,14,23747,69328.0,confirmed_global_exact_fallback
pitcher,2020,F,14,23748,69399.0,confirmed_global_exact_fallback
pitcher,2020,F,14,23751,69367.0,confirmed_global_exact_fallback
pitcher,2020,F,14,23754,,unanchored_no_exact_evidence
pitcher,2020,F,14,23977,50354.0,confirmed_exact_strict
pitcher,2020,F,14,23979,50360.0,confirmed_global_exact_fallback
pitcher,2020,F,14,23982,50393.0,confirmed_exact_strict
pitcher,2020,F,14,23984,,unanchored_no_exact_evidence
pitcher,2020,F,14,23985,50397.0,confirmed_exact_strict
pitcher,2020,F,15,21372,72523.0,confirmed_global_exact_fallback
pitcher,2020,F,15,21813,76225.0,confirmed_global_exact_fallback
pitcher,2020,F,15,23342,67591.0,confirmed_global_exact_fallback
pitcher,2020,F,15,23680,69507.0,confirmed_global_exact_fallback
pitcher,2020,F,15,23885,,unanchored_no_exact_evidence
pitcher,2020,F,15,23886,50592.0,confirmed_global_exact_fallback
pitcher,2020,F,15,23887,50563.0,confirmed_global_exact_fallback
pitcher,2020,F,15,23893,50556.0,confirmed_global_exact_fallback
pitcher,2020,F,15,23895,50596.0,confirmed_global_exact_fallback
pitcher,2020,F,17,21415,73750.0,confirmed_exact_strict
pitcher,2020,F,17,21587,74731.0,confirmed_global_exact_fallback
pitcher,2020,F,17,22163,79764.0,confirmed_exact_strict
pitcher,2020,F,17,22231,60768.0,confirmed_global_exact_fallback
pitcher,2020,F,17,22233,60757.0,confirmed_global_exact_fallback
pitcher,2020,F,17,22253,60140.0,confirmed_exact_strict
pitcher,2020,F,17,22280,61156.0,confirmed_exact_strict
pitcher,2020,F,17,22335,61214.0,confirmed_exact_strict
pitcher,2020,F,17,22539,63730.0,confirmed_exact_strict
pitcher,2020,F,17,22540,63765.0,confirmed_exact_strict
pitcher,2020,F,17,22541,63749.0,confirmed_exact_strict
pitcher,2020,F,17,22575,63464.0,confirmed_global_exact_fallback
pitcher,2020,F,17,22666,64760.0,confirmed_exact_strict
pitcher,2020,F,17,22710,65707.0,confirmed_exact_strict
pitcher,2020,F,17,22782,65769.0,confirmed_exact_strict
pitcher,2020,F,17,22960,66705.0,confirmed_exact_strict
pitcher,2020,F,17,23122,64759.0,confirmed_exact_strict
pitcher,2020,F,17,23331,67768.0,confirmed_exact_strict
pitcher,2020,F,17,23336,67711.0,confirmed_exact_strict
pitcher,2020,F,17,23567,68797.0,confirmed_exact_strict
pitcher,2020,F,17,23568,68703.0,confirmed_exact_strict
pitcher,2020,F,17,23574,68701.0,confirmed_exact_strict
pitcher,2020,F,17,23597,63961.0,confirmed_exact_strict
pitcher,2020,F,17,23627,62611.0,confirmed_exact_strict
pitcher,2020,F,17,23689,64554.0,confirmed_exact_strict
pitcher,2020,F,17,23690,63791.0,confirmed_global_exact_fallback
pitcher,2020,F,17,23696,518445.0,confirmed_global_exact_fallback
pitcher,2020,F,17,23703,69703.0,confirmed_exact_strict
pitcher,2020,F,17,23931,50758.0,confirmed_exact_strict
pitcher,2020,F,17,23933,50710.0,confirmed_exact_strict
pitcher,2020,F,17,23934,50711.0,confirmed_exact_strict
pitcher,2020,F,17,23935,50705.0,confirmed_global_exact_fallback
pitcher,2020,F,17,23936,50712.0,confirmed_exact_strict
pitcher,2020,F,17,23942,50706.0,confirmed_global_exact_fallback
pitcher,2020,F,17,23943,,unanchored_no_exact_evidence
pitcher,2020,F,18,22621,63960.0,confirmed_global_exact_fallback
pitcher,2020,F,18,23190,63492.0,confirmed_global_exact_fallback
pitcher,2020,F,18,23360,64464.0,confirmed_global_exact_fallback
pitcher,2020,F,18,23519,68413.0,confirmed_global_exact_fallback
pitcher,2020,F,18,23615,68453.0,confirmed_global_exact_fallback
pitcher,2020,F,18,23721,,unanchored_no_exact_evidence
pitcher,2020,F,18,23868,50430.0,confirmed_global_exact_fallback
pitcher,2020,F,18,23871,50464.0,confirmed_global_exact_fallback
pitcher,2020,F,18,23873,,unanchored_no_exact_evidence
pitcher,2020,F,18,23874,50412.0,confirmed_global_exact_fallback
pitcher,2020,F,18,23879,64498.0,confirmed_global_exact_fallback
pitcher,2020,F,19,21690,75867.0,confirmed_global_exact_fallback
pitcher,2020,F,19,22404,62655.0,confirmed_global_exact_fallback
pitcher,2020,F,19,22622,63914.0,confirmed_global_exact_fallback
pitcher,2020,F,19,22624,63950.0,confirmed_global_exact_fallback
pitcher,2020,F,19,23206,66920.0,confirmed_global_exact_fallback
pitcher,2020,F,19,23257,67954.0,confirmed_global_exact_fallback
pitcher,2020,F,19,23262,,unanchored_no_exact_evidence
pitcher,2020,F,19,23352,,unanchored_no_exact_evidence
pitcher,2020,F,19,23593,68902.0,confirmed_global_exact_fallback
pitcher,2020,F,19,23599,68910.0,confirmed_global_exact_fallback
pitcher,2020,F,19,23628,61295.0,confirmed_global_exact_fallback
pitcher,2020,F,19,23769,69962.0,confirmed_global_exact_fallback
pitcher,2020,F,19,23772,69974.0,confirmed_global_exact_fallback
pitcher,2020,F,19,23967,50900.0,confirmed_global_exact_fallback
pitcher,2020,F,20,21654,75342.0,confirmed_global_exact_fallback
pitcher,2020,F,20,21754,75258.0,confirmed_global_exact_fallback
pitcher,2020,F,20,22922,64047.0,confirmed_global_exact_fallback
pitcher,2020,F,20,23150,63104.0,confirmed_global_exact_fallback
pitcher,2020,F,20,23154,64029.0,confirmed_global_exact_fallback
pitcher,2020,F,20,23175,66039.0,confirmed_global_exact_fallback
pitcher,2020,F,20,23383,67048.0,confirmed_global_exact_fallback
pitcher,2020,F,20,23787,69054.0,confirmed_global_exact_fallback
pitcher,2020,F,20,23850,,unresolved_global_conflict
pitcher,2020,F,21,21571,74838.0,confirmed_global_exact_fallback
pitcher,2020,F,21,21699,75138.0,confirmed_global_exact_fallback
pitcher,2020,F,21,21830,76858.0,confirmed_exact_strict
pitcher,2020,F,21,22099,79130.0,confirmed_global_exact_fallback
pitcher,2020,F,21,22118,79847.0,confirmed_exact_strict
pitcher,2020,F,21,22717,65343.0,confirmed_exact_strict
pitcher,2020,F,21,22851,76350.0,confirmed_exact_strict
pitcher,2020,F,21,23094,66859.0,confirmed_exact_strict
pitcher,2020,F,21,23101,64896.0,confirmed_exact_strict
pitcher,2020,F,21,23110,62056.0,confirmed_global_exact_fallback
pitcher,2020,F,21,23112,64768.0,confirmed_global_exact_fallback
pitcher,2020,F,21,23139,66801.0,confirmed_exact_strict
pitcher,2020,F,21,23145,66858.0,confirmed_global_exact_fallback
pitcher,2020,F,21,23148,,unanchored_no_exact_evidence
pitcher,2020,F,21,23204,573348.0,confirmed_global_exact_fallback
pitcher,2020,F,21,23314,67863.0,confirmed_exact_strict
pitcher,2020,F,21,23532,68830.0,confirmed_global_exact_fallback
pitcher,2020,F,21,23540,68856.0,confirmed_global_exact_fallback
pitcher,2020,F,21,23542,68896.0,confirmed_exact_strict
pitcher,2020,F,21,23596,63936.0,confirmed_global_exact_fallback
pitcher,2020,F,21,23759,69813.0,confirmed_global_exact_fallback
pitcher,2020,F,21,23761,69839.0,confirmed_exact_strict
pitcher,2020,F,21,23762,65897.0,confirmed_exact_strict
pitcher,2020,F,21,23763,69860.0,confirmed_exact_strict
pitcher,2020,F,21,23764,,unanchored_no_exact_evidence
pitcher,2020,F,21,23765,,unanchored_no_exact_evidence
pitcher,2020,F,21,23902,65411.0,confirmed_exact_strict
pitcher,2020,F,21,23903,50859.0,confirmed_exact_strict
pitcher,2020,F,21,23904,50812.0,confirmed_exact_strict
pitcher,2020,F,21,23909,50813.0,confirmed_exact_strict
pitcher,2020,F,21,23910,,unanchored_no_exact_evidence
pitcher,2020,F,21,23912,50818.0,confirmed_exact_strict
pitcher,2020,R,12,21279,72447.0,confirmed_exact_strict
pitcher,2020,R,12,21622,74513.0,confirmed_exact_strict
pitcher,2020,R,12,21875,76329.0,confirmed_exact_strict
pitcher,2020,R,12,21940,,unresolved_global_conflict
pitcher,2020,R,12,21943,77263.0,confirmed_exact_strict
pitcher,2020,R,12,22131,79229.0,confirmed_exact_strict
pitcher,2020,R,12,22293,61643.0,confirmed_exact_strict
pitcher,2020,R,12,22427,62242.0,confirmed_exact_strict
pitcher,2020,R,12,22525,63248.0,confirmed_exact_strict
pitcher,2020,R,12,22598,62951.0,confirmed_exact_strict
pitcher,2020,R,12,22834,66291.0,confirmed_exact_strict
pitcher,2020,R,12,22840,65241.0,confirmed_exact_strict
pitcher,2020,R,12,23182,62294.0,confirmed_exact_strict
pitcher,2020,R,12,23235,67246.0,confirmed_exact_strict
pitcher,2020,R,12,23236,67259.0,confirmed_exact_strict
pitcher,2020,R,12,23238,67266.0,confirmed_exact_strict
pitcher,2020,R,12,23536,64805.0,confirmed_exact_strict
pitcher,2020,R,12,23554,63292.0,confirmed_exact_strict
pitcher,2020,R,12,23561,67263.0,confirmed_exact_strict
pitcher,2020,R,12,23565,68200.0,confirmed_exact_strict
pitcher,2020,R,12,23617,68249.0,confirmed_exact_strict
pitcher,2020,R,12,23727,68207.0,confirmed_exact_strict
pitcher,2020,R,12,23737,69205.0,confirmed_exact_strict
pitcher,2020,R,12,23781,593417.0,confirmed_exact_strict
pitcher,2020,R,12,23944,623167.0,confirmed_exact_strict
pitcher,2020,R,12,23947,50262.0,confirmed_exact_strict
pitcher,2020,R,12,23951,50296.0,confirmed_exact_strict
pitcher,2020,R,12,23952,50298.0,confirmed_global_exact_fallback
pitcher,2020,R,12,23953,50203.0,confirmed_exact_strict
pitcher,2020,R,13,21432,73801.0,confirmed_exact_strict
pitcher,2020,R,13,21795,76455.0,confirmed_exact_strict
pitcher,2020,R,13,21998,78148.0,confirmed_exact_strict
pitcher,2020,R,13,22007,78819.0,confirmed_exact_strict
pitcher,2020,R,13,22094,79140.0,confirmed_exact_strict
pitcher,2020,R,13,22110,79617.0,confirmed_exact_strict
pitcher,2020,R,13,22123,79825.0,confirmed_exact_strict
pitcher,2020,R,13,22234,60845.0,confirmed_exact_strict
pitcher,2020,R,13,22261,60181.0,confirmed_exact_strict
pitcher,2020,R,13,22277,61101.0,confirmed_exact_strict
pitcher,2020,R,13,22278,61145.0,confirmed_exact_strict
pitcher,2020,R,13,22302,60337.0,confirmed_exact_strict
pitcher,2020,R,13,22368,62146.0,confirmed_exact_strict
pitcher,2020,R,13,22478,63103.0,confirmed_exact_strict
pitcher,2020,R,13,22547,76650.0,confirmed_exact_strict
pitcher,2020,R,13,22820,66145.0,confirmed_exact_strict
pitcher,2020,R,13,23225,67119.0,confirmed_exact_strict
pitcher,2020,R,13,23232,67164.0,confirmed_exact_strict
pitcher,2020,R,13,23422,68135.0,confirmed_exact_strict
pitcher,2020,R,13,23426,65117.0,confirmed_exact_strict
pitcher,2020,R,13,23633,543391.0,confirmed_exact_strict
pitcher,2020,R,13,23634,69134.0,confirmed_exact_strict
pitcher,2020,R,13,23637,69159.0,confirmed_exact_strict
pitcher,2020,R,13,23640,69104.0,confirmed_exact_strict
pitcher,2020,R,13,23643,69111.0,confirmed_exact_strict
pitcher,2020,R,13,23852,50126.0,confirmed_exact_strict
pitcher,2020,R,13,23853,50157.0,confirmed_exact_strict
pitcher,2020,R,13,23860,50109.0,confirmed_exact_strict
pitcher,2020,R,14,21558,74359.0,confirmed_exact_strict
pitcher,2020,R,14,21789,76430.0,confirmed_exact_strict
pitcher,2020,R,14,22205,60336.0,confirmed_exact_strict
pitcher,2020,R,14,22250,60264.0,confirmed_global_exact_fallback
pitcher,2020,R,14,22389,62363.0,confirmed_exact_strict
pitcher,2020,R,14,22397,62360.0,confirmed_exact_strict
pitcher,2020,R,14,22505,63348.0,confirmed_exact_strict
pitcher,2020,R,14,22508,63342.0,confirmed_exact_strict
pitcher,2020,R,14,22596,62937.0,confirmed_exact_strict
pitcher,2020,R,14,22785,65392.0,confirmed_exact_strict
pitcher,2020,R,14,22867,66305.0,confirmed_exact_strict
pitcher,2020,R,14,22890,65320.0,confirmed_exact_strict
pitcher,2020,R,14,22923,65509.0,confirmed_global_exact_fallback
pitcher,2020,R,14,23137,65398.0,confirmed_exact_strict
pitcher,2020,R,14,23284,67365.0,confirmed_exact_strict
pitcher,2020,R,14,23288,67391.0,confirmed_exact_strict
pitcher,2020,R,14,23289,64051.0,confirmed_exact_strict
pitcher,2020,R,14,23307,67603.0,confirmed_exact_strict
pitcher,2020,R,14,23312,67828.0,confirmed_exact_strict
pitcher,2020,R,14,23411,502010.0,confirmed_exact_strict
pitcher,2020,R,14,23437,66018.0,confirmed_exact_strict
pitcher,2020,R,14,23439,61268.0,confirmed_exact_strict
pitcher,2020,R,14,23440,68341.0,confirmed_exact_strict
pitcher,2020,R,14,23556,61962.0,confirmed_exact_strict
pitcher,2020,R,14,23745,518852.0,confirmed_exact_strict
pitcher,2020,R,14,23747,69328.0,confirmed_exact_strict
pitcher,2020,R,14,23748,69399.0,confirmed_exact_strict
pitcher,2020,R,14,23749,69360.0,confirmed_exact_strict
pitcher,2020,R,14,23979,50360.0,confirmed_exact_strict
pitcher,2020,R,14,23985,50397.0,confirmed_global_exact_fallback
pitcher,2020,R,15,21372,72523.0,confirmed_exact_strict
pitcher,2020,R,15,21441,73211.0,confirmed_exact_strict
pitcher,2020,R,15,21813,76225.0,confirmed_exact_strict
pitcher,2020,R,15,21874,76355.0,confirmed_exact_strict
pitcher,2020,R,15,21978,77591.0,confirmed_exact_strict
pitcher,2020,R,15,21994,60559.0,confirmed_exact_strict
pitcher,2020,R,15,22154,79545.0,confirmed_exact_strict
pitcher,2020,R,15,22180,79293.0,confirmed_exact_strict
pitcher,2020,R,15,22419,62528.0,confirmed_exact_strict
pitcher,2020,R,15,22579,62595.0,confirmed_exact_strict
pitcher,2020,R,15,22583,78536.0,confirmed_exact_strict
pitcher,2020,R,15,22667,64596.0,confirmed_exact_strict
pitcher,2020,R,15,22668,64565.0,confirmed_exact_strict
pitcher,2020,R,15,22738,63543.0,confirmed_exact_strict
pitcher,2020,R,15,22759,64021.0,confirmed_exact_strict
pitcher,2020,R,15,22905,63512.0,confirmed_exact_strict
pitcher,2020,R,15,22925,64718.0,confirmed_exact_strict
pitcher,2020,R,15,22926,66557.0,confirmed_exact_strict
pitcher,2020,R,15,23342,67591.0,confirmed_exact_strict
pitcher,2020,R,15,23458,68529.0,confirmed_exact_strict
pitcher,2020,R,15,23672,69539.0,confirmed_exact_strict
pitcher,2020,R,15,23886,50592.0,confirmed_exact_strict
pitcher,2020,R,15,23893,50556.0,confirmed_exact_strict
pitcher,2020,R,15,23897,573185.0,confirmed_exact_strict
pitcher,2020,R,15,23898,592716.0,confirmed_exact_strict
pitcher,2020,R,16,21961,77637.0,confirmed_exact_strict
pitcher,2020,R,16,22015,78247.0,confirmed_exact_strict
pitcher,2020,R,16,22293,61643.0,confirmed_exact_strict
pitcher,2020,R,16,22380,62754.0,confirmed_exact_strict
pitcher,2020,R,16,22428,62263.0,confirmed_exact_strict
pitcher,2020,R,16,22624,63950.0,confirmed_exact_strict
pitcher,2020,R,16,22761,65639.0,confirmed_exact_strict
pitcher,2020,R,16,22763,,unanchored_no_exact_evidence
pitcher,2020,R,16,22784,65696.0,confirmed_exact_strict
pitcher,2020,R,16,22899,64580.0,confirmed_exact_strict
pitcher,2020,R,16,22932,66630.0,confirmed_exact_strict
pitcher,2020,R,16,22933,66660.0,confirmed_exact_strict
pitcher,2020,R,16,23293,67646.0,confirmed_exact_strict
pitcher,2020,R,16,23306,65616.0,confirmed_exact_strict
pitcher,2020,R,16,23496,63628.0,confirmed_exact_strict
pitcher,2020,R,16,23497,68616.0,confirmed_global_exact_fallback
pitcher,2020,R,16,23498,64615.0,confirmed_exact_strict
pitcher,2020,R,16,23499,65618.0,confirmed_exact_strict
pitcher,2020,R,16,23614,65643.0,confirmed_exact_strict
pitcher,2020,R,16,23630,66609.0,confirmed_exact_strict
pitcher,2020,R,16,23632,63638.0,confirmed_exact_strict
pitcher,2020,R,16,23648,66663.0,confirmed_exact_strict
pitcher,2020,R,16,23650,69620.0,confirmed_exact_strict
pitcher,2020,R,16,23654,69646.0,confirmed_exact_strict
pitcher,2020,R,16,23665,65665.0,confirmed_exact_strict
pitcher,2020,R,16,23684,69516.0,confirmed_exact_strict
pitcher,2020,R,16,23916,543193.0,confirmed_exact_strict
pitcher,2020,R,16,23917,605156.0,confirmed_exact_strict
pitcher,2020,R,16,23929,50662.0,confirmed_exact_strict
pitcher,2020,R,17,21414,73738.0,confirmed_exact_strict
pitcher,2020,R,17,21415,73750.0,confirmed_exact_strict
pitcher,2020,R,17,21936,77318.0,confirmed_exact_strict
pitcher,2020,R,17,22163,79764.0,confirmed_exact_strict
pitcher,2020,R,17,22231,60768.0,confirmed_exact_strict
pitcher,2020,R,17,22253,60140.0,confirmed_exact_strict
pitcher,2020,R,17,22280,61156.0,confirmed_exact_strict
pitcher,2020,R,17,22335,61214.0,confirmed_exact_strict
pitcher,2020,R,17,22540,63765.0,confirmed_exact_strict
pitcher,2020,R,17,22575,63464.0,confirmed_exact_strict
pitcher,2020,R,17,22666,64760.0,confirmed_exact_strict
pitcher,2020,R,17,22708,65764.0,confirmed_exact_strict
pitcher,2020,R,17,22782,65769.0,confirmed_exact_strict
pitcher,2020,R,17,22996,74857.0,confirmed_exact_strict
pitcher,2020,R,17,23122,64759.0,confirmed_exact_strict
pitcher,2020,R,17,23334,67737.0,confirmed_exact_strict
pitcher,2020,R,17,23336,67711.0,confirmed_exact_strict
pitcher,2020,R,17,23414,67703.0,confirmed_exact_strict
pitcher,2020,R,17,23568,68703.0,confirmed_exact_strict
pitcher,2020,R,17,23574,68701.0,confirmed_exact_strict
pitcher,2020,R,17,23597,63961.0,confirmed_exact_strict
pitcher,2020,R,17,23627,62611.0,confirmed_exact_strict
pitcher,2020,R,17,23689,64554.0,confirmed_exact_strict
pitcher,2020,R,17,23693,69737.0,confirmed_exact_strict
pitcher,2020,R,17,23694,599683.0,confirmed_exact_strict
pitcher,2020,R,17,23695,69745.0,confirmed_exact_strict
pitcher,2020,R,17,23696,518445.0,confirmed_exact_strict
pitcher,2020,R,17,23703,69703.0,confirmed_exact_strict
pitcher,2020,R,17,23932,50726.0,confirmed_global_exact_fallback
pitcher,2020,R,17,23935,50705.0,confirmed_exact_strict
pitcher,2020,R,17,23942,50706.0,confirmed_exact_strict
pitcher,2020,R,18,20700,99445.0,confirmed_exact_strict
pitcher,2020,R,18,21402,73117.0,confirmed_exact_strict
pitcher,2020,R,18,21549,74454.0,confirmed_exact_strict
pitcher,2020,R,18,21916,77446.0,confirmed_exact_strict
pitcher,2020,R,18,22136,79440.0,confirmed_exact_strict
pitcher,2020,R,18,22254,60146.0,confirmed_exact_strict
pitcher,2020,R,18,22311,61457.0,confirmed_exact_strict
pitcher,2020,R,18,22312,61411.0,confirmed_exact_strict
pitcher,2020,R,18,22318,61365.0,confirmed_exact_strict
pitcher,2020,R,18,22595,62920.0,confirmed_exact_strict
pitcher,2020,R,18,22621,63960.0,confirmed_exact_strict
pitcher,2020,R,18,22772,77927.0,confirmed_exact_strict
pitcher,2020,R,18,23190,63492.0,confirmed_exact_strict
pitcher,2020,R,18,23362,67443.0,confirmed_exact_strict
pitcher,2020,R,18,23363,67421.0,confirmed_exact_strict
pitcher,2020,R,18,23512,65496.0,confirmed_exact_strict
pitcher,2020,R,18,23513,68415.0,confirmed_exact_strict
pitcher,2020,R,18,23515,68403.0,confirmed_exact_strict
pitcher,2020,R,18,23518,68419.0,confirmed_exact_strict
pitcher,2020,R,18,23719,69446.0,confirmed_exact_strict
pitcher,2020,R,18,23848,75421.0,confirmed_exact_strict
pitcher,2020,R,18,23849,594902.0,confirmed_exact_strict
pitcher,2020,R,18,23868,50430.0,confirmed_exact_strict
pitcher,2020,R,18,23869,50441.0,confirmed_exact_strict
pitcher,2020,R,18,23870,50449.0,confirmed_exact_strict
pitcher,2020,R,18,23871,50464.0,confirmed_exact_strict
pitcher,2020,R,18,23880,571527.0,confirmed_exact_strict
pitcher,2020,R,19,21690,75867.0,confirmed_exact_strict
pitcher,2020,R,19,22028,78352.0,confirmed_exact_strict
pitcher,2020,R,19,22143,79358.0,confirmed_exact_strict
pitcher,2020,R,19,22201,60339.0,confirmed_exact_strict
pitcher,2020,R,19,22249,60263.0,confirmed_exact_strict
pitcher,2020,R,19,22404,62655.0,confirmed_exact_strict
pitcher,2020,R,19,22592,76118.0,confirmed_exact_strict
pitcher,2020,R,19,22617,63959.0,confirmed_exact_strict
pitcher,2020,R,19,22622,63914.0,confirmed_exact_strict
pitcher,2020,R,19,22624,63950.0,confirmed_exact_strict
pitcher,2020,R,19,22761,65639.0,confirmed_exact_strict
pitcher,2020,R,19,22776,65042.0,confirmed_exact_strict
pitcher,2020,R,19,23035,65933.0,confirmed_exact_strict
pitcher,2020,R,19,23043,65949.0,confirmed_exact_strict
pitcher,2020,R,19,23047,64995.0,confirmed_exact_strict
pitcher,2020,R,19,23206,66920.0,confirmed_exact_strict
pitcher,2020,R,19,23257,67954.0,confirmed_exact_strict
pitcher,2020,R,19,23258,67956.0,confirmed_exact_strict
pitcher,2020,R,19,23260,67962.0,confirmed_exact_strict
pitcher,2020,R,19,23590,68900.0,confirmed_exact_strict
pitcher,2020,R,19,23593,68902.0,confirmed_exact_strict
pitcher,2020,R,19,23599,68910.0,confirmed_exact_strict
pitcher,2020,R,19,23600,65937.0,confirmed_exact_strict
pitcher,2020,R,19,23614,65643.0,confirmed_exact_strict
pitcher,2020,R,19,23628,61295.0,confirmed_exact_strict
pitcher,2020,R,19,23631,63991.0,confirmed_exact_strict
pitcher,2020,R,19,23767,69940.0,confirmed_exact_strict
pitcher,2020,R,19,23769,69962.0,confirmed_exact_strict
pitcher,2020,R,19,23772,69974.0,confirmed_exact_strict
pitcher,2020,R,19,23962,605541.0,confirmed_exact_strict
pitcher,2020,R,19,23963,50992.0,confirmed_global_exact_fallback
pitcher,2020,R,19,23966,50901.0,confirmed_global_exact_fallback
pitcher,2020,R,19,23967,50900.0,confirmed_exact_strict
pitcher,2020,R,20,21654,75342.0,confirmed_exact_strict
pitcher,2020,R,20,21754,75258.0,confirmed_exact_strict
pitcher,2020,R,20,21840,76757.0,confirmed_exact_strict
pitcher,2020,R,20,21991,78517.0,confirmed_exact_strict
pitcher,2020,R,20,22491,75340.0,confirmed_exact_strict
pitcher,2020,R,20,22722,64041.0,confirmed_exact_strict
pitcher,2020,R,20,22729,65048.0,confirmed_exact_strict
pitcher,2020,R,20,22731,65057.0,confirmed_exact_strict
pitcher,2020,R,20,22741,65060.0,confirmed_exact_strict
pitcher,2020,R,20,22743,65062.0,confirmed_exact_strict
pitcher,2020,R,20,22908,65516.0,confirmed_exact_strict
pitcher,2020,R,20,22922,64047.0,confirmed_exact_strict
pitcher,2020,R,20,23082,77563.0,confirmed_exact_strict
pitcher,2020,R,20,23154,64029.0,confirmed_exact_strict
pitcher,2020,R,20,23157,66047.0,confirmed_exact_strict
pitcher,2020,R,20,23175,66039.0,confirmed_exact_strict
pitcher,2020,R,20,23385,67045.0,confirmed_exact_strict
pitcher,2020,R,20,23478,68043.0,confirmed_exact_strict
pitcher,2020,R,20,23782,571035.0,confirmed_exact_strict
pitcher,2020,R,20,23784,534648.0,confirmed_exact_strict
pitcher,2020,R,20,23786,69041.0,confirmed_exact_strict
pitcher,2020,R,20,23787,69054.0,confirmed_exact_strict
pitcher,2020,R,20,23790,69068.0,confirmed_exact_strict
pitcher,2020,R,20,23850,69098.0,confirmed_exact_strict
pitcher,2020,R,20,23987,628333.0,confirmed_exact_strict
pitcher,2020,R,20,23988,50030.0,confirmed_exact_strict
pitcher,2020,R,20,23991,50036.0,confirmed_exact_strict
pitcher,2020,R,21,21571,74838.0,confirmed_exact_strict
pitcher,2020,R,21,21699,75138.0,confirmed_exact_strict
pitcher,2020,R,21,21830,76858.0,confirmed_exact_strict
pitcher,2020,R,21,22099,79130.0,confirmed_exact_strict
pitcher,2020,R,21,22118,79847.0,confirmed_exact_strict
pitcher,2020,R,21,22192,60841.0,confirmed_exact_strict
pitcher,2020,R,21,22231,60768.0,confirmed_exact_strict
pitcher,2020,R,21,22435,62869.0,confirmed_exact_strict
pitcher,2020,R,21,22675,64893.0,confirmed_exact_strict
pitcher,2020,R,21,22717,65343.0,confirmed_exact_strict
pitcher,2020,R,21,22735,61895.0,confirmed_exact_strict
pitcher,2020,R,21,22851,76350.0,confirmed_exact_strict
pitcher,2020,R,21,23092,63894.0,confirmed_exact_strict
pitcher,2020,R,21,23094,66859.0,confirmed_exact_strict
pitcher,2020,R,21,23101,64896.0,confirmed_exact_strict
pitcher,2020,R,21,23105,64861.0,confirmed_exact_strict
pitcher,2020,R,21,23110,62056.0,confirmed_exact_strict
pitcher,2020,R,21,23112,64768.0,confirmed_exact_strict
pitcher,2020,R,21,23139,66801.0,confirmed_exact_strict
pitcher,2020,R,21,23204,573348.0,confirmed_exact_strict
pitcher,2020,R,21,23314,67863.0,confirmed_exact_strict
pitcher,2020,R,21,23596,63936.0,confirmed_exact_strict
pitcher,2020,R,21,23759,69813.0,confirmed_exact_strict
pitcher,2020,R,21,23761,69839.0,confirmed_exact_strict
pitcher,2020,R,21,23902,65411.0,confirmed_exact_strict
pitcher,2020,R,21,23903,50859.0,confirmed_exact_strict
pitcher,2020,R,21,23909,50813.0,confirmed_global_exact_fallback
pitcher,2020,R,21,23914,620982.0,confirmed_exact_strict
pitcher,2020,R,21,23915,592468.0,confirmed_exact_strict
pitcher,2021,F,12,21622,74513.0,confirmed_exact_strict
pitcher,2021,F,12,21875,76329.0,confirmed_exact_strict
pitcher,2021,F,12,22131,79229.0,confirmed_exact_strict
pitcher,2021,F,12,22427,62242.0,confirmed_exact_strict
pitcher,2021,F,12,22598,62951.0,confirmed_exact_strict
pitcher,2021,F,12,22761,65639.0,confirmed_exact_strict
pitcher,2021,F,12,22821,66160.0,confirmed_exact_strict
pitcher,2021,F,12,22834,66291.0,confirmed_global_exact_fallback
pitcher,2021,F,12,23177,66201.0,confirmed_exact_strict
pitcher,2021,F,12,23182,62294.0,confirmed_exact_strict
pitcher,2021,F,12,23236,67259.0,confirmed_exact_strict
pitcher,2021,F,12,23240,67260.0,confirmed_exact_strict
pitcher,2021,F,12,23536,64805.0,confirmed_global_exact_fallback
pitcher,2021,F,12,23554,63292.0,confirmed_global_exact_fallback
pitcher,2021,F,12,23555,68220.0,confirmed_exact_strict
pitcher,2021,F,12,23560,68260.0,confirmed_global_exact_fallback
pitcher,2021,F,12,23624,68201.0,confirmed_exact_strict
pitcher,2021,F,12,23640,69104.0,confirmed_exact_strict
pitcher,2021,F,12,23737,69205.0,confirmed_exact_strict
pitcher,2021,F,12,23738,69206.0,confirmed_global_exact_fallback
pitcher,2021,F,12,23951,50296.0,confirmed_global_exact_fallback
pitcher,2021,F,12,23952,50298.0,confirmed_exact_strict
pitcher,2021,F,12,23953,50203.0,confirmed_exact_strict
pitcher,2021,F,12,23954,50205.0,confirmed_exact_strict
pitcher,2021,F,12,23955,50206.0,confirmed_exact_strict
pitcher,2021,F,12,24099,51230.0,confirmed_exact_strict
pitcher,2021,F,12,24100,51264.0,confirmed_global_exact_fallback
pitcher,2021,F,12,24102,51294.0,confirmed_exact_strict
pitcher,2021,F,12,24105,,unanchored_no_exact_evidence
pitcher,2021,F,12,24107,51299.0,confirmed_global_exact_fallback
pitcher,2021,F,12,24112,51204.0,confirmed_exact_strict
pitcher,2021,F,12,24113,51202.0,confirmed_global_exact_fallback
pitcher,2021,F,13,21372,72523.0,confirmed_exact_strict
pitcher,2021,F,13,21432,73801.0,confirmed_exact_strict
pitcher,2021,F,13,21795,76455.0,confirmed_exact_strict
pitcher,2021,F,13,22094,79140.0,confirmed_exact_strict
pitcher,2021,F,13,22261,60181.0,confirmed_exact_strict
pitcher,2021,F,13,22277,61101.0,confirmed_exact_strict
pitcher,2021,F,13,22278,61145.0,confirmed_exact_strict
pitcher,2021,F,13,22302,60337.0,confirmed_exact_strict
pitcher,2021,F,13,22368,62146.0,confirmed_exact_strict
pitcher,2021,F,13,22469,63145.0,confirmed_exact_strict
pitcher,2021,F,13,22478,63103.0,confirmed_exact_strict
pitcher,2021,F,13,22525,63248.0,confirmed_global_exact_fallback
pitcher,2021,F,13,22547,76650.0,confirmed_exact_strict
pitcher,2021,F,13,22795,67122.0,confirmed_exact_strict
pitcher,2021,F,13,22820,66145.0,confirmed_exact_strict
pitcher,2021,F,13,22840,65241.0,confirmed_exact_strict
pitcher,2021,F,13,23229,67143.0,confirmed_exact_strict
pitcher,2021,F,13,23231,67116.0,confirmed_exact_strict
pitcher,2021,F,13,23232,67164.0,confirmed_exact_strict
pitcher,2021,F,13,23418,65109.0,confirmed_exact_strict
pitcher,2021,F,13,23426,65117.0,confirmed_exact_strict
pitcher,2021,F,13,23633,543391.0,confirmed_exact_strict
pitcher,2021,F,13,23634,69134.0,confirmed_exact_strict
pitcher,2021,F,13,23637,69159.0,confirmed_exact_strict
pitcher,2021,F,13,23638,69168.0,confirmed_exact_strict
pitcher,2021,F,13,23643,69111.0,confirmed_exact_strict
pitcher,2021,F,13,23644,69113.0,confirmed_exact_strict
pitcher,2021,F,13,23852,50126.0,confirmed_exact_strict
pitcher,2021,F,13,23853,50157.0,confirmed_exact_strict
pitcher,2021,F,13,23856,50105.0,confirmed_exact_strict
pitcher,2021,F,13,23858,50107.0,confirmed_exact_strict
pitcher,2021,F,13,23863,50114.0,confirmed_exact_strict
pitcher,2021,F,13,24011,51154.0,confirmed_exact_strict
pitcher,2021,F,13,24012,51163.0,confirmed_exact_strict
pitcher,2021,F,13,24013,51110.0,confirmed_exact_strict
pitcher,2021,F,13,24018,51111.0,confirmed_exact_strict
pitcher,2021,F,13,24020,51143.0,confirmed_exact_strict
pitcher,2021,F,13,24021,605498.0,confirmed_exact_strict
pitcher,2021,F,14,21558,74359.0,confirmed_exact_strict
pitcher,2021,F,14,22205,60336.0,confirmed_exact_strict
pitcher,2021,F,14,22505,63348.0,confirmed_exact_strict
pitcher,2021,F,14,22785,65392.0,confirmed_global_exact_fallback
pitcher,2021,F,14,22867,66305.0,confirmed_global_exact_fallback
pitcher,2021,F,14,22870,65348.0,confirmed_exact_strict
pitcher,2021,F,14,23137,65398.0,confirmed_global_exact_fallback
pitcher,2021,F,14,23286,67360.0,confirmed_exact_strict
pitcher,2021,F,14,23288,67391.0,confirmed_global_exact_fallback
pitcher,2021,F,14,23307,67603.0,confirmed_global_exact_fallback
pitcher,2021,F,14,23312,67828.0,confirmed_global_exact_fallback
pitcher,2021,F,14,23437,,unresolved_global_conflict
pitcher,2021,F,14,23747,69328.0,confirmed_global_exact_fallback
pitcher,2021,F,14,23748,69399.0,confirmed_global_exact_fallback
pitcher,2021,F,14,23749,69360.0,confirmed_exact_strict
pitcher,2021,F,14,23751,69367.0,confirmed_global_exact_fallback
pitcher,2021,F,14,23754,,unanchored_no_exact_evidence
pitcher,2021,F,14,23977,50354.0,confirmed_global_exact_fallback
pitcher,2021,F,14,23982,50393.0,confirmed_global_exact_fallback
pitcher,2021,F,14,23985,50397.0,confirmed_exact_strict
pitcher,2021,F,14,24086,51359.0,confirmed_global_exact_fallback
pitcher,2021,F,14,24088,51393.0,confirmed_global_exact_fallback
pitcher,2021,F,14,24089,51301.0,confirmed_global_exact_fallback
pitcher,2021,F,14,24094,51306.0,confirmed_global_exact_fallback
pitcher,2021,F,15,21813,76225.0,confirmed_global_exact_fallback
pitcher,2021,F,15,22154,79545.0,confirmed_global_exact_fallback
pitcher,2021,F,15,22180,79293.0,confirmed_global_exact_fallback
pitcher,2021,F,15,22579,62595.0,confirmed_global_exact_fallback
pitcher,2021,F,15,22667,64596.0,confirmed_global_exact_fallback
pitcher,2021,F,15,22668,64565.0,confirmed_global_exact_fallback
pitcher,2021,F,15,22904,66556.0,confirmed_global_exact_fallback
pitcher,2021,F,15,22926,66557.0,confirmed_exact_strict
pitcher,2021,F,15,23342,67591.0,confirmed_exact_strict
pitcher,2021,F,15,23343,67588.0,confirmed_exact_strict
pitcher,2021,F,15,23459,68585.0,confirmed_exact_strict
pitcher,2021,F,15,23461,68589.0,confirmed_exact_strict
pitcher,2021,F,15,23672,69539.0,confirmed_global_exact_fallback
pitcher,2021,F,15,23680,69507.0,confirmed_global_exact_fallback
pitcher,2021,F,15,23886,50592.0,confirmed_global_exact_fallback
pitcher,2021,F,15,23887,50563.0,confirmed_global_exact_fallback
pitcher,2021,F,15,24036,,unanchored_no_exact_evidence
pitcher,2021,F,15,24039,51586.0,confirmed_global_exact_fallback
pitcher,2021,F,15,24042,,unresolved_global_conflict
pitcher,2021,F,15,24047,51546.0,confirmed_global_exact_fallback
pitcher,2021,F,15,24048,51564.0,confirmed_exact_strict
pitcher,2021,F,16,22015,78247.0,confirmed_global_exact_fallback
pitcher,2021,F,16,22414,,unanchored_no_exact_evidence
pitcher,2021,F,16,22932,66630.0,confirmed_global_exact_fallback
pitcher,2021,F,16,23306,65616.0,confirmed_global_exact_fallback
pitcher,2021,F,16,23496,63628.0,confirmed_global_exact_fallback
pitcher,2021,F,16,23498,64615.0,confirmed_exact_strict
pitcher,2021,F,16,23499,65618.0,confirmed_exact_strict
pitcher,2021,F,16,23501,68639.0,confirmed_global_exact_fallback
pitcher,2021,F,16,23630,66609.0,confirmed_global_exact_fallback
pitcher,2021,F,16,23648,66663.0,confirmed_global_exact_fallback
pitcher,2021,F,16,23654,69646.0,confirmed_exact_strict
pitcher,2021,F,16,23665,65665.0,confirmed_global_exact_fallback
pitcher,2021,F,16,23920,50622.0,confirmed_exact_strict
pitcher,2021,F,16,23922,,unanchored_no_exact_evidence
pitcher,2021,F,16,23923,50641.0,confirmed_global_exact_fallback
pitcher,2021,F,16,23927,50650.0,confirmed_global_exact_fallback
pitcher,2021,F,16,24116,,unanchored_no_exact_evidence
pitcher,2021,F,16,24117,51665.0,confirmed_global_exact_fallback
pitcher,2021,F,17,21936,77318.0,confirmed_global_exact_fallback
pitcher,2021,F,17,22136,79440.0,confirmed_exact_strict
pitcher,2021,F,17,22163,79764.0,confirmed_global_exact_fallback
pitcher,2021,F,17,22253,60140.0,confirmed_exact_strict
pitcher,2021,F,17,22280,61156.0,confirmed_exact_strict
pitcher,2021,F,17,22541,63749.0,confirmed_global_exact_fallback
pitcher,2021,F,17,22666,64760.0,confirmed_exact_strict
pitcher,2021,F,17,22782,65769.0,confirmed_global_exact_fallback
pitcher,2021,F,17,22960,66705.0,confirmed_exact_strict
pitcher,2021,F,17,22964,66741.0,confirmed_exact_strict
pitcher,2021,F,17,23122,64759.0,confirmed_exact_strict
pitcher,2021,F,17,23331,67768.0,confirmed_exact_strict
pitcher,2021,F,17,23567,68797.0,confirmed_exact_strict
pitcher,2021,F,17,23574,68701.0,confirmed_exact_strict
pitcher,2021,F,17,23689,64554.0,confirmed_global_exact_fallback
pitcher,2021,F,17,23695,69745.0,confirmed_exact_strict
pitcher,2021,F,17,23731,69213.0,confirmed_exact_strict
pitcher,2021,F,17,23931,50758.0,confirmed_exact_strict
pitcher,2021,F,17,23932,50726.0,confirmed_global_exact_fallback
pitcher,2021,F,17,23934,50711.0,confirmed_exact_strict
pitcher,2021,F,17,23942,50706.0,confirmed_exact_strict
pitcher,2021,F,17,24131,,unanchored_no_exact_evidence
pitcher,2021,F,17,24133,51761.0,confirmed_exact_strict
pitcher,2021,F,17,24135,,unanchored_no_exact_evidence
pitcher,2021,F,17,24136,51713.0,confirmed_exact_strict
pitcher,2021,F,18,21916,77446.0,confirmed_exact_strict
pitcher,2021,F,18,22254,60146.0,confirmed_exact_strict
pitcher,2021,F,18,22311,61457.0,confirmed_exact_strict
pitcher,2021,F,18,22312,61411.0,confirmed_exact_strict
pitcher,2021,F,18,22318,61365.0,confirmed_exact_strict
pitcher,2021,F,18,22621,63960.0,confirmed_exact_strict
pitcher,2021,F,18,22772,77927.0,confirmed_exact_strict
pitcher,2021,F,18,23024,66493.0,confirmed_exact_strict
pitcher,2021,F,18,23097,65844.0,confirmed_exact_strict
pitcher,2021,F,18,23190,63492.0,confirmed_exact_strict
pitcher,2021,F,18,23363,67421.0,confirmed_exact_strict
pitcher,2021,F,18,23369,67419.0,confirmed_exact_strict
pitcher,2021,F,18,23512,65496.0,confirmed_global_exact_fallback
pitcher,2021,F,18,23518,68419.0,confirmed_exact_strict
pitcher,2021,F,18,23721,,unanchored_no_exact_evidence
pitcher,2021,F,18,23868,50430.0,confirmed_exact_strict
pitcher,2021,F,18,23872,50411.0,confirmed_global_exact_fallback
pitcher,2021,F,18,23874,50412.0,confirmed_exact_strict
pitcher,2021,F,18,23880,571527.0,confirmed_exact_strict
pitcher,2021,F,18,24063,51454.0,confirmed_exact_strict
pitcher,2021,F,18,24064,51460.0,confirmed_exact_strict
pitcher,2021,F,18,24146,543557.0,confirmed_exact_strict
pitcher,2021,F,19,21690,75867.0,confirmed_exact_strict
pitcher,2021,F,19,22201,60339.0,confirmed_exact_strict
pitcher,2021,F,19,22249,60263.0,confirmed_global_exact_fallback
pitcher,2021,F,19,22622,63914.0,confirmed_exact_strict
pitcher,2021,F,19,23043,65949.0,confirmed_global_exact_fallback
pitcher,2021,F,19,23257,67954.0,confirmed_exact_strict
pitcher,2021,F,19,23258,67956.0,confirmed_exact_strict
pitcher,2021,F,19,23599,68910.0,confirmed_exact_strict
pitcher,2021,F,19,23600,65937.0,confirmed_global_exact_fallback
pitcher,2021,F,19,23628,61295.0,confirmed_exact_strict
pitcher,2021,F,19,23777,,unanchored_no_exact_evidence
pitcher,2021,F,19,23963,50992.0,confirmed_exact_strict
pitcher,2021,F,19,23964,50995.0,confirmed_exact_strict
pitcher,2021,F,19,23968,50905.0,confirmed_global_exact_fallback
pitcher,2021,F,19,23972,50904.0,confirmed_global_exact_fallback
pitcher,2021,F,20,21654,75342.0,confirmed_exact_strict
pitcher,2021,F,20,21840,76757.0,confirmed_exact_strict
pitcher,2021,F,20,21991,78517.0,confirmed_exact_strict
pitcher,2021,F,20,21994,60559.0,confirmed_exact_strict
pitcher,2021,F,20,22722,64041.0,confirmed_exact_strict
pitcher,2021,F,20,22731,65057.0,confirmed_exact_strict
pitcher,2021,F,20,22922,64047.0,confirmed_exact_strict
pitcher,2021,F,20,23115,65827.0,confirmed_exact_strict
pitcher,2021,F,20,23324,,unanchored_no_exact_evidence
pitcher,2021,F,20,23383,67048.0,confirmed_exact_strict
pitcher,2021,F,20,23385,67045.0,confirmed_global_exact_fallback
pitcher,2021,F,20,23787,69054.0,confirmed_exact_strict
pitcher,2021,F,20,23850,69098.0,confirmed_exact_strict
pitcher,2021,F,20,23991,50036.0,confirmed_global_exact_fallback
pitcher,2021,F,20,24026,51058.0,confirmed_global_exact_fallback
pitcher,2021,F,20,24027,51060.0,confirmed_exact_strict
pitcher,2021,F,21,21699,75138.0,confirmed_exact_strict
pitcher,2021,F,21,22099,79130.0,confirmed_global_exact_fallback
pitcher,2021,F,21,22231,60768.0,confirmed_global_exact_fallback
pitcher,2021,F,21,22596,62937.0,confirmed_exact_strict
pitcher,2021,F,21,22675,64893.0,confirmed_global_exact_fallback
pitcher,2021,F,21,23092,63894.0,confirmed_exact_strict
pitcher,2021,F,21,23101,64896.0,confirmed_exact_strict
pitcher,2021,F,21,23105,64861.0,confirmed_global_exact_fallback
pitcher,2021,F,21,23110,62056.0,confirmed_exact_strict
pitcher,2021,F,21,23112,64768.0,confirmed_global_exact_fallback
pitcher,2021,F,21,23139,66801.0,confirmed_exact_strict
pitcher,2021,F,21,23145,66858.0,confirmed_global_exact_fallback
pitcher,2021,F,21,23484,68092.0,confirmed_global_exact_fallback
pitcher,2021,F,21,23535,68801.0,confirmed_global_exact_fallback
pitcher,2021,F,21,23538,68848.0,confirmed_exact_strict
pitcher,2021,F,21,23540,68856.0,confirmed_global_exact_fallback
pitcher,2021,F,21,23542,68896.0,confirmed_exact_strict
pitcher,2021,F,21,23759,69813.0,confirmed_global_exact_fallback
pitcher,2021,F,21,23762,65897.0,confirmed_exact_strict
pitcher,2021,F,21,23902,65411.0,confirmed_exact_strict
pitcher,2021,F,21,23903,50859.0,confirmed_global_exact_fallback
pitcher,2021,F,21,23904,50812.0,confirmed_global_exact_fallback
pitcher,2021,F,21,23908,50811.0,confirmed_exact_strict
pitcher,2021,F,21,23909,50813.0,confirmed_exact_strict
pitcher,2021,F,21,24051,51867.0,confirmed_exact_strict
pitcher,2021,F,21,24055,51897.0,confirmed_global_exact_fallback
pitcher,2021,F,21,24056,51895.0,confirmed_global_exact_fallback
pitcher,2021,F,21,24059,51809.0,confirmed_exact_strict
pitcher,2021,F,23,22734,65058.0,confirmed_exact_strict
pitcher,2021,F,23,23047,64995.0,confirmed_exact_strict
pitcher,2021,F,23,23094,66859.0,confirmed_exact_strict
pitcher,2021,F,23,23314,67863.0,confirmed_global_exact_fallback
pitcher,2021,F,23,23462,68501.0,confirmed_global_exact_fallback
pitcher,2021,F,23,23478,68043.0,confirmed_global_exact_fallback
pitcher,2021,F,23,23532,68830.0,confirmed_exact_strict
pitcher,2021,F,23,23591,68908.0,confirmed_global_exact_fallback
pitcher,2021,F,23,23617,68249.0,confirmed_global_exact_fallback
pitcher,2021,F,23,23650,69620.0,confirmed_global_exact_fallback
pitcher,2021,F,23,23697,69762.0,confirmed_exact_strict
pitcher,2021,F,23,23771,69969.0,confirmed_global_exact_fallback
pitcher,2021,F,23,23786,69041.0,confirmed_exact_strict
pitcher,2021,R,12,21622,74513.0,confirmed_exact_strict
pitcher,2021,R,12,21875,76329.0,confirmed_exact_strict
pitcher,2021,R,12,21943,77263.0,confirmed_exact_strict
pitcher,2021,R,12,22131,79229.0,confirmed_exact_strict
pitcher,2021,R,12,22293,61643.0,confirmed_exact_strict
pitcher,2021,R,12,22427,62242.0,confirmed_exact_strict
pitcher,2021,R,12,22598,62951.0,confirmed_exact_strict
pitcher,2021,R,12,22761,65639.0,confirmed_exact_strict
pitcher,2021,R,12,22821,66160.0,confirmed_exact_strict
pitcher,2021,R,12,22834,66291.0,confirmed_exact_strict
pitcher,2021,R,12,23177,66201.0,confirmed_global_exact_fallback
pitcher,2021,R,12,23235,67246.0,confirmed_exact_strict
pitcher,2021,R,12,23236,67259.0,confirmed_exact_strict
pitcher,2021,R,12,23238,67266.0,confirmed_exact_strict
pitcher,2021,R,12,23536,64805.0,confirmed_exact_strict
pitcher,2021,R,12,23554,63292.0,confirmed_exact_strict
pitcher,2021,R,12,23555,68220.0,confirmed_exact_strict
pitcher,2021,R,12,23560,68260.0,confirmed_exact_strict
pitcher,2021,R,12,23561,67263.0,confirmed_exact_strict
pitcher,2021,R,12,23565,68200.0,confirmed_exact_strict
pitcher,2021,R,12,23640,69104.0,confirmed_exact_strict
pitcher,2021,R,12,23737,69205.0,confirmed_exact_strict
pitcher,2021,R,12,23951,50296.0,confirmed_exact_strict
pitcher,2021,R,12,23952,50298.0,confirmed_exact_strict
pitcher,2021,R,12,23953,50203.0,confirmed_exact_strict
pitcher,2021,R,12,23954,50205.0,confirmed_exact_strict
pitcher,2021,R,12,24100,51264.0,confirmed_exact_strict
pitcher,2021,R,12,24102,51294.0,confirmed_exact_strict
pitcher,2021,R,12,24109,664641.0,confirmed_exact_strict
pitcher,2021,R,12,24110,621141.0,confirmed_exact_strict
pitcher,2021,R,13,21372,72523.0,confirmed_exact_strict
pitcher,2021,R,13,21432,73801.0,confirmed_exact_strict
pitcher,2021,R,13,21795,76455.0,confirmed_exact_strict
pitcher,2021,R,13,21998,78148.0,confirmed_exact_strict
pitcher,2021,R,13,22094,79140.0,confirmed_exact_strict
pitcher,2021,R,13,22261,60181.0,confirmed_exact_strict
pitcher,2021,R,13,22277,61101.0,confirmed_exact_strict
pitcher,2021,R,13,22278,61145.0,confirmed_exact_strict
pitcher,2021,R,13,22302,60337.0,confirmed_exact_strict
pitcher,2021,R,13,22368,62146.0,confirmed_exact_strict
pitcher,2021,R,13,22469,63145.0,confirmed_exact_strict
pitcher,2021,R,13,22478,63103.0,confirmed_exact_strict
pitcher,2021,R,13,22525,63248.0,confirmed_exact_strict
pitcher,2021,R,13,22547,76650.0,confirmed_exact_strict
pitcher,2021,R,13,22795,67122.0,confirmed_exact_strict
pitcher,2021,R,13,22820,66145.0,confirmed_exact_strict
pitcher,2021,R,13,22840,65241.0,confirmed_exact_strict
pitcher,2021,R,13,23225,67119.0,confirmed_exact_strict
pitcher,2021,R,13,23229,67143.0,confirmed_exact_strict
pitcher,2021,R,13,23231,67116.0,confirmed_exact_strict
pitcher,2021,R,13,23232,67164.0,confirmed_exact_strict
pitcher,2021,R,13,23418,65109.0,confirmed_exact_strict
pitcher,2021,R,13,23426,65117.0,confirmed_exact_strict
pitcher,2021,R,13,23633,543391.0,confirmed_exact_strict
pitcher,2021,R,13,23634,69134.0,confirmed_exact_strict
pitcher,2021,R,13,23637,69159.0,confirmed_exact_strict
pitcher,2021,R,13,23638,69168.0,confirmed_exact_strict
pitcher,2021,R,13,23644,69113.0,confirmed_exact_strict
pitcher,2021,R,13,23852,50126.0,confirmed_exact_strict
pitcher,2021,R,13,23853,50157.0,confirmed_exact_strict
pitcher,2021,R,13,24011,51154.0,confirmed_exact_strict
pitcher,2021,R,13,24021,605498.0,confirmed_exact_strict
pitcher,2021,R,14,21558,74359.0,confirmed_exact_strict
pitcher,2021,R,14,21998,78148.0,confirmed_exact_strict
pitcher,2021,R,14,22205,60336.0,confirmed_exact_strict
pitcher,2021,R,14,22389,62363.0,confirmed_exact_strict
pitcher,2021,R,14,22397,62360.0,confirmed_exact_strict
pitcher,2021,R,14,22508,63342.0,confirmed_exact_strict
pitcher,2021,R,14,22785,65392.0,confirmed_exact_strict
pitcher,2021,R,14,22867,66305.0,confirmed_exact_strict
pitcher,2021,R,14,22890,65320.0,confirmed_exact_strict
pitcher,2021,R,14,23137,65398.0,confirmed_exact_strict
pitcher,2021,R,14,23288,67391.0,confirmed_exact_strict
pitcher,2021,R,14,23307,67603.0,confirmed_exact_strict
pitcher,2021,R,14,23312,67828.0,confirmed_exact_strict
pitcher,2021,R,14,23411,502010.0,confirmed_exact_strict
pitcher,2021,R,14,23437,,conflict_multiple_trackman_ids
pitcher,2021,R,14,23439,61268.0,confirmed_exact_strict
pitcher,2021,R,14,23440,68341.0,confirmed_exact_strict
pitcher,2021,R,14,23745,518852.0,confirmed_exact_strict
pitcher,2021,R,14,23747,69328.0,confirmed_exact_strict
pitcher,2021,R,14,23748,69399.0,confirmed_exact_strict
pitcher,2021,R,14,23749,69360.0,confirmed_exact_strict
pitcher,2021,R,14,23751,69367.0,confirmed_exact_strict
pitcher,2021,R,14,23977,50354.0,confirmed_exact_strict
pitcher,2021,R,14,23979,50360.0,confirmed_exact_strict
pitcher,2021,R,14,23982,50393.0,confirmed_exact_strict
pitcher,2021,R,14,23985,50397.0,confirmed_exact_strict
pitcher,2021,R,14,24086,51359.0,confirmed_exact_strict
pitcher,2021,R,14,24088,51393.0,confirmed_exact_strict
pitcher,2021,R,14,24089,51301.0,confirmed_exact_strict
pitcher,2021,R,14,24097,595001.0,confirmed_exact_strict
pitcher,2021,R,15,21441,73211.0,confirmed_exact_strict
pitcher,2021,R,15,21813,76225.0,confirmed_exact_strict
pitcher,2021,R,15,22143,79358.0,confirmed_exact_strict
pitcher,2021,R,15,22154,79545.0,confirmed_exact_strict
pitcher,2021,R,15,22180,79293.0,confirmed_exact_strict
pitcher,2021,R,15,22419,62528.0,confirmed_exact_strict
pitcher,2021,R,15,22583,78536.0,confirmed_exact_strict
pitcher,2021,R,15,22667,64596.0,confirmed_exact_strict
pitcher,2021,R,15,22668,64565.0,confirmed_exact_strict
pitcher,2021,R,15,22738,63543.0,confirmed_exact_strict
pitcher,2021,R,15,22739,,unanchored_no_exact_evidence
pitcher,2021,R,15,22759,64021.0,confirmed_exact_strict
pitcher,2021,R,15,22893,65514.0,confirmed_exact_strict
pitcher,2021,R,15,22904,66556.0,confirmed_exact_strict
pitcher,2021,R,15,22905,63512.0,confirmed_exact_strict
pitcher,2021,R,15,22925,64718.0,confirmed_exact_strict
pitcher,2021,R,15,22926,66557.0,confirmed_exact_strict
pitcher,2021,R,15,23342,67591.0,confirmed_global_exact_fallback
pitcher,2021,R,15,23343,67588.0,confirmed_exact_strict
pitcher,2021,R,15,23347,67539.0,confirmed_exact_strict
pitcher,2021,R,15,23349,,unanchored_no_exact_evidence
pitcher,2021,R,15,23366,67454.0,confirmed_exact_strict
pitcher,2021,R,15,23444,,unanchored_no_exact_evidence
pitcher,2021,R,15,23455,68556.0,confirmed_exact_strict
pitcher,2021,R,15,23458,68529.0,confirmed_exact_strict
pitcher,2021,R,15,23459,68585.0,confirmed_exact_strict
pitcher,2021,R,15,23461,68589.0,confirmed_exact_strict
pitcher,2021,R,15,23670,,unanchored_no_exact_evidence
pitcher,2021,R,15,23672,69539.0,confirmed_exact_strict
pitcher,2021,R,15,23887,50563.0,confirmed_exact_strict
pitcher,2021,R,15,23893,50556.0,confirmed_exact_strict
pitcher,2021,R,15,23895,50596.0,confirmed_exact_strict
pitcher,2021,R,15,23897,573185.0,confirmed_exact_strict
pitcher,2021,R,15,23991,50036.0,confirmed_exact_strict
pitcher,2021,R,15,24038,51516.0,confirmed_exact_strict
pitcher,2021,R,15,24039,51586.0,confirmed_exact_strict
pitcher,2021,R,15,24042,51594.0,confirmed_exact_strict
pitcher,2021,R,15,24043,575070.0,confirmed_exact_strict
pitcher,2021,R,15,24047,51546.0,confirmed_exact_strict
pitcher,2021,R,16,22015,78247.0,confirmed_exact_strict
pitcher,2021,R,16,22292,61666.0,confirmed_exact_strict
pitcher,2021,R,16,22380,62754.0,confirmed_exact_strict
pitcher,2021,R,16,22428,62263.0,confirmed_global_exact_fallback
pitcher,2021,R,16,22624,63950.0,confirmed_exact_strict
pitcher,2021,R,16,22763,,unanchored_no_exact_evidence
pitcher,2021,R,16,22899,64580.0,confirmed_exact_strict
pitcher,2021,R,16,22932,66630.0,confirmed_exact_strict
pitcher,2021,R,16,22933,66660.0,confirmed_exact_strict
pitcher,2021,R,16,23116,65464.0,confirmed_exact_strict
pitcher,2021,R,16,23293,67646.0,confirmed_exact_strict
pitcher,2021,R,16,23306,65616.0,confirmed_exact_strict
pitcher,2021,R,16,23496,63628.0,confirmed_exact_strict
pitcher,2021,R,16,23498,64615.0,confirmed_exact_strict
pitcher,2021,R,16,23500,68659.0,confirmed_exact_strict
pitcher,2021,R,16,23504,68619.0,confirmed_exact_strict
pitcher,2021,R,16,23630,66609.0,confirmed_exact_strict
pitcher,2021,R,16,23632,63638.0,confirmed_exact_strict
pitcher,2021,R,16,23648,66663.0,confirmed_exact_strict
pitcher,2021,R,16,23653,69645.0,confirmed_exact_strict
pitcher,2021,R,16,23665,65665.0,confirmed_exact_strict
pitcher,2021,R,16,23684,69516.0,confirmed_exact_strict
pitcher,2021,R,16,23917,605156.0,confirmed_exact_strict
pitcher,2021,R,16,23927,50650.0,confirmed_exact_strict
pitcher,2021,R,16,23929,50662.0,confirmed_exact_strict
pitcher,2021,R,16,24115,51648.0,confirmed_exact_strict
pitcher,2021,R,16,24116,,unanchored_no_exact_evidence
pitcher,2021,R,16,24117,51665.0,confirmed_exact_strict
pitcher,2021,R,16,24118,51668.0,confirmed_exact_strict
pitcher,2021,R,16,24126,596043.0,confirmed_exact_strict
pitcher,2021,R,16,24151,649963.0,confirmed_exact_strict
pitcher,2021,R,17,21936,77318.0,confirmed_exact_strict
pitcher,2021,R,17,22136,79440.0,confirmed_exact_strict
pitcher,2021,R,17,22163,79764.0,confirmed_exact_strict
pitcher,2021,R,17,22253,60140.0,confirmed_exact_strict
pitcher,2021,R,17,22280,61156.0,confirmed_exact_strict
pitcher,2021,R,17,22332,61700.0,confirmed_exact_strict
pitcher,2021,R,17,22345,61208.0,confirmed_exact_strict
pitcher,2021,R,17,22540,63765.0,confirmed_exact_strict
pitcher,2021,R,17,22541,63749.0,confirmed_exact_strict
pitcher,2021,R,17,22575,63464.0,confirmed_exact_strict
pitcher,2021,R,17,22666,64760.0,confirmed_exact_strict
pitcher,2021,R,17,22708,65764.0,confirmed_exact_strict
pitcher,2021,R,17,22710,65707.0,confirmed_exact_strict
pitcher,2021,R,17,22782,65769.0,confirmed_exact_strict
pitcher,2021,R,17,22996,74857.0,confirmed_exact_strict
pitcher,2021,R,17,23122,64759.0,confirmed_exact_strict
pitcher,2021,R,17,23334,67737.0,confirmed_exact_strict
pitcher,2021,R,17,23336,67711.0,confirmed_exact_strict
pitcher,2021,R,17,23567,68797.0,confirmed_exact_strict
pitcher,2021,R,17,23568,68703.0,confirmed_exact_strict
pitcher,2021,R,17,23597,63961.0,confirmed_exact_strict
pitcher,2021,R,17,23627,62611.0,confirmed_exact_strict
pitcher,2021,R,17,23689,64554.0,confirmed_exact_strict
pitcher,2021,R,17,23695,69745.0,confirmed_exact_strict
pitcher,2021,R,17,23703,69703.0,confirmed_exact_strict
pitcher,2021,R,17,23731,69213.0,confirmed_exact_strict
pitcher,2021,R,17,23915,592468.0,confirmed_exact_strict
pitcher,2021,R,17,23930,50720.0,confirmed_exact_strict
pitcher,2021,R,17,23931,50758.0,confirmed_exact_strict
pitcher,2021,R,17,23935,50705.0,confirmed_exact_strict
pitcher,2021,R,17,23942,50706.0,confirmed_exact_strict
pitcher,2021,R,17,24129,51715.0,confirmed_exact_strict
pitcher,2021,R,17,24133,51761.0,confirmed_exact_strict
pitcher,2021,R,17,24140,543001.0,confirmed_exact_strict
pitcher,2021,R,18,21402,73117.0,confirmed_exact_strict
pitcher,2021,R,18,21916,77446.0,confirmed_exact_strict
pitcher,2021,R,18,22254,60146.0,confirmed_exact_strict
pitcher,2021,R,18,22311,61457.0,confirmed_exact_strict
pitcher,2021,R,18,22312,61411.0,confirmed_exact_strict
pitcher,2021,R,18,22318,61365.0,confirmed_exact_strict
pitcher,2021,R,18,22595,62920.0,confirmed_exact_strict
pitcher,2021,R,18,22621,63960.0,confirmed_exact_strict
pitcher,2021,R,18,22772,77927.0,confirmed_exact_strict
pitcher,2021,R,18,23097,65844.0,confirmed_exact_strict
pitcher,2021,R,18,23190,63492.0,confirmed_exact_strict
pitcher,2021,R,18,23363,67421.0,confirmed_exact_strict
pitcher,2021,R,18,23369,67419.0,confirmed_exact_strict
pitcher,2021,R,18,23512,65496.0,confirmed_exact_strict
pitcher,2021,R,18,23513,68415.0,confirmed_exact_strict
pitcher,2021,R,18,23515,68403.0,confirmed_exact_strict
pitcher,2021,R,18,23518,68419.0,confirmed_exact_strict
pitcher,2021,R,18,23719,69446.0,confirmed_exact_strict
pitcher,2021,R,18,23848,75421.0,confirmed_exact_strict
pitcher,2021,R,18,23849,594902.0,confirmed_exact_strict
pitcher,2021,R,18,23870,50449.0,confirmed_exact_strict
pitcher,2021,R,18,23871,50464.0,confirmed_exact_strict
pitcher,2021,R,18,23879,64498.0,confirmed_exact_strict
pitcher,2021,R,18,23880,571527.0,confirmed_exact_strict
pitcher,2021,R,18,24063,51454.0,confirmed_exact_strict
pitcher,2021,R,18,24064,51460.0,confirmed_exact_strict
pitcher,2021,R,18,24146,543557.0,confirmed_exact_strict
pitcher,2021,R,19,21690,75867.0,confirmed_exact_strict
pitcher,2021,R,19,21940,77211.0,confirmed_exact_strict
pitcher,2021,R,19,22028,78352.0,confirmed_exact_strict
pitcher,2021,R,19,22143,79358.0,confirmed_global_exact_fallback
pitcher,2021,R,19,22201,60339.0,confirmed_exact_strict
pitcher,2021,R,19,22249,60263.0,confirmed_exact_strict
pitcher,2021,R,19,22404,62655.0,confirmed_exact_strict
pitcher,2021,R,19,22592,76118.0,confirmed_exact_strict
pitcher,2021,R,19,22615,62966.0,confirmed_exact_strict
pitcher,2021,R,19,22617,63959.0,confirmed_exact_strict
pitcher,2021,R,19,22622,63914.0,confirmed_exact_strict
pitcher,2021,R,19,22761,65639.0,confirmed_exact_strict
pitcher,2021,R,19,23043,65949.0,confirmed_exact_strict
pitcher,2021,R,19,23054,65964.0,confirmed_exact_strict
pitcher,2021,R,19,23257,67954.0,confirmed_global_exact_fallback
pitcher,2021,R,19,23258,67956.0,confirmed_exact_strict
pitcher,2021,R,19,23260,67962.0,confirmed_exact_strict
pitcher,2021,R,19,23590,68900.0,confirmed_exact_strict
pitcher,2021,R,19,23593,68902.0,confirmed_exact_strict
pitcher,2021,R,19,23599,68910.0,confirmed_global_exact_fallback
pitcher,2021,R,19,23614,65643.0,confirmed_exact_strict
pitcher,2021,R,19,23628,61295.0,confirmed_exact_strict
pitcher,2021,R,19,23631,63991.0,confirmed_exact_strict
pitcher,2021,R,19,23767,69940.0,confirmed_exact_strict
pitcher,2021,R,19,23769,69962.0,confirmed_exact_strict
pitcher,2021,R,19,23772,69974.0,confirmed_exact_strict
pitcher,2021,R,19,23779,69996.0,confirmed_exact_strict
pitcher,2021,R,19,23963,50992.0,confirmed_exact_strict
pitcher,2021,R,19,23966,50901.0,confirmed_exact_strict
pitcher,2021,R,19,23968,50905.0,confirmed_exact_strict
pitcher,2021,R,19,24076,51948.0,confirmed_global_exact_fallback
pitcher,2021,R,19,24085,641149.0,confirmed_exact_strict
pitcher,2021,R,20,21414,73738.0,confirmed_exact_strict
pitcher,2021,R,20,21654,75342.0,confirmed_exact_strict
pitcher,2021,R,20,21840,76757.0,confirmed_exact_strict
pitcher,2021,R,20,21991,78517.0,confirmed_exact_strict
pitcher,2021,R,20,21994,60559.0,confirmed_exact_strict
pitcher,2021,R,20,22491,75340.0,confirmed_exact_strict
pitcher,2021,R,20,22720,64001.0,confirmed_exact_strict
pitcher,2021,R,20,22721,64017.0,confirmed_exact_strict
pitcher,2021,R,20,22729,65048.0,confirmed_exact_strict
pitcher,2021,R,20,22730,65056.0,confirmed_exact_strict
pitcher,2021,R,20,22731,65057.0,confirmed_exact_strict
pitcher,2021,R,20,22741,65060.0,confirmed_exact_strict
pitcher,2021,R,20,22743,65062.0,confirmed_exact_strict
pitcher,2021,R,20,22908,65516.0,confirmed_exact_strict
pitcher,2021,R,20,22922,64047.0,confirmed_exact_strict
pitcher,2021,R,20,23383,67048.0,confirmed_exact_strict
pitcher,2021,R,20,23782,571035.0,confirmed_exact_strict
pitcher,2021,R,20,23784,534648.0,confirmed_exact_strict
pitcher,2021,R,20,23787,69054.0,confirmed_exact_strict
pitcher,2021,R,20,23987,628333.0,confirmed_exact_strict
pitcher,2021,R,20,23988,50030.0,confirmed_exact_strict
pitcher,2021,R,20,23991,50036.0,confirmed_exact_strict
pitcher,2021,R,20,24026,51058.0,confirmed_exact_strict
pitcher,2021,R,20,24027,51060.0,confirmed_exact_strict
pitcher,2021,R,21,21170,71837.0,confirmed_exact_strict
pitcher,2021,R,21,21699,75138.0,confirmed_exact_strict
pitcher,2021,R,21,21789,76430.0,confirmed_exact_strict
pitcher,2021,R,21,22099,79130.0,confirmed_exact_strict
pitcher,2021,R,21,22118,79847.0,confirmed_exact_strict
pitcher,2021,R,21,22192,60841.0,confirmed_exact_strict
pitcher,2021,R,21,22231,60768.0,confirmed_exact_strict
pitcher,2021,R,21,22435,62869.0,confirmed_exact_strict
pitcher,2021,R,21,22596,62937.0,confirmed_exact_strict
pitcher,2021,R,21,22675,64893.0,confirmed_exact_strict
pitcher,2021,R,21,22717,65343.0,confirmed_exact_strict
pitcher,2021,R,21,22735,61895.0,confirmed_exact_strict
pitcher,2021,R,21,22851,76350.0,confirmed_exact_strict
pitcher,2021,R,21,23092,63894.0,confirmed_exact_strict
pitcher,2021,R,21,23101,64896.0,confirmed_exact_strict
pitcher,2021,R,21,23105,64861.0,confirmed_exact_strict
pitcher,2021,R,21,23110,62056.0,confirmed_exact_strict
pitcher,2021,R,21,23112,64768.0,confirmed_exact_strict
pitcher,2021,R,21,23145,66858.0,confirmed_global_exact_fallback
pitcher,2021,R,21,23204,573348.0,confirmed_exact_strict
pitcher,2021,R,21,23540,68856.0,confirmed_exact_strict
pitcher,2021,R,21,23542,68896.0,confirmed_exact_strict
pitcher,2021,R,21,23759,69813.0,confirmed_exact_strict
pitcher,2021,R,21,23902,65411.0,confirmed_global_exact_fallback
pitcher,2021,R,21,23903,50859.0,confirmed_exact_strict
pitcher,2021,R,21,23909,50813.0,confirmed_global_exact_fallback
pitcher,2021,R,21,24051,51867.0,confirmed_exact_strict
pitcher,2021,R,21,24052,592499.0,confirmed_exact_strict
pitcher,2021,R,21,24053,521655.0,confirmed_exact_strict
pitcher,2021,R,21,24055,51897.0,confirmed_global_exact_fallback
pitcher,2021,R,21,24056,51895.0,confirmed_exact_strict
pitcher,2021,R,21,24059,51809.0,confirmed_exact_strict
pitcher,2021,R,21,24147,543208.0,confirmed_exact_strict
pitcher,2022,F,12,21622,74513.0,confirmed_exact_strict
pitcher,2022,F,12,21943,77263.0,confirmed_global_exact_fallback
pitcher,2022,F,12,22028,78352.0,confirmed_global_exact_fallback
pitcher,2022,F,12,22261,60181.0,confirmed_global_exact_fallback
pitcher,2022,F,12,22427,62242.0,confirmed_global_exact_fallback
pitcher,2022,F,12,22598,62951.0,confirmed_global_exact_fallback
pitcher,2022,F,12,22761,65639.0,confirmed_global_exact_fallback
pitcher,2022,F,12,23053,65064.0,confirmed_exact_strict
pitcher,2022,F,12,23238,67266.0,confirmed_global_exact_fallback
pitcher,2022,F,12,23536,64805.0,confirmed_exact_strict
pitcher,2022,F,12,23564,68269.0,confirmed_global_exact_fallback
pitcher,2022,F,12,23617,68249.0,confirmed_global_exact_fallback
pitcher,2022,F,12,23640,69104.0,confirmed_global_exact_fallback
pitcher,2022,F,12,23736,69204.0,confirmed_global_exact_fallback
pitcher,2022,F,12,23743,69211.0,confirmed_global_exact_fallback
pitcher,2022,F,12,23950,,unanchored_no_exact_evidence
pitcher,2022,F,12,23954,50205.0,confirmed_global_exact_fallback
pitcher,2022,F,12,24099,51230.0,confirmed_global_exact_fallback
pitcher,2022,F,12,24105,,unanchored_no_exact_evidence
pitcher,2022,F,12,24112,51204.0,confirmed_global_exact_fallback
pitcher,2022,F,12,24224,52204.0,confirmed_global_exact_fallback
pitcher,2022,F,12,24226,52295.0,confirmed_global_exact_fallback
pitcher,2022,F,12,24229,,unanchored_no_exact_evidence
pitcher,2022,F,12,24234,52206.0,confirmed_exact_strict
pitcher,2022,F,13,21432,73801.0,confirmed_exact_strict
pitcher,2022,F,13,21795,76455.0,confirmed_global_exact_fallback
pitcher,2022,F,13,22094,79140.0,confirmed_exact_strict
pitcher,2022,F,13,22277,61101.0,confirmed_global_exact_fallback
pitcher,2022,F,13,22278,61145.0,confirmed_exact_strict
pitcher,2022,F,13,22302,60337.0,confirmed_global_exact_fallback
pitcher,2022,F,13,22305,,unanchored_no_exact_evidence
pitcher,2022,F,13,22368,62146.0,confirmed_exact_strict
pitcher,2022,F,13,22469,63145.0,confirmed_exact_strict
pitcher,2022,F,13,22478,63103.0,confirmed_global_exact_fallback
pitcher,2022,F,13,22525,63248.0,confirmed_global_exact_fallback
pitcher,2022,F,13,22795,67122.0,confirmed_exact_strict
pitcher,2022,F,13,22840,65241.0,confirmed_exact_strict
pitcher,2022,F,13,23231,67116.0,confirmed_exact_strict
pitcher,2022,F,13,23232,67164.0,confirmed_exact_strict
pitcher,2022,F,13,23418,65109.0,confirmed_exact_strict
pitcher,2022,F,13,23421,68130.0,confirmed_exact_strict
pitcher,2022,F,13,23423,68157.0,confirmed_exact_strict
pitcher,2022,F,13,23424,68159.0,confirmed_exact_strict
pitcher,2022,F,13,23426,65117.0,confirmed_exact_strict
pitcher,2022,F,13,23428,68107.0,confirmed_exact_strict
pitcher,2022,F,13,23429,68109.0,confirmed_exact_strict
pitcher,2022,F,13,23636,69158.0,confirmed_exact_strict
pitcher,2022,F,13,23642,69108.0,confirmed_exact_strict
pitcher,2022,F,13,23643,69111.0,confirmed_exact_strict
pitcher,2022,F,13,23644,69113.0,confirmed_exact_strict
pitcher,2022,F,13,23852,50126.0,confirmed_global_exact_fallback
pitcher,2022,F,13,23853,50157.0,confirmed_exact_strict
pitcher,2022,F,13,23857,50106.0,confirmed_exact_strict
pitcher,2022,F,13,23860,50109.0,confirmed_global_exact_fallback
pitcher,2022,F,13,24015,51104.0,confirmed_exact_strict
pitcher,2022,F,13,24018,51111.0,confirmed_exact_strict
pitcher,2022,F,13,24020,51143.0,confirmed_global_exact_fallback
pitcher,2022,F,13,24152,52149.0,confirmed_exact_strict
pitcher,2022,F,13,24153,52140.0,confirmed_global_exact_fallback
pitcher,2022,F,13,24154,52163.0,confirmed_exact_strict
pitcher,2022,F,13,24156,52168.0,confirmed_global_exact_fallback
pitcher,2022,F,13,24157,52119.0,confirmed_exact_strict
pitcher,2022,F,13,24161,52123.0,confirmed_global_exact_fallback
pitcher,2022,F,14,21998,78148.0,confirmed_global_exact_fallback
pitcher,2022,F,14,22651,64350.0,confirmed_global_exact_fallback
pitcher,2022,F,14,22785,65392.0,confirmed_global_exact_fallback
pitcher,2022,F,14,22867,66305.0,confirmed_global_exact_fallback
pitcher,2022,F,14,22870,65348.0,confirmed_global_exact_fallback
pitcher,2022,F,14,22890,65320.0,confirmed_global_exact_fallback
pitcher,2022,F,14,23284,67365.0,confirmed_global_exact_fallback
pitcher,2022,F,14,23286,67360.0,confirmed_global_exact_fallback
pitcher,2022,F,14,23289,64051.0,confirmed_global_exact_fallback
pitcher,2022,F,14,23437,,unresolved_global_conflict
pitcher,2022,F,14,23439,61268.0,confirmed_global_exact_fallback
pitcher,2022,F,14,23747,69328.0,confirmed_global_exact_fallback
pitcher,2022,F,14,23748,69399.0,confirmed_global_exact_fallback
pitcher,2022,F,14,23977,50354.0,confirmed_global_exact_fallback
pitcher,2022,F,14,23979,50360.0,confirmed_global_exact_fallback
pitcher,2022,F,14,23982,50393.0,confirmed_global_exact_fallback
pitcher,2022,F,14,23983,,unanchored_no_exact_evidence
pitcher,2022,F,14,23985,50397.0,confirmed_global_exact_fallback
pitcher,2022,F,14,24086,51359.0,confirmed_global_exact_fallback
pitcher,2022,F,14,24088,51393.0,confirmed_global_exact_fallback
pitcher,2022,F,14,24089,51301.0,confirmed_global_exact_fallback
pitcher,2022,F,14,24094,51306.0,confirmed_global_exact_fallback
pitcher,2022,F,14,24178,52330.0,confirmed_global_exact_fallback
pitcher,2022,F,14,24179,52394.0,confirmed_global_exact_fallback
pitcher,2022,F,14,24183,52395.0,confirmed_global_exact_fallback
pitcher,2022,F,14,24185,52397.0,confirmed_global_exact_fallback
pitcher,2022,F,15,22583,78536.0,confirmed_global_exact_fallback
pitcher,2022,F,15,22742,65067.0,confirmed_global_exact_fallback
pitcher,2022,F,15,22901,65522.0,confirmed_global_exact_fallback
pitcher,2022,F,15,22904,66556.0,confirmed_global_exact_fallback
pitcher,2022,F,15,22925,64718.0,confirmed_global_exact_fallback
pitcher,2022,F,15,23182,62294.0,confirmed_global_exact_fallback
pitcher,2022,F,15,23366,67454.0,confirmed_global_exact_fallback
pitcher,2022,F,15,23459,68585.0,confirmed_global_exact_fallback
pitcher,2022,F,15,23461,68589.0,confirmed_global_exact_fallback
pitcher,2022,F,15,23475,68036.0,confirmed_global_exact_fallback
pitcher,2022,F,15,23614,65643.0,confirmed_global_exact_fallback
pitcher,2022,F,15,23884,50573.0,confirmed_global_exact_fallback
pitcher,2022,F,15,23991,50036.0,confirmed_global_exact_fallback
pitcher,2022,F,15,24038,51516.0,confirmed_global_exact_fallback
pitcher,2022,F,15,24209,52530.0,confirmed_global_exact_fallback
pitcher,2022,F,15,24211,52558.0,confirmed_global_exact_fallback
pitcher,2022,F,15,24213,,unanchored_no_exact_evidence
pitcher,2022,F,15,24311,,unanchored_no_exact_evidence
pitcher,2022,F,16,22414,,unanchored_no_exact_evidence
pitcher,2022,F,16,22899,64580.0,confirmed_global_exact_fallback
pitcher,2022,F,16,22932,66630.0,confirmed_global_exact_fallback
pitcher,2022,F,16,23092,63894.0,confirmed_global_exact_fallback
pitcher,2022,F,16,23293,67646.0,confirmed_global_exact_fallback
pitcher,2022,F,16,23302,67604.0,confirmed_global_exact_fallback
pitcher,2022,F,16,23305,,unanchored_no_exact_evidence
pitcher,2022,F,16,23496,63628.0,confirmed_global_exact_fallback
pitcher,2022,F,16,23500,68659.0,confirmed_global_exact_fallback
pitcher,2022,F,16,23632,63638.0,confirmed_global_exact_fallback
pitcher,2022,F,16,23648,66663.0,confirmed_global_exact_fallback
pitcher,2022,F,16,23653,69645.0,confirmed_global_exact_fallback
pitcher,2022,F,16,23660,,unanchored_no_exact_evidence
pitcher,2022,F,16,23695,69745.0,confirmed_global_exact_fallback
pitcher,2022,F,16,23922,,unanchored_no_exact_evidence
pitcher,2022,F,16,23923,50641.0,confirmed_global_exact_fallback
pitcher,2022,F,16,23927,50650.0,confirmed_global_exact_fallback
pitcher,2022,F,16,24118,51668.0,confirmed_global_exact_fallback
pitcher,2022,F,16,24265,52639.0,confirmed_global_exact_fallback
pitcher,2022,F,16,24267,,unanchored_no_exact_evidence
pitcher,2022,F,16,24268,52661.0,confirmed_global_exact_fallback
pitcher,2022,F,16,24271,657122.0,confirmed_global_exact_fallback
pitcher,2022,F,16,24286,52641.0,confirmed_global_exact_fallback
pitcher,2022,F,17,22253,60140.0,confirmed_global_exact_fallback
pitcher,2022,F,17,22280,61156.0,confirmed_global_exact_fallback
pitcher,2022,F,17,22541,63749.0,confirmed_global_exact_fallback
pitcher,2022,F,17,22575,63464.0,confirmed_global_exact_fallback
pitcher,2022,F,17,22666,64760.0,confirmed_exact_strict
pitcher,2022,F,17,22710,65707.0,confirmed_exact_strict
pitcher,2022,F,17,22996,74857.0,confirmed_global_exact_fallback
pitcher,2022,F,17,23154,64029.0,confirmed_global_exact_fallback
pitcher,2022,F,17,23306,65616.0,confirmed_global_exact_fallback
pitcher,2022,F,17,23331,67768.0,confirmed_global_exact_fallback
pitcher,2022,F,17,23336,67711.0,confirmed_global_exact_fallback
pitcher,2022,F,17,23567,68797.0,confirmed_global_exact_fallback
pitcher,2022,F,17,23627,62611.0,confirmed_exact_strict
pitcher,2022,F,17,23697,69762.0,confirmed_global_exact_fallback
pitcher,2022,F,17,23699,69767.0,confirmed_exact_strict
pitcher,2022,F,17,23731,69213.0,confirmed_global_exact_fallback
pitcher,2022,F,17,23930,50720.0,confirmed_global_exact_fallback
pitcher,2022,F,17,23932,50726.0,confirmed_global_exact_fallback
pitcher,2022,F,17,23933,50710.0,confirmed_global_exact_fallback
pitcher,2022,F,17,23943,,unanchored_no_exact_evidence
pitcher,2022,F,17,24113,51202.0,confirmed_exact_strict
pitcher,2022,F,17,24129,51715.0,confirmed_global_exact_fallback
pitcher,2022,F,17,24135,,unanchored_no_exact_evidence
pitcher,2022,F,17,24136,51713.0,confirmed_exact_strict
pitcher,2022,F,17,24240,52701.0,confirmed_global_exact_fallback
pitcher,2022,F,17,24241,52731.0,confirmed_global_exact_fallback
pitcher,2022,F,17,24246,,unanchored_no_exact_evidence
pitcher,2022,F,17,24247,52714.0,confirmed_global_exact_fallback
pitcher,2022,F,17,24248,52715.0,confirmed_global_exact_fallback
pitcher,2022,F,17,24293,,unanchored_no_exact_evidence
pitcher,2022,F,18,22318,61365.0,confirmed_global_exact_fallback
pitcher,2022,F,18,22595,62920.0,confirmed_exact_strict
pitcher,2022,F,18,22772,77927.0,confirmed_exact_strict
pitcher,2022,F,18,22869,61396.0,confirmed_exact_strict
pitcher,2022,F,18,23005,66492.0,confirmed_exact_strict
pitcher,2022,F,18,23024,66493.0,confirmed_exact_strict
pitcher,2022,F,18,23030,66451.0,confirmed_exact_strict
pitcher,2022,F,18,23190,63492.0,confirmed_exact_strict
pitcher,2022,F,18,23360,64464.0,confirmed_exact_strict
pitcher,2022,F,18,23369,67419.0,confirmed_global_exact_fallback
pitcher,2022,F,18,23514,68454.0,confirmed_exact_strict
pitcher,2022,F,18,23515,68403.0,confirmed_exact_strict
pitcher,2022,F,18,23869,50441.0,confirmed_global_exact_fallback
pitcher,2022,F,18,23870,50449.0,confirmed_exact_strict
pitcher,2022,F,18,23879,64498.0,confirmed_global_exact_fallback
pitcher,2022,F,18,24064,51460.0,confirmed_global_exact_fallback
pitcher,2022,F,18,24069,51408.0,confirmed_exact_strict
pitcher,2022,F,18,24073,51411.0,confirmed_exact_strict
pitcher,2022,F,18,24281,,unanchored_no_exact_evidence
pitcher,2022,F,19,22201,60339.0,confirmed_global_exact_fallback
pitcher,2022,F,19,22404,62655.0,confirmed_global_exact_fallback
pitcher,2022,F,19,22597,62929.0,confirmed_global_exact_fallback
pitcher,2022,F,19,23054,65964.0,confirmed_global_exact_fallback
pitcher,2022,F,19,23158,66068.0,confirmed_exact_strict
pitcher,2022,F,19,23258,67956.0,confirmed_global_exact_fallback
pitcher,2022,F,19,23628,61295.0,confirmed_exact_strict
pitcher,2022,F,19,23771,69969.0,confirmed_exact_strict
pitcher,2022,F,19,23775,69991.0,confirmed_exact_strict
pitcher,2022,F,19,23779,69996.0,confirmed_global_exact_fallback
pitcher,2022,F,19,24076,51948.0,confirmed_global_exact_fallback
pitcher,2022,F,19,24078,51994.0,confirmed_exact_strict
pitcher,2022,F,19,24084,51901.0,confirmed_exact_strict
pitcher,2022,F,19,24197,52994.0,confirmed_global_exact_fallback
pitcher,2022,F,19,24198,,unanchored_no_exact_evidence
pitcher,2022,F,19,24201,52902.0,confirmed_global_exact_fallback
pitcher,2022,F,19,24202,52901.0,confirmed_exact_strict
pitcher,2022,F,19,24203,52905.0,confirmed_global_exact_fallback
pitcher,2022,F,20,21991,78517.0,confirmed_exact_strict
pitcher,2022,F,20,22491,75340.0,confirmed_global_exact_fallback
pitcher,2022,F,20,22731,65057.0,confirmed_exact_strict
pitcher,2022,F,20,22734,65058.0,confirmed_exact_strict
pitcher,2022,F,20,23194,,unanchored_no_exact_evidence
pitcher,2022,F,20,23383,67048.0,confirmed_exact_strict
pitcher,2022,F,20,23485,68093.0,confirmed_exact_strict
pitcher,2022,F,20,23488,68097.0,confirmed_exact_strict
pitcher,2022,F,20,23794,,unanchored_no_exact_evidence
pitcher,2022,F,20,24027,51060.0,confirmed_exact_strict
pitcher,2022,F,20,24252,52060.0,confirmed_exact_strict
pitcher,2022,F,20,24253,52063.0,confirmed_exact_strict
pitcher,2022,F,20,24254,52065.0,confirmed_exact_strict
pitcher,2022,F,20,24258,52007.0,confirmed_exact_strict
pitcher,2022,F,20,24259,52003.0,confirmed_exact_strict
pitcher,2022,F,20,24262,52005.0,confirmed_exact_strict
pitcher,2022,F,21,21441,73211.0,confirmed_global_exact_fallback
pitcher,2022,F,21,21789,76430.0,confirmed_global_exact_fallback
pitcher,2022,F,21,22118,79847.0,confirmed_exact_strict
pitcher,2022,F,21,22231,60768.0,confirmed_global_exact_fallback
pitcher,2022,F,21,22435,62869.0,confirmed_global_exact_fallback
pitcher,2022,F,21,22596,62937.0,confirmed_exact_strict
pitcher,2022,F,21,22675,64893.0,confirmed_global_exact_fallback
pitcher,2022,F,21,22734,65058.0,confirmed_global_exact_fallback
pitcher,2022,F,21,23092,63894.0,confirmed_global_exact_fallback
pitcher,2022,F,21,23101,64896.0,confirmed_exact_strict
pitcher,2022,F,21,23105,64861.0,confirmed_exact_strict
pitcher,2022,F,21,23112,64768.0,confirmed_exact_strict
pitcher,2022,F,21,23484,68092.0,confirmed_exact_strict
pitcher,2022,F,21,23532,68830.0,confirmed_global_exact_fallback
pitcher,2022,F,21,23535,68801.0,confirmed_exact_strict
pitcher,2022,F,21,23537,,unanchored_no_exact_evidence
pitcher,2022,F,21,23538,68848.0,confirmed_global_exact_fallback
pitcher,2022,F,21,23542,68896.0,confirmed_exact_strict
pitcher,2022,F,21,23764,,unanchored_no_exact_evidence
pitcher,2022,F,21,23902,65411.0,confirmed_exact_strict
pitcher,2022,F,21,23904,50812.0,confirmed_exact_strict
pitcher,2022,F,21,24051,51867.0,confirmed_exact_strict
pitcher,2022,F,21,24055,51897.0,confirmed_global_exact_fallback
pitcher,2022,F,21,24059,51809.0,confirmed_global_exact_fallback
pitcher,2022,F,21,24165,52867.0,confirmed_global_exact_fallback
pitcher,2022,F,21,24166,52873.0,confirmed_global_exact_fallback
pitcher,2022,F,21,24167,52844.0,confirmed_global_exact_fallback
pitcher,2022,F,21,24168,,unanchored_no_exact_evidence
pitcher,2022,F,21,24169,52868.0,confirmed_global_exact_fallback
pitcher,2022,F,21,24170,52895.0,confirmed_global_exact_fallback
pitcher,2022,F,21,24172,,unanchored_no_exact_evidence
pitcher,2022,F,21,24173,52809.0,confirmed_exact_strict
pitcher,2022,F,23,23094,66859.0,confirmed_global_exact_fallback
pitcher,2022,F,23,23206,66920.0,confirmed_global_exact_fallback
pitcher,2022,F,23,23478,68043.0,confirmed_global_exact_fallback
pitcher,2022,F,23,23565,68200.0,confirmed_global_exact_fallback
pitcher,2022,F,23,23650,69620.0,confirmed_global_exact_fallback
pitcher,2022,F,23,23684,69516.0,confirmed_global_exact_fallback
pitcher,2022,F,23,23751,69367.0,confirmed_global_exact_fallback
pitcher,2022,F,23,23761,69839.0,confirmed_global_exact_fallback
pitcher,2022,F,23,23786,69041.0,confirmed_global_exact_fallback
pitcher,2022,F,23,23871,50464.0,confirmed_global_exact_fallback
pitcher,2022,F,23,24042,,unresolved_global_conflict
pitcher,2022,F,23,24055,51897.0,confirmed_global_exact_fallback
pitcher,2022,F,23,24117,51665.0,confirmed_global_exact_fallback
pitcher,2022,F,23,24133,51761.0,confirmed_global_exact_fallback
pitcher,2022,R,12,21622,74513.0,confirmed_exact_strict
pitcher,2022,R,12,21875,76329.0,confirmed_exact_strict
pitcher,2022,R,12,21943,77263.0,confirmed_exact_strict
pitcher,2022,R,12,22028,78352.0,confirmed_exact_strict
pitcher,2022,R,12,22261,60181.0,confirmed_exact_strict
pitcher,2022,R,12,22293,61643.0,confirmed_exact_strict
pitcher,2022,R,12,22427,62242.0,confirmed_exact_strict
pitcher,2022,R,12,22598,62951.0,confirmed_exact_strict
pitcher,2022,R,12,22761,65639.0,confirmed_exact_strict
pitcher,2022,R,12,22834,66291.0,confirmed_exact_strict
pitcher,2022,R,12,23235,67246.0,confirmed_exact_strict
pitcher,2022,R,12,23238,67266.0,confirmed_exact_strict
pitcher,2022,R,12,23536,64805.0,confirmed_exact_strict
pitcher,2022,R,12,23555,68220.0,confirmed_exact_strict
pitcher,2022,R,12,23558,68242.0,confirmed_exact_strict
pitcher,2022,R,12,23561,67263.0,confirmed_exact_strict
pitcher,2022,R,12,23617,68249.0,confirmed_exact_strict
pitcher,2022,R,12,23736,69204.0,confirmed_exact_strict
pitcher,2022,R,12,23953,50203.0,confirmed_exact_strict
pitcher,2022,R,12,23954,50205.0,confirmed_exact_strict
pitcher,2022,R,12,24099,51230.0,confirmed_exact_strict
pitcher,2022,R,12,24100,51264.0,confirmed_exact_strict
pitcher,2022,R,12,24109,664641.0,confirmed_exact_strict
pitcher,2022,R,12,24224,52204.0,confirmed_exact_strict
pitcher,2022,R,12,24234,52206.0,confirmed_exact_strict
pitcher,2022,R,12,24237,476594.0,confirmed_exact_strict
pitcher,2022,R,12,24310,663399.0,confirmed_exact_strict
pitcher,2022,R,13,21432,73801.0,confirmed_exact_strict
pitcher,2022,R,13,21690,75867.0,confirmed_exact_strict
pitcher,2022,R,13,22094,79140.0,confirmed_exact_strict
pitcher,2022,R,13,22277,61101.0,confirmed_exact_strict
pitcher,2022,R,13,22278,61145.0,confirmed_exact_strict
pitcher,2022,R,13,22302,60337.0,confirmed_exact_strict
pitcher,2022,R,13,22368,62146.0,confirmed_exact_strict
pitcher,2022,R,13,22469,63145.0,confirmed_exact_strict
pitcher,2022,R,13,22525,63248.0,confirmed_exact_strict
pitcher,2022,R,13,22547,76650.0,confirmed_exact_strict
pitcher,2022,R,13,22840,65241.0,confirmed_exact_strict
pitcher,2022,R,13,23225,67119.0,confirmed_exact_strict
pitcher,2022,R,13,23229,67143.0,confirmed_exact_strict
pitcher,2022,R,13,23231,67116.0,confirmed_exact_strict
pitcher,2022,R,13,23418,65109.0,confirmed_exact_strict
pitcher,2022,R,13,23421,68130.0,confirmed_exact_strict
pitcher,2022,R,13,23633,543391.0,confirmed_exact_strict
pitcher,2022,R,13,23634,69134.0,confirmed_exact_strict
pitcher,2022,R,13,23637,69159.0,confirmed_exact_strict
pitcher,2022,R,13,23642,69108.0,confirmed_exact_strict
pitcher,2022,R,13,23644,69113.0,confirmed_exact_strict
pitcher,2022,R,13,23852,50126.0,confirmed_exact_strict
pitcher,2022,R,13,23853,50157.0,confirmed_exact_strict
pitcher,2022,R,13,24018,51111.0,confirmed_exact_strict
pitcher,2022,R,13,24020,51143.0,confirmed_exact_strict
pitcher,2022,R,13,24152,52149.0,confirmed_exact_strict
pitcher,2022,R,13,24153,52140.0,confirmed_exact_strict
pitcher,2022,R,13,24157,52119.0,confirmed_exact_strict
pitcher,2022,R,13,24164,592644.0,confirmed_exact_strict
pitcher,2022,R,14,21998,78148.0,confirmed_exact_strict
pitcher,2022,R,14,22205,60336.0,confirmed_exact_strict
pitcher,2022,R,14,22389,62363.0,confirmed_exact_strict
pitcher,2022,R,14,22397,62360.0,confirmed_exact_strict
pitcher,2022,R,14,22651,64350.0,confirmed_exact_strict
pitcher,2022,R,14,22867,66305.0,confirmed_exact_strict
pitcher,2022,R,14,22890,65320.0,confirmed_exact_strict
pitcher,2022,R,14,23288,67391.0,confirmed_exact_strict
pitcher,2022,R,14,23289,64051.0,confirmed_exact_strict
pitcher,2022,R,14,23307,67603.0,confirmed_exact_strict
pitcher,2022,R,14,23437,66018.0,confirmed_exact_strict
pitcher,2022,R,14,23439,61268.0,confirmed_exact_strict
pitcher,2022,R,14,23440,68341.0,confirmed_exact_strict
pitcher,2022,R,14,23745,518852.0,confirmed_exact_strict
pitcher,2022,R,14,23747,69328.0,confirmed_exact_strict
pitcher,2022,R,14,23748,69399.0,confirmed_exact_strict
pitcher,2022,R,14,23979,50360.0,confirmed_exact_strict
pitcher,2022,R,14,24086,51359.0,confirmed_exact_strict
pitcher,2022,R,14,24088,51393.0,confirmed_exact_strict
pitcher,2022,R,14,24089,51301.0,confirmed_exact_strict
pitcher,2022,R,14,24178,52330.0,confirmed_exact_strict
pitcher,2022,R,14,24179,52394.0,confirmed_exact_strict
pitcher,2022,R,14,24181,52391.0,confirmed_exact_strict
pitcher,2022,R,14,24185,52397.0,confirmed_exact_strict
pitcher,2022,R,14,24193,621169.0,confirmed_exact_strict
pitcher,2022,R,15,22143,79358.0,confirmed_exact_strict
pitcher,2022,R,15,22154,79545.0,confirmed_exact_strict
pitcher,2022,R,15,22419,62528.0,confirmed_exact_strict
pitcher,2022,R,15,22583,78536.0,confirmed_exact_strict
pitcher,2022,R,15,22667,64596.0,confirmed_exact_strict
pitcher,2022,R,15,22668,64565.0,confirmed_exact_strict
pitcher,2022,R,15,22738,63543.0,confirmed_exact_strict
pitcher,2022,R,15,22742,65067.0,confirmed_exact_strict
pitcher,2022,R,15,22759,64021.0,confirmed_exact_strict
pitcher,2022,R,15,22925,64718.0,confirmed_exact_strict
pitcher,2022,R,15,23347,67539.0,confirmed_exact_strict
pitcher,2022,R,15,23348,493193.0,confirmed_exact_strict
pitcher,2022,R,15,23366,67454.0,confirmed_exact_strict
pitcher,2022,R,15,23455,68556.0,confirmed_exact_strict
pitcher,2022,R,15,23458,68529.0,confirmed_global_exact_fallback
pitcher,2022,R,15,23459,68585.0,confirmed_exact_strict
pitcher,2022,R,15,23475,68036.0,confirmed_exact_strict
pitcher,2022,R,15,23614,65643.0,confirmed_exact_strict
pitcher,2022,R,15,23672,69539.0,confirmed_exact_strict
pitcher,2022,R,15,23884,50573.0,confirmed_exact_strict
pitcher,2022,R,15,23893,50556.0,confirmed_exact_strict
pitcher,2022,R,15,23897,573185.0,confirmed_exact_strict
pitcher,2022,R,15,23991,50036.0,confirmed_exact_strict
pitcher,2022,R,15,24038,51516.0,confirmed_exact_strict
pitcher,2022,R,15,24039,51586.0,confirmed_exact_strict
pitcher,2022,R,15,24209,52530.0,confirmed_exact_strict
pitcher,2022,R,15,24211,52558.0,confirmed_exact_strict
pitcher,2022,R,15,24222,656212.0,confirmed_exact_strict
pitcher,2022,R,15,24223,642098.0,confirmed_exact_strict
pitcher,2022,R,16,21961,77637.0,confirmed_exact_strict
pitcher,2022,R,16,22015,78247.0,confirmed_exact_strict
pitcher,2022,R,16,22292,61666.0,confirmed_exact_strict
pitcher,2022,R,16,22380,62754.0,confirmed_exact_strict
pitcher,2022,R,16,22624,63950.0,confirmed_exact_strict
pitcher,2022,R,16,22899,64580.0,confirmed_exact_strict
pitcher,2022,R,16,22932,66630.0,confirmed_exact_strict
pitcher,2022,R,16,22933,66660.0,confirmed_exact_strict
pitcher,2022,R,16,23092,63894.0,confirmed_exact_strict
pitcher,2022,R,16,23294,67640.0,confirmed_exact_strict
pitcher,2022,R,16,23305,,unanchored_no_exact_evidence
pitcher,2022,R,16,23306,65616.0,confirmed_global_exact_fallback
pitcher,2022,R,16,23496,63628.0,confirmed_exact_strict
pitcher,2022,R,16,23500,68659.0,confirmed_exact_strict
pitcher,2022,R,16,23504,68619.0,confirmed_exact_strict
pitcher,2022,R,16,23630,66609.0,confirmed_exact_strict
pitcher,2022,R,16,23632,63638.0,confirmed_exact_strict
pitcher,2022,R,16,23650,69620.0,confirmed_exact_strict
pitcher,2022,R,16,23653,69645.0,confirmed_global_exact_fallback
pitcher,2022,R,16,23665,65665.0,confirmed_exact_strict
pitcher,2022,R,16,23684,69516.0,confirmed_global_exact_fallback
pitcher,2022,R,16,23695,69745.0,confirmed_exact_strict
pitcher,2022,R,16,23923,50641.0,confirmed_global_exact_fallback
pitcher,2022,R,16,23929,50662.0,confirmed_exact_strict
pitcher,2022,R,16,24115,51648.0,confirmed_exact_strict
pitcher,2022,R,16,24118,51668.0,confirmed_global_exact_fallback
pitcher,2022,R,16,24265,52639.0,confirmed_exact_strict
pitcher,2022,R,16,24269,543594.0,confirmed_exact_strict
pitcher,2022,R,16,24271,657122.0,confirmed_exact_strict
pitcher,2022,R,16,24306,623381.0,confirmed_exact_strict
pitcher,2022,R,17,21936,77318.0,confirmed_exact_strict
pitcher,2022,R,17,22163,79764.0,confirmed_exact_strict
pitcher,2022,R,17,22253,60140.0,confirmed_exact_strict
pitcher,2022,R,17,22280,61156.0,confirmed_exact_strict
pitcher,2022,R,17,22540,63765.0,confirmed_exact_strict
pitcher,2022,R,17,22541,63749.0,confirmed_exact_strict
pitcher,2022,R,17,22575,63464.0,confirmed_exact_strict
pitcher,2022,R,17,22708,65764.0,confirmed_exact_strict
pitcher,2022,R,17,22710,65707.0,confirmed_exact_strict
pitcher,2022,R,17,22782,65769.0,confirmed_exact_strict
pitcher,2022,R,17,22964,66741.0,confirmed_exact_strict
pitcher,2022,R,17,22985,65703.0,confirmed_exact_strict
pitcher,2022,R,17,22996,74857.0,confirmed_exact_strict
pitcher,2022,R,17,23154,64029.0,confirmed_exact_strict
pitcher,2022,R,17,23306,65616.0,confirmed_exact_strict
pitcher,2022,R,17,23414,67703.0,confirmed_exact_strict
pitcher,2022,R,17,23567,68797.0,confirmed_exact_strict
pitcher,2022,R,17,23597,63961.0,confirmed_exact_strict
pitcher,2022,R,17,23627,62611.0,confirmed_exact_strict
pitcher,2022,R,17,23695,69745.0,confirmed_global_exact_fallback
pitcher,2022,R,17,23697,69762.0,confirmed_exact_strict
pitcher,2022,R,17,23731,69213.0,confirmed_exact_strict
pitcher,2022,R,17,23915,592468.0,confirmed_global_exact_fallback
pitcher,2022,R,17,23930,50720.0,confirmed_exact_strict
pitcher,2022,R,17,23932,50726.0,confirmed_exact_strict
pitcher,2022,R,17,23935,50705.0,confirmed_exact_strict
pitcher,2022,R,17,24129,51715.0,confirmed_exact_strict
pitcher,2022,R,17,24136,51713.0,confirmed_exact_strict
pitcher,2022,R,17,24140,543001.0,confirmed_exact_strict
pitcher,2022,R,17,24240,52701.0,confirmed_exact_strict
pitcher,2022,R,17,24241,52731.0,confirmed_exact_strict
pitcher,2022,R,17,24248,52715.0,confirmed_exact_strict
pitcher,2022,R,17,24303,606162.0,confirmed_exact_strict
pitcher,2022,R,17,24305,570240.0,confirmed_exact_strict
pitcher,2022,R,18,21402,73117.0,confirmed_exact_strict
pitcher,2022,R,18,21916,77446.0,confirmed_exact_strict
pitcher,2022,R,18,22254,60146.0,confirmed_exact_strict
pitcher,2022,R,18,22318,61365.0,confirmed_exact_strict
pitcher,2022,R,18,22595,62920.0,confirmed_exact_strict
pitcher,2022,R,18,22621,63960.0,confirmed_exact_strict
pitcher,2022,R,18,22772,77927.0,confirmed_exact_strict
pitcher,2022,R,18,22869,61396.0,confirmed_exact_strict
pitcher,2022,R,18,23005,66492.0,confirmed_exact_strict
pitcher,2022,R,18,23024,66493.0,confirmed_exact_strict
pitcher,2022,R,18,23030,66451.0,confirmed_exact_strict
pitcher,2022,R,18,23097,65844.0,confirmed_exact_strict
pitcher,2022,R,18,23190,63492.0,confirmed_exact_strict
pitcher,2022,R,18,23360,64464.0,confirmed_exact_strict
pitcher,2022,R,18,23369,67419.0,confirmed_exact_strict
pitcher,2022,R,18,23462,68501.0,confirmed_exact_strict
pitcher,2022,R,18,23512,65496.0,confirmed_exact_strict
pitcher,2022,R,18,23513,68415.0,confirmed_exact_strict
pitcher,2022,R,18,23515,68403.0,confirmed_exact_strict
pitcher,2022,R,18,23719,69446.0,confirmed_exact_strict
pitcher,2022,R,18,23848,75421.0,confirmed_exact_strict
pitcher,2022,R,18,23869,50441.0,confirmed_exact_strict
pitcher,2022,R,18,23870,50449.0,confirmed_exact_strict
pitcher,2022,R,18,23871,50464.0,confirmed_exact_strict
pitcher,2022,R,18,23872,50411.0,confirmed_exact_strict
pitcher,2022,R,18,23880,571527.0,confirmed_exact_strict
pitcher,2022,R,18,24063,51454.0,confirmed_exact_strict
pitcher,2022,R,18,24277,52460.0,confirmed_exact_strict
pitcher,2022,R,18,24283,544150.0,confirmed_exact_strict
pitcher,2022,R,19,21940,77211.0,confirmed_exact_strict
pitcher,2022,R,19,22201,60339.0,confirmed_exact_strict
pitcher,2022,R,19,22249,60263.0,confirmed_exact_strict
pitcher,2022,R,19,22312,61411.0,confirmed_exact_strict
pitcher,2022,R,19,22592,76118.0,confirmed_exact_strict
pitcher,2022,R,19,22617,63959.0,confirmed_exact_strict
pitcher,2022,R,19,23035,65933.0,confirmed_exact_strict
pitcher,2022,R,19,23043,65949.0,confirmed_exact_strict
pitcher,2022,R,19,23054,65964.0,confirmed_exact_strict
pitcher,2022,R,19,23257,67954.0,confirmed_exact_strict
pitcher,2022,R,19,23501,68639.0,confirmed_exact_strict
pitcher,2022,R,19,23589,68928.0,confirmed_exact_strict
pitcher,2022,R,19,23590,68900.0,confirmed_exact_strict
pitcher,2022,R,19,23593,68902.0,confirmed_exact_strict
pitcher,2022,R,19,23628,61295.0,confirmed_exact_strict
pitcher,2022,R,19,23767,69940.0,confirmed_exact_strict
pitcher,2022,R,19,23769,69962.0,confirmed_exact_strict
pitcher,2022,R,19,23771,69969.0,confirmed_exact_strict
pitcher,2022,R,19,23775,69991.0,confirmed_exact_strict
pitcher,2022,R,19,23963,50992.0,confirmed_exact_strict
pitcher,2022,R,19,23964,50995.0,confirmed_exact_strict
pitcher,2022,R,19,24076,51948.0,confirmed_exact_strict
pitcher,2022,R,19,24078,51994.0,confirmed_exact_strict
pitcher,2022,R,19,24085,641149.0,confirmed_exact_strict
pitcher,2022,R,19,24197,52994.0,confirmed_exact_strict
pitcher,2022,R,19,24205,52903.0,confirmed_exact_strict
pitcher,2022,R,19,24313,571616.0,confirmed_exact_strict
pitcher,2022,R,20,21414,73738.0,confirmed_exact_strict
pitcher,2022,R,20,21991,78517.0,confirmed_exact_strict
pitcher,2022,R,20,21994,60559.0,confirmed_exact_strict
pitcher,2022,R,20,22491,75340.0,confirmed_exact_strict
pitcher,2022,R,20,22720,64001.0,confirmed_exact_strict
pitcher,2022,R,20,22721,64017.0,confirmed_exact_strict
pitcher,2022,R,20,22729,65048.0,confirmed_exact_strict
pitcher,2022,R,20,22730,65056.0,confirmed_exact_strict
pitcher,2022,R,20,22731,65057.0,confirmed_exact_strict
pitcher,2022,R,20,22741,65060.0,confirmed_exact_strict
pitcher,2022,R,20,22743,65062.0,confirmed_exact_strict
pitcher,2022,R,20,22908,65516.0,confirmed_exact_strict
pitcher,2022,R,20,22922,64047.0,confirmed_exact_strict
pitcher,2022,R,20,23151,66064.0,confirmed_exact_strict
pitcher,2022,R,20,23154,64029.0,confirmed_exact_strict
pitcher,2022,R,20,23383,67048.0,confirmed_global_exact_fallback
pitcher,2022,R,20,23478,68043.0,confirmed_exact_strict
pitcher,2022,R,20,23542,68896.0,confirmed_exact_strict
pitcher,2022,R,20,23782,571035.0,confirmed_exact_strict
pitcher,2022,R,20,23987,628333.0,confirmed_exact_strict
pitcher,2022,R,20,23988,50030.0,confirmed_exact_strict
pitcher,2022,R,20,24027,51060.0,confirmed_exact_strict
pitcher,2022,R,20,24252,52060.0,confirmed_exact_strict
pitcher,2022,R,20,24253,52063.0,confirmed_exact_strict
pitcher,2022,R,20,24300,605138.0,confirmed_exact_strict
pitcher,2022,R,21,21372,72523.0,confirmed_exact_strict
pitcher,2022,R,21,21441,73211.0,confirmed_exact_strict
pitcher,2022,R,21,21789,76430.0,confirmed_exact_strict
pitcher,2022,R,21,21955,77829.0,confirmed_exact_strict
pitcher,2022,R,21,22118,79847.0,confirmed_exact_strict
pitcher,2022,R,21,22192,60841.0,confirmed_exact_strict
pitcher,2022,R,21,22231,60768.0,confirmed_exact_strict
pitcher,2022,R,21,22435,62869.0,confirmed_exact_strict
pitcher,2022,R,21,22596,62937.0,confirmed_exact_strict
pitcher,2022,R,21,22675,64893.0,confirmed_exact_strict
pitcher,2022,R,21,22717,65343.0,confirmed_exact_strict
pitcher,2022,R,21,22734,65058.0,confirmed_exact_strict
pitcher,2022,R,21,22735,61895.0,confirmed_exact_strict
pitcher,2022,R,21,23101,64896.0,confirmed_exact_strict
pitcher,2022,R,21,23105,64861.0,confirmed_exact_strict
pitcher,2022,R,21,23484,68092.0,confirmed_exact_strict
pitcher,2022,R,21,23540,68856.0,confirmed_exact_strict
pitcher,2022,R,21,23902,65411.0,confirmed_exact_strict
pitcher,2022,R,21,23903,50859.0,confirmed_exact_strict
pitcher,2022,R,21,23904,50812.0,confirmed_exact_strict
pitcher,2022,R,21,24051,51867.0,confirmed_exact_strict
pitcher,2022,R,21,24053,521655.0,confirmed_exact_strict
pitcher,2022,R,21,24056,51895.0,confirmed_exact_strict
pitcher,2022,R,21,24059,51809.0,confirmed_exact_strict
pitcher,2022,R,21,24165,52867.0,confirmed_exact_strict
pitcher,2022,R,21,24166,52873.0,confirmed_global_exact_fallback
pitcher,2022,R,21,24173,52809.0,confirmed_exact_strict
pitcher,2022,R,21,24239,467100.0,confirmed_exact_strict
pitcher,2022,R,21,24307,596049.0,confirmed_exact_strict
pitcher,2023,F,12,21622,74513.0,confirmed_global_exact_fallback
pitcher,2023,F,12,21943,77263.0,confirmed_global_exact_fallback
pitcher,2023,F,12,22261,60181.0,confirmed_global_exact_fallback
pitcher,2023,F,12,22598,62951.0,confirmed_exact_strict
pitcher,2023,F,12,22761,65639.0,confirmed_global_exact_fallback
pitcher,2023,F,12,23177,66201.0,confirmed_exact_strict
pitcher,2023,F,12,23428,68107.0,confirmed_exact_strict
pitcher,2023,F,12,23532,68830.0,confirmed_exact_strict
pitcher,2023,F,12,23536,64805.0,confirmed_global_exact_fallback
pitcher,2023,F,12,23554,63292.0,confirmed_exact_strict
pitcher,2023,F,12,23561,67263.0,confirmed_global_exact_fallback
pitcher,2023,F,12,23564,68269.0,confirmed_exact_strict
pitcher,2023,F,12,23565,68200.0,confirmed_global_exact_fallback
pitcher,2023,F,12,23617,68249.0,confirmed_global_exact_fallback
pitcher,2023,F,12,23727,68207.0,confirmed_global_exact_fallback
pitcher,2023,F,12,23743,69211.0,confirmed_exact_strict
pitcher,2023,F,12,23955,50206.0,confirmed_exact_strict
pitcher,2023,F,12,23959,50211.0,confirmed_global_exact_fallback
pitcher,2023,F,12,24112,51204.0,confirmed_global_exact_fallback
pitcher,2023,F,12,24224,52204.0,confirmed_global_exact_fallback
pitcher,2023,F,12,24226,52295.0,confirmed_global_exact_fallback
pitcher,2023,F,12,24234,52206.0,confirmed_global_exact_fallback
pitcher,2023,F,12,24329,53262.0,confirmed_global_exact_fallback
pitcher,2023,F,12,24333,53297.0,confirmed_global_exact_fallback
pitcher,2023,F,12,24334,53298.0,confirmed_global_exact_fallback
pitcher,2023,F,12,24338,,unanchored_no_exact_evidence
pitcher,2023,F,12,24339,,unanchored_no_exact_evidence
pitcher,2023,F,13,21432,73801.0,confirmed_exact_strict
pitcher,2023,F,13,22094,79140.0,confirmed_exact_strict
pitcher,2023,F,13,22278,61145.0,confirmed_exact_strict
pitcher,2023,F,13,22368,62146.0,confirmed_exact_strict
pitcher,2023,F,13,22469,63145.0,confirmed_exact_strict
pitcher,2023,F,13,22547,76650.0,confirmed_exact_strict
pitcher,2023,F,13,22667,64596.0,confirmed_global_exact_fallback
pitcher,2023,F,13,22795,67122.0,confirmed_exact_strict
pitcher,2023,F,13,22820,66145.0,confirmed_exact_strict
pitcher,2023,F,13,22840,65241.0,confirmed_exact_strict
pitcher,2023,F,13,23225,67119.0,confirmed_global_exact_fallback
pitcher,2023,F,13,23229,67143.0,confirmed_exact_strict
pitcher,2023,F,13,23231,67116.0,confirmed_exact_strict
pitcher,2023,F,13,23232,67164.0,confirmed_exact_strict
pitcher,2023,F,13,23418,65109.0,confirmed_global_exact_fallback
pitcher,2023,F,13,23421,68130.0,confirmed_exact_strict
pitcher,2023,F,13,23424,68159.0,confirmed_exact_strict
pitcher,2023,F,13,23426,65117.0,confirmed_exact_strict
pitcher,2023,F,13,23429,68109.0,confirmed_exact_strict
pitcher,2023,F,13,23597,63961.0,confirmed_exact_strict
pitcher,2023,F,13,23634,69134.0,confirmed_global_exact_fallback
pitcher,2023,F,13,23637,69159.0,confirmed_exact_strict
pitcher,2023,F,13,23638,69168.0,confirmed_exact_strict
pitcher,2023,F,13,23642,69108.0,confirmed_exact_strict
pitcher,2023,F,13,23852,50126.0,confirmed_exact_strict
pitcher,2023,F,13,23853,50157.0,confirmed_global_exact_fallback
pitcher,2023,F,13,23860,50109.0,confirmed_exact_strict
pitcher,2023,F,13,24011,51154.0,confirmed_exact_strict
pitcher,2023,F,13,24017,51109.0,confirmed_exact_strict
pitcher,2023,F,13,24018,51111.0,confirmed_exact_strict
pitcher,2023,F,13,24020,51143.0,confirmed_exact_strict
pitcher,2023,F,13,24152,52149.0,confirmed_exact_strict
pitcher,2023,F,13,24153,52140.0,confirmed_global_exact_fallback
pitcher,2023,F,13,24157,52119.0,confirmed_exact_strict
pitcher,2023,F,13,24161,52123.0,confirmed_exact_strict
pitcher,2023,F,13,24343,53164.0,confirmed_exact_strict
pitcher,2023,F,13,24344,53139.0,confirmed_exact_strict
pitcher,2023,F,13,24346,,unanchored_no_exact_evidence
pitcher,2023,F,14,22428,62263.0,confirmed_exact_strict
pitcher,2023,F,14,22785,65392.0,confirmed_exact_strict
pitcher,2023,F,14,22867,66305.0,confirmed_exact_strict
pitcher,2023,F,14,22870,65348.0,confirmed_exact_strict
pitcher,2023,F,14,23284,67365.0,confirmed_exact_strict
pitcher,2023,F,14,23286,67360.0,confirmed_exact_strict
pitcher,2023,F,14,23437,,unresolved_global_conflict
pitcher,2023,F,14,23439,61268.0,confirmed_global_exact_fallback
pitcher,2023,F,14,23748,69399.0,confirmed_global_exact_fallback
pitcher,2023,F,14,23977,50354.0,confirmed_exact_strict
pitcher,2023,F,14,23979,50360.0,confirmed_exact_strict
pitcher,2023,F,14,23982,50393.0,confirmed_exact_strict
pitcher,2023,F,14,24086,51359.0,confirmed_global_exact_fallback
pitcher,2023,F,14,24088,51393.0,confirmed_exact_strict
pitcher,2023,F,14,24089,51301.0,confirmed_global_exact_fallback
pitcher,2023,F,14,24094,51306.0,confirmed_exact_strict
pitcher,2023,F,14,24178,52330.0,confirmed_global_exact_fallback
pitcher,2023,F,14,24181,52391.0,confirmed_exact_strict
pitcher,2023,F,14,24183,52395.0,confirmed_global_exact_fallback
pitcher,2023,F,14,24184,52396.0,confirmed_exact_strict
pitcher,2023,F,14,24398,53312.0,confirmed_exact_strict
pitcher,2023,F,14,24399,53300.0,confirmed_exact_strict
pitcher,2023,F,15,22427,62242.0,confirmed_global_exact_fallback
pitcher,2023,F,15,22901,65522.0,confirmed_global_exact_fallback
pitcher,2023,F,15,22925,64718.0,confirmed_global_exact_fallback
pitcher,2023,F,15,23331,67768.0,confirmed_exact_strict
pitcher,2023,F,15,23455,68556.0,confirmed_global_exact_fallback
pitcher,2023,F,15,23459,68585.0,confirmed_global_exact_fallback
pitcher,2023,F,15,23461,68589.0,confirmed_global_exact_fallback
pitcher,2023,F,15,23560,68260.0,confirmed_global_exact_fallback
pitcher,2023,F,15,23614,65643.0,confirmed_global_exact_fallback
pitcher,2023,F,15,23676,69594.0,confirmed_global_exact_fallback
pitcher,2023,F,15,23680,69507.0,confirmed_global_exact_fallback
pitcher,2023,F,15,24038,51516.0,confirmed_global_exact_fallback
pitcher,2023,F,15,24039,51586.0,confirmed_exact_strict
pitcher,2023,F,15,24044,51526.0,confirmed_global_exact_fallback
pitcher,2023,F,15,24211,52558.0,confirmed_exact_strict
pitcher,2023,F,15,24373,53562.0,confirmed_exact_strict
pitcher,2023,F,15,24374,,unanchored_no_exact_evidence
pitcher,2023,F,15,24376,53594.0,confirmed_exact_strict
pitcher,2023,F,15,24377,53560.0,confirmed_exact_strict
pitcher,2023,F,16,21813,76225.0,confirmed_global_exact_fallback
pitcher,2023,F,16,22624,63950.0,confirmed_global_exact_fallback
pitcher,2023,F,16,22899,64580.0,confirmed_exact_strict
pitcher,2023,F,16,22933,66660.0,confirmed_global_exact_fallback
pitcher,2023,F,16,23005,66492.0,confirmed_exact_strict
pitcher,2023,F,16,23092,63894.0,confirmed_global_exact_fallback
pitcher,2023,F,16,23496,63628.0,confirmed_exact_strict
pitcher,2023,F,16,23632,63638.0,confirmed_global_exact_fallback
pitcher,2023,F,16,23652,69643.0,confirmed_exact_strict
pitcher,2023,F,16,23921,50604.0,confirmed_exact_strict
pitcher,2023,F,16,23922,,unanchored_no_exact_evidence
pitcher,2023,F,16,23929,50662.0,confirmed_exact_strict
pitcher,2023,F,16,24267,,unanchored_no_exact_evidence
pitcher,2023,F,16,24268,52661.0,confirmed_exact_strict
pitcher,2023,F,16,24286,52641.0,confirmed_global_exact_fallback
pitcher,2023,F,16,24391,,unanchored_no_exact_evidence
pitcher,2023,F,16,24392,53609.0,confirmed_exact_strict
pitcher,2023,F,17,21936,77318.0,confirmed_exact_strict
pitcher,2023,F,17,22163,79764.0,confirmed_exact_strict
pitcher,2023,F,17,22280,61156.0,confirmed_exact_strict
pitcher,2023,F,17,22292,61666.0,confirmed_exact_strict
pitcher,2023,F,17,22541,63749.0,confirmed_exact_strict
pitcher,2023,F,17,22575,63464.0,confirmed_exact_strict
pitcher,2023,F,17,22708,65764.0,confirmed_exact_strict
pitcher,2023,F,17,22710,65707.0,confirmed_global_exact_fallback
pitcher,2023,F,17,22964,66741.0,confirmed_exact_strict
pitcher,2023,F,17,23154,64029.0,confirmed_exact_strict
pitcher,2023,F,17,23306,65616.0,confirmed_exact_strict
pitcher,2023,F,17,23567,68797.0,confirmed_exact_strict
pitcher,2023,F,17,23568,68703.0,confirmed_exact_strict
pitcher,2023,F,17,23653,69645.0,confirmed_exact_strict
pitcher,2023,F,17,23697,69762.0,confirmed_exact_strict
pitcher,2023,F,17,23699,69767.0,confirmed_exact_strict
pitcher,2023,F,17,23731,69213.0,confirmed_global_exact_fallback
pitcher,2023,F,17,23930,50720.0,confirmed_global_exact_fallback
pitcher,2023,F,17,23933,50710.0,confirmed_global_exact_fallback
pitcher,2023,F,17,24113,51202.0,confirmed_exact_strict
pitcher,2023,F,17,24136,51713.0,confirmed_global_exact_fallback
pitcher,2023,F,17,24240,52701.0,confirmed_global_exact_fallback
pitcher,2023,F,17,24241,52731.0,confirmed_exact_strict
pitcher,2023,F,17,24244,52702.0,confirmed_exact_strict
pitcher,2023,F,17,24355,53754.0,confirmed_exact_strict
pitcher,2023,F,17,24358,,unanchored_no_exact_evidence
pitcher,2023,F,17,24369,53711.0,confirmed_exact_strict
pitcher,2023,F,18,22772,77927.0,confirmed_exact_strict
pitcher,2023,F,18,23097,65844.0,confirmed_global_exact_fallback
pitcher,2023,F,18,23190,63492.0,confirmed_exact_strict
pitcher,2023,F,18,23361,67467.0,confirmed_exact_strict
pitcher,2023,F,18,23462,68501.0,confirmed_global_exact_fallback
pitcher,2023,F,18,23512,65496.0,confirmed_global_exact_fallback
pitcher,2023,F,18,23514,68454.0,confirmed_exact_strict
pitcher,2023,F,18,23520,68409.0,confirmed_exact_strict
pitcher,2023,F,18,23615,68453.0,confirmed_exact_strict
pitcher,2023,F,18,23721,,unanchored_no_exact_evidence
pitcher,2023,F,18,23869,50441.0,confirmed_global_exact_fallback
pitcher,2023,F,18,24063,51454.0,confirmed_exact_strict
pitcher,2023,F,18,24065,51462.0,confirmed_exact_strict
pitcher,2023,F,18,24069,51408.0,confirmed_exact_strict
pitcher,2023,F,18,24276,52440.0,confirmed_exact_strict
pitcher,2023,F,18,24281,,unanchored_no_exact_evidence
pitcher,2023,F,18,24412,53469.0,confirmed_global_exact_fallback
pitcher,2023,F,19,22312,61411.0,confirmed_exact_strict
pitcher,2023,F,19,22597,62929.0,confirmed_global_exact_fallback
pitcher,2023,F,19,22840,65241.0,confirmed_global_exact_fallback
pitcher,2023,F,19,23047,64995.0,confirmed_exact_strict
pitcher,2023,F,19,23054,65964.0,confirmed_global_exact_fallback
pitcher,2023,F,19,23158,66068.0,confirmed_exact_strict
pitcher,2023,F,19,23206,66920.0,confirmed_global_exact_fallback
pitcher,2023,F,19,23257,67954.0,confirmed_global_exact_fallback
pitcher,2023,F,19,23488,68097.0,confirmed_global_exact_fallback
pitcher,2023,F,19,23736,69204.0,confirmed_exact_strict
pitcher,2023,F,19,23771,69969.0,confirmed_global_exact_fallback
pitcher,2023,F,19,23775,69991.0,confirmed_global_exact_fallback
pitcher,2023,F,19,23779,69996.0,confirmed_global_exact_fallback
pitcher,2023,F,19,24076,51948.0,confirmed_global_exact_fallback
pitcher,2023,F,19,24078,51994.0,confirmed_exact_strict
pitcher,2023,F,19,24202,52901.0,confirmed_global_exact_fallback
pitcher,2023,F,19,24203,52905.0,confirmed_exact_strict
pitcher,2023,F,19,24314,53919.0,confirmed_exact_strict
pitcher,2023,F,19,24319,53996.0,confirmed_exact_strict
pitcher,2023,F,20,21991,78517.0,confirmed_global_exact_fallback
pitcher,2023,F,20,22729,,unresolved_global_conflict
pitcher,2023,F,20,22904,66556.0,confirmed_global_exact_fallback
pitcher,2023,F,20,23112,64768.0,confirmed_global_exact_fallback
pitcher,2023,F,20,23151,66064.0,confirmed_global_exact_fallback
pitcher,2023,F,20,23157,66047.0,confirmed_global_exact_fallback
pitcher,2023,F,20,23478,68043.0,confirmed_global_exact_fallback
pitcher,2023,F,20,23479,,unanchored_no_exact_evidence
pitcher,2023,F,20,23790,69068.0,confirmed_global_exact_fallback
pitcher,2023,F,20,24028,51097.0,confirmed_global_exact_fallback
pitcher,2023,F,20,24425,53029.0,confirmed_global_exact_fallback
pitcher,2023,F,20,24434,53006.0,confirmed_global_exact_fallback
pitcher,2023,F,21,22118,79847.0,confirmed_global_exact_fallback
pitcher,2023,F,21,22192,60841.0,confirmed_global_exact_fallback
pitcher,2023,F,21,22675,64893.0,confirmed_exact_strict
pitcher,2023,F,21,22734,65058.0,confirmed_global_exact_fallback
pitcher,2023,F,21,23094,66859.0,confirmed_exact_strict
pitcher,2023,F,21,23101,64896.0,confirmed_global_exact_fallback
pitcher,2023,F,21,23105,64861.0,confirmed_exact_strict
pitcher,2023,F,21,23314,67863.0,confirmed_global_exact_fallback
pitcher,2023,F,21,23484,68092.0,confirmed_exact_strict
pitcher,2023,F,21,23532,68830.0,confirmed_exact_strict
pitcher,2023,F,21,23535,68801.0,confirmed_global_exact_fallback
pitcher,2023,F,21,23538,68848.0,confirmed_global_exact_fallback
pitcher,2023,F,21,23764,,unanchored_no_exact_evidence
pitcher,2023,F,21,23866,69803.0,confirmed_exact_strict
pitcher,2023,F,21,23867,69801.0,confirmed_exact_strict
pitcher,2023,F,21,23902,65411.0,confirmed_exact_strict
pitcher,2023,F,21,23904,50812.0,confirmed_exact_strict
pitcher,2023,F,21,24165,52867.0,confirmed_global_exact_fallback
pitcher,2023,F,21,24166,52873.0,confirmed_exact_strict
pitcher,2023,F,21,24167,52844.0,confirmed_exact_strict
pitcher,2023,F,21,24169,52868.0,confirmed_exact_strict
pitcher,2023,F,21,24170,52895.0,confirmed_exact_strict
pitcher,2023,F,21,24173,52809.0,confirmed_global_exact_fallback
pitcher,2023,F,21,24446,53897.0,confirmed_global_exact_fallback
pitcher,2023,F,21,24447,53898.0,confirmed_exact_strict
pitcher,2023,F,21,24449,,unanchored_no_exact_evidence
pitcher,2023,F,21,24450,53806.0,confirmed_global_exact_fallback
pitcher,2023,F,21,24451,,unanchored_no_exact_evidence
pitcher,2023,F,21,24452,53809.0,confirmed_exact_strict
pitcher,2023,F,23,22717,65343.0,confirmed_global_exact_fallback
pitcher,2023,F,23,23565,68200.0,confirmed_global_exact_fallback
pitcher,2023,F,23,23644,69113.0,confirmed_global_exact_fallback
pitcher,2023,F,23,23684,69516.0,confirmed_global_exact_fallback
pitcher,2023,F,23,23747,69328.0,confirmed_global_exact_fallback
pitcher,2023,F,23,23751,69367.0,confirmed_global_exact_fallback
pitcher,2023,F,23,23772,69974.0,confirmed_global_exact_fallback
pitcher,2023,F,23,23871,50464.0,confirmed_global_exact_fallback
pitcher,2023,F,23,23963,50992.0,confirmed_global_exact_fallback
pitcher,2023,F,23,23991,50036.0,confirmed_global_exact_fallback
pitcher,2023,F,23,24018,51111.0,confirmed_global_exact_fallback
pitcher,2023,F,23,24047,51546.0,confirmed_global_exact_fallback
pitcher,2023,F,23,24051,51867.0,confirmed_global_exact_fallback
pitcher,2023,F,23,24055,51897.0,confirmed_global_exact_fallback
pitcher,2023,F,23,24059,51809.0,confirmed_global_exact_fallback
pitcher,2023,F,23,24064,51460.0,confirmed_global_exact_fallback
pitcher,2023,F,23,24157,52119.0,confirmed_global_exact_fallback
pitcher,2023,F,23,24197,52994.0,confirmed_global_exact_fallback
pitcher,2023,R,12,21622,74513.0,confirmed_exact_strict
pitcher,2023,R,12,21943,77263.0,confirmed_exact_strict
pitcher,2023,R,12,22293,61643.0,confirmed_exact_strict
pitcher,2023,R,12,22598,62951.0,confirmed_exact_strict
pitcher,2023,R,12,22761,65639.0,confirmed_exact_strict
pitcher,2023,R,12,22834,66291.0,confirmed_exact_strict
pitcher,2023,R,12,23177,66201.0,confirmed_exact_strict
pitcher,2023,R,12,23235,67246.0,confirmed_exact_strict
pitcher,2023,R,12,23238,67266.0,confirmed_exact_strict
pitcher,2023,R,12,23532,68830.0,confirmed_exact_strict
pitcher,2023,R,12,23536,64805.0,confirmed_exact_strict
pitcher,2023,R,12,23555,68220.0,confirmed_exact_strict
pitcher,2023,R,12,23558,68242.0,confirmed_exact_strict
pitcher,2023,R,12,23561,67263.0,confirmed_exact_strict
pitcher,2023,R,12,23564,68269.0,confirmed_exact_strict
pitcher,2023,R,12,23565,68200.0,confirmed_exact_strict
pitcher,2023,R,12,23617,68249.0,confirmed_exact_strict
pitcher,2023,R,12,23781,593417.0,confirmed_exact_strict
pitcher,2023,R,12,23959,50211.0,confirmed_exact_strict
pitcher,2023,R,12,24099,51230.0,confirmed_exact_strict
pitcher,2023,R,12,24100,51264.0,confirmed_exact_strict
pitcher,2023,R,12,24224,52204.0,confirmed_exact_strict
pitcher,2023,R,12,24226,52295.0,confirmed_exact_strict
pitcher,2023,R,12,24234,52206.0,confirmed_exact_strict
pitcher,2023,R,12,24310,663399.0,confirmed_exact_strict
pitcher,2023,R,12,24329,53262.0,confirmed_exact_strict
pitcher,2023,R,12,24334,53298.0,confirmed_exact_strict
pitcher,2023,R,12,24340,668766.0,confirmed_exact_strict
pitcher,2023,R,13,21432,73801.0,confirmed_exact_strict
pitcher,2023,R,13,21690,75867.0,confirmed_exact_strict
pitcher,2023,R,13,22094,79140.0,confirmed_exact_strict
pitcher,2023,R,13,22277,61101.0,confirmed_exact_strict
pitcher,2023,R,13,22278,61145.0,confirmed_exact_strict
pitcher,2023,R,13,22368,62146.0,confirmed_exact_strict
pitcher,2023,R,13,22469,63145.0,confirmed_exact_strict
pitcher,2023,R,13,22525,63248.0,confirmed_exact_strict
pitcher,2023,R,13,22547,76650.0,confirmed_exact_strict
pitcher,2023,R,13,22820,66145.0,confirmed_exact_strict
pitcher,2023,R,13,22840,65241.0,confirmed_exact_strict
pitcher,2023,R,13,22890,65320.0,confirmed_exact_strict
pitcher,2023,R,13,23225,67119.0,confirmed_exact_strict
pitcher,2023,R,13,23229,67143.0,confirmed_exact_strict
pitcher,2023,R,13,23231,67116.0,confirmed_exact_strict
pitcher,2023,R,13,23418,65109.0,confirmed_exact_strict
pitcher,2023,R,13,23421,68130.0,confirmed_global_exact_fallback
pitcher,2023,R,13,23424,68159.0,confirmed_exact_strict
pitcher,2023,R,13,23426,65117.0,confirmed_exact_strict
pitcher,2023,R,13,23597,63961.0,confirmed_exact_strict
pitcher,2023,R,13,23633,543391.0,confirmed_exact_strict
pitcher,2023,R,13,23634,69134.0,confirmed_exact_strict
pitcher,2023,R,13,23637,69159.0,confirmed_exact_strict
pitcher,2023,R,13,23638,69168.0,confirmed_exact_strict
pitcher,2023,R,13,23642,69108.0,confirmed_exact_strict
pitcher,2023,R,13,23852,50126.0,confirmed_exact_strict
pitcher,2023,R,13,23853,50157.0,confirmed_exact_strict
pitcher,2023,R,13,23857,50106.0,confirmed_exact_strict
pitcher,2023,R,13,24018,51111.0,confirmed_exact_strict
pitcher,2023,R,13,24020,51143.0,confirmed_exact_strict
pitcher,2023,R,13,24164,592644.0,confirmed_exact_strict
pitcher,2023,R,13,24343,53164.0,confirmed_exact_strict
pitcher,2023,R,13,24344,53139.0,confirmed_exact_strict
pitcher,2023,R,14,21998,78148.0,confirmed_exact_strict
pitcher,2023,R,14,22028,78352.0,confirmed_exact_strict
pitcher,2023,R,14,22205,60336.0,confirmed_exact_strict
pitcher,2023,R,14,22397,62360.0,confirmed_exact_strict
pitcher,2023,R,14,22404,62655.0,confirmed_exact_strict
pitcher,2023,R,14,22428,62263.0,confirmed_exact_strict
pitcher,2023,R,14,22592,76118.0,confirmed_exact_strict
pitcher,2023,R,14,22651,64350.0,confirmed_exact_strict
pitcher,2023,R,14,22867,66305.0,confirmed_exact_strict
pitcher,2023,R,14,22890,65320.0,confirmed_exact_strict
pitcher,2023,R,14,23284,67365.0,confirmed_exact_strict
pitcher,2023,R,14,23288,67391.0,confirmed_exact_strict
pitcher,2023,R,14,23289,64051.0,confirmed_exact_strict
pitcher,2023,R,14,23307,67603.0,confirmed_exact_strict
pitcher,2023,R,14,23437,66018.0,confirmed_exact_strict
pitcher,2023,R,14,23439,61268.0,confirmed_exact_strict
pitcher,2023,R,14,23440,68341.0,confirmed_exact_strict
pitcher,2023,R,14,23745,518852.0,confirmed_exact_strict
pitcher,2023,R,14,23748,69399.0,confirmed_exact_strict
pitcher,2023,R,14,23749,69360.0,confirmed_exact_strict
pitcher,2023,R,14,23977,50354.0,confirmed_exact_strict
pitcher,2023,R,14,23979,50360.0,confirmed_exact_strict
pitcher,2023,R,14,24086,51359.0,confirmed_exact_strict
pitcher,2023,R,14,24088,51393.0,confirmed_exact_strict
pitcher,2023,R,14,24089,51301.0,confirmed_exact_strict
pitcher,2023,R,14,24178,52330.0,confirmed_exact_strict
pitcher,2023,R,14,24183,52395.0,confirmed_exact_strict
pitcher,2023,R,14,24185,52397.0,confirmed_exact_strict
pitcher,2023,R,14,24343,53164.0,confirmed_exact_strict
pitcher,2023,R,14,24398,53312.0,confirmed_exact_strict
pitcher,2023,R,14,24399,53300.0,confirmed_exact_strict
pitcher,2023,R,14,24410,642558.0,confirmed_exact_strict
pitcher,2023,R,14,24461,641855.0,confirmed_exact_strict
pitcher,2023,R,15,21789,76430.0,confirmed_exact_strict
pitcher,2023,R,15,22253,60140.0,confirmed_exact_strict
pitcher,2023,R,15,22389,62363.0,confirmed_exact_strict
pitcher,2023,R,15,22419,62528.0,confirmed_exact_strict
pitcher,2023,R,15,22427,62242.0,confirmed_exact_strict
pitcher,2023,R,15,22668,64565.0,confirmed_exact_strict
pitcher,2023,R,15,22721,64017.0,confirmed_exact_strict
pitcher,2023,R,15,22738,63543.0,confirmed_exact_strict
pitcher,2023,R,15,22759,64021.0,confirmed_exact_strict
pitcher,2023,R,15,22901,65522.0,confirmed_exact_strict
pitcher,2023,R,15,22925,64718.0,confirmed_exact_strict
pitcher,2023,R,15,23331,67768.0,confirmed_exact_strict
pitcher,2023,R,15,23347,67539.0,confirmed_exact_strict
pitcher,2023,R,15,23366,67454.0,confirmed_global_exact_fallback
pitcher,2023,R,15,23455,68556.0,confirmed_exact_strict
pitcher,2023,R,15,23459,68585.0,confirmed_exact_strict
pitcher,2023,R,15,23475,68036.0,confirmed_exact_strict
pitcher,2023,R,15,23614,65643.0,confirmed_global_exact_fallback
pitcher,2023,R,15,23676,69594.0,confirmed_exact_strict
pitcher,2023,R,15,23680,69507.0,confirmed_exact_strict
pitcher,2023,R,15,23893,50556.0,confirmed_exact_strict
pitcher,2023,R,15,23897,573185.0,confirmed_exact_strict
pitcher,2023,R,15,24038,51516.0,confirmed_exact_strict
pitcher,2023,R,15,24039,51586.0,confirmed_exact_strict
pitcher,2023,R,15,24044,51526.0,confirmed_exact_strict
pitcher,2023,R,15,24209,52530.0,confirmed_global_exact_fallback
pitcher,2023,R,15,24211,52558.0,confirmed_exact_strict
pitcher,2023,R,15,24222,656212.0,confirmed_exact_strict
pitcher,2023,R,15,24373,53562.0,confirmed_exact_strict
pitcher,2023,R,15,24376,53594.0,confirmed_exact_strict
pitcher,2023,R,15,24377,53560.0,confirmed_exact_strict
pitcher,2023,R,15,24380,53596.0,confirmed_exact_strict
pitcher,2023,R,15,24465,658792.0,confirmed_exact_strict
pitcher,2023,R,16,21813,76225.0,confirmed_exact_strict
pitcher,2023,R,16,21961,77637.0,confirmed_exact_strict
pitcher,2023,R,16,22302,60337.0,confirmed_exact_strict
pitcher,2023,R,16,22380,62754.0,confirmed_exact_strict
pitcher,2023,R,16,22624,63950.0,confirmed_exact_strict
pitcher,2023,R,16,22899,64580.0,confirmed_exact_strict
pitcher,2023,R,16,23005,66492.0,confirmed_exact_strict
pitcher,2023,R,16,23294,67640.0,confirmed_global_exact_fallback
pitcher,2023,R,16,23500,68659.0,confirmed_exact_strict
pitcher,2023,R,16,23504,68619.0,confirmed_exact_strict
pitcher,2023,R,16,23630,66609.0,confirmed_exact_strict
pitcher,2023,R,16,23632,63638.0,confirmed_exact_strict
pitcher,2023,R,16,23650,69620.0,confirmed_exact_strict
pitcher,2023,R,16,23665,65665.0,confirmed_exact_strict
pitcher,2023,R,16,23929,50662.0,confirmed_exact_strict
pitcher,2023,R,16,24115,51648.0,confirmed_exact_strict
pitcher,2023,R,16,24265,52639.0,confirmed_exact_strict
pitcher,2023,R,16,24286,52641.0,confirmed_exact_strict
pitcher,2023,R,16,24306,623381.0,confirmed_exact_strict
pitcher,2023,R,16,24387,658431.0,confirmed_exact_strict
pitcher,2023,R,16,24388,641312.0,confirmed_exact_strict
pitcher,2023,R,16,24389,53613.0,confirmed_exact_strict
pitcher,2023,R,16,24390,,unanchored_no_exact_evidence
pitcher,2023,R,16,24392,53609.0,confirmed_exact_strict
pitcher,2023,R,16,24463,532936.0,confirmed_exact_strict
pitcher,2023,R,17,21936,77318.0,confirmed_exact_strict
pitcher,2023,R,17,22163,79764.0,confirmed_exact_strict
pitcher,2023,R,17,22231,60768.0,confirmed_exact_strict
pitcher,2023,R,17,22280,61156.0,confirmed_exact_strict
pitcher,2023,R,17,22292,61666.0,confirmed_exact_strict
pitcher,2023,R,17,22478,63103.0,confirmed_exact_strict
pitcher,2023,R,17,22541,63749.0,confirmed_exact_strict
pitcher,2023,R,17,22575,63464.0,confirmed_exact_strict
pitcher,2023,R,17,22708,65764.0,confirmed_exact_strict
pitcher,2023,R,17,22710,65707.0,confirmed_exact_strict
pitcher,2023,R,17,22782,65769.0,confirmed_exact_strict
pitcher,2023,R,17,22964,66741.0,confirmed_exact_strict
pitcher,2023,R,17,22996,74857.0,confirmed_exact_strict
pitcher,2023,R,17,23154,64029.0,confirmed_exact_strict
pitcher,2023,R,17,23306,65616.0,confirmed_exact_strict
pitcher,2023,R,17,23414,67703.0,confirmed_exact_strict
pitcher,2023,R,17,23653,69645.0,confirmed_exact_strict
pitcher,2023,R,17,23697,69762.0,confirmed_exact_strict
pitcher,2023,R,17,23731,69213.0,confirmed_exact_strict
pitcher,2023,R,17,23930,50720.0,confirmed_exact_strict
pitcher,2023,R,17,23932,50726.0,confirmed_exact_strict
pitcher,2023,R,17,23935,50705.0,confirmed_exact_strict
pitcher,2023,R,17,24129,51715.0,confirmed_exact_strict
pitcher,2023,R,17,24136,51713.0,confirmed_exact_strict
pitcher,2023,R,17,24240,52701.0,confirmed_exact_strict
pitcher,2023,R,17,24241,52731.0,confirmed_exact_strict
pitcher,2023,R,17,24305,570240.0,confirmed_exact_strict
pitcher,2023,R,17,24355,53754.0,confirmed_exact_strict
pitcher,2023,R,17,24370,,unanchored_no_exact_evidence
pitcher,2023,R,17,24459,645307.0,confirmed_exact_strict
pitcher,2023,R,18,21402,73117.0,confirmed_exact_strict
pitcher,2023,R,18,21916,77446.0,confirmed_exact_strict
pitcher,2023,R,18,22254,60146.0,confirmed_exact_strict
pitcher,2023,R,18,22318,61365.0,confirmed_exact_strict
pitcher,2023,R,18,22397,62360.0,confirmed_exact_strict
pitcher,2023,R,18,22595,62920.0,confirmed_exact_strict
pitcher,2023,R,18,22621,63960.0,confirmed_exact_strict
pitcher,2023,R,18,22772,77927.0,confirmed_exact_strict
pitcher,2023,R,18,23030,66451.0,confirmed_exact_strict
pitcher,2023,R,18,23097,65844.0,confirmed_exact_strict
pitcher,2023,R,18,23190,63492.0,confirmed_exact_strict
pitcher,2023,R,18,23361,67467.0,confirmed_exact_strict
pitcher,2023,R,18,23363,67421.0,confirmed_exact_strict
pitcher,2023,R,18,23369,67419.0,confirmed_exact_strict
pitcher,2023,R,18,23462,68501.0,confirmed_exact_strict
pitcher,2023,R,18,23512,65496.0,confirmed_exact_strict
pitcher,2023,R,18,23513,68415.0,confirmed_exact_strict
pitcher,2023,R,18,23518,68419.0,confirmed_exact_strict
pitcher,2023,R,18,23719,69446.0,confirmed_exact_strict
pitcher,2023,R,18,23848,75421.0,confirmed_exact_strict
pitcher,2023,R,18,23868,50430.0,confirmed_exact_strict
pitcher,2023,R,18,23869,50441.0,confirmed_exact_strict
pitcher,2023,R,18,23870,50449.0,confirmed_exact_strict
pitcher,2023,R,18,23880,571527.0,confirmed_exact_strict
pitcher,2023,R,18,24063,51454.0,confirmed_exact_strict
pitcher,2023,R,18,24064,51460.0,confirmed_exact_strict
pitcher,2023,R,18,24277,52460.0,confirmed_exact_strict
pitcher,2023,R,18,24283,544150.0,confirmed_exact_strict
pitcher,2023,R,18,24411,53455.0,confirmed_exact_strict
pitcher,2023,R,18,24412,53469.0,confirmed_exact_strict
pitcher,2023,R,18,24423,642203.0,confirmed_exact_strict
pitcher,2023,R,19,21940,,conflict_reverse_multiple_train_ids
pitcher,2023,R,19,22249,60263.0,confirmed_exact_strict
pitcher,2023,R,19,22312,61411.0,confirmed_exact_strict
pitcher,2023,R,19,22617,63959.0,confirmed_exact_strict
pitcher,2023,R,19,22840,65241.0,confirmed_exact_strict
pitcher,2023,R,19,23035,65933.0,confirmed_exact_strict
pitcher,2023,R,19,23043,65949.0,confirmed_exact_strict
pitcher,2023,R,19,23054,65964.0,confirmed_exact_strict
pitcher,2023,R,19,23206,66920.0,confirmed_exact_strict
pitcher,2023,R,19,23257,67954.0,confirmed_exact_strict
pitcher,2023,R,19,23258,67956.0,confirmed_exact_strict
pitcher,2023,R,19,23501,68639.0,confirmed_exact_strict
pitcher,2023,R,19,23589,,conflict_multiple_trackman_ids
pitcher,2023,R,19,23590,68900.0,confirmed_exact_strict
pitcher,2023,R,19,23593,68902.0,confirmed_exact_strict
pitcher,2023,R,19,23769,69962.0,confirmed_exact_strict
pitcher,2023,R,19,23771,69969.0,confirmed_exact_strict
pitcher,2023,R,19,23772,69974.0,confirmed_exact_strict
pitcher,2023,R,19,23775,69991.0,confirmed_exact_strict
pitcher,2023,R,19,23964,50995.0,confirmed_exact_strict
pitcher,2023,R,19,24076,51948.0,confirmed_exact_strict
pitcher,2023,R,19,24078,51994.0,confirmed_exact_strict
pitcher,2023,R,19,24201,52902.0,confirmed_exact_strict
pitcher,2023,R,19,24205,52903.0,confirmed_exact_strict
pitcher,2023,R,19,24319,53996.0,confirmed_exact_strict
pitcher,2023,R,19,24327,607200.0,confirmed_exact_strict
pitcher,2023,R,19,24423,642203.0,confirmed_exact_strict
pitcher,2023,R,19,24467,668684.0,confirmed_exact_strict
pitcher,2023,R,20,21991,78517.0,confirmed_exact_strict
pitcher,2023,R,20,22720,64001.0,confirmed_exact_strict
pitcher,2023,R,20,22721,64017.0,confirmed_exact_strict
pitcher,2023,R,20,22729,65048.0,confirmed_exact_strict
pitcher,2023,R,20,22730,65056.0,confirmed_exact_strict
pitcher,2023,R,20,22741,65060.0,confirmed_exact_strict
pitcher,2023,R,20,22743,65062.0,confirmed_exact_strict
pitcher,2023,R,20,22908,65516.0,confirmed_exact_strict
pitcher,2023,R,20,22922,64047.0,confirmed_exact_strict
pitcher,2023,R,20,23112,64768.0,confirmed_exact_strict
pitcher,2023,R,20,23151,66064.0,confirmed_exact_strict
pitcher,2023,R,20,23157,66047.0,confirmed_exact_strict
pitcher,2023,R,20,23478,68043.0,confirmed_exact_strict
pitcher,2023,R,20,23542,68896.0,confirmed_exact_strict
pitcher,2023,R,20,23782,571035.0,confirmed_exact_strict
pitcher,2023,R,20,23783,69047.0,confirmed_exact_strict
pitcher,2023,R,20,23786,69041.0,confirmed_exact_strict
pitcher,2023,R,20,23787,69054.0,confirmed_exact_strict
pitcher,2023,R,20,23790,69068.0,confirmed_exact_strict
pitcher,2023,R,20,23988,50030.0,confirmed_exact_strict
pitcher,2023,R,20,24028,51097.0,confirmed_exact_strict
pitcher,2023,R,20,24252,52060.0,confirmed_exact_strict
pitcher,2023,R,20,24300,605138.0,confirmed_exact_strict
pitcher,2023,R,20,24424,676641.0,confirmed_exact_strict
pitcher,2023,R,20,24425,53029.0,confirmed_exact_strict
pitcher,2023,R,20,24434,53006.0,confirmed_exact_strict
pitcher,2023,R,21,21372,72523.0,confirmed_exact_strict
pitcher,2023,R,21,21441,73211.0,confirmed_exact_strict
pitcher,2023,R,21,21955,77829.0,confirmed_exact_strict
pitcher,2023,R,21,22192,60841.0,confirmed_exact_strict
pitcher,2023,R,21,22435,62869.0,confirmed_exact_strict
pitcher,2023,R,21,22675,64893.0,confirmed_exact_strict
pitcher,2023,R,21,22734,65058.0,confirmed_exact_strict
pitcher,2023,R,21,22735,61895.0,confirmed_exact_strict
pitcher,2023,R,21,23094,66859.0,confirmed_exact_strict
pitcher,2023,R,21,23101,64896.0,confirmed_exact_strict
pitcher,2023,R,21,23105,64861.0,confirmed_exact_strict
pitcher,2023,R,21,23484,68092.0,confirmed_exact_strict
pitcher,2023,R,21,23538,68848.0,confirmed_global_exact_fallback
pitcher,2023,R,21,23540,68856.0,confirmed_exact_strict
pitcher,2023,R,21,23627,62611.0,confirmed_exact_strict
pitcher,2023,R,21,23761,69839.0,confirmed_exact_strict
pitcher,2023,R,21,23866,69803.0,confirmed_exact_strict
pitcher,2023,R,21,23902,65411.0,confirmed_exact_strict
pitcher,2023,R,21,23903,50859.0,confirmed_exact_strict
pitcher,2023,R,21,24166,52873.0,confirmed_exact_strict
pitcher,2023,R,21,24169,52868.0,confirmed_exact_strict
pitcher,2023,R,21,24440,668948.0,confirmed_exact_strict
pitcher,2023,R,21,24444,53892.0,confirmed_exact_strict
pitcher,2023,R,21,24447,53898.0,confirmed_exact_strict
pitcher,2023,R,21,24460,606273.0,confirmed_exact_strict
pitcher,2024,F,12,22293,61643.0,confirmed_exact_strict
pitcher,2024,F,12,22761,65639.0,confirmed_global_exact_fallback
pitcher,2024,F,12,22834,66291.0,confirmed_exact_strict
pitcher,2024,F,12,23235,67246.0,confirmed_exact_strict
pitcher,2024,F,12,23238,67266.0,confirmed_global_exact_fallback
pitcher,2024,F,12,23532,68830.0,confirmed_exact_strict
pitcher,2024,F,12,23554,63292.0,confirmed_exact_strict
pitcher,2024,F,12,23558,68242.0,confirmed_global_exact_fallback
pitcher,2024,F,12,23564,68269.0,confirmed_exact_strict
pitcher,2024,F,12,23565,68200.0,confirmed_exact_strict
pitcher,2024,F,12,23617,68249.0,confirmed_global_exact_fallback
pitcher,2024,F,12,23640,69104.0,confirmed_exact_strict
pitcher,2024,F,12,23727,68207.0,confirmed_exact_strict
pitcher,2024,F,12,23737,69205.0,confirmed_global_exact_fallback
pitcher,2024,F,12,23738,69206.0,confirmed_exact_strict
pitcher,2024,F,12,23743,69211.0,confirmed_exact_strict
pitcher,2024,F,12,23947,50262.0,confirmed_exact_strict
pitcher,2024,F,12,23951,50296.0,confirmed_global_exact_fallback
pitcher,2024,F,12,23952,50298.0,confirmed_exact_strict
pitcher,2024,F,12,23953,50203.0,confirmed_global_exact_fallback
pitcher,2024,F,12,23955,50206.0,confirmed_global_exact_fallback
pitcher,2024,F,12,24099,51230.0,confirmed_exact_strict
pitcher,2024,F,12,24102,51294.0,confirmed_exact_strict
pitcher,2024,F,12,24104,,unanchored_no_exact_evidence
pitcher,2024,F,12,24328,53259.0,confirmed_global_exact_fallback
pitcher,2024,F,12,24329,53262.0,confirmed_exact_strict
pitcher,2024,F,12,24333,53297.0,confirmed_exact_strict
pitcher,2024,F,12,24531,54213.0,confirmed_exact_strict
pitcher,2024,F,12,24533,54215.0,confirmed_exact_strict
pitcher,2024,F,12,24535,,unanchored_no_exact_evidence
pitcher,2024,F,12,24605,54221.0,confirmed_exact_strict
pitcher,2024,F,13,21690,75867.0,confirmed_exact_strict
pitcher,2024,F,13,22094,79140.0,confirmed_exact_strict
pitcher,2024,F,13,22278,61145.0,confirmed_exact_strict
pitcher,2024,F,13,22469,63145.0,confirmed_exact_strict
pitcher,2024,F,13,22525,63248.0,confirmed_exact_strict
pitcher,2024,F,13,22667,64596.0,confirmed_global_exact_fallback
pitcher,2024,F,13,22820,66145.0,confirmed_exact_strict
pitcher,2024,F,13,22890,65320.0,confirmed_exact_strict
pitcher,2024,F,13,23418,65109.0,confirmed_exact_strict
pitcher,2024,F,13,23421,68130.0,confirmed_exact_strict
pitcher,2024,F,13,23424,68159.0,confirmed_exact_strict
pitcher,2024,F,13,23429,68109.0,confirmed_exact_strict
pitcher,2024,F,13,23487,68096.0,confirmed_exact_strict
pitcher,2024,F,13,23597,63961.0,confirmed_exact_strict
pitcher,2024,F,13,23637,69159.0,confirmed_exact_strict
pitcher,2024,F,13,23638,69168.0,confirmed_exact_strict
pitcher,2024,F,13,23642,69108.0,confirmed_global_exact_fallback
pitcher,2024,F,13,23644,69113.0,confirmed_exact_strict
pitcher,2024,F,13,23853,50157.0,confirmed_exact_strict
pitcher,2024,F,13,23856,50105.0,confirmed_exact_strict
pitcher,2024,F,13,23858,50107.0,confirmed_exact_strict
pitcher,2024,F,13,23902,65411.0,confirmed_exact_strict
pitcher,2024,F,13,23972,50904.0,confirmed_exact_strict
pitcher,2024,F,13,24011,51154.0,confirmed_exact_strict
pitcher,2024,F,13,24012,51163.0,confirmed_exact_strict
pitcher,2024,F,13,24013,51110.0,confirmed_exact_strict
pitcher,2024,F,13,24015,51104.0,confirmed_global_exact_fallback
pitcher,2024,F,13,24020,51143.0,confirmed_exact_strict
pitcher,2024,F,13,24044,51526.0,confirmed_exact_strict
pitcher,2024,F,13,24156,52168.0,confirmed_exact_strict
pitcher,2024,F,13,24344,53139.0,confirmed_exact_strict
pitcher,2024,F,13,24349,53102.0,confirmed_exact_strict
pitcher,2024,F,13,24484,683412.0,confirmed_exact_strict
pitcher,2024,F,13,24485,54149.0,confirmed_exact_strict
pitcher,2024,F,13,24486,54103.0,confirmed_exact_strict
pitcher,2024,F,13,24487,54104.0,confirmed_exact_strict
pitcher,2024,F,13,24488,54105.0,confirmed_exact_strict
pitcher,2024,F,14,21998,78148.0,confirmed_exact_strict
pitcher,2024,F,14,22205,60336.0,confirmed_exact_strict
pitcher,2024,F,14,22508,63342.0,confirmed_exact_strict
pitcher,2024,F,14,22651,64350.0,confirmed_global_exact_fallback
pitcher,2024,F,14,22867,66305.0,confirmed_exact_strict
pitcher,2024,F,14,23231,67116.0,confirmed_exact_strict
pitcher,2024,F,14,23284,67365.0,confirmed_exact_strict
pitcher,2024,F,14,23312,67828.0,confirmed_global_exact_fallback
pitcher,2024,F,14,23437,66018.0,confirmed_exact_strict
pitcher,2024,F,14,23748,69399.0,confirmed_exact_strict
pitcher,2024,F,14,23749,69360.0,confirmed_exact_strict
pitcher,2024,F,14,23751,69367.0,confirmed_exact_strict
pitcher,2024,F,14,23977,50354.0,confirmed_exact_strict
pitcher,2024,F,14,23979,50360.0,confirmed_exact_strict
pitcher,2024,F,14,23982,50393.0,confirmed_exact_strict
pitcher,2024,F,14,24088,51393.0,confirmed_global_exact_fallback
pitcher,2024,F,14,24179,52394.0,confirmed_global_exact_fallback
pitcher,2024,F,14,24183,52395.0,confirmed_exact_strict
pitcher,2024,F,14,24184,52396.0,confirmed_exact_strict
pitcher,2024,F,14,24185,52397.0,confirmed_exact_strict
pitcher,2024,F,14,24343,53164.0,confirmed_exact_strict
pitcher,2024,F,14,24399,53300.0,confirmed_global_exact_fallback
pitcher,2024,F,14,24401,53301.0,confirmed_exact_strict
pitcher,2024,F,14,24571,54362.0,confirmed_global_exact_fallback
pitcher,2024,F,14,24572,54363.0,confirmed_global_exact_fallback
pitcher,2024,F,14,24573,54368.0,confirmed_global_exact_fallback
pitcher,2024,F,14,24577,54302.0,confirmed_exact_strict
pitcher,2024,F,14,24579,54304.0,confirmed_exact_strict
pitcher,2024,F,14,24580,54350.0,confirmed_exact_strict
pitcher,2024,F,15,22253,60140.0,confirmed_exact_strict
pitcher,2024,F,15,22668,64565.0,confirmed_exact_strict
pitcher,2024,F,15,22901,65522.0,confirmed_exact_strict
pitcher,2024,F,15,23343,67588.0,confirmed_exact_strict
pitcher,2024,F,15,23479,,unanchored_no_exact_evidence
pitcher,2024,F,15,23560,68260.0,confirmed_global_exact_fallback
pitcher,2024,F,15,23627,,conflict_reverse_multiple_train_ids
pitcher,2024,F,15,23886,50592.0,confirmed_exact_strict
pitcher,2024,F,15,24042,,conflict_reverse_multiple_train_ids
pitcher,2024,F,15,24045,51592.0,confirmed_exact_strict
pitcher,2024,F,15,24047,51546.0,confirmed_global_exact_fallback
pitcher,2024,F,15,24048,51564.0,confirmed_global_exact_fallback
pitcher,2024,F,15,24209,52530.0,confirmed_global_exact_fallback
pitcher,2024,F,15,24213,,unanchored_no_exact_evidence
pitcher,2024,F,15,24478,54504.0,confirmed_exact_strict
pitcher,2024,F,15,24585,54505.0,confirmed_exact_strict
pitcher,2024,F,15,24587,,unanchored_no_exact_evidence
pitcher,2024,F,16,21813,76225.0,confirmed_global_exact_fallback
pitcher,2024,F,16,22598,62951.0,confirmed_exact_strict
pitcher,2024,F,16,23005,66492.0,confirmed_exact_strict
pitcher,2024,F,16,23092,63894.0,confirmed_global_exact_fallback
pitcher,2024,F,16,23294,67640.0,confirmed_global_exact_fallback
pitcher,2024,F,16,23302,67604.0,confirmed_global_exact_fallback
pitcher,2024,F,16,23504,68619.0,confirmed_global_exact_fallback
pitcher,2024,F,16,23652,69643.0,confirmed_global_exact_fallback
pitcher,2024,F,16,23684,69516.0,confirmed_global_exact_fallback
pitcher,2024,F,16,23920,50622.0,confirmed_global_exact_fallback
pitcher,2024,F,16,23923,50641.0,confirmed_exact_strict
pitcher,2024,F,16,24116,,unanchored_no_exact_evidence
pitcher,2024,F,16,24268,52661.0,confirmed_global_exact_fallback
pitcher,2024,F,16,24394,,unanchored_no_exact_evidence
pitcher,2024,F,16,24564,,unanchored_no_exact_evidence
pitcher,2024,F,16,24565,,unanchored_no_exact_evidence
pitcher,2024,F,16,24566,54608.0,confirmed_global_exact_fallback
pitcher,2024,F,16,24602,,unanchored_no_exact_evidence
pitcher,2024,F,16,24625,,unanchored_no_exact_evidence
pitcher,2024,F,17,21936,77318.0,confirmed_global_exact_fallback
pitcher,2024,F,17,22163,79764.0,confirmed_global_exact_fallback
pitcher,2024,F,17,22231,60768.0,confirmed_global_exact_fallback
pitcher,2024,F,17,22292,61666.0,confirmed_global_exact_fallback
pitcher,2024,F,17,22540,63765.0,confirmed_exact_strict
pitcher,2024,F,17,22541,63749.0,confirmed_global_exact_fallback
pitcher,2024,F,17,22575,63464.0,confirmed_exact_strict
pitcher,2024,F,17,22782,65769.0,confirmed_exact_strict
pitcher,2024,F,17,23414,67703.0,confirmed_global_exact_fallback
pitcher,2024,F,17,23426,65117.0,confirmed_global_exact_fallback
pitcher,2024,F,17,23567,68797.0,confirmed_global_exact_fallback
pitcher,2024,F,17,23653,69645.0,confirmed_exact_strict
pitcher,2024,F,17,23699,69767.0,confirmed_global_exact_fallback
pitcher,2024,F,17,23772,69974.0,confirmed_exact_strict
pitcher,2024,F,17,23930,50720.0,confirmed_global_exact_fallback
pitcher,2024,F,17,23932,50726.0,confirmed_exact_strict
pitcher,2024,F,17,23933,50710.0,confirmed_exact_strict
pitcher,2024,F,17,23934,50711.0,confirmed_exact_strict
pitcher,2024,F,17,24113,51202.0,confirmed_exact_strict
pitcher,2024,F,17,24129,51715.0,confirmed_global_exact_fallback
pitcher,2024,F,17,24131,,unanchored_no_exact_evidence
pitcher,2024,F,17,24133,51761.0,confirmed_exact_strict
pitcher,2024,F,17,24136,51713.0,confirmed_exact_strict
pitcher,2024,F,17,24244,52702.0,confirmed_exact_strict
pitcher,2024,F,17,24247,52714.0,confirmed_exact_strict
pitcher,2024,F,17,24355,53754.0,confirmed_exact_strict
pitcher,2024,F,17,24369,53711.0,confirmed_global_exact_fallback
pitcher,2024,F,17,24546,54768.0,confirmed_exact_strict
pitcher,2024,F,17,24552,54705.0,confirmed_exact_strict
pitcher,2024,F,17,24557,,unanchored_no_exact_evidence
pitcher,2024,F,18,23363,67421.0,confirmed_exact_strict
pitcher,2024,F,18,23512,65496.0,confirmed_exact_strict
pitcher,2024,F,18,23514,68454.0,confirmed_exact_strict
pitcher,2024,F,18,23868,50430.0,confirmed_global_exact_fallback
pitcher,2024,F,18,24065,51462.0,confirmed_global_exact_fallback
pitcher,2024,F,18,24069,51408.0,confirmed_exact_strict
pitcher,2024,F,18,24420,53409.0,confirmed_exact_strict
pitcher,2024,F,18,24591,54406.0,confirmed_exact_strict
pitcher,2024,F,18,24596,54401.0,confirmed_exact_strict
pitcher,2024,F,18,24597,54403.0,confirmed_exact_strict
pitcher,2024,F,18,24598,,unanchored_no_exact_evidence
pitcher,2024,F,19,22312,61411.0,confirmed_exact_strict
pitcher,2024,F,19,22840,65241.0,confirmed_exact_strict
pitcher,2024,F,19,23054,65964.0,confirmed_exact_strict
pitcher,2024,F,19,23158,66068.0,confirmed_exact_strict
pitcher,2024,F,19,23206,66920.0,confirmed_exact_strict
pitcher,2024,F,19,23258,67956.0,confirmed_exact_strict
pitcher,2024,F,19,23260,67962.0,confirmed_exact_strict
pitcher,2024,F,19,23736,69204.0,confirmed_exact_strict
pitcher,2024,F,19,23967,50900.0,confirmed_global_exact_fallback
pitcher,2024,F,19,24314,53919.0,confirmed_exact_strict
pitcher,2024,F,19,24317,53973.0,confirmed_exact_strict
pitcher,2024,F,19,24512,54900.0,confirmed_global_exact_fallback
pitcher,2024,F,19,24515,54903.0,confirmed_exact_strict
pitcher,2024,F,19,24516,54904.0,confirmed_exact_strict
pitcher,2024,F,19,24518,54906.0,confirmed_exact_strict
pitcher,2024,F,20,21991,78517.0,confirmed_exact_strict
pitcher,2024,F,20,23157,66047.0,confirmed_exact_strict
pitcher,2024,F,20,23369,67419.0,confirmed_global_exact_fallback
pitcher,2024,F,20,23383,67048.0,confirmed_global_exact_fallback
pitcher,2024,F,20,23542,68896.0,confirmed_global_exact_fallback
pitcher,2024,F,20,23783,69047.0,confirmed_exact_strict
pitcher,2024,F,20,23786,69041.0,confirmed_exact_strict
pitcher,2024,F,20,23787,69054.0,confirmed_exact_strict
pitcher,2024,F,20,23794,,unanchored_no_exact_evidence
pitcher,2024,F,20,23927,50650.0,confirmed_exact_strict
pitcher,2024,F,20,24026,51058.0,confirmed_exact_strict
pitcher,2024,F,20,24107,51299.0,confirmed_exact_strict
pitcher,2024,F,20,24433,,unanchored_no_exact_evidence
pitcher,2024,F,20,24434,53006.0,confirmed_exact_strict
pitcher,2024,F,20,24609,,unanchored_no_exact_evidence
pitcher,2024,F,20,24618,,unanchored_no_exact_evidence
pitcher,2024,F,20,24621,54014.0,confirmed_exact_strict
pitcher,2024,F,21,21372,72523.0,confirmed_global_exact_fallback
pitcher,2024,F,21,22192,60841.0,confirmed_exact_strict
pitcher,2024,F,21,22675,64893.0,confirmed_exact_strict
pitcher,2024,F,21,22717,65343.0,confirmed_exact_strict
pitcher,2024,F,21,22735,61895.0,confirmed_exact_strict
pitcher,2024,F,21,23105,64861.0,confirmed_exact_strict
pitcher,2024,F,21,23145,66858.0,confirmed_exact_strict
pitcher,2024,F,21,23232,67164.0,confirmed_exact_strict
pitcher,2024,F,21,23535,68801.0,confirmed_exact_strict
pitcher,2024,F,21,23540,68856.0,confirmed_exact_strict
pitcher,2024,F,21,23761,69839.0,confirmed_global_exact_fallback
pitcher,2024,F,21,23764,,unanchored_no_exact_evidence
pitcher,2024,F,21,23867,69801.0,confirmed_exact_strict
pitcher,2024,F,21,23902,65411.0,confirmed_exact_strict
pitcher,2024,F,21,23904,50812.0,confirmed_exact_strict
pitcher,2024,F,21,24051,51867.0,confirmed_exact_strict
pitcher,2024,F,21,24166,52873.0,confirmed_exact_strict
pitcher,2024,F,21,24446,53897.0,confirmed_exact_strict
pitcher,2024,F,21,24447,53898.0,confirmed_exact_strict
pitcher,2024,F,21,24450,53806.0,confirmed_exact_strict
pitcher,2024,F,21,24452,53809.0,confirmed_exact_strict
pitcher,2024,F,21,24498,54802.0,confirmed_exact_strict
pitcher,2024,F,21,24499,54803.0,confirmed_exact_strict
pitcher,2024,F,21,24502,54807.0,confirmed_exact_strict
pitcher,2024,F,23,22717,65343.0,confirmed_global_exact_fallback
pitcher,2024,F,23,23288,67391.0,confirmed_global_exact_fallback
pitcher,2024,F,23,23731,69213.0,confirmed_global_exact_fallback
pitcher,2024,F,23,23747,69328.0,confirmed_global_exact_fallback
pitcher,2024,F,23,23870,50449.0,confirmed_global_exact_fallback
pitcher,2024,F,23,23872,50411.0,confirmed_global_exact_fallback
pitcher,2024,F,23,23991,50036.0,confirmed_exact_strict
pitcher,2024,F,23,24056,51895.0,confirmed_exact_strict
pitcher,2024,F,23,24064,51460.0,confirmed_global_exact_fallback
pitcher,2024,F,23,24157,52119.0,confirmed_exact_strict
pitcher,2024,F,23,24169,52868.0,confirmed_global_exact_fallback
pitcher,2024,F,23,24197,52994.0,confirmed_exact_strict
pitcher,2024,F,23,24205,52903.0,confirmed_exact_strict
pitcher,2024,F,23,24373,53562.0,confirmed_global_exact_fallback
pitcher,2024,F,23,24376,53594.0,confirmed_global_exact_fallback
pitcher,2024,F,23,24425,53029.0,confirmed_global_exact_fallback
pitcher,2024,F,25,23819,,unanchored_no_exact_evidence
pitcher,2024,R,12,21943,77263.0,confirmed_exact_strict
pitcher,2024,R,12,22293,61643.0,confirmed_exact_strict
pitcher,2024,R,12,22761,65639.0,confirmed_exact_strict
pitcher,2024,R,12,22834,66291.0,confirmed_exact_strict
pitcher,2024,R,12,23235,67246.0,confirmed_exact_strict
pitcher,2024,R,12,23238,67266.0,confirmed_exact_strict
pitcher,2024,R,12,23532,68830.0,confirmed_global_exact_fallback
pitcher,2024,R,12,23554,63292.0,confirmed_global_exact_fallback
pitcher,2024,R,12,23555,68220.0,confirmed_exact_strict
pitcher,2024,R,12,23558,68242.0,confirmed_exact_strict
pitcher,2024,R,12,23561,67263.0,confirmed_exact_strict
pitcher,2024,R,12,23564,68269.0,confirmed_exact_strict
pitcher,2024,R,12,23565,68200.0,confirmed_exact_strict
pitcher,2024,R,12,23617,68249.0,confirmed_exact_strict
pitcher,2024,R,12,23737,69205.0,confirmed_exact_strict
pitcher,2024,R,12,23781,593417.0,confirmed_exact_strict
pitcher,2024,R,12,23953,50203.0,confirmed_exact_strict
pitcher,2024,R,12,23955,50206.0,confirmed_exact_strict
pitcher,2024,R,12,24099,51230.0,confirmed_exact_strict
pitcher,2024,R,12,24100,51264.0,confirmed_exact_strict
pitcher,2024,R,12,24102,51294.0,confirmed_exact_strict
pitcher,2024,R,12,24224,52204.0,confirmed_exact_strict
pitcher,2024,R,12,24234,52206.0,confirmed_exact_strict
pitcher,2024,R,12,24310,663399.0,confirmed_exact_strict
pitcher,2024,R,12,24328,53259.0,confirmed_exact_strict
pitcher,2024,R,12,24329,53262.0,confirmed_exact_strict
pitcher,2024,R,12,24527,54263.0,confirmed_exact_strict
pitcher,2024,R,12,24531,54213.0,confirmed_exact_strict
pitcher,2024,R,12,24622,54843.0,confirmed_exact_strict
pitcher,2024,R,12,24627,666364.0,confirmed_exact_strict
pitcher,2024,R,13,21690,75867.0,confirmed_exact_strict
pitcher,2024,R,13,22094,79140.0,confirmed_exact_strict
pitcher,2024,R,13,22277,61101.0,confirmed_exact_strict
pitcher,2024,R,13,22278,61145.0,confirmed_exact_strict
pitcher,2024,R,13,22525,63248.0,confirmed_exact_strict
pitcher,2024,R,13,22667,64596.0,confirmed_exact_strict
pitcher,2024,R,13,22820,66145.0,confirmed_exact_strict
pitcher,2024,R,13,22890,65320.0,confirmed_exact_strict
pitcher,2024,R,13,23229,67143.0,confirmed_exact_strict
pitcher,2024,R,13,23418,65109.0,confirmed_exact_strict
pitcher,2024,R,13,23421,68130.0,confirmed_exact_strict
pitcher,2024,R,13,23424,68159.0,confirmed_exact_strict
pitcher,2024,R,13,23597,63961.0,confirmed_exact_strict
pitcher,2024,R,13,23633,543391.0,confirmed_exact_strict
pitcher,2024,R,13,23637,69159.0,confirmed_exact_strict
pitcher,2024,R,13,23638,69168.0,confirmed_exact_strict
pitcher,2024,R,13,23642,69108.0,confirmed_exact_strict
pitcher,2024,R,13,23644,69113.0,confirmed_exact_strict
pitcher,2024,R,13,23853,50157.0,confirmed_global_exact_fallback
pitcher,2024,R,13,23857,50106.0,confirmed_exact_strict
pitcher,2024,R,13,23972,50904.0,confirmed_exact_strict
pitcher,2024,R,13,24011,51154.0,confirmed_exact_strict
pitcher,2024,R,13,24013,51110.0,confirmed_exact_strict
pitcher,2024,R,13,24020,51143.0,confirmed_global_exact_fallback
pitcher,2024,R,13,24044,51526.0,confirmed_exact_strict
pitcher,2024,R,13,24344,53139.0,confirmed_exact_strict
pitcher,2024,R,13,24483,608650.0,confirmed_exact_strict
pitcher,2024,R,13,24484,683412.0,confirmed_exact_strict
pitcher,2024,R,13,24485,54149.0,confirmed_exact_strict
pitcher,2024,R,13,24629,622694.0,confirmed_exact_strict
pitcher,2024,R,14,21998,78148.0,confirmed_exact_strict
pitcher,2024,R,14,22205,60336.0,confirmed_exact_strict
pitcher,2024,R,14,22508,63342.0,confirmed_exact_strict
pitcher,2024,R,14,22592,76118.0,confirmed_exact_strict
pitcher,2024,R,14,22651,64350.0,confirmed_exact_strict
pitcher,2024,R,14,22867,66305.0,confirmed_exact_strict
pitcher,2024,R,14,23231,67116.0,confirmed_exact_strict
pitcher,2024,R,14,23284,67365.0,confirmed_exact_strict
pitcher,2024,R,14,23288,67391.0,confirmed_exact_strict
pitcher,2024,R,14,23312,67828.0,confirmed_exact_strict
pitcher,2024,R,14,23437,66018.0,confirmed_exact_strict
pitcher,2024,R,14,23748,69399.0,confirmed_global_exact_fallback
pitcher,2024,R,14,23749,69360.0,confirmed_exact_strict
pitcher,2024,R,14,23751,69367.0,confirmed_exact_strict
pitcher,2024,R,14,23977,50354.0,confirmed_exact_strict
pitcher,2024,R,14,23979,50360.0,confirmed_exact_strict
pitcher,2024,R,14,23982,50393.0,confirmed_exact_strict
pitcher,2024,R,14,24178,52330.0,confirmed_exact_strict
pitcher,2024,R,14,24183,52395.0,confirmed_exact_strict
pitcher,2024,R,14,24185,52397.0,confirmed_exact_strict
pitcher,2024,R,14,24343,53164.0,confirmed_exact_strict
pitcher,2024,R,14,24401,53301.0,confirmed_exact_strict
pitcher,2024,R,14,24410,642558.0,confirmed_exact_strict
pitcher,2024,R,14,24568,54319.0,confirmed_exact_strict
pitcher,2024,R,14,24570,646241.0,confirmed_exact_strict
pitcher,2024,R,14,24571,54362.0,confirmed_exact_strict
pitcher,2024,R,14,24572,54363.0,confirmed_exact_strict
pitcher,2024,R,14,24573,54368.0,confirmed_exact_strict
pitcher,2024,R,14,24579,54304.0,confirmed_exact_strict
pitcher,2024,R,15,21789,76430.0,confirmed_exact_strict
pitcher,2024,R,15,22389,62363.0,confirmed_exact_strict
pitcher,2024,R,15,22419,62528.0,confirmed_exact_strict
pitcher,2024,R,15,22547,76650.0,confirmed_exact_strict
pitcher,2024,R,15,22668,64565.0,confirmed_exact_strict
pitcher,2024,R,15,22738,63543.0,confirmed_exact_strict
pitcher,2024,R,15,22759,64021.0,confirmed_exact_strict
pitcher,2024,R,15,22901,65522.0,confirmed_exact_strict
pitcher,2024,R,15,22905,63512.0,confirmed_exact_strict
pitcher,2024,R,15,23343,67588.0,confirmed_exact_strict
pitcher,2024,R,15,23347,67539.0,confirmed_exact_strict
pitcher,2024,R,15,23459,68585.0,confirmed_exact_strict
pitcher,2024,R,15,23475,68036.0,confirmed_exact_strict
pitcher,2024,R,15,23560,68260.0,confirmed_exact_strict
pitcher,2024,R,15,23627,62611.0,confirmed_exact_strict
pitcher,2024,R,15,23676,69594.0,confirmed_exact_strict
pitcher,2024,R,15,23893,50556.0,confirmed_exact_strict
pitcher,2024,R,15,23895,50596.0,confirmed_exact_strict
pitcher,2024,R,15,24038,51516.0,confirmed_exact_strict
pitcher,2024,R,15,24042,51594.0,confirmed_exact_strict
pitcher,2024,R,15,24044,51526.0,confirmed_exact_strict
pitcher,2024,R,15,24047,51546.0,confirmed_exact_strict
pitcher,2024,R,15,24209,52530.0,confirmed_exact_strict
pitcher,2024,R,15,24211,52558.0,confirmed_exact_strict
pitcher,2024,R,15,24222,656212.0,confirmed_exact_strict
pitcher,2024,R,15,24465,658792.0,confirmed_exact_strict
pitcher,2024,R,15,24469,54561.0,confirmed_exact_strict
pitcher,2024,R,15,24477,54503.0,confirmed_exact_strict
pitcher,2024,R,15,24482,54537.0,confirmed_exact_strict
pitcher,2024,R,16,21813,76225.0,confirmed_exact_strict
pitcher,2024,R,16,21961,77637.0,confirmed_exact_strict
pitcher,2024,R,16,22302,60337.0,confirmed_exact_strict
pitcher,2024,R,16,22380,62754.0,confirmed_exact_strict
pitcher,2024,R,16,22598,62951.0,confirmed_exact_strict
pitcher,2024,R,16,22624,63950.0,confirmed_exact_strict
pitcher,2024,R,16,23005,66492.0,confirmed_exact_strict
pitcher,2024,R,16,23092,63894.0,confirmed_exact_strict
pitcher,2024,R,16,23294,67640.0,confirmed_exact_strict
pitcher,2024,R,16,23504,68619.0,confirmed_exact_strict
pitcher,2024,R,16,23630,66609.0,confirmed_exact_strict
pitcher,2024,R,16,23632,63638.0,confirmed_exact_strict
pitcher,2024,R,16,23650,69620.0,confirmed_exact_strict
pitcher,2024,R,16,23665,65665.0,confirmed_exact_strict
pitcher,2024,R,16,23667,,unanchored_no_exact_evidence
pitcher,2024,R,16,23684,69516.0,confirmed_exact_strict
pitcher,2024,R,16,23695,69745.0,confirmed_exact_strict
pitcher,2024,R,16,23921,50604.0,confirmed_global_exact_fallback
pitcher,2024,R,16,23923,50641.0,confirmed_global_exact_fallback
pitcher,2024,R,16,23929,50662.0,confirmed_exact_strict
pitcher,2024,R,16,24115,51648.0,confirmed_exact_strict
pitcher,2024,R,16,24265,52639.0,confirmed_exact_strict
pitcher,2024,R,16,24286,52641.0,confirmed_exact_strict
pitcher,2024,R,16,24389,53613.0,confirmed_exact_strict
pitcher,2024,R,16,24392,53609.0,confirmed_exact_strict
pitcher,2024,R,16,24559,640444.0,confirmed_exact_strict
pitcher,2024,R,16,24560,664942.0,confirmed_exact_strict
pitcher,2024,R,16,24565,,unanchored_no_exact_evidence
pitcher,2024,R,16,24566,54608.0,confirmed_exact_strict
pitcher,2024,R,16,24624,682027.0,confirmed_exact_strict
pitcher,2024,R,16,24631,641778.0,confirmed_exact_strict
pitcher,2024,R,16,24633,657770.0,confirmed_exact_strict
pitcher,2024,R,17,21936,77318.0,confirmed_exact_strict
pitcher,2024,R,17,22163,79764.0,confirmed_exact_strict
pitcher,2024,R,17,22231,60768.0,confirmed_exact_strict
pitcher,2024,R,17,22292,61666.0,confirmed_exact_strict
pitcher,2024,R,17,22541,63749.0,confirmed_exact_strict
pitcher,2024,R,17,22575,63464.0,confirmed_exact_strict
pitcher,2024,R,17,22708,65764.0,confirmed_exact_strict
pitcher,2024,R,17,22710,65707.0,confirmed_exact_strict
pitcher,2024,R,17,22782,65769.0,confirmed_exact_strict
pitcher,2024,R,17,22996,74857.0,confirmed_global_exact_fallback
pitcher,2024,R,17,23306,65616.0,confirmed_exact_strict
pitcher,2024,R,17,23414,67703.0,confirmed_exact_strict
pitcher,2024,R,17,23426,65117.0,confirmed_exact_strict
pitcher,2024,R,17,23653,69645.0,confirmed_exact_strict
pitcher,2024,R,17,23772,69974.0,confirmed_global_exact_fallback
pitcher,2024,R,17,23930,50720.0,confirmed_exact_strict
pitcher,2024,R,17,23932,50726.0,confirmed_exact_strict
pitcher,2024,R,17,23934,50711.0,confirmed_exact_strict
pitcher,2024,R,17,24129,51715.0,confirmed_exact_strict
pitcher,2024,R,17,24136,51713.0,confirmed_exact_strict
pitcher,2024,R,17,24240,52701.0,confirmed_exact_strict
pitcher,2024,R,17,24305,570240.0,confirmed_exact_strict
pitcher,2024,R,17,24355,53754.0,confirmed_exact_strict
pitcher,2024,R,17,24459,645307.0,confirmed_exact_strict
pitcher,2024,R,17,24544,54729.0,confirmed_exact_strict
pitcher,2024,R,17,24546,54768.0,confirmed_exact_strict
pitcher,2024,R,17,24552,54705.0,confirmed_global_exact_fallback
pitcher,2024,R,17,24604,547943.0,confirmed_exact_strict
pitcher,2024,R,17,24623,642545.0,confirmed_exact_strict
pitcher,2024,R,17,24626,680802.0,confirmed_exact_strict
pitcher,2024,R,18,21432,73801.0,confirmed_exact_strict
pitcher,2024,R,18,21916,77446.0,confirmed_exact_strict
pitcher,2024,R,18,22028,78352.0,confirmed_exact_strict
pitcher,2024,R,18,22254,60146.0,confirmed_exact_strict
pitcher,2024,R,18,22318,61365.0,confirmed_exact_strict
pitcher,2024,R,18,22368,62146.0,confirmed_exact_strict
pitcher,2024,R,18,22397,62360.0,confirmed_exact_strict
pitcher,2024,R,18,22621,63960.0,confirmed_exact_strict
pitcher,2024,R,18,22743,65062.0,confirmed_exact_strict
pitcher,2024,R,18,22772,77927.0,confirmed_exact_strict
pitcher,2024,R,18,23190,63492.0,confirmed_exact_strict
pitcher,2024,R,18,23363,67421.0,confirmed_exact_strict
pitcher,2024,R,18,23439,61268.0,confirmed_exact_strict
pitcher,2024,R,18,23462,68501.0,confirmed_exact_strict
pitcher,2024,R,18,23512,65496.0,confirmed_global_exact_fallback
pitcher,2024,R,18,23515,68403.0,confirmed_exact_strict
pitcher,2024,R,18,23518,68419.0,confirmed_exact_strict
pitcher,2024,R,18,23719,69446.0,confirmed_exact_strict
pitcher,2024,R,18,23848,75421.0,confirmed_exact_strict
pitcher,2024,R,18,23868,50430.0,confirmed_exact_strict
pitcher,2024,R,18,23869,50441.0,confirmed_exact_strict
pitcher,2024,R,18,23871,50464.0,confirmed_exact_strict
pitcher,2024,R,18,24063,51454.0,confirmed_exact_strict
pitcher,2024,R,18,24411,53455.0,confirmed_exact_strict
pitcher,2024,R,18,24537,54404.0,confirmed_exact_strict
pitcher,2024,R,18,24540,660593.0,confirmed_exact_strict
pitcher,2024,R,18,24541,657756.0,confirmed_exact_strict
pitcher,2024,R,18,24596,54401.0,confirmed_global_exact_fallback
pitcher,2024,R,19,21940,77211.0,confirmed_exact_strict
pitcher,2024,R,19,22249,60263.0,confirmed_exact_strict
pitcher,2024,R,19,22617,63959.0,confirmed_exact_strict
pitcher,2024,R,19,22840,65241.0,confirmed_exact_strict
pitcher,2024,R,19,22899,64580.0,confirmed_exact_strict
pitcher,2024,R,19,23043,65949.0,confirmed_exact_strict
pitcher,2024,R,19,23047,64995.0,confirmed_exact_strict
pitcher,2024,R,19,23158,66068.0,confirmed_exact_strict
pitcher,2024,R,19,23206,66920.0,confirmed_exact_strict
pitcher,2024,R,19,23257,67954.0,confirmed_exact_strict
pitcher,2024,R,19,23258,67956.0,confirmed_exact_strict
pitcher,2024,R,19,23260,67962.0,confirmed_exact_strict
pitcher,2024,R,19,23488,68097.0,confirmed_exact_strict
pitcher,2024,R,19,23589,68928.0,confirmed_exact_strict
pitcher,2024,R,19,23590,68900.0,confirmed_exact_strict
pitcher,2024,R,19,23593,68902.0,confirmed_exact_strict
pitcher,2024,R,19,23736,69204.0,confirmed_exact_strict
pitcher,2024,R,19,23745,518852.0,confirmed_exact_strict
pitcher,2024,R,19,23769,69962.0,confirmed_exact_strict
pitcher,2024,R,19,23771,69969.0,confirmed_exact_strict
pitcher,2024,R,19,24076,51948.0,confirmed_exact_strict
pitcher,2024,R,19,24078,51994.0,confirmed_exact_strict
pitcher,2024,R,19,24314,53919.0,confirmed_exact_strict
pitcher,2024,R,19,24317,53973.0,confirmed_exact_strict
pitcher,2024,R,19,24319,53996.0,confirmed_exact_strict
pitcher,2024,R,19,24508,641447.0,confirmed_exact_strict
pitcher,2024,R,19,24509,606996.0,confirmed_exact_strict
pitcher,2024,R,19,24512,54900.0,confirmed_exact_strict
pitcher,2024,R,19,24515,54903.0,confirmed_exact_strict
pitcher,2024,R,19,24516,54904.0,confirmed_exact_strict
pitcher,2024,R,19,24525,54913.0,confirmed_exact_strict
pitcher,2024,R,20,21402,73117.0,confirmed_exact_strict
pitcher,2024,R,20,21991,78517.0,confirmed_exact_strict
pitcher,2024,R,20,21994,60559.0,confirmed_exact_strict
pitcher,2024,R,20,22720,64001.0,confirmed_exact_strict
pitcher,2024,R,20,22729,65048.0,confirmed_exact_strict
pitcher,2024,R,20,22730,65056.0,confirmed_exact_strict
pitcher,2024,R,20,22741,65060.0,confirmed_exact_strict
pitcher,2024,R,20,23112,64768.0,confirmed_exact_strict
pitcher,2024,R,20,23157,66047.0,confirmed_exact_strict
pitcher,2024,R,20,23369,67419.0,confirmed_exact_strict
pitcher,2024,R,20,23478,68043.0,confirmed_exact_strict
pitcher,2024,R,20,23542,68896.0,confirmed_exact_strict
pitcher,2024,R,20,23782,571035.0,confirmed_exact_strict
pitcher,2024,R,20,23783,69047.0,confirmed_exact_strict
pitcher,2024,R,20,23786,69041.0,confirmed_exact_strict
pitcher,2024,R,20,23787,69054.0,confirmed_exact_strict
pitcher,2024,R,20,23790,69068.0,confirmed_exact_strict
pitcher,2024,R,20,23860,50109.0,confirmed_exact_strict
pitcher,2024,R,20,23988,50030.0,confirmed_exact_strict
pitcher,2024,R,20,24026,51058.0,confirmed_exact_strict
pitcher,2024,R,20,24028,51097.0,confirmed_exact_strict
pitcher,2024,R,20,24252,52060.0,confirmed_exact_strict
pitcher,2024,R,20,24300,605138.0,confirmed_exact_strict
pitcher,2024,R,20,24434,53006.0,confirmed_exact_strict
pitcher,2024,R,20,24607,54063.0,confirmed_exact_strict
pitcher,2024,R,20,24608,54064.0,confirmed_exact_strict
pitcher,2024,R,21,21372,72523.0,confirmed_exact_strict
pitcher,2024,R,21,21441,73211.0,confirmed_exact_strict
pitcher,2024,R,21,21955,77829.0,confirmed_exact_strict
pitcher,2024,R,21,22192,60841.0,confirmed_exact_strict
pitcher,2024,R,21,22435,62869.0,confirmed_exact_strict
pitcher,2024,R,21,22675,64893.0,confirmed_exact_strict
pitcher,2024,R,21,22717,65343.0,confirmed_exact_strict
pitcher,2024,R,21,22735,61895.0,confirmed_exact_strict
pitcher,2024,R,21,23105,64861.0,confirmed_exact_strict
pitcher,2024,R,21,23145,66858.0,confirmed_exact_strict
pitcher,2024,R,21,23484,68092.0,confirmed_exact_strict
pitcher,2024,R,21,23540,68856.0,confirmed_exact_strict
pitcher,2024,R,21,23761,69839.0,confirmed_exact_strict
pitcher,2024,R,21,23902,65411.0,confirmed_exact_strict
pitcher,2024,R,21,23903,50859.0,confirmed_exact_strict
pitcher,2024,R,21,23904,50812.0,confirmed_exact_strict
pitcher,2024,R,21,24055,51897.0,confirmed_exact_strict
pitcher,2024,R,21,24056,51895.0,confirmed_exact_strict
pitcher,2024,R,21,24166,52873.0,confirmed_exact_strict
pitcher,2024,R,21,24169,52868.0,confirmed_exact_strict
pitcher,2024,R,21,24444,53892.0,confirmed_exact_strict
pitcher,2024,R,21,24447,53898.0,confirmed_exact_strict
pitcher,2024,R,21,24460,606273.0,confirmed_exact_strict
pitcher,2024,R,21,24494,667498.0,confirmed_exact_strict
pitcher,2024,R,21,24499,54803.0,confirmed_exact_strict
pitcher,2024,R,21,24502,54807.0,confirmed_exact_strict
pitcher,2024,R,21,24619,623454.0,confirmed_exact_strict
pitcher,2024,R,21,24622,54843.0,confirmed_exact_strict
