global_player_mapping_key,role,train_player_id,current_trackman_player_id,global_player_mapping_status,global_player_mapping_status_ko,global_representative_trackman_player_id,global_exact_candidates,global_exact_candidate_count,global_reverse_train_player_count,global_exact_top_rows,global_exact_top_games,global_exact_total_rows,global_exact_total_games,global_exact_purity,global_exact_strict_contexts,final_linked_role_observations,final_linked_games,final_confirmed_id_matches,final_confirmed_id_mismatches,train_role_observations,train_games,train_strict_contexts
1,batter,20889,71184,confirmed_global_exact,역할별 전역 exact 양방향 확정,71184,71184:434rows/56games,1,1,434,56,434,56,1.0,5,758,105,758,0,901,127,5
2,batter,20946,70410,confirmed_global_exact,역할별 전역 exact 양방향 확정,70410,70410:373rows/32games,1,1,373,32,373,32,1.0,2,631,52,631,0,1285,107,2
3,batter,20984,70756,confirmed_global_exact,역할별 전역 exact 양방향 확정,70756,70756:39rows/7games,1,1,39,7,39,7,1.0,1,69,11,69,0,100,19,1
4,batter,21131,71432,confirmed_global_exact,역할별 전역 exact 양방향 확정,71432,71432:153rows/16games,1,1,153,16,153,16,1.0,1,294,27,294,0,341,30,1
5,batter,21143,71752,confirmed_global_exact,역할별 전역 exact 양방향 확정,71752,71752:1824rows/122games,1,1,1824,122,1824,122,1.0,2,2674,175,2674,0,2982,194,2
6,batter,21170,71837,confirmed_global_exact,역할별 전역 exact 양방향 확정,71837,71837:3202rows/274games,1,1,3202,274,3202,274,1.0,7,5444,469,5444,0,5882,509,7
7,batter,21174,71842,confirmed_global_exact,역할별 전역 exact 양방향 확정,71842,71842:311rows/37games,1,1,311,37,311,37,1.0,5,517,59,517,0,599,67,6
8,batter,21241,72133,confirmed_global_exact,역할별 전역 exact 양방향 확정,72133,72133:1090rows/104games,1,1,1090,104,1090,104,1.0,3,1539,151,1539,0,1697,165,4
9,batter,21278,,conflict_reverse_multiple_train_ids,Trackman ID가 복수 Train 선수로 역매핑,64793,64793:408rows/52games,1,2,408,52,408,52,1.0,8,621,78,0,0,660,82,10
10,batter,21286,72443,confirmed_global_exact,역할별 전역 exact 양방향 확정,72443,72443:4303rows/246games,1,1,4303,246,4303,246,1.0,6,6297,358,6295,2,12789,748,6
11,batter,21288,72456,confirmed_global_exact,역할별 전역 exact 양방향 확정,72456,72456:63rows/8games,1,1,63,8,63,8,1.0,1,102,14,101,1,122,17,1
12,batter,21381,72546,confirmed_global_exact,역할별 전역 exact 양방향 확정,72546,72546:134rows/16games,1,1,134,16,134,16,1.0,1,180,25,180,0,268,31,1
13,batter,21398,73113,confirmed_global_exact,역할별 전역 exact 양방향 확정,73113,73113:3871rows/305games,1,1,3871,305,3871,305,1.0,6,6255,501,6253,2,6670,535,6
14,batter,21400,73136,confirmed_global_exact,역할별 전역 exact 양방향 확정,73136,73136:2123rows/159games,1,1,2123,159,2123,159,1.0,4,3044,231,3043,1,3321,254,4
15,batter,21401,73153,confirmed_global_exact,역할별 전역 exact 양방향 확정,73153,73153:38rows/9games,1,1,38,9,38,9,1.0,2,88,18,88,0,115,20,2
16,batter,21448,73209,confirmed_global_exact,역할별 전역 exact 양방향 확정,73209,73209:854rows/75games,1,1,854,75,854,75,1.0,3,1366,120,1366,0,1942,165,4
17,batter,21458,73342,confirmed_global_exact,역할별 전역 exact 양방향 확정,73342,73342:169rows/12games,1,1,169,12,169,12,1.0,1,230,18,230,0,260,20,1
18,batter,21461,73306,confirmed_global_exact,역할별 전역 exact 양방향 확정,73306,73306:854rows/85games,1,1,854,85,854,85,1.0,5,1269,129,1268,1,1417,141,6
19,batter,21511,73213,confirmed_global_exact,역할별 전역 exact 양방향 확정,73213,73213:327rows/32games,1,1,327,32,327,32,1.0,1,513,51,511,2,548,55,1
20,batter,21520,74163,confirmed_global_exact,역할별 전역 exact 양방향 확정,74163,74163:4235rows/255games,1,1,4235,255,4235,255,1.0,5,7067,429,7066,1,7459,449,6
21,batter,21577,74846,confirmed_global_exact,역할별 전역 exact 양방향 확정,74846,74846:37rows/8games,1,1,37,8,37,8,1.0,1,112,16,112,0,143,18,1
22,batter,21600,74729,confirmed_global_exact,역할별 전역 exact 양방향 확정,74729,74729:992rows/87games,1,1,992,87,992,87,1.0,4,1558,131,1558,0,1629,138,4
23,batter,21616,74206,confirmed_global_exact,역할별 전역 exact 양방향 확정,74206,74206:4253rows/326games,1,1,4253,326,4253,326,1.0,7,6877,513,6873,4,7472,556,8
24,batter,21617,74215,confirmed_global_exact,역할별 전역 exact 양방향 확정,74215,74215:565rows/54games,1,1,565,54,565,54,1.0,3,935,97,935,0,965,99,3
25,batter,21627,74540,confirmed_global_exact,역할별 전역 exact 양방향 확정,74540,74540:5343rows/411games,1,1,5343,411,5343,411,1.0,6,8823,672,8823,0,9708,731,6
26,batter,21660,,conflict_reverse_multiple_train_ids,Trackman ID가 복수 Train 선수로 역매핑,75334,75334:5986rows/397games,1,2,5986,397,5986,397,1.0,9,10011,662,0,0,10904,722,9
27,batter,21693,,conflict_reverse_multiple_train_ids,Trackman ID가 복수 Train 선수로 역매핑,75808,75808:1032rows/93games,1,2,1032,93,1032,93,1.0,2,1512,139,0,0,1715,158,2
28,batter,21696,75847,confirmed_global_exact,역할별 전역 exact 양방향 확정,75847,75847:7266rows/436games,1,1,7266,436,7266,436,1.0,6,11954,728,11953,1,12999,786,6
29,batter,21708,75151,confirmed_global_exact,역할별 전역 exact 양방향 확정,75151,75151:1885rows/153games,1,1,1885,153,1885,153,1.0,4,2931,243,2930,1,3034,251,4
30,batter,21737,75566,confirmed_global_exact,역할별 전역 exact 양방향 확정,75566,75566:4983rows/336games,1,1,4983,336,4983,336,1.0,9,7850,528,7837,13,8749,579,9
31,batter,21786,76158,confirmed_global_exact,역할별 전역 exact 양방향 확정,76158,76158:59rows/7games,1,1,59,7,59,7,1.0,2,136,14,136,0,197,20,3
32,batter,21818,76232,confirmed_global_exact,역할별 전역 exact 양방향 확정,76232,76232:6617rows/441games,1,1,6617,441,6617,441,1.0,6,10454,706,10454,0,11303,762,6
33,batter,21821,76267,confirmed_global_exact,역할별 전역 exact 양방향 확정,76267,76267:6213rows/388games,1,1,6213,388,6213,388,1.0,6,10636,653,10627,9,11487,703,7
34,batter,21822,76249,confirmed_global_exact,역할별 전역 exact 양방향 확정,76249,76249:1761rows/124games,1,1,1761,124,1761,124,1.0,3,2652,192,2649,3,2945,212,4
35,batter,21831,76812,confirmed_global_exact,역할별 전역 exact 양방향 확정,76812,76812:2976rows/267games,1,1,2976,267,2976,267,1.0,7,5062,462,5056,6,5577,504,8
36,batter,21834,76802,confirmed_global_exact,역할별 전역 exact 양방향 확정,76802,76802:3920rows/350games,1,1,3920,350,3920,350,1.0,6,6621,581,6617,4,7132,627,7
37,batter,21835,76869,confirmed_global_exact,역할별 전역 exact 양방향 확정,76869,76869:136rows/16games,1,1,136,16,136,16,1.0,2,249,27,244,5,312,34,3
38,batter,21837,,conflict_multiple_trackman_ids,한 Train 선수에 복수 Trackman ID,76849,76849:3630rows/245games;68743:2rows/1games,2,1,3630,245,3632,246,0.9994493392070485,9,5784,385,0,0,6835,449,9
39,batter,21848,76720,confirmed_global_exact,역할별 전역 exact 양방향 확정,76720,76720:167rows/19games,1,1,167,19,167,19,1.0,5,320,40,320,0,333,42,7
40,batter,21851,76753,confirmed_global_exact,역할별 전역 exact 양방향 확정,76753,76753:1654rows/131games,1,1,1654,131,1654,131,1.0,3,2392,193,2390,2,2714,217,3
41,batter,21865,76509,confirmed_global_exact,역할별 전역 exact 양방향 확정,76509,76509:436rows/51games,1,1,436,51,436,51,1.0,3,576,65,576,0,643,70,3
42,batter,21892,76100,confirmed_global_exact,역할별 전역 exact 양방향 확정,76100,76100:592rows/49games,1,1,592,49,592,49,1.0,5,1107,92,1107,0,1172,98,5
43,batter,21945,77243,confirmed_global_exact,역할별 전역 exact 양방향 확정,77243,77243:1183rows/149games,1,1,1183,149,1183,149,1.0,7,2239,267,2238,1,2371,281,10
44,batter,21947,77248,confirmed_global_exact,역할별 전역 exact 양방향 확정,77248,77248:1009rows/100games,1,1,1009,100,1009,100,1.0,6,1841,177,1841,0,2030,198,7
45,batter,21968,77564,confirmed_global_exact,역할별 전역 exact 양방향 확정,77564,77564:4258rows/320games,1,1,4258,320,4258,320,1.0,10,6534,488,6531,3,7294,539,11
46,batter,21980,77463,confirmed_global_exact,역할별 전역 exact 양방향 확정,77463,77463:762rows/75games,1,1,762,75,762,75,1.0,3,1270,120,1270,0,1381,130,3
47,batter,21990,78548,confirmed_global_exact,역할별 전역 exact 양방향 확정,78548,78548:5937rows/420games,1,1,5937,420,5937,420,1.0,6,9895,699,9890,5,10729,752,6
48,batter,21992,78513,confirmed_global_exact,역할별 전역 exact 양방향 확정,78513,78513:6852rows/443games,1,1,6852,443,6852,443,1.0,6,11458,728,11457,1,12609,796,7
49,batter,21996,78135,confirmed_global_exact,역할별 전역 exact 양방향 확정,78135,78135:4163rows/296games,1,1,4163,296,4163,296,1.0,11,6543,464,6543,0,7234,507,11
50,batter,21999,78122,confirmed_global_exact,역할별 전역 exact 양방향 확정,78122,78122:2158rows/223games,1,1,2158,223,2158,223,1.0,7,3442,356,3442,0,4559,469,8
51,batter,22002,60100,confirmed_global_exact,역할별 전역 exact 양방향 확정,60100,60100:204rows/18games,1,1,204,18,204,18,1.0,2,257,21,257,0,303,25,2
52,batter,22006,78813,confirmed_global_exact,역할별 전역 exact 양방향 확정,78813,78813:1114rows/94games,1,1,1114,94,1114,94,1.0,4,1789,147,1787,2,1972,166,4
53,batter,22013,78224,confirmed_global_exact,역할별 전역 exact 양방향 확정,78224,78224:7469rows/480games,1,1,7469,480,7469,480,1.0,6,11824,744,11821,3,12955,808,6
54,batter,22016,78217,confirmed_global_exact,역할별 전역 exact 양방향 확정,78217,78217:731rows/97games,1,1,731,97,731,97,1.0,4,1154,154,1154,0,1259,170,4
55,batter,22021,78629,confirmed_global_exact,역할별 전역 exact 양방향 확정,78629,78629:1222rows/82games,1,1,1222,82,1222,82,1.0,3,1648,113,1648,0,3314,226,5
56,batter,22025,78643,confirmed_global_exact,역할별 전역 exact 양방향 확정,78643,78643:566rows/51games,1,1,566,51,566,51,1.0,6,805,81,805,0,1235,124,8
57,batter,22026,78603,confirmed_global_exact,역할별 전역 exact 양방향 확정,78603,78603:3672rows/232games,1,1,3672,232,3672,232,1.0,6,5454,346,5454,0,11099,709,6
58,batter,22038,78756,confirmed_global_exact,역할별 전역 exact 양방향 확정,78756,78756:2828rows/241games,1,1,2828,241,2828,241,1.0,9,4568,368,4567,1,5095,408,9
59,batter,22064,78566,confirmed_global_exact,역할별 전역 exact 양방향 확정,78566,78566:48rows/3games,1,1,48,3,48,3,1.0,2,81,7,78,3,95,8,2
60,batter,22066,77532,confirmed_global_exact,역할별 전역 exact 양방향 확정,77532,77532:7587rows/465games,1,1,7587,465,7587,465,1.0,6,11811,720,11811,0,12781,775,6
61,batter,22101,79198,confirmed_global_exact,역할별 전역 exact 양방향 확정,79198,79198:125rows/33games,1,1,125,33,125,33,1.0,1,179,47,179,0,209,51,1
62,batter,22102,79192,confirmed_global_exact,역할별 전역 exact 양방향 확정,79192,79192:7204rows/465games,1,1,7204,465,7204,465,1.0,8,10680,686,10678,2,11662,747,9
63,batter,22103,79109,confirmed_global_exact,역할별 전역 exact 양방향 확정,79109,79109:7939rows/489games,1,1,7939,489,7939,489,1.0,6,11902,725,11902,0,12887,782,9
64,batter,22104,79113,confirmed_global_exact,역할별 전역 exact 양방향 확정,79113,79113:125rows/13games,1,1,125,13,125,13,1.0,3,186,17,186,0,319,33,4
65,batter,22106,79150,confirmed_global_exact,역할별 전역 exact 양방향 확정,79150,79150:2802rows/253games,1,1,2802,253,2802,253,1.0,7,4707,417,4706,1,5372,477,8
66,batter,22109,79608,confirmed_global_exact,역할별 전역 exact 양방향 확정,79608,79608:5963rows/387games,1,1,5963,387,5963,387,1.0,6,9720,624,9717,3,11347,728,6
67,batter,22126,79240,confirmed_global_exact,역할별 전역 exact 양방향 확정,79240,79240:6283rows/435games,1,1,6283,435,6283,435,1.0,7,9919,673,9919,0,10967,736,7
68,batter,22127,79215,confirmed_global_exact,역할별 전역 exact 양방향 확정,79215,79215:6567rows/415games,1,1,6567,415,6567,415,1.0,7,10400,659,10400,0,11253,712,7
69,batter,22130,79231,confirmed_global_exact,역할별 전역 exact 양방향 확정,79231,79231:7240rows/450games,1,1,7240,450,7240,450,1.0,6,11090,690,11090,0,12230,754,6
70,batter,22132,79234,confirmed_global_exact,역할별 전역 exact 양방향 확정,79234,79234:38rows/6games,1,1,38,6,38,6,1.0,2,76,10,76,0,76,10,2
71,batter,22133,79402,confirmed_global_exact,역할별 전역 exact 양방향 확정,79402,79402:6311rows/404games,1,1,6311,404,6311,404,1.0,8,10033,639,10033,0,10936,693,8
72,batter,22137,79465,confirmed_global_exact,역할별 전역 exact 양방향 확정,79465,79465:166rows/15games,1,1,166,15,166,15,1.0,2,299,27,299,0,394,34,2
73,batter,22144,79334,confirmed_global_exact,역할별 전역 exact 양방향 확정,79334,79334:1166rows/75games,1,1,1166,75,1166,75,1.0,3,1550,105,1550,0,1821,125,3
74,batter,22146,79365,confirmed_global_exact,역할별 전역 exact 양방향 확정,79365,79365:5860rows/410games,1,1,5860,410,5860,410,1.0,7,9007,629,9007,0,10524,733,9
75,batter,22148,79300,confirmed_global_exact,역할별 전역 exact 양방향 확정,79300,79300:95rows/16games,1,1,95,16,95,16,1.0,2,210,32,210,0,217,34,2
76,batter,22160,79705,confirmed_global_exact,역할별 전역 exact 양방향 확정,79705,79705:507rows/49games,1,1,507,49,507,49,1.0,4,715,72,715,0,724,73,4
77,batter,22182,79456,confirmed_global_exact,역할별 전역 exact 양방향 확정,79456,79456:3996rows/375games,1,1,3996,375,3996,375,1.0,7,6297,597,6294,3,6824,643,7
78,batter,22208,,conflict_reverse_multiple_train_ids,Trackman ID가 복수 Train 선수로 역매핑,60343,60343:593rows/73games,1,2,593,73,593,73,1.0,7,910,107,0,0,991,116,8
79,batter,22221,60648,confirmed_global_exact,역할별 전역 exact 양방향 확정,60648,60648:31rows/2games,1,1,31,2,31,2,1.0,1,68,5,68,0,117,12,2
80,batter,22225,60605,confirmed_global_exact,역할별 전역 exact 양방향 확정,60605,60605:56rows/7games,1,1,56,7,56,7,1.0,2,97,10,97,0,123,14,2
81,batter,22238,60805,confirmed_global_exact,역할별 전역 exact 양방향 확정,60805,60805:27rows/2games,1,1,27,2,27,2,1.0,1,59,5,59,0,86,7,2
82,batter,22245,60558,confirmed_global_exact,역할별 전역 exact 양방향 확정,60558,60558:3527rows/322games,1,1,3527,322,3527,322,1.0,7,6108,544,6107,1,6675,585,7
83,batter,22258,60184,confirmed_global_exact,역할별 전역 exact 양방향 확정,60184,60184:51rows/6games,1,1,51,6,51,6,1.0,3,119,14,119,0,123,14,3
84,batter,22269,60523,confirmed_global_exact,역할별 전역 exact 양방향 확정,60523,60523:5017rows/338games,1,1,5017,338,5017,338,1.0,8,8293,555,8288,5,9004,598,8
85,batter,22281,61114,confirmed_global_exact,역할별 전역 exact 양방향 확정,61114,61114:216rows/20games,1,1,216,20,216,20,1.0,2,539,42,539,0,877,67,2
86,batter,22283,61102,confirmed_global_exact,역할별 전역 exact 양방향 확정,61102,61102:5515rows/426games,1,1,5515,426,5515,426,1.0,7,8565,651,8559,6,9315,709,8
87,batter,22284,61104,confirmed_global_exact,역할별 전역 exact 양방향 확정,61104,61104:15rows/3games,1,1,15,3,15,3,1.0,1,94,13,94,0,114,15,2
88,batter,22287,61186,confirmed_global_exact,역할별 전역 exact 양방향 확정,61186,61186:3159rows/220games,1,1,3159,220,3159,220,1.0,8,4888,343,4887,1,5462,379,8
89,batter,22288,61197,confirmed_global_exact,역할별 전역 exact 양방향 확정,61197,61197:1145rows/121games,1,1,1145,121,1145,121,1.0,5,1908,191,1907,1,2126,213,5
90,batter,22315,61404,confirmed_global_exact,역할별 전역 exact 양방향 확정,61404,61404:3837rows/289games,1,1,3837,289,3837,289,1.0,8,6125,456,6125,0,6619,489,8
91,batter,22322,61360,confirmed_global_exact,역할별 전역 exact 양방향 확정,61360,61360:20rows/1games,1,1,20,1,20,1,1.0,1,47,3,47,0,47,3,1
92,batter,22323,61353,confirmed_global_exact,역할별 전역 exact 양방향 확정,61353,61353:2715rows/235games,1,1,2715,235,2715,235,1.0,6,4353,381,4351,2,5391,509,9
93,batter,22332,61700,confirmed_global_exact,역할별 전역 exact 양방향 확정,61700,61700:1003rows/92games,1,1,1003,92,1003,92,1.0,4,1541,138,1541,0,1778,158,6
94,batter,22333,61743,confirmed_global_exact,역할별 전역 exact 양방향 확정,61743,61743:600rows/73games,1,1,600,73,600,73,1.0,7,1182,135,1181,1,1353,151,9
95,batter,22344,61204,confirmed_global_exact,역할별 전역 exact 양방향 확정,61204,61204:372rows/48games,1,1,372,48,372,48,1.0,2,517,70,517,0,571,77,3
96,batter,22345,61208,confirmed_global_exact,역할별 전역 exact 양방향 확정,61208,61208:1310rows/114games,1,1,1310,114,1310,114,1.0,3,2156,183,2156,0,2348,200,4
97,batter,22353,61566,confirmed_global_exact,역할별 전역 exact 양방향 확정,61566,61566:660rows/73games,1,1,660,73,660,73,1.0,3,925,104,922,3,1019,118,3
98,batter,22374,62164,confirmed_global_exact,역할별 전역 exact 양방향 확정,62164,62164:322rows/28games,1,1,322,28,322,28,1.0,2,568,46,568,0,680,54,2
99,batter,22379,62700,confirmed_global_exact,역할별 전역 exact 양방향 확정,62700,62700:3131rows/235games,1,1,3131,235,3131,235,1.0,7,5402,385,5401,1,5928,421,7
100,batter,22382,62797,confirmed_global_exact,역할별 전역 exact 양방향 확정,62797,62797:433rows/42games,1,1,433,42,433,42,1.0,4,671,64,671,0,754,71,4
101,batter,22392,62353,confirmed_global_exact,역할별 전역 exact 양방향 확정,62353,62353:405rows/49games,1,1,405,49,405,49,1.0,3,596,75,596,0,680,85,5
102,batter,22394,62356,confirmed_global_exact,역할별 전역 exact 양방향 확정,62356,62356:907rows/80games,1,1,907,80,907,80,1.0,3,1261,117,1261,0,1467,133,3
103,batter,22396,62332,confirmed_global_exact,역할별 전역 exact 양방향 확정,62332,62332:1071rows/104games,1,1,1071,104,1071,104,1.0,7,1654,176,1653,1,1848,197,9
104,batter,22410,62404,confirmed_global_exact,역할별 전역 exact 양방향 확정,62404,62404:6961rows/422games,1,1,6961,422,6961,422,1.0,7,11112,664,11112,0,12304,730,7
105,batter,22416,62468,confirmed_global_exact,역할별 전역 exact 양방향 확정,62468,62468:37rows/2games,1,1,37,2,37,2,1.0,1,37,2,37,0,55,4,1
106,batter,22420,62556,confirmed_global_exact,역할별 전역 exact 양방향 확정,62556,62556:2427rows/225games,1,1,2427,225,2427,225,1.0,7,3900,371,3898,2,4281,405,8
107,batter,22424,62558,confirmed_global_exact,역할별 전역 exact 양방향 확정,62558,62558:2491rows/214games,1,1,2491,214,2491,214,1.0,9,4180,372,4178,2,4460,398,9
108,batter,22425,,unanchored_no_exact_evidence,exact 선수 매핑 근거 없음,,,0,0,0,0,0,0,,0,16,2,0,0,16,2,1
109,batter,22429,62234,confirmed_global_exact,역할별 전역 exact 양방향 확정,62234,62234:3401rows/246games,1,1,3401,246,3401,246,1.0,8,5333,381,5332,1,7713,552,8
110,batter,22430,62244,confirmed_global_exact,역할별 전역 exact 양방향 확정,62244,62244:4767rows/391games,1,1,4767,391,4767,391,1.0,6,7294,579,7290,4,7898,625,6
111,batter,22432,62265,confirmed_global_exact,역할별 전역 exact 양방향 확정,62265,62265:1097rows/80games,1,1,1097,80,1097,80,1.0,4,1476,104,1476,0,2924,214,4
112,batter,22435,,unanchored_no_exact_evidence,exact 선수 매핑 근거 없음,,,0,0,0,0,0,0,,0,0,0,0,0,5,1,1
113,batter,22436,62864,confirmed_global_exact,역할별 전역 exact 양방향 확정,62864,62864:2421rows/207games,1,1,2421,207,2421,207,1.0,8,3742,319,3742,0,5539,463,8
114,batter,22439,62893,confirmed_global_exact,역할별 전역 exact 양방향 확정,62893,62893:53rows/7games,1,1,53,7,53,7,1.0,3,76,9,76,0,217,27,6
115,batter,22442,62884,confirmed_global_exact,역할별 전역 exact 양방향 확정,62884,62884:1429rows/127games,1,1,1429,127,1429,127,1.0,9,2532,222,2532,0,2758,242,11
116,batter,22443,62895,confirmed_global_exact,역할별 전역 exact 양방향 확정,62895,62895:6071rows/383games,1,1,6071,383,6071,383,1.0,6,10246,649,10246,0,11053,697,8
117,batter,22454,76368,confirmed_global_exact,역할별 전역 exact 양방향 확정,76368,76368:96rows/13games,1,1,96,13,96,13,1.0,2,173,21,173,0,245,35,2
118,batter,22455,,conflict_multiple_trackman_ids,한 Train 선수에 복수 Trackman ID,78288,78288:5875rows/423games;60343:7rows/1games;75808:3rows/1games,3,1,5875,423,5885,423,0.9983007646559049,7,9384,655,0,0,10327,715,7
119,batter,22460,77654,confirmed_global_exact,역할별 전역 exact 양방향 확정,77654,77654:94rows/11games,1,1,94,11,94,11,1.0,2,182,20,182,0,195,22,2
120,batter,22468,63123,confirmed_global_exact,역할별 전역 exact 양방향 확정,63123,63123:4323rows/311games,1,1,4323,311,4323,311,1.0,5,6453,464,6447,6,7124,504,7
121,batter,22499,63339,confirmed_global_exact,역할별 전역 exact 양방향 확정,63339,63339:9rows/2games,1,1,9,2,9,2,1.0,1,43,6,43,0,70,10,2
122,batter,22500,78168,confirmed_global_exact,역할별 전역 exact 양방향 확정,78168,78168:4958rows/328games,1,1,4958,328,4958,328,1.0,10,8402,543,8401,1,9838,646,11
123,batter,22502,,conflict_multiple_trackman_ids,한 Train 선수에 복수 Trackman ID,78361,78361:926rows/105games;50108:6rows/1games,2,1,926,105,932,105,0.9935622317596566,7,1835,201,0,0,2434,249,7
124,batter,22514,79290,confirmed_global_exact,역할별 전역 exact 양방향 확정,79290,79290:365rows/42games,1,1,365,42,365,42,1.0,6,665,74,665,0,729,81,8
125,batter,22521,63202,confirmed_global_exact,역할별 전역 exact 양방향 확정,63202,63202:1286rows/147games,1,1,1286,147,1286,147,1.0,7,2091,230,2085,6,2241,245,9
126,batter,22522,63257,confirmed_global_exact,역할별 전역 exact 양방향 확정,63257,63257:2228rows/203games,1,1,2228,203,2228,203,1.0,8,3901,344,3901,0,4311,374,9
127,batter,22523,63260,confirmed_global_exact,역할별 전역 exact 양방향 확정,63260,63260:1756rows/145games,1,1,1756,145,1756,145,1.0,9,2676,213,2674,2,5337,432,10
128,batter,22542,63722,confirmed_global_exact,역할별 전역 exact 양방향 확정,63722,63722:1409rows/114games,1,1,1409,114,1409,114,1.0,6,2096,168,2096,0,4186,345,7
129,batter,22553,63634,confirmed_global_exact,역할별 전역 exact 양방향 확정,63634,63634:286rows/32games,1,1,286,32,286,32,1.0,5,586,67,586,0,627,71,5
130,batter,22571,62409,confirmed_global_exact,역할별 전역 exact 양방향 확정,62409,62409:403rows/37games,1,1,403,37,403,37,1.0,3,586,58,586,0,633,63,3
131,batter,22574,63435,confirmed_global_exact,역할별 전역 exact 양방향 확정,63435,63435:163rows/20games,1,1,163,20,163,20,1.0,4,338,37,338,0,340,38,7
132,batter,22576,63450,confirmed_global_exact,역할별 전역 exact 양방향 확정,63450,63450:625rows/68games,1,1,625,68,625,68,1.0,5,1222,131,1222,0,1322,140,7
133,batter,22605,62931,confirmed_global_exact,역할별 전역 exact 양방향 확정,62931,62931:4909rows/349games,1,1,4909,349,4909,349,1.0,7,8296,586,8296,0,8987,631,7
134,batter,22606,62907,confirmed_global_exact,역할별 전역 exact 양방향 확정,62907,62907:6411rows/391games,1,1,6411,391,6411,391,1.0,6,9909,601,9908,1,10659,643,6
135,batter,22607,62925,confirmed_global_exact,역할별 전역 exact 양방향 확정,62925,62925:2607rows/216games,1,1,2607,216,2607,216,1.0,10,4525,379,4517,8,4948,409,11
136,batter,22610,62947,confirmed_global_exact,역할별 전역 exact 양방향 확정,62947,62947:4131rows/252games,1,1,4131,252,4131,252,1.0,6,6966,417,6966,0,10043,601,6
137,batter,22611,62921,confirmed_global_exact,역할별 전역 exact 양방향 확정,62921,62921:31rows/3games,1,1,31,3,31,3,1.0,1,31,3,31,0,31,3,1
138,batter,22612,,conflict_multiple_trackman_ids,한 Train 선수에 복수 Trackman ID,62934,62934:3006rows/250games;63963:2rows/1games,2,1,3006,250,3008,250,0.9993351063829787,5,4348,358,0,0,4683,383,5
139,batter,22613,62917,confirmed_global_exact,역할별 전역 exact 양방향 확정,62917,62917:287rows/20games,1,1,287,20,287,20,1.0,1,478,38,478,0,851,65,1
140,batter,22621,63960,confirmed_global_exact,역할별 전역 exact 양방향 확정,63960,63960:3rows/1games,1,1,3,1,3,1,1.0,1,3,1,3,0,3,1,1
141,batter,22626,60566,confirmed_global_exact,역할별 전역 exact 양방향 확정,60566,60566:1119rows/157games,1,1,1119,157,1119,157,1.0,7,2156,269,2154,2,2428,300,7
142,batter,22628,63905,confirmed_global_exact,역할별 전역 exact 양방향 확정,63905,63905:1180rows/120games,1,1,1180,120,1180,120,1.0,6,1739,178,1739,0,1883,194,7
143,batter,22629,63903,confirmed_global_exact,역할별 전역 exact 양방향 확정,63903,63903:108rows/9games,1,1,108,9,108,9,1.0,3,124,10,124,0,130,12,4
144,batter,22632,,conflict_reverse_multiple_train_ids,Trackman ID가 복수 Train 선수로 역매핑,63963,63963:5944rows/360games,1,2,5944,360,5944,360,1.0,6,9066,551,0,0,9576,583,6
145,batter,22660,62415,confirmed_global_exact,역할별 전역 exact 양방향 확정,62415,62415:8419rows/512games,1,1,8419,512,8419,512,1.0,6,12949,771,12949,0,13928,831,7
146,batter,22664,,conflict_reverse_multiple_train_ids,Trackman ID가 복수 Train 선수로 역매핑,64610,64610:1924rows/163games,1,2,1924,163,1924,163,1.0,7,3216,273,0,0,3648,302,8
147,batter,22671,64300,confirmed_global_exact,역할별 전역 exact 양방향 확정,64300,64300:2779rows/165games,1,1,2779,165,2779,165,1.0,2,4202,252,4202,0,4650,277,2
148,batter,22674,63920,confirmed_global_exact,역할별 전역 exact 양방향 확정,63920,63920:2073rows/122games,1,1,2073,122,2073,122,1.0,8,3205,198,3203,2,3496,213,8
149,batter,22679,64499,confirmed_global_exact,역할별 전역 exact 양방향 확정,64499,64499:158rows/22games,1,1,158,22,158,22,1.0,5,306,37,306,0,361,41,6
150,batter,22682,61554,confirmed_global_exact,역할별 전역 exact 양방향 확정,61554,61554:823rows/70games,1,1,823,70,823,70,1.0,6,1479,124,1474,5,1685,143,6
151,batter,22683,61366,confirmed_global_exact,역할별 전역 exact 양방향 확정,61366,61366:44rows/4games,1,1,44,4,44,4,1.0,1,126,10,126,0,186,13,1
152,batter,22684,64706,confirmed_global_exact,역할별 전역 exact 양방향 확정,64706,64706:43rows/6games,1,1,43,6,43,6,1.0,2,117,14,117,0,178,19,2
153,batter,22690,64560,confirmed_global_exact,역할별 전역 exact 양방향 확정,64560,64560:2513rows/173games,1,1,2513,173,2513,173,1.0,6,3667,257,3665,2,7167,518,7
154,batter,22693,64153,confirmed_global_exact,역할별 전역 exact 양방향 확정,64153,64153:5556rows/352games,1,1,5556,352,5556,352,1.0,6,8416,518,8408,8,9246,566,6
155,batter,22695,65132,confirmed_global_exact,역할별 전역 exact 양방향 확정,65132,65132:1408rows/121games,1,1,1408,121,1408,121,1.0,10,2374,211,2374,0,3093,263,10
156,batter,22696,65136,confirmed_global_exact,역할별 전역 exact 양방향 확정,65136,65136:476rows/37games,1,1,476,37,476,37,1.0,3,1088,84,1088,0,1630,127,3
157,batter,22697,65115,confirmed_global_exact,역할별 전역 exact 양방향 확정,65115,65115:800rows/72games,1,1,800,72,800,72,1.0,8,2104,173,2104,0,2640,210,8
158,batter,22709,64717,confirmed_global_exact,역할별 전역 exact 양방향 확정,64717,64717:1098rows/105games,1,1,1098,105,1098,105,1.0,5,2047,194,2047,0,2206,208,9
159,batter,22716,64944,confirmed_global_exact,역할별 전역 exact 양방향 확정,64944,64944:510rows/54games,1,1,510,54,510,54,1.0,6,989,108,978,11,1042,113,7
160,batter,22719,64346,confirmed_global_exact,역할별 전역 exact 양방향 확정,64346,64346:1977rows/151games,1,1,1977,151,1977,151,1.0,6,2784,221,2783,1,3014,238,7
161,batter,22720,64001,confirmed_global_exact,역할별 전역 exact 양방향 확정,64001,64001:6rows/1games,1,1,6,1,6,1,1.0,1,6,1,6,0,6,1,1
162,batter,22725,64006,confirmed_global_exact,역할별 전역 exact 양방향 확정,64006,64006:4752rows/329games,1,1,4752,329,4752,329,1.0,6,7940,555,7940,0,8648,598,7
163,batter,22727,64004,confirmed_global_exact,역할별 전역 exact 양방향 확정,64004,64004:4659rows/366games,1,1,4659,366,4659,366,1.0,6,7708,614,7708,0,8255,655,6
164,batter,22728,64012,confirmed_global_exact,역할별 전역 exact 양방향 확정,64012,64012:680rows/136games,1,1,680,136,680,136,1.0,6,1121,217,1121,0,1195,231,7
165,batter,22732,64007,confirmed_global_exact,역할별 전역 exact 양방향 확정,64007,64007:2645rows/239games,1,1,2645,239,2645,239,1.0,9,4309,392,4309,0,4546,417,10
166,batter,22733,63088,confirmed_global_exact,역할별 전역 exact 양방향 확정,63088,63088:99rows/13games,1,1,99,13,99,13,1.0,2,134,19,134,0,147,20,2
167,batter,22735,,unanchored_no_exact_evidence,exact 선수 매핑 근거 없음,,,0,0,0,0,0,0,,0,6,1,0,0,6,1,1
168,batter,22736,65357,confirmed_global_exact,역할별 전역 exact 양방향 확정,65357,65357:4605rows/306games,1,1,4605,306,4605,306,1.0,5,7704,504,7703,1,8397,551,6
169,batter,22737,64117,confirmed_global_exact,역할별 전역 exact 양방향 확정,64117,64117:225rows/22games,1,1,225,22,225,22,1.0,1,387,42,387,0,676,67,1
170,batter,22739,64504,confirmed_global_exact,역할별 전역 exact 양방향 확정,64504,64504:2838rows/249games,1,1,2838,249,2838,249,1.0,8,5125,430,5121,4,5519,463,10
171,batter,22743,,unanchored_no_exact_evidence,exact 선수 매핑 근거 없음,,,0,0,0,0,0,0,,0,4,1,0,0,4,1,1
172,batter,22745,63448,confirmed_global_exact,역할별 전역 exact 양방향 확정,63448,63448:103rows/13games,1,1,103,13,103,13,1.0,4,193,23,193,0,298,32,6
173,batter,22748,64086,confirmed_global_exact,역할별 전역 exact 양방향 확정,64086,64086:433rows/44games,1,1,433,44,433,44,1.0,8,918,85,916,2,1023,97,10
174,batter,22749,65653,confirmed_global_exact,역할별 전역 exact 양방향 확정,65653,65653:781rows/69games,1,1,781,69,781,69,1.0,5,1089,97,1089,0,2488,216,6
175,batter,22756,64468,confirmed_global_exact,역할별 전역 exact 양방향 확정,64468,64468:2926rows/231games,1,1,2926,231,2926,231,1.0,7,4324,340,4317,7,4688,371,9
176,batter,22758,64493,confirmed_global_exact,역할별 전역 exact 양방향 확정,64493,64493:76rows/6games,1,1,76,6,76,6,1.0,3,111,10,111,0,111,10,3
177,batter,22760,,unanchored_no_exact_evidence,exact 선수 매핑 근거 없음,,,0,0,0,0,0,0,,0,9,2,0,0,9,2,1
178,batter,22762,79364,confirmed_global_exact,역할별 전역 exact 양방향 확정,79364,79364:55rows/6games,1,1,55,6,55,6,1.0,2,120,16,120,0,146,17,2
179,batter,22763,62908,confirmed_global_exact,역할별 전역 exact 양방향 확정,62908,62908:345rows/37games,1,1,345,37,345,37,1.0,4,464,46,464,0,815,79,5
180,batter,22766,64890,confirmed_global_exact,역할별 전역 exact 양방향 확정,64890,64890:222rows/21games,1,1,222,21,222,21,1.0,4,491,41,491,0,563,46,5
181,batter,22767,64895,confirmed_global_exact,역할별 전역 exact 양방향 확정,64895,64895:36rows/2games,1,1,36,2,36,2,1.0,1,170,14,170,0,195,17,1
182,batter,22768,63704,confirmed_global_exact,역할별 전역 exact 양방향 확정,63704,63704:3268rows/223games,1,1,3268,223,3268,223,1.0,7,5232,363,5230,2,5664,395,8
183,batter,22771,64115,confirmed_global_exact,역할별 전역 exact 양방향 확정,64115,64115:1030rows/108games,1,1,1030,108,1030,108,1.0,9,2301,214,2301,0,2640,239,9
184,batter,22773,65120,confirmed_global_exact,역할별 전역 exact 양방향 확정,65120,65120:160rows/15games,1,1,160,15,160,15,1.0,2,518,45,518,0,679,62,2
185,batter,22774,63360,confirmed_global_exact,역할별 전역 exact 양방향 확정,63360,63360:169rows/17games,1,1,169,17,169,17,1.0,1,309,31,305,4,490,47,1
186,batter,22775,65399,confirmed_global_exact,역할별 전역 exact 양방향 확정,65399,65399:1072rows/88games,1,1,1072,88,1072,88,1.0,4,1955,160,1955,0,2192,179,6
187,batter,22777,65040,confirmed_global_exact,역할별 전역 exact 양방향 확정,65040,65040:324rows/41games,1,1,324,41,324,41,1.0,9,649,75,648,1,749,86,10
188,batter,22779,64166,confirmed_global_exact,역할별 전역 exact 양방향 확정,64166,64166:5986rows/384games,1,1,5986,384,5986,384,1.0,6,10159,638,10156,3,10947,682,7
189,batter,22781,65506,confirmed_global_exact,역할별 전역 exact 양방향 확정,65506,65506:748rows/73games,1,1,748,73,748,73,1.0,2,1221,122,1221,0,1335,132,4
190,batter,22800,64164,confirmed_global_exact,역할별 전역 exact 양방향 확정,64164,64164:323rows/26games,1,1,323,26,323,26,1.0,3,731,61,731,0,1136,90,3
191,batter,22807,,conflict_multiple_trackman_ids,한 Train 선수에 복수 Trackman ID,65157,65157:579rows/43games;54815:2rows/1games;66113:1rows/1games,3,1,579,43,582,44,0.9948453608247423,6,1972,149,0,0,2418,188,7
192,batter,22808,64101,confirmed_global_exact,역할별 전역 exact 양방향 확정,64101,64101:1594rows/124games,1,1,1594,124,1594,124,1.0,10,3405,264,3405,0,4472,342,11
193,batter,22809,,conflict_reverse_multiple_train_ids,Trackman ID가 복수 Train 선수로 역매핑,66112,66112:1076rows/111games,1,2,1076,111,1076,111,1.0,6,1998,201,0,0,2426,234,6
194,batter,22811,,conflict_reverse_multiple_train_ids,Trackman ID가 복수 Train 선수로 역매핑,66113,66113:948rows/90games,1,2,948,90,948,90,1.0,7,2604,224,0,0,3428,285,7
195,batter,22813,66109,confirmed_global_exact,역할별 전역 exact 양방향 확정,66109,66109:211rows/21games,1,1,211,21,211,21,1.0,2,675,62,675,0,856,78,3
196,batter,22816,66108,confirmed_global_exact,역할별 전역 exact 양방향 확정,66108,66108:8129rows/455games,1,1,8129,455,8129,455,1.0,9,12374,682,12374,0,13664,751,9
197,batter,22817,64100,confirmed_global_exact,역할별 전역 exact 양방향 확정,64100,64100:219rows/33games,1,1,219,33,219,33,1.0,5,789,99,789,0,1025,124,6
198,batter,22819,66162,confirmed_global_exact,역할별 전역 exact 양방향 확정,66162,66162:1054rows/80games,1,1,1054,80,1054,80,1.0,8,3074,228,3062,12,3784,280,8
199,batter,22822,64260,confirmed_global_exact,역할별 전역 exact 양방향 확정,64260,64260:358rows/45games,1,1,358,45,358,45,1.0,5,669,80,669,0,712,84,6
200,batter,22830,66203,confirmed_global_exact,역할별 전역 exact 양방향 확정,66203,66203:295rows/47games,1,1,295,47,295,47,1.0,8,634,85,634,0,907,100,13
201,batter,22831,65207,confirmed_global_exact,역할별 전역 exact 양방향 확정,65207,65207:2748rows/217games,1,1,2748,217,2748,217,1.0,9,4892,381,4889,3,5688,434,10
202,batter,22839,66209,confirmed_global_exact,역할별 전역 exact 양방향 확정,66209,66209:2050rows/221games,1,1,2050,221,2050,221,1.0,6,3200,333,3195,5,3551,364,6
203,batter,22841,64213,confirmed_global_exact,역할별 전역 exact 양방향 확정,64213,64213:348rows/52games,1,1,348,52,348,52,1.0,6,752,109,752,0,856,119,7
204,batter,22847,,unanchored_no_exact_evidence,exact 선수 매핑 근거 없음,,,0,0,0,0,0,0,,0,12,3,0,0,28,6,1
205,batter,22852,65304,confirmed_global_exact,역할별 전역 exact 양방향 확정,65304,65304:158rows/13games,1,1,158,13,158,13,1.0,6,295,27,289,6,478,39,6
206,batter,22853,65898,confirmed_global_exact,역할별 전역 exact 양방향 확정,65898,65898:1854rows/147games,1,1,1854,147,1854,147,1.0,9,3363,258,3361,2,3573,277,10
207,batter,22857,,unanchored_no_exact_evidence,exact 선수 매핑 근거 없음,,,0,0,0,0,0,0,,0,29,3,0,0,42,5,1
208,batter,22872,65362,confirmed_global_exact,역할별 전역 exact 양방향 확정,65362,65362:475rows/33games,1,1,475,33,475,33,1.0,3,1184,80,1184,0,1416,95,5
209,batter,22882,64340,confirmed_global_exact,역할별 전역 exact 양방향 확정,64340,64340:1247rows/98games,1,1,1247,98,1247,98,1.0,9,2139,170,2139,0,2734,209,12
210,batter,22886,66354,confirmed_global_exact,역할별 전역 exact 양방향 확정,66354,66354:298rows/43games,1,1,298,43,298,43,1.0,4,590,75,590,0,804,95,6
211,batter,22893,65514,confirmed_global_exact,역할별 전역 exact 양방향 확정,65514,65514:250rows/27games,1,1,250,27,250,27,1.0,6,411,46,411,0,456,54,7
212,batter,22900,65503,confirmed_global_exact,역할별 전역 exact 양방향 확정,65503,65503:235rows/20games,1,1,235,20,235,20,1.0,4,376,31,376,0,379,31,4
213,batter,22901,,conflict_multiple_trackman_ids,한 Train 선수에 복수 Trackman ID,61591,61591:13rows/1games;65522:11rows/2games,2,2,13,1,24,3,0.5416666666666666,1,45,7,0,0,45,7,2
214,batter,22902,66508,confirmed_global_exact,역할별 전역 exact 양방향 확정,66508,66508:114rows/11games,1,1,114,11,114,11,1.0,1,206,22,206,0,206,22,1
215,batter,22921,,unanchored_no_exact_evidence,exact 선수 매핑 근거 없음,,,0,0,0,0,0,0,,0,15,1,0,0,20,2,1
216,batter,22924,,unanchored_no_exact_evidence,exact 선수 매핑 근거 없음,,,0,0,0,0,0,0,,0,6,1,0,0,21,2,1
217,batter,22928,66614,confirmed_global_exact,역할별 전역 exact 양방향 확정,66614,66614:639rows/66games,1,1,639,66,639,66,1.0,5,940,103,940,0,1891,205,5
218,batter,22934,66615,confirmed_global_exact,역할별 전역 exact 양방향 확정,66615,66615:241rows/21games,1,1,241,21,241,21,1.0,2,448,37,448,0,805,70,4
219,batter,22943,66662,confirmed_global_exact,역할별 전역 exact 양방향 확정,66662,66662:408rows/37games,1,1,408,37,408,37,1.0,6,623,57,623,0,1007,100,8
220,batter,22950,66657,confirmed_global_exact,역할별 전역 exact 양방향 확정,66657,66657:2064rows/145games,1,1,2064,145,2064,145,1.0,9,3507,240,3506,1,3950,276,11
221,batter,22956,66606,confirmed_global_exact,역할별 전역 exact 양방향 확정,66606,66606:2904rows/177games,1,1,2904,177,2904,177,1.0,5,4364,266,4364,0,8468,528,8
222,batter,22959,,conflict_reverse_multiple_train_ids,Trackman ID가 복수 Train 선수로 역매핑,66710,66710:171rows/17games,1,2,171,17,171,17,1.0,3,425,39,0,0,429,39,4
223,batter,22963,66715,confirmed_global_exact,역할별 전역 exact 양방향 확정,66715,66715:2472rows/182games,1,1,2472,182,2472,182,1.0,8,4040,304,4040,0,4363,331,9
224,batter,22969,66707,confirmed_global_exact,역할별 전역 exact 양방향 확정,66707,66707:1000rows/112games,1,1,1000,112,1000,112,1.0,8,1670,182,1668,2,1833,196,11
225,batter,22970,65705,confirmed_global_exact,역할별 전역 exact 양방향 확정,65705,65705:33rows/5games,1,1,33,5,33,5,1.0,1,90,12,89,1,96,12,2
226,batter,22985,65703,confirmed_global_exact,역할별 전역 exact 양방향 확정,65703,65703:2064rows/195games,1,1,2064,195,2064,195,1.0,8,3300,311,3300,0,3644,338,9
227,batter,22986,,conflict_multiple_trackman_ids,한 Train 선수에 복수 Trackman ID,66702,66702:524rows/64games;66710:3rows/1games,2,1,524,64,527,65,0.9943074003795066,7,747,93,0,0,810,101,9
228,batter,22995,66716,confirmed_global_exact,역할별 전역 exact 양방향 확정,66716,66716:21rows/2games,1,1,21,2,21,2,1.0,1,71,5,71,0,71,5,1
229,batter,23000,65412,confirmed_global_exact,역할별 전역 exact 양방향 확정,65412,65412:38rows/6games,1,1,38,6,38,6,1.0,4,78,9,78,0,99,12,7
230,batter,23001,65462,confirmed_global_exact,역할별 전역 exact 양방향 확정,65462,65462:648rows/57games,1,1,648,57,648,57,1.0,5,1081,95,1081,0,1166,104,6
231,batter,23004,66462,confirmed_global_exact,역할별 전역 exact 양방향 확정,66462,66462:202rows/26games,1,1,202,26,202,26,1.0,1,283,40,279,4,308,46,1
232,batter,23008,66410,confirmed_global_exact,역할별 전역 exact 양방향 확정,66410,66410:3rows/1games,1,1,3,1,3,1,1.0,1,26,2,26,0,26,2,1
233,batter,23022,66409,confirmed_global_exact,역할별 전역 exact 양방향 확정,66409,66409:2070rows/193games,1,1,2070,193,2070,193,1.0,5,3174,286,3174,0,3488,314,8
234,batter,23028,63913,confirmed_global_exact,역할별 전역 exact 양방향 확정,63913,63913:133rows/10games,1,1,133,10,133,10,1.0,2,310,26,310,0,483,37,3
235,batter,23034,64906,confirmed_global_exact,역할별 전역 exact 양방향 확정,64906,64906:592rows/67games,1,1,592,67,592,67,1.0,5,1057,118,1057,0,1250,135,6
236,batter,23040,64984,confirmed_global_exact,역할별 전역 exact 양방향 확정,64984,64984:3270rows/269games,1,1,3270,269,3270,269,1.0,9,5261,423,5261,0,6561,513,10
237,batter,23045,74465,confirmed_global_exact,역할별 전역 exact 양방향 확정,74465,74465:3086rows/201games,1,1,3086,201,3086,201,1.0,5,5004,321,5000,4,5301,340,5
238,batter,23049,65909,confirmed_global_exact,역할별 전역 exact 양방향 확정,65909,65909:51rows/4games,1,1,51,4,51,4,1.0,1,51,4,51,0,51,4,1
239,batter,23064,65905,confirmed_global_exact,역할별 전역 exact 양방향 확정,65905,65905:413rows/51games,1,1,413,51,413,51,1.0,10,684,87,676,8,725,94,12
240,batter,23068,65044,confirmed_global_exact,역할별 전역 exact 양방향 확정,65044,65044:30rows/4games,1,1,30,4,30,4,1.0,2,37,5,37,0,37,5,2
241,batter,23080,74339,confirmed_global_exact,역할별 전역 exact 양방향 확정,74339,74339:2746rows/192games,1,1,2746,192,2746,192,1.0,3,4851,339,4850,1,5227,362,3
242,batter,23089,66838,confirmed_global_exact,역할별 전역 exact 양방향 확정,66838,66838:2540rows/209games,1,1,2540,209,2540,209,1.0,7,4139,333,4139,0,4354,354,8
243,batter,23095,64898,confirmed_global_exact,역할별 전역 exact 양방향 확정,64898,64898:8rows/1games,1,1,8,1,8,1,1.0,1,44,5,44,0,78,7,1
244,batter,23108,65869,confirmed_global_exact,역할별 전역 exact 양방향 확정,65869,65869:514rows/51games,1,1,514,51,514,51,1.0,7,971,97,971,0,1042,105,8
245,batter,23111,,unanchored_no_exact_evidence,exact 선수 매핑 근거 없음,,,0,0,0,0,0,0,,0,11,1,0,0,78,5,1
246,batter,23113,,conflict_reverse_multiple_train_ids,Trackman ID가 복수 Train 선수로 역매핑,64868,64868:4669rows/320games,1,2,4669,320,4669,320,1.0,7,8016,548,0,0,8802,596,8
247,batter,23116,65464,confirmed_global_exact,역할별 전역 exact 양방향 확정,65464,65464:259rows/38games,1,1,259,38,259,38,1.0,6,377,56,377,0,974,132,10
248,batter,23121,64724,confirmed_global_exact,역할별 전역 exact 양방향 확정,64724,64724:56rows/4games,1,1,56,4,56,4,1.0,2,75,6,75,0,80,7,2
249,batter,23132,66749,confirmed_global_exact,역할별 전역 exact 양방향 확정,66749,66749:43rows/5games,1,1,43,5,43,5,1.0,2,241,19,241,0,337,25,6
250,batter,23134,66704,confirmed_global_exact,역할별 전역 exact 양방향 확정,66704,66704:3254rows/223games,1,1,3254,223,3254,223,1.0,7,5398,358,5394,4,6043,399,8
251,batter,23138,66803,confirmed_global_exact,역할별 전역 exact 양방향 확정,66803,66803:36rows/3games,1,1,36,3,36,3,1.0,2,99,9,99,0,151,14,4
252,batter,23143,66864,confirmed_global_exact,역할별 전역 exact 양방향 확정,66864,66864:731rows/92games,1,1,731,92,731,92,1.0,8,1397,158,1397,0,1565,174,10
253,batter,23144,66833,confirmed_global_exact,역할별 전역 exact 양방향 확정,66833,66833:137rows/11games,1,1,137,11,137,11,1.0,4,347,27,347,0,490,35,5
254,batter,23146,63895,confirmed_global_exact,역할별 전역 exact 양방향 확정,63895,63895:108rows/16games,1,1,108,16,108,16,1.0,2,226,27,226,0,325,33,6
255,batter,23147,66807,confirmed_global_exact,역할별 전역 exact 양방향 확정,66807,66807:85rows/8games,1,1,85,8,85,8,1.0,3,224,22,224,0,263,28,4
256,batter,23153,578268,confirmed_global_exact,역할별 전역 exact 양방향 확정,578268,578268:434rows/42games,1,1,434,42,434,42,1.0,6,792,78,792,0,932,90,6
257,batter,23179,65269,confirmed_global_exact,역할별 전역 exact 양방향 확정,65269,65269:546rows/56games,1,1,546,56,546,56,1.0,7,1059,98,1059,0,1111,102,7
258,batter,23180,66202,confirmed_global_exact,역할별 전역 exact 양방향 확정,66202,66202:41rows/6games,1,1,41,6,41,6,1.0,2,89,13,89,0,94,14,3
259,batter,23186,66233,confirmed_global_exact,역할별 전역 exact 양방향 확정,66233,66233:262rows/33games,1,1,262,33,262,33,1.0,6,746,69,744,2,884,82,7
260,batter,23187,66207,confirmed_global_exact,역할별 전역 exact 양방향 확정,66207,66207:14rows/1games,1,1,14,1,14,1,1.0,1,46,5,46,0,47,5,3
261,batter,23188,64022,confirmed_global_exact,역할별 전역 exact 양방향 확정,64022,64022:1406rows/136games,1,1,1406,136,1406,136,1.0,6,2176,210,2169,7,2381,229,8
262,batter,23189,66504,confirmed_global_exact,역할별 전역 exact 양방향 확정,66504,66504:5rows/1games,1,1,5,1,5,1,1.0,1,6,2,6,0,15,4,2
263,batter,23193,66917,confirmed_global_exact,역할별 전역 exact 양방향 확정,66917,66917:1024rows/107games,1,1,1024,107,1024,107,1.0,9,1677,178,1677,0,1849,196,11
264,batter,23195,66965,confirmed_global_exact,역할별 전역 exact 양방향 확정,66965,66965:1864rows/185games,1,1,1864,185,1864,185,1.0,6,2781,277,2780,1,3040,300,7
265,batter,23197,66928,confirmed_global_exact,역할별 전역 exact 양방향 확정,66928,66928:2376rows/180games,1,1,2376,180,2376,180,1.0,7,3981,299,3981,0,4201,316,8
266,batter,23200,66968,confirmed_global_exact,역할별 전역 exact 양방향 확정,66968,66968:69rows/13games,1,1,69,13,69,13,1.0,4,119,20,114,5,161,23,4
267,batter,23205,66963,confirmed_global_exact,역할별 전역 exact 양방향 확정,66963,66963:119rows/12games,1,1,119,12,119,12,1.0,4,207,20,207,0,207,20,6
268,batter,23212,66802,confirmed_global_exact,역할별 전역 exact 양방향 확정,66802,66802:49rows/4games,1,1,49,4,49,4,1.0,2,128,11,128,0,231,22,3
269,batter,23225,67119,confirmed_global_exact,역할별 전역 exact 양방향 확정,67119,67119:4rows/1games,1,1,4,1,4,1,1.0,1,4,1,4,0,4,1,1
270,batter,23227,67169,confirmed_global_exact,역할별 전역 exact 양방향 확정,67169,67169:167rows/21games,1,1,167,21,167,21,1.0,4,900,98,900,0,1201,133,4
271,batter,23228,,unanchored_no_exact_evidence,exact 선수 매핑 근거 없음,,,0,0,0,0,0,0,,0,20,3,0,0,42,5,1
272,batter,23234,,conflict_multiple_trackman_ids,한 Train 선수에 복수 Trackman ID,67123,67123:385rows/46games;52154:1rows/1games,2,1,385,46,386,47,0.9974093264248705,7,1031,120,0,0,1429,167,7
273,batter,23241,67202,confirmed_global_exact,역할별 전역 exact 양방향 확정,67202,67202:144rows/18games,1,1,144,18,144,18,1.0,6,392,44,392,0,454,50,7
274,batter,23242,67265,confirmed_global_exact,역할별 전역 exact 양방향 확정,67265,67265:110rows/8games,1,1,110,8,110,8,1.0,3,292,22,287,5,299,24,3
275,batter,23243,67207,confirmed_global_exact,역할별 전역 exact 양방향 확정,67207,67207:1679rows/143games,1,1,1679,143,1679,143,1.0,7,2569,221,2568,1,2927,247,8
276,batter,23244,64266,confirmed_global_exact,역할별 전역 exact 양방향 확정,64266,64266:1420rows/126games,1,1,1420,126,1420,126,1.0,10,2272,192,2272,0,2544,209,11
277,batter,23250,67206,confirmed_global_exact,역할별 전역 exact 양방향 확정,67206,67206:2rows/1games,1,1,2,1,2,1,1.0,1,2,1,2,0,2,1,1
278,batter,23252,67209,confirmed_global_exact,역할별 전역 exact 양방향 확정,67209,67209:10rows/3games,1,1,10,3,10,3,1.0,2,22,5,22,0,22,5,2
279,batter,23253,64209,confirmed_global_exact,역할별 전역 exact 양방향 확정,64209,64209:115rows/16games,1,1,115,16,115,16,1.0,2,221,26,221,0,239,27,4
280,batter,23262,67944,confirmed_global_exact,역할별 전역 exact 양방향 확정,67944,67944:53rows/6games,1,1,53,6,53,6,1.0,1,53,6,53,0,53,6,1
281,batter,23263,67993,confirmed_global_exact,역할별 전역 exact 양방향 확정,67993,67993:44rows/7games,1,1,44,7,44,7,1.0,3,87,12,87,0,94,14,5
282,batter,23264,67900,confirmed_global_exact,역할별 전역 exact 양방향 확정,67900,67900:215rows/33games,1,1,215,33,215,33,1.0,8,368,47,368,0,373,48,8
283,batter,23266,67991,confirmed_global_exact,역할별 전역 exact 양방향 확정,67991,67991:9rows/1games,1,1,9,1,9,1,1.0,1,38,5,38,0,38,5,2
284,batter,23274,67905,confirmed_global_exact,역할별 전역 exact 양방향 확정,67905,67905:1139rows/107games,1,1,1139,107,1139,107,1.0,5,1680,155,1680,0,1863,173,7
285,batter,23281,67304,confirmed_global_exact,역할별 전역 exact 양방향 확정,67304,67304:7214rows/441games,1,1,7214,441,7214,441,1.0,6,11963,723,11959,4,12852,779,6
286,batter,23282,67341,confirmed_global_exact,역할별 전역 exact 양방향 확정,67341,67341:5998rows/355games,1,1,5998,355,5998,355,1.0,5,9834,585,9834,0,10590,629,5
287,batter,23290,67363,confirmed_global_exact,역할별 전역 exact 양방향 확정,67363,67363:209rows/22games,1,1,209,22,209,22,1.0,4,399,43,399,0,557,55,5
288,batter,23298,67644,confirmed_global_exact,역할별 전역 exact 양방향 확정,67644,67644:1010rows/100games,1,1,1010,100,1010,100,1.0,7,1471,146,1471,0,2016,191,10
289,batter,23299,63636,confirmed_global_exact,역할별 전역 exact 양방향 확정,63636,63636:61rows/9games,1,1,61,9,61,9,1.0,2,125,12,125,0,281,27,3
290,batter,23300,67610,confirmed_global_exact,역할별 전역 exact 양방향 확정,67610,67610:194rows/18games,1,1,194,18,194,18,1.0,5,344,30,344,0,830,72,6
291,batter,23309,67611,confirmed_global_exact,역할별 전역 exact 양방향 확정,67611,67611:5rows/1games,1,1,5,1,5,1,1.0,1,18,3,18,0,18,3,1
292,batter,23317,,unanchored_no_exact_evidence,exact 선수 매핑 근거 없음,,,0,0,0,0,0,0,,0,40,3,0,0,55,4,2
293,batter,23318,62802,confirmed_global_exact,역할별 전역 exact 양방향 확정,62802,62802:3201rows/272games,1,1,3201,272,3201,272,1.0,7,5080,438,5076,4,5599,480,9
294,batter,23319,67893,confirmed_global_exact,역할별 전역 exact 양방향 확정,67893,67893:4813rows/308games,1,1,4813,308,4813,308,1.0,6,8396,524,8392,4,9245,571,7
295,batter,23321,61869,confirmed_global_exact,역할별 전역 exact 양방향 확정,61869,61869:915rows/88games,1,1,915,88,915,88,1.0,10,1763,172,1762,1,1953,185,11
296,batter,23329,67803,confirmed_global_exact,역할별 전역 exact 양방향 확정,67803,67803:18rows/2games,1,1,18,2,18,2,1.0,2,84,6,84,0,84,6,2
297,batter,23330,67807,confirmed_global_exact,역할별 전역 exact 양방향 확정,67807,67807:356rows/33games,1,1,356,33,356,33,1.0,7,866,76,863,3,976,83,7
298,batter,23341,67760,confirmed_global_exact,역할별 전역 exact 양방향 확정,67760,67760:82rows/9games,1,1,82,9,82,9,1.0,2,215,22,215,0,251,25,3
299,batter,23346,,conflict_reverse_multiple_train_ids,Trackman ID가 복수 Train 선수로 역매핑,61591,61591:3rows/1games,1,2,3,1,3,1,1.0,1,7,2,0,0,11,3,2
300,batter,23347,67539,confirmed_global_exact,역할별 전역 exact 양방향 확정,67539,67539:469rows/49games,1,1,469,49,469,49,1.0,1,770,80,770,0,860,89,1
301,batter,23348,,conflict_multiple_trackman_ids,한 Train 선수에 복수 Trackman ID,493193,493193:3116rows/218games;71564:1106rows/74games,2,1,3116,218,4222,292,0.7380388441496921,4,7295,492,0,0,7973,535,4
302,batter,23349,67504,confirmed_global_exact,역할별 전역 exact 양방향 확정,67504,67504:1499rows/129games,1,1,1499,129,1499,129,1.0,7,2709,227,2709,0,3187,259,11
303,batter,23352,,unanchored_no_exact_evidence,exact 선수 매핑 근거 없음,,,0,0,0,0,0,0,,0,0,0,0,0,7,2,1
304,batter,23357,67568,confirmed_global_exact,역할별 전역 exact 양방향 확정,67568,67568:32rows/3games,1,1,32,3,32,3,1.0,1,55,5,55,0,55,5,1
305,batter,23358,67563,confirmed_global_exact,역할별 전역 exact 양방향 확정,67563,67563:17rows/1games,1,1,17,1,17,1,1.0,1,87,6,87,0,91,6,1
306,batter,23366,67454,confirmed_global_exact,역할별 전역 exact 양방향 확정,67454,67454:17rows/2games,1,1,17,2,17,2,1.0,2,83,7,83,0,83,7,2
307,batter,23367,67449,confirmed_global_exact,역할별 전역 exact 양방향 확정,67449,67449:888rows/92games,1,1,888,92,888,92,1.0,7,1437,140,1437,0,1663,161,7
308,batter,23373,67412,confirmed_global_exact,역할별 전역 exact 양방향 확정,67412,67412:4rows/1games,1,1,4,1,4,1,1.0,1,4,1,4,0,4,1,1
309,batter,23377,67405,confirmed_global_exact,역할별 전역 exact 양방향 확정,67405,67405:4rows/1games,1,1,4,1,4,1,1.0,1,4,1,4,0,4,1,1
310,batter,23380,,unanchored_no_exact_evidence,exact 선수 매핑 근거 없음,,,0,0,0,0,0,0,,0,6,1,0,0,6,1,1
311,batter,23387,65096,confirmed_global_exact,역할별 전역 exact 양방향 확정,65096,65096:24rows/4games,1,1,24,4,24,4,1.0,2,25,5,25,0,25,5,2
312,batter,23388,,unanchored_no_exact_evidence,exact 선수 매핑 근거 없음,,,0,0,0,0,0,0,,0,4,1,0,0,50,4,2
313,batter,23395,67063,confirmed_global_exact,역할별 전역 exact 양방향 확정,67063,67063:39rows/6games,1,1,39,6,39,6,1.0,5,165,18,165,0,181,19,8
314,batter,23396,67006,confirmed_global_exact,역할별 전역 exact 양방향 확정,67006,67006:583rows/56games,1,1,583,56,583,56,1.0,5,906,87,906,0,934,91,6
315,batter,23401,67016,confirmed_global_exact,역할별 전역 exact 양방향 확정,67016,67016:13rows/1games,1,1,13,1,13,1,1.0,1,34,3,34,0,34,3,1
316,batter,23404,573131,confirmed_global_exact,역할별 전역 exact 양방향 확정,573131,573131:1450rows/82games,1,1,1450,82,1450,82,1.0,1,2094,121,2094,0,2319,133,1
317,batter,23405,66406,confirmed_global_exact,역할별 전역 exact 양방향 확정,66406,66406:576rows/70games,1,1,576,70,576,70,1.0,6,1062,117,1062,0,1182,129,6
318,batter,23407,,conflict_multiple_trackman_ids,한 Train 선수에 복수 Trackman ID,67005,67005:600rows/68games;64868:2rows/1games,2,1,600,68,602,69,0.9966777408637874,8,1115,120,0,0,1170,128,8
319,batter,23408,62025,confirmed_global_exact,역할별 전역 exact 양방향 확정,62025,62025:1075rows/112games,1,1,1075,112,1075,112,1.0,5,1738,175,1738,0,1946,189,5
320,batter,23410,457449,confirmed_global_exact,역할별 전역 exact 양방향 확정,457449,457449:3772rows/215games,1,1,3772,215,3772,215,1.0,3,6248,362,6243,5,6605,383,4
321,batter,23413,592692,confirmed_global_exact,역할별 전역 exact 양방향 확정,592692,592692:4336rows/247games,1,1,4336,247,4336,247,1.0,3,6942,403,6941,1,7433,429,3
322,batter,23418,65109,confirmed_global_exact,역할별 전역 exact 양방향 확정,65109,65109:534rows/42games,1,1,534,42,534,42,1.0,5,1067,78,1067,0,1444,103,5
323,batter,23420,76290,confirmed_global_exact,역할별 전역 exact 양방향 확정,76290,76290:8486rows/528games,1,1,8486,528,8486,528,1.0,6,12444,774,12443,1,13419,832,6
324,batter,23425,68100,confirmed_global_exact,역할별 전역 exact 양방향 확정,68100,68100:561rows/49games,1,1,561,49,561,49,1.0,4,1727,151,1726,1,2400,203,4
325,batter,23427,68106,confirmed_global_exact,역할별 전역 exact 양방향 확정,68106,68106:2152rows/190games,1,1,2152,190,2152,190,1.0,10,4321,355,4321,0,5277,415,11
326,batter,23429,68109,confirmed_global_exact,역할별 전역 exact 양방향 확정,68109,68109:6rows/2games,1,1,6,2,6,2,1.0,1,6,2,6,0,6,2,1
327,batter,23430,,conflict_reverse_multiple_train_ids,Trackman ID가 복수 Train 선수로 역매핑,68110,68110:1292rows/107games,1,2,1292,107,1292,107,1.0,8,3168,244,0,0,3981,296,8
328,batter,23432,68117,confirmed_global_exact,역할별 전역 exact 양방향 확정,68117,68117:60rows/9games,1,1,60,9,60,9,1.0,2,181,27,181,0,204,31,2
329,batter,23433,68119,confirmed_global_exact,역할별 전역 exact 양방향 확정,68119,68119:3490rows/248games,1,1,3490,248,3490,248,1.0,6,5326,381,5324,2,5857,419,7
330,batter,23435,68302,confirmed_global_exact,역할별 전역 exact 양방향 확정,68302,68302:27rows/2games,1,1,27,2,27,2,1.0,1,148,12,148,0,295,25,3
331,batter,23436,68330,confirmed_global_exact,역할별 전역 exact 양방향 확정,68330,68330:549rows/55games,1,1,549,55,549,55,1.0,9,1100,104,1100,0,1349,123,10
332,batter,23442,68346,confirmed_global_exact,역할별 전역 exact 양방향 확정,68346,68346:947rows/79games,1,1,947,79,947,79,1.0,9,1765,147,1764,1,2148,174,11
333,batter,23443,75125,confirmed_global_exact,역할별 전역 exact 양방향 확정,75125,75125:6371rows/406games,1,1,6371,406,6371,406,1.0,7,10403,652,10403,0,11348,710,9
334,batter,23444,68362,confirmed_global_exact,역할별 전역 exact 양방향 확정,68362,68362:784rows/63games,1,1,784,63,784,63,1.0,5,1580,124,1580,0,1946,151,8
335,batter,23448,,unanchored_no_exact_evidence,exact 선수 매핑 근거 없음,,,0,0,0,0,0,0,,0,6,1,0,0,12,2,1
336,batter,23450,68304,confirmed_global_exact,역할별 전역 exact 양방향 확정,68304,68304:8rows/1games,1,1,8,1,8,1,1.0,1,14,2,14,0,29,3,1
337,batter,23452,68305,confirmed_global_exact,역할별 전역 exact 양방향 확정,68305,68305:1031rows/92games,1,1,1031,92,1031,92,1.0,3,1898,170,1898,0,2201,200,9
338,batter,23455,68556,confirmed_global_exact,역할별 전역 exact 양방향 확정,68556,68556:2rows/1games,1,1,2,1,2,1,1.0,1,2,1,2,0,2,1,1
339,batter,23463,68518,confirmed_global_exact,역할별 전역 exact 양방향 확정,68518,68518:1348rows/161games,1,1,1348,161,1348,161,1.0,8,2253,262,2249,4,2521,290,9
340,batter,23464,65586,confirmed_global_exact,역할별 전역 exact 양방향 확정,65586,65586:2383rows/213games,1,1,2383,213,2383,213,1.0,7,4320,378,4320,0,4686,412,9
341,batter,23465,68525,confirmed_global_exact,역할별 전역 exact 양방향 확정,68525,68525:4430rows/313games,1,1,4430,313,4430,313,1.0,7,7445,523,7441,4,8148,572,8
342,batter,23466,68504,confirmed_global_exact,역할별 전역 exact 양방향 확정,68504,68504:1142rows/115games,1,1,1142,115,1142,115,1.0,6,1854,187,1854,0,1981,200,7
343,batter,23467,63593,confirmed_global_exact,역할별 전역 exact 양방향 확정,63593,63593:142rows/19games,1,1,142,19,142,19,1.0,2,233,32,233,0,314,38,2
344,batter,23469,63558,confirmed_global_exact,역할별 전역 exact 양방향 확정,63558,63558:71rows/7games,1,1,71,7,71,7,1.0,2,104,10,104,0,120,11,2
345,batter,23470,68507,confirmed_global_exact,역할별 전역 exact 양방향 확정,68507,68507:245rows/37games,1,1,245,37,245,37,1.0,5,463,65,463,0,491,69,6
346,batter,23471,76313,confirmed_global_exact,역할별 전역 exact 양방향 확정,76313,76313:6963rows/429games,1,1,6963,429,6963,429,1.0,7,11544,711,11543,1,12379,761,7
347,batter,23472,64014,confirmed_global_exact,역할별 전역 exact 양방향 확정,64014,64014:488rows/59games,1,1,488,59,488,59,1.0,8,831,95,831,0,931,103,10
348,batter,23474,64011,confirmed_global_exact,역할별 전역 exact 양방향 확정,64011,64011:311rows/49games,1,1,311,49,311,49,1.0,7,496,74,496,0,536,78,9
349,batter,23476,68050,confirmed_global_exact,역할별 전역 exact 양방향 확정,68050,68050:6340rows/375games,1,1,6340,375,6340,375,1.0,6,10736,628,10730,6,11510,668,7
350,batter,23481,68069,confirmed_global_exact,역할별 전역 exact 양방향 확정,68069,68069:16rows/2games,1,1,16,2,16,2,1.0,1,99,15,99,0,152,20,4
351,batter,23482,68087,confirmed_global_exact,역할별 전역 exact 양방향 확정,68087,68087:11rows/2games,1,1,11,2,11,2,1.0,1,11,2,11,0,18,3,1
352,batter,23483,68089,confirmed_global_exact,역할별 전역 exact 양방향 확정,68089,68089:148rows/19games,1,1,148,19,148,19,1.0,4,204,25,204,0,228,28,4
353,batter,23486,67094,confirmed_global_exact,역할별 전역 exact 양방향 확정,67094,67094:7rows/2games,1,1,7,2,7,2,1.0,1,7,2,7,0,42,4,1
354,batter,23487,68096,confirmed_global_exact,역할별 전역 exact 양방향 확정,68096,68096:34rows/4games,1,1,34,4,34,4,1.0,1,57,5,57,0,59,6,2
355,batter,23492,68002,confirmed_global_exact,역할별 전역 exact 양방향 확정,68002,68002:41rows/6games,1,1,41,6,41,6,1.0,2,46,8,46,0,80,10,3
356,batter,23493,68003,confirmed_global_exact,역할별 전역 exact 양방향 확정,68003,68003:36rows/3games,1,1,36,3,36,3,1.0,2,47,5,47,0,113,9,3
357,batter,23495,,unanchored_no_exact_evidence,exact 선수 매핑 근거 없음,,,0,0,0,0,0,0,,0,3,1,0,0,3,1,1
358,batter,23505,68646,confirmed_global_exact,역할별 전역 exact 양방향 확정,68646,68646:538rows/50games,1,1,538,50,538,50,1.0,4,857,82,856,1,1599,163,5
359,batter,23507,68614,confirmed_global_exact,역할별 전역 exact 양방향 확정,68614,68614:94rows/9games,1,1,94,9,94,9,1.0,2,126,12,126,0,250,26,5
360,batter,23508,64657,confirmed_global_exact,역할별 전역 exact 양방향 확정,64657,64657:1515rows/118games,1,1,1515,118,1515,118,1.0,6,2594,198,2593,1,2877,225,8
361,batter,23521,60288,confirmed_global_exact,역할별 전역 exact 양방향 확정,60288,60288:387rows/43games,1,1,387,43,387,43,1.0,6,641,70,641,0,705,77,7
362,batter,23523,,unanchored_no_exact_evidence,exact 선수 매핑 근거 없음,,,0,0,0,0,0,0,,0,9,1,0,0,12,1,1
363,batter,23524,64410,confirmed_global_exact,역할별 전역 exact 양방향 확정,64410,64410:219rows/21games,1,1,219,21,219,21,1.0,4,392,34,392,0,396,34,5
364,batter,23525,64407,confirmed_global_exact,역할별 전역 exact 양방향 확정,64407,64407:1096rows/126games,1,1,1096,126,1096,126,1.0,9,1830,203,1830,0,1995,220,10
365,batter,23526,68463,confirmed_global_exact,역할별 전역 exact 양방향 확정,68463,68463:726rows/64games,1,1,726,64,726,64,1.0,7,1156,105,1152,4,1196,110,8
366,batter,23527,68416,confirmed_global_exact,역할별 전역 exact 양방향 확정,68416,68416:32rows/4games,1,1,32,4,32,4,1.0,2,91,8,91,0,91,8,2
367,batter,23529,64469,confirmed_global_exact,역할별 전역 exact 양방향 확정,64469,64469:464rows/49games,1,1,464,49,464,49,1.0,8,833,86,833,0,948,100,9
368,batter,23531,68466,confirmed_global_exact,역할별 전역 exact 양방향 확정,68466,68466:190rows/22games,1,1,190,22,190,22,1.0,6,337,35,337,0,339,36,7
369,batter,23546,68869,confirmed_global_exact,역할별 전역 exact 양방향 확정,68869,68869:86rows/10games,1,1,86,10,86,10,1.0,5,289,34,289,0,384,42,7
370,batter,23547,,unanchored_no_exact_evidence,exact 선수 매핑 근거 없음,,,0,0,0,0,0,0,,0,0,0,0,0,11,1,1
371,batter,23548,64803,confirmed_global_exact,역할별 전역 exact 양방향 확정,64803,64803:20rows/3games,1,1,20,3,20,3,1.0,2,45,5,45,0,95,9,2
372,batter,23549,68868,confirmed_global_exact,역할별 전역 exact 양방향 확정,68868,68868:1088rows/94games,1,1,1088,94,1088,94,1.0,9,1768,160,1766,2,2057,178,11
373,batter,23551,68805,confirmed_global_exact,역할별 전역 exact 양방향 확정,68805,68805:276rows/35games,1,1,276,35,276,35,1.0,6,508,57,507,1,562,62,8
374,batter,23552,68205,confirmed_global_exact,역할별 전역 exact 양방향 확정,68205,68205:781rows/78games,1,1,781,78,781,78,1.0,9,1366,136,1366,0,1595,150,9
375,batter,23553,79530,confirmed_global_exact,역할별 전역 exact 양방향 확정,79530,79530:264rows/22games,1,1,264,22,264,22,1.0,3,531,49,531,0,889,75,3
376,batter,23562,63559,confirmed_global_exact,역할별 전역 exact 양방향 확정,63559,63559:255rows/33games,1,1,255,33,255,33,1.0,4,466,54,466,0,530,60,6
377,batter,23563,,unanchored_no_exact_evidence,exact 선수 매핑 근거 없음,,,0,0,0,0,0,0,,0,14,2,0,0,14,2,2
378,batter,23574,68701,confirmed_global_exact,역할별 전역 exact 양방향 확정,68701,68701:3rows/1games,1,1,3,1,3,1,1.0,1,3,1,3,0,3,1,1
379,batter,23576,,unanchored_no_exact_evidence,exact 선수 매핑 근거 없음,,,0,0,0,0,0,0,,0,61,7,0,0,92,10,2
380,batter,23578,,conflict_reverse_multiple_train_ids,Trackman ID가 복수 Train 선수로 역매핑,68743,68743:6534rows/378games,1,2,6534,378,6534,378,1.0,8,10663,605,0,0,11681,659,8
381,batter,23579,68707,confirmed_global_exact,역할별 전역 exact 양방향 확정,68707,68707:208rows/15games,1,1,208,15,208,15,1.0,4,499,38,499,0,522,40,5
382,batter,23582,,conflict_multiple_trackman_ids,한 Train 선수에 복수 Trackman ID,68730,68730:1020rows/70games;592419:981rows/63games,2,1,1020,70,2001,133,0.5097451274362819,3,3139,206,0,0,3466,227,3
383,batter,23583,66706,confirmed_global_exact,역할별 전역 exact 양방향 확정,66706,66706:2459rows/194games,1,1,2459,194,2459,194,1.0,7,3745,290,3745,0,4174,321,9
384,batter,23584,68700,confirmed_global_exact,역할별 전역 exact 양방향 확정,68700,68700:1201rows/114games,1,1,1201,114,1201,114,1.0,10,1902,178,1902,0,2200,200,10
385,batter,23586,68709,confirmed_global_exact,역할별 전역 exact 양방향 확정,68709,68709:64rows/4games,1,1,64,4,64,4,1.0,1,75,6,75,0,76,7,1
386,batter,23602,68912,confirmed_global_exact,역할별 전역 exact 양방향 확정,68912,68912:1758rows/141games,1,1,1758,141,1758,141,1.0,6,2710,217,2710,0,2979,237,7
387,batter,23604,62537,confirmed_global_exact,역할별 전역 exact 양방향 확정,62537,62537:22rows/5games,1,1,22,5,22,5,1.0,3,65,9,65,0,79,11,4
388,batter,23605,,conflict_reverse_multiple_train_ids,Trackman ID가 복수 Train 선수로 역매핑,68906,68906:86rows/9games,1,2,86,9,86,9,1.0,3,160,16,0,0,160,16,4
389,batter,23606,68904,confirmed_global_exact,역할별 전역 exact 양방향 확정,68904,68904:1311rows/103games,1,1,1311,103,1311,103,1.0,6,2167,177,2167,0,2322,191,9
390,batter,23608,68909,confirmed_global_exact,역할별 전역 exact 양방향 확정,68909,68909:152rows/18games,1,1,152,18,152,18,1.0,5,241,28,241,0,247,29,6
391,batter,23612,68901,confirmed_global_exact,역할별 전역 exact 양방향 확정,68901,68901:40rows/4games,1,1,40,4,40,4,1.0,2,74,9,74,0,74,9,2
392,batter,23614,,unanchored_no_exact_evidence,exact 선수 매핑 근거 없음,,,0,0,0,0,0,0,,0,0,0,0,0,3,1,1
393,batter,23625,543742,confirmed_global_exact,역할별 전역 exact 양방향 확정,543742,543742:1431rows/83games,1,1,1431,83,1431,83,1.0,1,2008,122,2008,0,2335,139,1
394,batter,23626,63440,confirmed_global_exact,역할별 전역 exact 양방향 확정,63440,63440:718rows/82games,1,1,718,82,718,82,1.0,7,1505,165,1503,2,1612,174,11
395,batter,23635,571830,confirmed_global_exact,역할별 전역 exact 양방향 확정,571830,571830:528rows/38games,1,1,528,38,528,38,1.0,2,772,55,772,0,810,57,2
396,batter,23637,,unanchored_no_exact_evidence,exact 선수 매핑 근거 없음,,,0,0,0,0,0,0,,0,0,0,0,0,3,1,1
397,batter,23639,69102,confirmed_global_exact,역할별 전역 exact 양방향 확정,69102,69102:5389rows/345games,1,1,5389,345,5389,345,1.0,8,7969,522,7967,2,8804,581,8
398,batter,23641,,conflict_multiple_trackman_ids,한 Train 선수에 복수 Trackman ID,69105,69105:1009rows/76games;68110:1rows/1games,2,1,1009,76,1010,77,0.999009900990099,5,2393,191,0,0,2999,236,6
399,batter,23645,69100,confirmed_global_exact,역할별 전역 exact 양방향 확정,69100,69100:1787rows/186games,1,1,1787,186,1787,186,1.0,7,2628,275,2627,1,3133,325,9
400,batter,23646,64646,confirmed_global_exact,역할별 전역 exact 양방향 확정,64646,64646:4301rows/263games,1,1,4301,263,4301,263,1.0,6,6278,385,6276,2,12645,786,6
401,batter,23649,571757,confirmed_global_exact,역할별 전역 exact 양방향 확정,571757,571757:59rows/4games,1,1,59,4,59,4,1.0,1,101,6,101,0,184,11,1
402,batter,23657,69627,confirmed_global_exact,역할별 전역 exact 양방향 확정,69627,69627:5rows/1games,1,1,5,1,5,1,1.0,1,36,5,36,0,77,11,2
403,batter,23658,69628,confirmed_global_exact,역할별 전역 exact 양방향 확정,69628,69628:9rows/1games,1,1,9,1,9,1,1.0,1,42,4,42,0,110,10,3
404,batter,23661,,unanchored_no_exact_evidence,exact 선수 매핑 근거 없음,,,0,0,0,0,0,0,,0,15,1,0,0,29,3,1
405,batter,23662,69636,confirmed_global_exact,역할별 전역 exact 양방향 확정,69636,69636:292rows/39games,1,1,292,39,292,39,1.0,6,457,55,457,0,919,114,9
406,batter,23663,62668,confirmed_global_exact,역할별 전역 exact 양방향 확정,62668,62668:18rows/2games,1,1,18,2,18,2,1.0,1,30,3,30,0,65,7,2
407,batter,23664,65610,confirmed_global_exact,역할별 전역 exact 양방향 확정,65610,65610:1594rows/112games,1,1,1594,112,1594,112,1.0,7,2312,165,2312,0,4605,348,8
408,batter,23666,64602,confirmed_global_exact,역할별 전역 exact 양방향 확정,64602,64602:14rows/1games,1,1,14,1,14,1,1.0,1,19,2,19,0,36,4,1
409,batter,23667,,conflict_multiple_trackman_ids,한 Train 선수에 복수 Trackman ID,67609,67609:173rows/21games;65620:33rows/2games,2,1,173,21,206,23,0.8398058252427184,5,349,38,0,0,739,81,8
410,batter,23668,,unanchored_no_exact_evidence,exact 선수 매핑 근거 없음,,,0,0,0,0,0,0,,0,4,1,0,0,8,1,1
411,batter,23669,65515,confirmed_global_exact,역할별 전역 exact 양방향 확정,65515,65515:757rows/64games,1,1,757,64,757,64,1.0,4,1407,115,1407,0,1554,126,5
412,batter,23670,64501,confirmed_global_exact,역할별 전역 exact 양방향 확정,64501,64501:509rows/54games,1,1,509,54,509,54,1.0,5,894,96,892,2,932,100,7
413,batter,23671,69530,confirmed_global_exact,역할별 전역 exact 양방향 확정,69530,69530:493rows/30games,1,1,493,30,493,30,1.0,1,719,46,719,0,743,48,1
414,batter,23675,69592,confirmed_global_exact,역할별 전역 exact 양방향 확정,69592,69592:35rows/2games,1,1,35,2,35,2,1.0,1,74,5,74,0,74,5,2
415,batter,23677,69500,confirmed_global_exact,역할별 전역 exact 양방향 확정,69500,69500:18rows/2games,1,1,18,2,18,2,1.0,1,75,6,26,49,96,8,3
416,batter,23680,,unanchored_no_exact_evidence,exact 선수 매핑 근거 없음,,,0,0,0,0,0,0,,0,13,1,0,0,13,1,1
417,batter,23681,69508,confirmed_global_exact,역할별 전역 exact 양방향 확정,69508,69508:764rows/86games,1,1,764,86,764,86,1.0,8,1203,129,1203,0,1362,146,12
418,batter,23683,69512,confirmed_global_exact,역할별 전역 exact 양방향 확정,69512,69512:4rows/1games,1,1,4,1,4,1,1.0,1,13,2,13,0,13,2,2
419,batter,23685,69517,confirmed_global_exact,역할별 전역 exact 양방향 확정,69517,69517:2554rows/181games,1,1,2554,181,2554,181,1.0,4,4149,291,4149,0,4625,322,5
420,batter,23686,69518,confirmed_global_exact,역할별 전역 exact 양방향 확정,69518,69518:36rows/6games,1,1,36,6,36,6,1.0,1,120,16,120,0,127,17,4
421,batter,23687,628336,confirmed_global_exact,역할별 전역 exact 양방향 확정,628336,628336:5088rows/328games,1,1,5088,328,5088,328,1.0,4,8201,525,8198,3,8940,568,4
422,batter,23688,63700,confirmed_global_exact,역할별 전역 exact 양방향 확정,63700,63700:1204rows/105games,1,1,1204,105,1204,105,1.0,7,2154,177,2153,1,2329,192,9
423,batter,23691,69727,confirmed_global_exact,역할별 전역 exact 양방향 확정,69727,69727:719rows/61games,1,1,719,61,719,61,1.0,6,1463,124,1463,0,2376,208,7
424,batter,23692,,unanchored_no_exact_evidence,exact 선수 매핑 근거 없음,,,0,0,0,0,0,0,,0,13,1,0,0,23,4,1
425,batter,23693,69737,confirmed_global_exact,역할별 전역 exact 양방향 확정,69737,69737:6368rows/392games,1,1,6368,392,6368,392,1.0,7,10046,608,10046,0,11047,668,7
426,batter,23698,69766,confirmed_global_exact,역할별 전역 exact 양방향 확정,69766,69766:993rows/93games,1,1,993,93,993,93,1.0,11,1719,157,1719,0,1925,173,12
427,batter,23700,63703,confirmed_global_exact,역할별 전역 exact 양방향 확정,63703,63703:157rows/19games,1,1,157,19,157,19,1.0,4,268,30,268,0,323,34,5
428,batter,23701,64704,confirmed_global_exact,역할별 전역 exact 양방향 확정,64704,64704:525rows/51games,1,1,525,51,525,51,1.0,5,780,77,780,0,851,84,5
429,batter,23702,69702,confirmed_global_exact,역할별 전역 exact 양방향 확정,69702,69702:250rows/23games,1,1,250,23,250,23,1.0,7,559,50,559,0,640,56,9
430,batter,23705,69705,confirmed_global_exact,역할별 전역 exact 양방향 확정,69705,69705:581rows/51games,1,1,581,51,581,51,1.0,6,1091,91,1091,0,1130,95,7
431,batter,23706,69706,confirmed_global_exact,역할별 전역 exact 양방향 확정,69706,69706:471rows/49games,1,1,471,49,471,49,1.0,10,777,82,777,0,848,90,10
432,batter,23711,,unanchored_no_exact_evidence,exact 선수 매핑 근거 없음,,,0,0,0,0,0,0,,0,16,2,0,0,16,2,1
433,batter,23712,69403,confirmed_global_exact,역할별 전역 exact 양방향 확정,69403,69403:109rows/12games,1,1,109,12,109,12,1.0,5,251,23,251,0,263,24,6
434,batter,23715,69428,confirmed_global_exact,역할별 전역 exact 양방향 확정,69428,69428:593rows/58games,1,1,593,58,593,58,1.0,5,811,82,811,0,873,90,5
435,batter,23718,,conflict_multiple_trackman_ids,한 Train 선수에 복수 Trackman ID,69442,69442:639rows/71games;64793:1rows/1games,2,1,639,71,640,71,0.9984375,9,887,100,0,0,1045,111,12
436,batter,23720,69453,confirmed_global_exact,역할별 전역 exact 양방향 확정,69453,69453:2959rows/238games,1,1,2959,238,2959,238,1.0,7,4774,379,4774,0,5172,411,7
437,batter,23723,69416,confirmed_global_exact,역할별 전역 exact 양방향 확정,69416,69416:208rows/24games,1,1,208,24,208,24,1.0,4,404,42,404,0,497,49,5
438,batter,23724,69418,confirmed_global_exact,역할별 전역 exact 양방향 확정,69418,69418:817rows/90games,1,1,817,90,817,90,1.0,6,1323,143,1321,2,1587,163,7
439,batter,23726,68407,confirmed_global_exact,역할별 전역 exact 양방향 확정,68407,68407:341rows/39games,1,1,341,39,341,39,1.0,7,651,72,651,0,757,84,9
440,batter,23728,68211,confirmed_global_exact,역할별 전역 exact 양방향 확정,68211,68211:44rows/4games,1,1,44,4,44,4,1.0,3,94,11,94,0,103,12,3
441,batter,23732,69214,confirmed_global_exact,역할별 전역 exact 양방향 확정,69214,69214:15rows/1games,1,1,15,1,15,1,1.0,1,58,5,58,0,68,5,1
442,batter,23733,69203,confirmed_global_exact,역할별 전역 exact 양방향 확정,69203,69203:396rows/37games,1,1,396,37,396,37,1.0,7,760,66,754,6,872,74,8
443,batter,23734,68204,confirmed_global_exact,역할별 전역 exact 양방향 확정,68204,68204:340rows/45games,1,1,340,45,340,45,1.0,9,861,95,861,0,923,101,10
444,batter,23735,69238,confirmed_global_exact,역할별 전역 exact 양방향 확정,69238,69238:863rows/92games,1,1,863,92,863,92,1.0,7,1396,139,1393,3,1487,149,9
445,batter,23739,69207,confirmed_global_exact,역할별 전역 exact 양방향 확정,69207,69207:379rows/36games,1,1,379,36,379,36,1.0,6,632,60,632,0,676,66,8
446,batter,23742,69210,confirmed_global_exact,역할별 전역 exact 양방향 확정,69210,69210:91rows/9games,1,1,91,9,91,9,1.0,3,339,32,339,0,374,34,4
447,batter,23746,69394,confirmed_global_exact,역할별 전역 exact 양방향 확정,69394,69394:18rows/1games,1,1,18,1,18,1,1.0,1,157,9,157,0,349,23,2
448,batter,23750,69332,confirmed_global_exact,역할별 전역 exact 양방향 확정,69332,69332:425rows/36games,1,1,425,36,425,36,1.0,4,802,71,796,6,977,89,7
449,batter,23752,69366,confirmed_global_exact,역할별 전역 exact 양방향 확정,69366,69366:100rows/11games,1,1,100,11,100,11,1.0,6,340,33,340,0,797,65,7
450,batter,23753,69363,confirmed_global_exact,역할별 전역 exact 양방향 확정,69363,69363:49rows/9games,1,1,49,9,49,9,1.0,4,98,14,98,0,176,22,6
451,batter,23755,69393,confirmed_global_exact,역할별 전역 exact 양방향 확정,69393,69393:19rows/2games,1,1,19,2,19,2,1.0,1,57,6,57,0,157,16,2
452,batter,23756,69305,confirmed_global_exact,역할별 전역 exact 양방향 확정,69305,69305:19rows/3games,1,1,19,3,19,3,1.0,2,37,6,37,0,200,21,3
453,batter,23757,69306,confirmed_global_exact,역할별 전역 exact 양방향 확정,69306,69306:731rows/77games,1,1,731,77,731,77,1.0,8,1400,146,1396,4,1644,166,12
454,batter,23759,69813,confirmed_global_exact,역할별 전역 exact 양방향 확정,69813,69813:1470rows/135games,1,1,1470,135,1470,135,1.0,4,2440,216,2440,0,2664,233,5
455,batter,23760,69825,confirmed_global_exact,역할별 전역 exact 양방향 확정,69825,69825:600rows/50games,1,1,600,50,600,50,1.0,6,990,82,990,0,1080,89,8
456,batter,23762,,unanchored_no_exact_evidence,exact 선수 매핑 근거 없음,,,0,0,0,0,0,0,,0,0,0,0,0,20,2,1
457,batter,23763,69860,confirmed_global_exact,역할별 전역 exact 양방향 확정,69860,69860:47rows/6games,1,1,47,6,47,6,1.0,3,65,7,65,0,152,14,3
458,batter,23768,69950,confirmed_global_exact,역할별 전역 exact 양방향 확정,69950,69950:526rows/33games,1,1,526,33,526,33,1.0,1,807,51,805,2,850,53,1
459,batter,23771,,unanchored_no_exact_evidence,exact 선수 매핑 근거 없음,,,0,0,0,0,0,0,,0,2,1,0,0,2,1,1
460,batter,23773,69980,confirmed_global_exact,역할별 전역 exact 양방향 확정,69980,69980:103rows/10games,1,1,103,10,103,10,1.0,3,136,15,136,0,151,16,4
461,batter,23776,69992,confirmed_global_exact,역할별 전역 exact 양방향 확정,69992,69992:1246rows/106games,1,1,1246,106,1246,106,1.0,6,1850,158,1848,2,2136,177,9
462,batter,23778,69995,confirmed_global_exact,역할별 전역 exact 양방향 확정,69995,69995:3016rows/216games,1,1,3016,216,3016,216,1.0,7,4367,312,4367,0,4712,333,8
463,batter,23780,69900,confirmed_global_exact,역할별 전역 exact 양방향 확정,69900,69900:121rows/9games,1,1,121,9,121,9,1.0,3,155,12,155,0,167,14,3
464,batter,23788,69056,confirmed_global_exact,역할별 전역 exact 양방향 확정,69056,69056:114rows/12games,1,1,114,12,114,12,1.0,5,138,16,138,0,172,19,5
465,batter,23789,69064,confirmed_global_exact,역할별 전역 exact 양방향 확정,69064,69064:106rows/9games,1,1,106,9,106,9,1.0,3,329,23,329,0,372,26,6
466,batter,23791,69055,confirmed_global_exact,역할별 전역 exact 양방향 확정,69055,69055:22rows/1games,1,1,22,1,22,1,1.0,1,22,1,22,0,44,4,2
467,batter,23793,,unanchored_no_exact_evidence,exact 선수 매핑 근거 없음,,,0,0,0,0,0,0,,0,80,6,0,0,91,8,3
468,batter,23797,,unanchored_no_exact_evidence,exact 선수 매핑 근거 없음,,,0,0,0,0,0,0,,0,0,0,0,0,38,2,1
469,batter,23798,,unanchored_no_exact_evidence,exact 선수 매핑 근거 없음,,,0,0,0,0,0,0,,0,0,0,0,0,24,2,1
470,batter,23799,,unanchored_no_exact_evidence,exact 선수 매핑 근거 없음,,,0,0,0,0,0,0,,0,0,0,0,0,31,2,1
471,batter,23802,,unanchored_no_exact_evidence,exact 선수 매핑 근거 없음,,,0,0,0,0,0,0,,0,0,0,0,0,26,2,1
472,batter,23803,,unanchored_no_exact_evidence,exact 선수 매핑 근거 없음,,,0,0,0,0,0,0,,0,0,0,0,0,19,2,1
473,batter,23805,,unanchored_no_exact_evidence,exact 선수 매핑 근거 없음,,,0,0,0,0,0,0,,0,0,0,0,0,43,2,1
474,batter,23810,,unanchored_no_exact_evidence,exact 선수 매핑 근거 없음,,,0,0,0,0,0,0,,0,0,0,0,0,38,2,1
475,batter,23811,,unanchored_no_exact_evidence,exact 선수 매핑 근거 없음,,,0,0,0,0,0,0,,0,0,0,0,0,41,2,1
476,batter,23817,,unanchored_no_exact_evidence,exact 선수 매핑 근거 없음,,,0,0,0,0,0,0,,0,0,0,0,0,32,2,1
477,batter,23835,69802,confirmed_global_exact,역할별 전역 exact 양방향 확정,69802,69802:368rows/53games,1,1,368,53,368,53,1.0,6,584,90,582,2,621,96,7
478,batter,23836,69809,confirmed_global_exact,역할별 전역 exact 양방향 확정,69809,69809:32rows/2games,1,1,32,2,32,2,1.0,2,101,6,101,0,122,10,2
479,batter,23837,69805,confirmed_global_exact,역할별 전역 exact 양방향 확정,69805,69805:24rows/2games,1,1,24,2,24,2,1.0,2,76,7,76,0,92,12,3
480,batter,23838,69810,confirmed_global_exact,역할별 전역 exact 양방향 확정,69810,69810:43rows/4games,1,1,43,4,43,4,1.0,3,252,21,252,0,393,30,6
481,batter,23839,69804,confirmed_global_exact,역할별 전역 exact 양방향 확정,69804,69804:122rows/12games,1,1,122,12,122,12,1.0,3,164,21,164,0,183,25,5
482,batter,23840,69652,confirmed_global_exact,역할별 전역 exact 양방향 확정,69652,69652:2209rows/129games,1,1,2209,129,2209,129,1.0,3,3092,178,3092,0,6058,364,3
483,batter,23841,607111,confirmed_global_exact,역할별 전역 exact 양방향 확정,607111,607111:523rows/35games,1,1,523,35,523,35,1.0,1,932,60,932,0,1042,68,1
484,batter,23842,519295,confirmed_global_exact,역할별 전역 exact 양방향 확정,519295,519295:486rows/32games,1,1,486,32,486,32,1.0,1,750,49,750,0,857,55,1
485,batter,23844,451713,confirmed_global_exact,역할별 전역 exact 양방향 확정,451713,451713:477rows/32games,1,1,477,32,477,32,1.0,1,704,44,704,0,826,52,1
486,batter,23845,,unanchored_no_exact_evidence,exact 선수 매핑 근거 없음,,,0,0,0,0,0,0,,0,5,1,0,0,8,2,1
487,batter,23846,,unanchored_no_exact_evidence,exact 선수 매핑 근거 없음,,,0,0,0,0,0,0,,0,0,0,0,0,9,2,1
488,batter,23847,607776,confirmed_global_exact,역할별 전역 exact 양방향 확정,607776,607776:455rows/27games,1,1,455,27,455,27,1.0,1,594,36,594,0,651,40,1
489,batter,23849,,unanchored_no_exact_evidence,exact 선수 매핑 근거 없음,,,0,0,0,0,0,0,,0,2,1,0,0,2,1,1
490,batter,23851,50116,confirmed_global_exact,역할별 전역 exact 양방향 확정,50116,50116:9rows/1games,1,1,9,1,9,1,1.0,1,137,13,135,2,165,18,1
491,batter,23854,50167,confirmed_global_exact,역할별 전역 exact 양방향 확정,50167,50167:2485rows/159games,1,1,2485,159,2485,159,1.0,7,4084,260,4084,0,4559,289,7
492,batter,23855,50150,confirmed_global_exact,역할별 전역 exact 양방향 확정,50150,50150:1806rows/140games,1,1,1806,140,1806,140,1.0,10,3283,257,3283,0,3789,294,10
493,batter,23859,,conflict_reverse_multiple_train_ids,Trackman ID가 복수 Train 선수로 역매핑,50108,50108:1112rows/88games,1,2,1112,88,1112,88,1.0,5,2317,196,0,0,2712,228,5
494,batter,23861,50110,confirmed_global_exact,역할별 전역 exact 양방향 확정,50110,50110:34rows/7games,1,1,34,7,34,7,1.0,1,139,21,139,0,194,28,1
495,batter,23864,,conflict_multiple_trackman_ids,한 Train 선수에 복수 Trackman ID,50115,50115:424rows/40games;66112:4rows/1games,2,1,424,40,428,41,0.9906542056074766,3,775,79,0,0,877,93,4
496,batter,23865,657733,confirmed_global_exact,역할별 전역 exact 양방향 확정,657733,657733:1686rows/102games,1,1,1686,102,1686,102,1.0,2,2558,153,2558,0,2822,168,2
497,batter,23875,,conflict_multiple_trackman_ids,한 Train 선수에 복수 Trackman ID,50458,50458:4161rows/315games;64610:5rows/1games,2,1,4161,315,4166,315,0.998799807969275,6,6694,503,0,0,7408,549,6
498,batter,23876,,unanchored_no_exact_evidence,exact 선수 매핑 근거 없음,,,0,0,0,0,0,0,,0,39,3,0,0,40,3,1
499,batter,23877,50414,confirmed_global_exact,역할별 전역 exact 양방향 확정,50414,50414:4rows/1games,1,1,4,1,4,1,1.0,1,45,4,45,0,45,4,2
500,batter,23878,,unanchored_no_exact_evidence,exact 선수 매핑 근거 없음,,,0,0,0,0,0,0,,0,10,2,0,0,10,2,1
501,batter,23881,573135,confirmed_global_exact,역할별 전역 exact 양방향 확정,573135,573135:514rows/29games,1,1,514,29,514,29,1.0,1,646,39,646,0,697,43,1
502,batter,23882,553988,confirmed_global_exact,역할별 전역 exact 양방향 확정,553988,553988:2391rows/157games,1,1,2391,157,2391,157,1.0,2,3818,258,3818,0,4097,276,2
503,batter,23883,,unanchored_no_exact_evidence,exact 선수 매핑 근거 없음,,,0,0,0,0,0,0,,0,0,0,0,0,13,1,1
504,batter,23890,50507,confirmed_global_exact,역할별 전역 exact 양방향 확정,50507,50507:39rows/2games,1,1,39,2,39,2,1.0,2,135,10,135,0,139,11,3
505,batter,23896,50500,confirmed_global_exact,역할별 전역 exact 양방향 확정,50500,50500:2123rows/145games,1,1,2123,145,2123,145,1.0,3,3336,236,3336,0,3603,258,4
506,batter,23899,50840,confirmed_global_exact,역할별 전역 exact 양방향 확정,50840,50840:144rows/9games,1,1,144,9,144,9,1.0,3,274,19,274,0,313,21,4
507,batter,23900,50848,confirmed_global_exact,역할별 전역 exact 양방향 확정,50848,50848:172rows/16games,1,1,172,16,172,16,1.0,4,328,31,328,0,385,35,4
508,batter,23901,50854,confirmed_global_exact,역할별 전역 exact 양방향 확정,50854,50854:5628rows/350games,1,1,5628,350,5628,350,1.0,5,9639,590,9638,1,10438,634,5
509,batter,23905,50819,confirmed_global_exact,역할별 전역 exact 양방향 확정,50819,50819:88rows/9games,1,1,88,9,88,9,1.0,3,278,24,278,0,356,28,4
510,batter,23906,50868,confirmed_global_exact,역할별 전역 exact 양방향 확정,50868,50868:140rows/16games,1,1,140,16,140,16,1.0,7,272,27,272,0,313,30,7
511,batter,23907,50816,confirmed_global_exact,역할별 전역 exact 양방향 확정,50816,50816:6rows/1games,1,1,6,1,6,1,1.0,1,6,1,6,0,14,2,1
512,batter,23911,50820,confirmed_global_exact,역할별 전역 exact 양방향 확정,50820,50820:1149rows/100games,1,1,1149,100,1149,100,1.0,7,2065,170,2065,0,2320,189,7
513,batter,23912,50818,confirmed_global_exact,역할별 전역 exact 양방향 확정,50818,50818:3rows/1games,1,1,3,1,3,1,1.0,1,7,2,7,0,28,5,1
514,batter,23913,50817,confirmed_global_exact,역할별 전역 exact 양방향 확정,50817,50817:32rows/4games,1,1,32,4,32,4,1.0,2,125,12,125,0,182,19,2
515,batter,23918,50657,confirmed_global_exact,역할별 전역 exact 양방향 확정,50657,50657:169rows/16games,1,1,169,16,169,16,1.0,6,284,27,284,0,511,48,8
516,batter,23919,50600,confirmed_global_exact,역할별 전역 exact 양방향 확정,50600,50600:343rows/36games,1,1,343,36,343,36,1.0,4,478,53,478,0,859,103,6
517,batter,23926,50608,confirmed_global_exact,역할별 전역 exact 양방향 확정,50608,50608:35rows/7games,1,1,35,7,35,7,1.0,2,60,9,60,0,115,14,3
518,batter,23937,50713,confirmed_global_exact,역할별 전역 exact 양방향 확정,50713,50713:33rows/4games,1,1,33,4,33,4,1.0,1,97,10,97,0,100,11,1
519,batter,23938,50704,confirmed_global_exact,역할별 전역 exact 양방향 확정,50704,50704:925rows/81games,1,1,925,81,925,81,1.0,7,1731,145,1730,1,1858,157,7
520,batter,23939,50707,confirmed_global_exact,역할별 전역 exact 양방향 확정,50707,50707:1724rows/128games,1,1,1724,128,1724,128,1.0,6,2776,206,2776,0,3006,225,9
521,batter,23940,50709,confirmed_global_exact,역할별 전역 exact 양방향 확정,50709,50709:1055rows/103games,1,1,1055,103,1055,103,1.0,8,1982,185,1982,0,2216,202,9
522,batter,23941,50714,confirmed_global_exact,역할별 전역 exact 양방향 확정,50714,50714:17rows/3games,1,1,17,3,17,3,1.0,1,42,6,42,0,44,6,1
523,batter,23945,50204,confirmed_global_exact,역할별 전역 exact 양방향 확정,50204,50204:227rows/28games,1,1,227,28,227,28,1.0,6,409,46,409,0,432,49,6
524,batter,23946,50244,confirmed_global_exact,역할별 전역 exact 양방향 확정,50244,50244:32rows/6games,1,1,32,6,32,6,1.0,3,78,12,78,0,112,14,4
525,batter,23948,50202,confirmed_global_exact,역할별 전역 exact 양방향 확정,50202,50202:1637rows/130games,1,1,1637,130,1637,130,1.0,6,2790,211,2790,0,2961,228,7
526,batter,23949,,conflict_multiple_trackman_ids,한 Train 선수에 복수 Trackman ID,50293,50293:872rows/77games;54216:5rows/1games,2,1,872,77,877,77,0.9942987457240593,7,1543,127,0,0,1618,132,8
527,batter,23953,,unanchored_no_exact_evidence,exact 선수 매핑 근거 없음,,,0,0,0,0,0,0,,0,0,0,0,0,5,1,1
528,batter,23957,50208,confirmed_global_exact,역할별 전역 exact 양방향 확정,50208,50208:238rows/19games,1,1,238,19,238,19,1.0,6,572,41,572,0,614,43,7
529,batter,23958,50209,confirmed_global_exact,역할별 전역 exact 양방향 확정,50209,50209:6rows/1games,1,1,6,1,6,1,1.0,1,71,7,68,3,76,7,1
530,batter,23960,,unanchored_no_exact_evidence,exact 선수 매핑 근거 없음,,,0,0,0,0,0,0,,0,1,1,0,0,1,1,1
531,batter,23961,571437,confirmed_global_exact,역할별 전역 exact 양방향 확정,571437,571437:2340rows/150games,1,1,2340,150,2340,150,1.0,2,4084,260,4080,4,4311,275,2
532,batter,23965,50996,confirmed_global_exact,역할별 전역 exact 양방향 확정,50996,50996:490rows/41games,1,1,490,41,490,41,1.0,3,703,58,703,0,751,62,6
533,batter,23970,50902,confirmed_global_exact,역할별 전역 exact 양방향 확정,50902,50902:424rows/64games,1,1,424,64,424,64,1.0,5,677,93,677,0,722,99,6
534,batter,23971,50903,confirmed_global_exact,역할별 전역 exact 양방향 확정,50903,50903:117rows/10games,1,1,117,10,117,10,1.0,3,143,12,143,0,172,14,3
535,batter,23974,50906,confirmed_global_exact,역할별 전역 exact 양방향 확정,50906,50906:75rows/15games,1,1,75,15,75,15,1.0,3,95,18,95,0,102,20,3
536,batter,23975,50304,confirmed_global_exact,역할별 전역 exact 양방향 확정,50304,50304:300rows/27games,1,1,300,27,300,27,1.0,6,573,52,573,0,797,68,8
537,batter,23976,50312,confirmed_global_exact,역할별 전역 exact 양방향 확정,50312,50312:275rows/39games,1,1,275,39,275,39,1.0,4,506,70,506,0,636,81,7
538,batter,23978,50357,confirmed_global_exact,역할별 전역 exact 양방향 확정,50357,50357:734rows/66games,1,1,734,66,734,66,1.0,9,1346,115,1346,0,1681,139,10
539,batter,23980,578628,confirmed_global_exact,역할별 전역 exact 양방향 확정,578628,578628:89rows/8games,1,1,89,8,89,8,1.0,4,207,17,207,0,346,25,4
540,batter,23981,,unanchored_no_exact_evidence,exact 선수 매핑 근거 없음,,,0,0,0,0,0,0,,0,6,1,0,0,34,7,2
541,batter,23983,50394,confirmed_global_exact,역할별 전역 exact 양방향 확정,50394,50394:26rows/1games,1,1,26,1,26,1,1.0,1,73,6,73,0,152,14,2
542,batter,23986,600301,confirmed_global_exact,역할별 전역 exact 양방향 확정,600301,600301:39rows/3games,1,1,39,3,39,3,1.0,1,104,7,104,0,201,13,2
543,batter,23989,50066,confirmed_global_exact,역할별 전역 exact 양방향 확정,50066,50066:512rows/51games,1,1,512,51,512,51,1.0,4,809,79,805,4,825,82,5
544,batter,23990,50054,confirmed_global_exact,역할별 전역 exact 양방향 확정,50054,50054:858rows/77games,1,1,858,77,858,77,1.0,4,1391,136,1391,0,1564,152,6
545,batter,23991,,unanchored_no_exact_evidence,exact 선수 매핑 근거 없음,,,0,0,0,0,0,0,,0,2,1,0,0,2,1,1
546,batter,23992,50092,confirmed_global_exact,역할별 전역 exact 양방향 확정,50092,50092:122rows/11games,1,1,122,11,122,11,1.0,4,317,25,317,0,317,25,5
547,batter,23993,50093,confirmed_global_exact,역할별 전역 exact 양방향 확정,50093,50093:13rows/1games,1,1,13,1,13,1,1.0,1,59,7,59,0,62,7,3
548,batter,23995,50096,confirmed_global_exact,역할별 전역 exact 양방향 확정,50096,50096:13rows/2games,1,1,13,2,13,2,1.0,1,15,3,15,0,36,5,2
549,batter,23996,50007,confirmed_global_exact,역할별 전역 exact 양방향 확정,50007,50007:77rows/9games,1,1,77,9,77,9,1.0,4,120,14,120,0,120,14,5
550,batter,24000,50011,confirmed_global_exact,역할별 전역 exact 양방향 확정,50011,50011:54rows/3games,1,1,54,3,54,3,1.0,1,171,9,171,0,177,9,2
551,batter,24002,,unanchored_no_exact_evidence,exact 선수 매핑 근거 없음,,,0,0,0,0,0,0,,0,6,1,0,0,6,1,1
552,batter,24003,,unanchored_no_exact_evidence,exact 선수 매핑 근거 없음,,,0,0,0,0,0,0,,0,11,2,0,0,11,2,1
553,batter,24004,,unanchored_no_exact_evidence,exact 선수 매핑 근거 없음,,,0,0,0,0,0,0,,0,33,3,0,0,33,3,1
554,batter,24005,488681,confirmed_global_exact,역할별 전역 exact 양방향 확정,488681,488681:706rows/44games,1,1,706,44,706,44,1.0,1,1122,68,1122,0,1238,74,1
555,batter,24006,50214,confirmed_global_exact,역할별 전역 exact 양방향 확정,50214,50214:104rows/7games,1,1,104,7,104,7,1.0,2,160,11,160,0,182,12,2
556,batter,24007,608365,confirmed_global_exact,역할별 전역 exact 양방향 확정,608365,608365:1110rows/74games,1,1,1110,74,1110,74,1.0,2,1790,120,1789,1,1842,124,2
557,batter,24008,594953,confirmed_global_exact,역할별 전역 exact 양방향 확정,594953,594953:567rows/34games,1,1,567,34,567,34,1.0,1,788,48,788,0,834,51,1
558,batter,24009,643603,confirmed_global_exact,역할별 전역 exact 양방향 확정,643603,643603:89rows/6games,1,1,89,6,89,6,1.0,1,115,8,115,0,160,10,2
559,batter,24010,51100,confirmed_global_exact,역할별 전역 exact 양방향 확정,51100,51100:1130rows/103games,1,1,1130,103,1130,103,1.0,7,1846,173,1846,0,2116,194,8
560,batter,24014,51103,confirmed_global_exact,역할별 전역 exact 양방향 확정,51103,51103:65rows/10games,1,1,65,10,65,10,1.0,1,103,18,103,0,119,20,2
561,batter,24016,51106,confirmed_global_exact,역할별 전역 exact 양방향 확정,51106,51106:394rows/37games,1,1,394,37,394,37,1.0,3,1145,106,1141,4,1452,132,3
562,batter,24019,51112,confirmed_global_exact,역할별 전역 exact 양방향 확정,51112,51112:272rows/26games,1,1,272,26,272,26,1.0,3,664,73,656,8,742,80,3
563,batter,24022,,conflict_multiple_trackman_ids,한 Train 선수에 복수 Trackman ID,51003,51003:373rows/45games;68906:4rows/1games;75334:3rows/1games,3,1,373,45,380,45,0.9815789473684211,6,756,87,0,0,841,98,7
564,batter,24023,501660,confirmed_global_exact,역할별 전역 exact 양방향 확정,501660,501660:468rows/30games,1,1,468,30,468,30,1.0,1,915,57,912,3,981,60,1
565,batter,24024,51013,confirmed_global_exact,역할별 전역 exact 양방향 확정,51013,51013:58rows/4games,1,1,58,4,58,4,1.0,2,118,11,118,0,118,11,3
566,batter,24029,,unanchored_no_exact_evidence,exact 선수 매핑 근거 없음,,,0,0,0,0,0,0,,0,9,1,0,0,9,1,1
567,batter,24031,51005,confirmed_global_exact,역할별 전역 exact 양방향 확정,51005,51005:135rows/12games,1,1,135,12,135,12,1.0,4,340,28,340,0,370,30,5
568,batter,24033,51008,confirmed_global_exact,역할별 전역 exact 양방향 확정,51008,51008:10rows/1games,1,1,10,1,10,1,1.0,1,15,2,15,0,15,2,1
569,batter,24034,51009,confirmed_global_exact,역할별 전역 exact 양방향 확정,51009,51009:112rows/10games,1,1,112,10,112,10,1.0,4,228,21,228,0,250,23,4
570,batter,24035,51006,confirmed_global_exact,역할별 전역 exact 양방향 확정,51006,51006:38rows/4games,1,1,38,4,38,4,1.0,1,54,5,54,0,54,5,1
571,batter,24040,51551,confirmed_global_exact,역할별 전역 exact 양방향 확정,51551,51551:1531rows/105games,1,1,1531,105,1531,105,1.0,2,2435,165,2433,2,2795,189,5
572,batter,24041,51528,confirmed_global_exact,역할별 전역 exact 양방향 확정,51528,51528:669rows/73games,1,1,669,73,669,73,1.0,4,1091,115,1091,0,1272,132,6
573,batter,24046,51560,confirmed_global_exact,역할별 전역 exact 양방향 확정,51560,51560:130rows/14games,1,1,130,14,130,14,1.0,4,246,24,246,0,270,27,5
574,batter,24049,51574,confirmed_global_exact,역할별 전역 exact 양방향 확정,51574,51574:51rows/4games,1,1,51,4,51,4,1.0,3,87,7,87,0,129,10,4
575,batter,24050,51868,confirmed_global_exact,역할별 전역 exact 양방향 확정,51868,51868:985rows/75games,1,1,985,75,985,75,1.0,6,1522,120,1521,1,1687,129,6
576,batter,24054,51865,confirmed_global_exact,역할별 전역 exact 양방향 확정,51865,51865:526rows/62games,1,1,526,62,526,62,1.0,6,878,96,878,0,958,103,7
577,batter,24057,51860,confirmed_global_exact,역할별 전역 exact 양방향 확정,51860,51860:20rows/3games,1,1,20,3,20,3,1.0,1,47,7,47,0,47,7,1
578,batter,24058,51803,confirmed_global_exact,역할별 전역 exact 양방향 확정,51803,51803:5rows/1games,1,1,5,1,5,1,1.0,1,5,1,5,0,5,1,1
579,batter,24061,51805,confirmed_global_exact,역할별 전역 exact 양방향 확정,51805,51805:17rows/2games,1,1,17,2,17,2,1.0,2,45,4,45,0,58,6,2
580,batter,24066,51466,confirmed_global_exact,역할별 전역 exact 양방향 확정,51466,51466:24rows/2games,1,1,24,2,24,2,1.0,1,85,6,85,0,85,6,2
581,batter,24067,51468,confirmed_global_exact,역할별 전역 exact 양방향 확정,51468,51468:17rows/1games,1,1,17,1,17,1,1.0,1,27,2,27,0,32,3,1
582,batter,24068,51403,confirmed_global_exact,역할별 전역 exact 양방향 확정,51403,51403:390rows/39games,1,1,390,39,390,39,1.0,6,612,65,612,0,726,76,6
583,batter,24071,51407,confirmed_global_exact,역할별 전역 exact 양방향 확정,51407,51407:45rows/5games,1,1,45,5,45,5,1.0,2,89,11,89,0,109,14,3
584,batter,24072,51417,confirmed_global_exact,역할별 전역 exact 양방향 확정,51417,51417:2257rows/158games,1,1,2257,158,2257,158,1.0,5,3744,259,3744,0,4388,294,6
585,batter,24074,517369,confirmed_global_exact,역할별 전역 exact 양방향 확정,517369,517369:3644rows/230games,1,1,3644,230,3644,230,1.0,4,6061,382,6061,0,6754,423,4
586,batter,24075,51907,confirmed_global_exact,역할별 전역 exact 양방향 확정,51907,51907:3737rows/255games,1,1,3737,255,3737,255,1.0,5,5506,380,5503,3,5953,408,5
587,batter,24077,51991,confirmed_global_exact,역할별 전역 exact 양방향 확정,51991,51991:70rows/6games,1,1,70,6,70,6,1.0,5,155,12,155,0,249,17,5
588,batter,24079,51996,confirmed_global_exact,역할별 전역 exact 양방향 확정,51996,51996:37rows/7games,1,1,37,7,37,7,1.0,5,97,14,97,0,97,14,6
589,batter,24080,,unanchored_no_exact_evidence,exact 선수 매핑 근거 없음,,,0,0,0,0,0,0,,0,20,3,0,0,24,3,2
590,batter,24082,51903,confirmed_global_exact,역할별 전역 exact 양방향 확정,51903,51903:8rows/1games,1,1,8,1,8,1,1.0,1,8,1,8,0,8,1,1
591,batter,24086,51359,confirmed_global_exact,역할별 전역 exact 양방향 확정,51359,51359:408rows/27games,1,1,408,27,408,27,1.0,2,552,36,552,0,685,43,2
592,batter,24087,51344,confirmed_global_exact,역할별 전역 exact 양방향 확정,51344,51344:3992rows/242games,1,1,3992,242,3992,242,1.0,6,5943,365,5943,0,6348,393,7
593,batter,24090,51302,confirmed_global_exact,역할별 전역 exact 양방향 확정,51302,51302:291rows/27games,1,1,291,27,291,27,1.0,3,566,48,564,2,795,63,6
594,batter,24091,51303,confirmed_global_exact,역할별 전역 exact 양방향 확정,51303,51303:277rows/31games,1,1,277,31,277,31,1.0,6,526,57,525,1,593,67,7
595,batter,24092,51304,confirmed_global_exact,역할별 전역 exact 양방향 확정,51304,51304:6rows/1games,1,1,6,1,6,1,1.0,1,51,4,51,0,155,14,2
596,batter,24093,51305,confirmed_global_exact,역할별 전역 exact 양방향 확정,51305,51305:27rows/2games,1,1,27,2,27,2,1.0,1,193,16,193,0,412,32,3
597,batter,24095,,conflict_reverse_multiple_train_ids,Trackman ID가 복수 Train 선수로 역매핑,51307,51307:31rows/3games,1,2,31,3,31,3,1.0,2,154,15,0,0,296,24,4
598,batter,24096,,unanchored_no_exact_evidence,exact 선수 매핑 근거 없음,,,0,0,0,0,0,0,,0,4,1,0,0,8,2,1
599,batter,24098,51203,confirmed_global_exact,역할별 전역 exact 양방향 확정,51203,51203:1235rows/117games,1,1,1235,117,1235,117,1.0,3,1948,176,1948,0,2141,196,4
600,batter,24101,51269,confirmed_global_exact,역할별 전역 exact 양방향 확정,51269,51269:133rows/9games,1,1,133,9,133,9,1.0,3,206,18,206,0,206,18,4
601,batter,24103,51295,confirmed_global_exact,역할별 전역 exact 양방향 확정,51295,51295:55rows/4games,1,1,55,4,55,4,1.0,1,169,17,169,0,169,17,2
602,batter,24106,51298,confirmed_global_exact,역할별 전역 exact 양방향 확정,51298,51298:81rows/7games,1,1,81,7,81,7,1.0,2,203,22,203,0,216,24,5
603,batter,24108,51200,confirmed_global_exact,역할별 전역 exact 양방향 확정,51200,51200:63rows/7games,1,1,63,7,63,7,1.0,1,107,13,107,0,113,14,2
604,batter,24114,51205,confirmed_global_exact,역할별 전역 exact 양방향 확정,51205,51205:22rows/2games,1,1,22,2,22,2,1.0,1,33,4,33,0,33,4,1
605,batter,24119,51640,confirmed_global_exact,역할별 전역 exact 양방향 확정,51640,51640:21rows/2games,1,1,21,2,21,2,1.0,1,56,5,56,0,122,12,4
606,batter,24120,51605,confirmed_global_exact,역할별 전역 exact 양방향 확정,51605,51605:32rows/2games,1,1,32,2,32,2,1.0,2,63,5,63,0,166,13,3
607,batter,24121,,unanchored_no_exact_evidence,exact 선수 매핑 근거 없음,,,0,0,0,0,0,0,,0,0,0,0,0,4,1,1
608,batter,24122,51603,confirmed_global_exact,역할별 전역 exact 양방향 확정,51603,51603:19rows/1games,1,1,19,1,19,1,1.0,1,54,3,54,0,78,6,2
609,batter,24123,,unanchored_no_exact_evidence,exact 선수 매핑 근거 없음,,,0,0,0,0,0,0,,0,41,5,0,0,125,11,2
610,batter,24124,51604,confirmed_global_exact,역할별 전역 exact 양방향 확정,51604,51604:4rows/2games,1,1,4,2,4,2,1.0,2,22,4,22,0,158,21,6
611,batter,24127,,unanchored_no_exact_evidence,exact 선수 매핑 근거 없음,,,0,0,0,0,0,0,,0,0,0,0,0,7,2,1
612,batter,24128,51764,confirmed_global_exact,역할별 전역 exact 양방향 확정,51764,51764:164rows/13games,1,1,164,13,164,13,1.0,6,478,35,478,0,564,41,7
613,batter,24130,51767,confirmed_global_exact,역할별 전역 exact 양방향 확정,51767,51767:97rows/7games,1,1,97,7,97,7,1.0,3,316,24,316,0,320,24,4
614,batter,24132,51762,confirmed_global_exact,역할별 전역 exact 양방향 확정,51762,51762:128rows/15games,1,1,128,15,128,15,1.0,4,308,28,308,0,355,34,6
615,batter,24134,51701,confirmed_global_exact,역할별 전역 exact 양방향 확정,51701,51701:123rows/13games,1,1,123,13,123,13,1.0,4,284,26,284,0,311,29,5
616,batter,24137,51704,confirmed_global_exact,역할별 전역 exact 양방향 확정,51704,51704:78rows/9games,1,1,78,9,78,9,1.0,3,154,18,149,5,154,18,3
617,batter,24139,592387,confirmed_global_exact,역할별 전역 exact 양방향 확정,592387,592387:469rows/32games,1,1,469,32,469,32,1.0,1,983,63,982,1,1039,66,1
618,batter,24141,51707,confirmed_global_exact,역할별 전역 exact 양방향 확정,51707,51707:12rows/3games,1,1,12,3,12,3,1.0,2,65,8,65,0,73,9,2
619,batter,24142,51708,confirmed_global_exact,역할별 전역 exact 양방향 확정,51708,51708:7rows/1games,1,1,7,1,7,1,1.0,1,37,3,37,0,39,3,1
620,batter,24143,571679,confirmed_global_exact,역할별 전역 exact 양방향 확정,571679,571679:284rows/22games,1,1,284,22,284,22,1.0,1,577,44,577,0,606,46,2
621,batter,24144,425783,confirmed_global_exact,역할별 전역 exact 양방향 확정,425783,425783:4007rows/241games,1,1,4007,241,4007,241,1.0,4,6896,408,6896,0,7476,440,4
622,batter,24145,51706,confirmed_global_exact,역할별 전역 exact 양방향 확정,51706,51706:192rows/17games,1,1,192,17,192,17,1.0,3,376,34,376,0,398,36,5
623,batter,24148,571506,confirmed_global_exact,역할별 전역 exact 양방향 확정,571506,571506:412rows/26games,1,1,412,26,412,26,1.0,2,593,39,593,0,599,39,2
624,batter,24149,643269,confirmed_global_exact,역할별 전역 exact 양방향 확정,643269,643269:466rows/32games,1,1,466,32,466,32,1.0,1,816,55,816,0,907,61,1
625,batter,24150,541650,confirmed_global_exact,역할별 전역 exact 양방향 확정,541650,541650:593rows/35games,1,1,593,35,593,35,1.0,1,947,57,944,3,1020,60,2
626,batter,24155,,conflict_reverse_multiple_train_ids,Trackman ID가 복수 Train 선수로 역매핑,52154,52154:168rows/18games,1,2,168,18,168,18,1.0,3,472,47,0,0,589,63,3
627,batter,24158,52103,confirmed_global_exact,역할별 전역 exact 양방향 확정,52103,52103:344rows/39games,1,1,344,39,344,39,1.0,3,508,57,508,0,573,63,4
628,batter,24159,52105,confirmed_global_exact,역할별 전역 exact 양방향 확정,52105,52105:306rows/35games,1,1,306,35,306,35,1.0,3,693,83,693,0,833,101,4
629,batter,24160,52121,confirmed_global_exact,역할별 전역 exact 양방향 확정,52121,52121:169rows/13games,1,1,169,13,169,13,1.0,2,743,74,739,4,1023,98,2
630,batter,24162,52124,confirmed_global_exact,역할별 전역 exact 양방향 확정,52124,52124:6rows/1games,1,1,6,1,6,1,1.0,1,16,2,6,10,1256,111,2
631,batter,24163,547004,confirmed_global_exact,역할별 전역 exact 양방향 확정,547004,547004:211rows/16games,1,1,211,16,211,16,1.0,2,406,31,403,3,508,38,2
632,batter,24171,52803,confirmed_global_exact,역할별 전역 exact 양방향 확정,52803,52803:47rows/4games,1,1,47,4,47,4,1.0,1,156,13,156,0,189,16,2
633,batter,24174,52805,confirmed_global_exact,역할별 전역 exact 양방향 확정,52805,52805:15rows/1games,1,1,15,1,15,1,1.0,1,78,7,78,0,89,9,3
634,batter,24175,52804,confirmed_global_exact,역할별 전역 exact 양방향 확정,52804,52804:39rows/6games,1,1,39,6,39,6,1.0,2,87,14,87,0,153,18,2
635,batter,24176,52807,confirmed_global_exact,역할별 전역 exact 양방향 확정,52807,52807:19rows/2games,1,1,19,2,19,2,1.0,2,42,6,42,0,109,11,2
636,batter,24177,605196,confirmed_global_exact,역할별 전역 exact 양방향 확정,605196,605196:364rows/26games,1,1,364,26,364,26,1.0,1,928,64,922,6,1032,69,2
637,batter,24180,52348,confirmed_global_exact,역할별 전역 exact 양방향 확정,52348,52348:718rows/56games,1,1,718,56,718,56,1.0,4,1332,99,1332,0,1468,108,4
638,batter,24186,52398,confirmed_global_exact,역할별 전역 exact 양방향 확정,52398,52398:9rows/1games,1,1,9,1,9,1,1.0,1,29,2,29,0,33,4,2
639,batter,24187,52301,confirmed_global_exact,역할별 전역 exact 양방향 확정,52301,52301:33rows/4games,1,1,33,4,33,4,1.0,1,46,6,46,0,71,8,2
640,batter,24188,,unanchored_no_exact_evidence,exact 선수 매핑 근거 없음,,,0,0,0,0,0,0,,0,2,1,0,0,10,3,1
641,batter,24189,,unanchored_no_exact_evidence,exact 선수 매핑 근거 없음,,,0,0,0,0,0,0,,0,0,0,0,0,4,1,1
642,batter,24190,,unanchored_no_exact_evidence,exact 선수 매핑 근거 없음,,,0,0,0,0,0,0,,0,13,2,0,0,62,6,1
643,batter,24191,52305,confirmed_global_exact,역할별 전역 exact 양방향 확정,52305,52305:470rows/43games,1,1,470,43,470,43,1.0,4,794,72,794,0,934,85,5
644,batter,24194,624577,confirmed_global_exact,역할별 전역 exact 양방향 확정,624577,624577:1073rows/65games,1,1,1073,65,1073,65,1.0,1,1927,115,1927,0,2100,125,1
645,batter,24195,,unanchored_no_exact_evidence,exact 선수 매핑 근거 없음,,,0,0,0,0,0,0,,0,27,2,0,0,27,2,1
646,batter,24200,,unanchored_no_exact_evidence,exact 선수 매핑 근거 없음,,,0,0,0,0,0,0,,0,31,3,0,0,31,3,1
647,batter,24204,,unanchored_no_exact_evidence,exact 선수 매핑 근거 없음,,,0,0,0,0,0,0,,0,21,2,0,0,21,2,1
648,batter,24206,52906,confirmed_global_exact,역할별 전역 exact 양방향 확정,52906,52906:47rows/3games,1,1,47,3,47,3,1.0,1,71,6,71,0,71,6,3
649,batter,24207,605361,confirmed_global_exact,역할별 전역 exact 양방향 확정,605361,605361:1254rows/80games,1,1,1254,80,1254,80,1.0,1,2007,128,2007,0,2197,139,1
650,batter,24210,52516,confirmed_global_exact,역할별 전역 exact 양방향 확정,52516,52516:125rows/12games,1,1,125,12,125,12,1.0,2,400,34,400,0,600,45,4
651,batter,24212,52591,confirmed_global_exact,역할별 전역 exact 양방향 확정,52591,52591:2598rows/146games,1,1,2598,146,2598,146,1.0,3,4006,222,4005,1,4446,249,4
652,batter,24213,,unanchored_no_exact_evidence,exact 선수 매핑 근거 없음,,,0,0,0,0,0,0,,0,5,1,0,0,5,1,1
653,batter,24214,52568,confirmed_global_exact,역할별 전역 exact 양방향 확정,52568,52568:119rows/15games,1,1,119,15,119,15,1.0,2,321,36,321,0,468,48,4
654,batter,24215,,conflict_multiple_trackman_ids,한 Train 선수에 복수 Trackman ID,52504,52504:83rows/15games;622682:3rows/1games,2,1,83,15,86,15,0.9651162790697675,2,110,18,0,0,154,22,3
655,batter,24216,,unanchored_no_exact_evidence,exact 선수 매핑 근거 없음,,,0,0,0,0,0,0,,0,0,0,0,0,9,1,1
656,batter,24217,,unanchored_no_exact_evidence,exact 선수 매핑 근거 없음,,,0,0,0,0,0,0,,0,33,3,0,0,80,6,1
657,batter,24218,,unanchored_no_exact_evidence,exact 선수 매핑 근거 없음,,,0,0,0,0,0,0,,0,60,3,0,0,127,8,2
658,batter,24219,52514,confirmed_global_exact,역할별 전역 exact 양방향 확정,52514,52514:20rows/2games,1,1,20,2,20,2,1.0,2,45,6,45,0,46,6,2
659,batter,24220,,unanchored_no_exact_evidence,exact 선수 매핑 근거 없음,,,0,0,0,0,0,0,,0,46,3,0,0,57,4,1
660,batter,24221,656847,confirmed_global_exact,역할별 전역 exact 양방향 확정,656847,656847:512rows/36games,1,1,512,36,512,36,1.0,1,1141,76,1139,2,1287,85,1
661,batter,24225,52267,confirmed_global_exact,역할별 전역 exact 양방향 확정,52267,52267:23rows/2games,1,1,23,2,23,2,1.0,2,181,14,181,0,194,16,2
662,batter,24227,52294,confirmed_global_exact,역할별 전역 exact 양방향 확정,52294,52294:8rows/1games,1,1,8,1,8,1,1.0,1,245,22,245,0,271,23,2
663,batter,24230,52210,confirmed_global_exact,역할별 전역 exact 양방향 확정,52210,52210:7rows/1games,1,1,7,1,7,1,1.0,1,81,9,81,0,90,11,2
664,batter,24232,,unanchored_no_exact_evidence,exact 선수 매핑 근거 없음,,,0,0,0,0,0,0,,0,127,11,0,0,150,13,2
665,batter,24233,,unanchored_no_exact_evidence,exact 선수 매핑 근거 없음,,,0,0,0,0,0,0,,0,14,3,0,0,14,3,1
666,batter,24235,52208,confirmed_global_exact,역할별 전역 exact 양방향 확정,52208,52208:12rows/3games,1,1,12,3,12,3,1.0,1,60,11,60,0,64,12,2
667,batter,24236,52209,confirmed_global_exact,역할별 전역 exact 양방향 확정,52209,52209:32rows/4games,1,1,32,4,32,4,1.0,2,79,10,79,0,88,11,2
668,batter,24238,,unanchored_no_exact_evidence,exact 선수 매핑 근거 없음,,,0,0,0,0,0,0,,0,17,2,0,0,17,2,1
669,batter,24242,52764,confirmed_global_exact,역할별 전역 exact 양방향 확정,52764,52764:60rows/5games,1,1,60,5,60,5,1.0,4,322,27,322,0,417,34,5
670,batter,24243,52765,confirmed_global_exact,역할별 전역 exact 양방향 확정,52765,52765:8rows/1games,1,1,8,1,8,1,1.0,1,73,7,73,0,73,7,2
671,batter,24245,666247,confirmed_global_exact,역할별 전역 exact 양방향 확정,666247,666247:470rows/53games,1,1,470,53,470,53,1.0,5,1154,109,1154,0,1222,115,6
672,batter,24250,,unanchored_no_exact_evidence,exact 선수 매핑 근거 없음,,,0,0,0,0,0,0,,0,18,2,0,0,18,2,1
673,batter,24251,643565,confirmed_global_exact,역할별 전역 exact 양방향 확정,643565,643565:1173rows/69games,1,1,1173,69,1173,69,1.0,1,2292,128,2292,0,2605,144,1
674,batter,24255,52001,confirmed_global_exact,역할별 전역 exact 양방향 확정,52001,52001:144rows/13games,1,1,144,13,144,13,1.0,3,210,20,210,0,221,22,3
675,batter,24260,52002,confirmed_global_exact,역할별 전역 exact 양방향 확정,52002,52002:62rows/8games,1,1,62,8,62,8,1.0,2,169,21,169,0,170,21,4
676,batter,24263,592656,confirmed_global_exact,역할별 전역 exact 양방향 확정,592656,592656:891rows/54games,1,1,891,54,891,54,1.0,2,1434,87,1434,0,1612,98,2
677,batter,24264,52605,confirmed_global_exact,역할별 전역 exact 양방향 확정,52605,52605:1526rows/91games,1,1,1526,91,1526,91,1.0,3,2339,143,2339,0,4868,305,3
678,batter,24266,52667,confirmed_global_exact,역할별 전역 exact 양방향 확정,52667,52667:14rows/1games,1,1,14,1,14,1,1.0,1,29,2,29,0,130,10,3
679,batter,24270,593647,confirmed_global_exact,역할별 전역 exact 양방향 확정,593647,593647:1986rows/128games,1,1,1986,128,1986,128,1.0,3,3063,196,3063,0,6402,408,3
680,batter,24272,52415,confirmed_global_exact,역할별 전역 exact 양방향 확정,52415,52415:2913rows/186games,1,1,2913,186,2913,186,1.0,3,4610,296,4610,0,5036,326,3
681,batter,24273,52430,confirmed_global_exact,역할별 전역 exact 양방향 확정,52430,52430:1425rows/108games,1,1,1425,108,1425,108,1.0,3,2247,167,2247,0,2434,179,3
682,batter,24274,52424,confirmed_global_exact,역할별 전역 exact 양방향 확정,52424,52424:212rows/21games,1,1,212,21,212,21,1.0,3,363,36,363,0,500,48,5
683,batter,24278,52405,confirmed_global_exact,역할별 전역 exact 양방향 확정,52405,52405:80rows/14games,1,1,80,14,80,14,1.0,3,172,23,172,0,243,30,4
684,batter,24280,52402,confirmed_global_exact,역할별 전역 exact 양방향 확정,52402,52402:88rows/10games,1,1,88,10,88,10,1.0,3,130,13,130,0,130,13,3
685,batter,24282,,unanchored_no_exact_evidence,exact 선수 매핑 근거 없음,,,0,0,0,0,0,0,,0,87,6,0,0,87,6,2
686,batter,24284,,unanchored_no_exact_evidence,exact 선수 매핑 근거 없음,,,0,0,0,0,0,0,,0,3,1,0,0,16,3,1
687,batter,24287,52628,confirmed_global_exact,역할별 전역 exact 양방향 확정,52628,52628:35rows/2games,1,1,35,2,35,2,1.0,1,92,6,92,0,167,12,2
688,batter,24288,,unanchored_no_exact_evidence,exact 선수 매핑 근거 없음,,,0,0,0,0,0,0,,0,43,3,0,0,51,5,2
689,batter,24290,52634,confirmed_global_exact,역할별 전역 exact 양방향 확정,52634,52634:15rows/1games,1,1,15,1,15,1,1.0,1,15,1,15,0,63,5,1
690,batter,24292,,unanchored_no_exact_evidence,exact 선수 매핑 근거 없음,,,0,0,0,0,0,0,,0,0,0,0,0,28,2,1
691,batter,24295,,unanchored_no_exact_evidence,exact 선수 매핑 근거 없음,,,0,0,0,0,0,0,,0,29,3,0,0,29,3,1
692,batter,24296,52704,confirmed_global_exact,역할별 전역 exact 양방향 확정,52704,52704:139rows/18games,1,1,139,18,139,18,1.0,4,253,34,252,1,257,35,5
693,batter,24297,52705,confirmed_global_exact,역할별 전역 exact 양방향 확정,52705,52705:146rows/16games,1,1,146,16,146,16,1.0,3,418,39,418,0,437,41,4
694,batter,24299,52710,confirmed_global_exact,역할별 전역 exact 양방향 확정,52710,52710:64rows/5games,1,1,64,5,64,5,1.0,3,199,18,199,0,218,20,4
695,batter,24301,546990,confirmed_global_exact,역할별 전역 exact 양방향 확정,546990,546990:2127rows/128games,1,1,2127,128,2127,128,1.0,2,3236,196,3236,0,3519,212,2
696,batter,24302,,unanchored_no_exact_evidence,exact 선수 매핑 근거 없음,,,0,0,0,0,0,0,,0,38,3,0,0,64,5,1
697,batter,24304,596825,confirmed_global_exact,역할별 전역 exact 양방향 확정,596825,596825:462rows/28games,1,1,462,28,462,28,1.0,1,697,43,694,3,780,47,2
698,batter,24308,501571,confirmed_global_exact,역할별 전역 exact 양방향 확정,501571,501571:339rows/20games,1,1,339,20,339,20,1.0,1,607,39,607,0,789,51,2
699,batter,24309,676646,confirmed_global_exact,역할별 전역 exact 양방향 확정,676646,676646:1094rows/61games,1,1,1094,61,1094,61,1.0,2,1793,101,1793,0,1968,111,2
700,batter,24315,53992,confirmed_global_exact,역할별 전역 exact 양방향 확정,53992,53992:331rows/33games,1,1,331,33,331,33,1.0,3,430,43,430,0,448,46,4
701,batter,24316,53991,confirmed_global_exact,역할별 전역 exact 양방향 확정,53991,53991:35rows/4games,1,1,35,4,35,4,1.0,2,39,5,39,0,39,5,2
702,batter,24325,53990,confirmed_global_exact,역할별 전역 exact 양방향 확정,53990,53990:6rows/1games,1,1,6,1,6,1,1.0,1,19,2,19,0,19,2,1
703,batter,24326,641829,confirmed_global_exact,역할별 전역 exact 양방향 확정,641829,641829:1531rows/85games,1,1,1531,85,1531,85,1.0,1,1974,111,1972,2,2076,117,1
704,batter,24331,53293,confirmed_global_exact,역할별 전역 exact 양방향 확정,53293,53293:22rows/4games,1,1,22,4,22,4,1.0,2,121,18,121,0,131,19,2
705,batter,24332,53296,confirmed_global_exact,역할별 전역 exact 양방향 확정,53296,53296:32rows/4games,1,1,32,4,32,4,1.0,3,90,12,90,0,114,16,4
706,batter,24335,53204,confirmed_global_exact,역할별 전역 exact 양방향 확정,53204,53204:30rows/6games,1,1,30,6,30,6,1.0,2,106,15,106,0,106,15,3
707,batter,24336,53205,confirmed_global_exact,역할별 전역 exact 양방향 확정,53205,53205:25rows/2games,1,1,25,2,25,2,1.0,1,105,8,105,0,105,8,1
708,batter,24341,670351,confirmed_global_exact,역할별 전역 exact 양방향 확정,670351,670351:1151rows/76games,1,1,1151,76,1151,76,1.0,1,1686,109,1686,0,1913,122,1
709,batter,24342,53144,confirmed_global_exact,역할별 전역 exact 양방향 확정,53144,53144:834rows/69games,1,1,834,69,834,69,1.0,4,1797,144,1795,2,2019,159,4
710,batter,24345,53160,confirmed_global_exact,역할별 전역 exact 양방향 확정,53160,53160:116rows/15games,1,1,116,15,116,15,1.0,1,350,36,350,0,376,39,1
711,batter,24348,53168,confirmed_global_exact,역할별 전역 exact 양방향 확정,53168,53168:218rows/17games,1,1,218,17,218,17,1.0,1,587,58,587,0,728,69,1
712,batter,24350,53105,confirmed_global_exact,역할별 전역 exact 양방향 확정,53105,53105:147rows/16games,1,1,147,16,147,16,1.0,2,437,49,434,3,531,61,2
713,batter,24351,,unanchored_no_exact_evidence,exact 선수 매핑 근거 없음,,,0,0,0,0,0,0,,0,62,7,0,0,93,9,1
714,batter,24352,53104,confirmed_global_exact,역할별 전역 exact 양방향 확정,53104,53104:21rows/3games,1,1,21,3,21,3,1.0,1,270,31,270,0,355,38,1
715,batter,24353,53103,confirmed_global_exact,역할별 전역 exact 양방향 확정,53103,53103:122rows/12games,1,1,122,12,122,12,1.0,1,509,50,509,0,629,59,1
716,batter,24354,621573,confirmed_global_exact,역할별 전역 exact 양방향 확정,621573,621573:3035rows/190games,1,1,3035,190,3035,190,1.0,2,4234,262,4234,0,4509,279,2
717,batter,24356,53764,confirmed_global_exact,역할별 전역 exact 양방향 확정,53764,53764:1883rows/152games,1,1,1883,152,1883,152,1.0,3,2663,216,2663,0,2801,232,3
718,batter,24357,53795,confirmed_global_exact,역할별 전역 exact 양방향 확정,53795,53795:86rows/9games,1,1,86,9,86,9,1.0,3,156,16,156,0,164,17,3
719,batter,24359,,unanchored_no_exact_evidence,exact 선수 매핑 근거 없음,,,0,0,0,0,0,0,,0,2,1,0,0,2,1,1
720,batter,24362,53705,confirmed_global_exact,역할별 전역 exact 양방향 확정,53705,53705:8rows/1games,1,1,8,1,8,1,1.0,1,11,2,11,0,11,2,1
721,batter,24366,53710,confirmed_global_exact,역할별 전역 exact 양방향 확정,53710,53710:1rows/1games,1,1,1,1,1,1,1.0,1,5,2,5,0,5,2,1
722,batter,24368,53715,confirmed_global_exact,역할별 전역 exact 양방향 확정,53715,53715:3rows/1games,1,1,3,1,3,1,1.0,1,29,4,29,0,29,4,1
723,batter,24371,657434,confirmed_global_exact,역할별 전역 exact 양방향 확정,657434,657434:239rows/13games,1,1,239,13,239,13,1.0,2,407,23,407,0,433,25,2
724,batter,24372,53554,confirmed_global_exact,역할별 전역 exact 양방향 확정,53554,53554:1233rows/95games,1,1,1233,95,1233,95,1.0,2,1899,146,1898,1,2094,160,3
725,batter,24375,53568,confirmed_global_exact,역할별 전역 exact 양방향 확정,53568,53568:186rows/15games,1,1,186,15,186,15,1.0,4,258,22,258,0,307,27,4
726,batter,24379,,unanchored_no_exact_evidence,exact 선수 매핑 근거 없음,,,0,0,0,0,0,0,,0,0,0,0,0,23,4,2
727,batter,24381,53598,confirmed_global_exact,역할별 전역 exact 양방향 확정,53598,53598:5rows/1games,1,1,5,1,5,1,1.0,1,10,2,10,0,13,2,1
728,batter,24382,53505,confirmed_global_exact,역할별 전역 exact 양방향 확정,53505,53505:2rows/1games,1,1,2,1,2,1,1.0,1,18,3,18,0,56,6,2
729,batter,24383,53569,confirmed_global_exact,역할별 전역 exact 양방향 확정,53569,53569:167rows/25games,1,1,167,25,167,25,1.0,3,208,32,208,0,270,37,3
730,batter,24385,53587,confirmed_global_exact,역할별 전역 exact 양방향 확정,53587,53587:70rows/7games,1,1,70,7,70,7,1.0,2,94,9,94,0,135,13,2
731,batter,24386,53597,confirmed_global_exact,역할별 전역 exact 양방향 확정,53597,53597:12rows/1games,1,1,12,1,12,1,1.0,1,44,3,44,0,44,3,1
732,batter,24390,53659,confirmed_global_exact,역할별 전역 exact 양방향 확정,53659,53659:35rows/2games,1,1,35,2,35,2,1.0,1,57,3,57,0,84,6,1
733,batter,24396,53618,confirmed_global_exact,역할별 전역 exact 양방향 확정,53618,53618:15rows/1games,1,1,15,1,15,1,1.0,1,26,3,26,0,56,7,2
734,batter,24397,53619,confirmed_global_exact,역할별 전역 exact 양방향 확정,53619,53619:15rows/1games,1,1,15,1,15,1,1.0,1,21,2,21,0,40,5,2
735,batter,24398,53312,confirmed_global_exact,역할별 전역 exact 양방향 확정,53312,53312:785rows/62games,1,1,785,62,785,62,1.0,3,1113,88,1113,0,1246,97,4
736,batter,24400,53344,confirmed_global_exact,역할별 전역 exact 양방향 확정,53344,53344:612rows/55games,1,1,612,55,612,55,1.0,1,919,85,919,0,1023,93,3
737,batter,24402,53302,confirmed_global_exact,역할별 전역 exact 양방향 확정,53302,53302:253rows/25games,1,1,253,25,253,25,1.0,4,380,42,377,3,410,44,4
738,batter,24403,53303,confirmed_global_exact,역할별 전역 exact 양방향 확정,53303,53303:92rows/10games,1,1,92,10,92,10,1.0,3,188,16,188,0,201,18,3
739,batter,24404,53304,confirmed_global_exact,역할별 전역 exact 양방향 확정,53304,53304:75rows/6games,1,1,75,6,75,6,1.0,1,97,8,97,0,97,8,1
740,batter,24405,,conflict_multiple_trackman_ids,한 Train 선수에 복수 Trackman ID,53305,53305:87rows/11games;51307:6rows/1games,2,1,87,11,93,11,0.9354838709677419,3,104,15,0,0,108,16,3
741,batter,24406,,unanchored_no_exact_evidence,exact 선수 매핑 근거 없음,,,0,0,0,0,0,0,,0,9,1,0,0,9,1,1
742,batter,24407,53307,confirmed_global_exact,역할별 전역 exact 양방향 확정,53307,53307:17rows/2games,1,1,17,2,17,2,1.0,1,17,2,17,0,17,2,1
743,batter,24408,53308,confirmed_global_exact,역할별 전역 exact 양방향 확정,53308,53308:28rows/1games,1,1,28,1,28,1,1.0,1,34,2,34,0,34,2,1
744,batter,24409,53309,confirmed_global_exact,역할별 전역 exact 양방향 확정,53309,53309:22rows/3games,1,1,22,3,22,3,1.0,1,39,5,39,0,39,5,2
745,batter,24413,53400,confirmed_global_exact,역할별 전역 exact 양방향 확정,53400,53400:266rows/31games,1,1,266,31,266,31,1.0,3,410,47,410,0,457,50,4
746,batter,24416,53460,confirmed_global_exact,역할별 전역 exact 양방향 확정,53460,53460:11rows/1games,1,1,11,1,11,1,1.0,1,30,3,30,0,57,5,1
747,batter,24418,53404,confirmed_global_exact,역할별 전역 exact 양방향 확정,53404,53404:166rows/13games,1,1,166,13,166,13,1.0,4,306,27,306,0,378,32,5
748,batter,24419,,unanchored_no_exact_evidence,exact 선수 매핑 근거 없음,,,0,0,0,0,0,0,,0,24,3,0,0,24,3,1
749,batter,24421,53416,confirmed_global_exact,역할별 전역 exact 양방향 확정,53416,53416:3rows/1games,1,1,3,1,3,1,1.0,1,39,4,39,0,39,4,2
750,batter,24426,53058,confirmed_global_exact,역할별 전역 exact 양방향 확정,53058,53058:298rows/29games,1,1,298,29,298,29,1.0,3,612,57,612,0,620,59,4
751,batter,24427,53057,confirmed_global_exact,역할별 전역 exact 양방향 확정,53057,53057:25rows/3games,1,1,25,3,25,3,1.0,1,55,7,55,0,55,7,2
752,batter,24430,53036,confirmed_global_exact,역할별 전역 exact 양방향 확정,53036,53036:54rows/6games,1,1,54,6,54,6,1.0,1,117,13,117,0,137,15,3
753,batter,24437,,unanchored_no_exact_evidence,exact 선수 매핑 근거 없음,,,0,0,0,0,0,0,,0,7,2,0,0,7,2,1
754,batter,24438,,unanchored_no_exact_evidence,exact 선수 매핑 근거 없음,,,0,0,0,0,0,0,,0,5,1,0,0,5,1,1
755,batter,24439,628338,confirmed_global_exact,역할별 전역 exact 양방향 확정,628338,628338:2492rows/168games,1,1,2492,168,2492,168,1.0,2,3709,244,3708,1,3936,257,2
756,batter,24442,53844,confirmed_global_exact,역할별 전역 exact 양방향 확정,53844,53844:38rows/3games,1,1,38,3,38,3,1.0,2,125,9,125,0,128,9,2
757,batter,24443,53865,confirmed_global_exact,역할별 전역 exact 양방향 확정,53865,53865:53rows/6games,1,1,53,6,53,6,1.0,3,189,17,189,0,195,17,3
758,batter,24445,53893,confirmed_global_exact,역할별 전역 exact 양방향 확정,53893,53893:26rows/3games,1,1,26,3,26,3,1.0,2,116,12,116,0,119,13,2
759,batter,24448,53803,confirmed_global_exact,역할별 전역 exact 양방향 확정,53803,53803:18rows/4games,1,1,18,4,18,4,1.0,2,131,13,131,0,131,13,2
760,batter,24457,53611,confirmed_global_exact,역할별 전역 exact 양방향 확정,53611,53611:14rows/1games,1,1,14,1,14,1,1.0,1,30,2,30,0,30,2,1
761,batter,24458,53610,confirmed_global_exact,역할별 전역 exact 양방향 확정,53610,53610:16rows/1games,1,1,16,1,16,1,1.0,1,16,1,16,0,16,1,1
762,batter,24462,608384,confirmed_global_exact,역할별 전역 exact 양방향 확정,608384,608384:654rows/42games,1,1,654,42,654,42,1.0,1,956,63,956,0,1002,68,1
763,batter,24464,592348,confirmed_global_exact,역할별 전역 exact 양방향 확정,592348,592348:507rows/30games,1,1,507,30,507,30,1.0,1,737,44,737,0,809,50,1
764,batter,24466,669008,confirmed_global_exact,역할별 전역 exact 양방향 확정,669008,669008:1580rows/97games,1,1,1580,97,1580,97,1.0,2,2351,143,2351,0,2499,152,2
765,batter,24470,54567,confirmed_global_exact,역할별 전역 exact 양방향 확정,54567,54567:7rows/2games,1,1,7,2,7,2,1.0,1,25,4,25,0,25,4,2
766,batter,24471,54598,confirmed_global_exact,역할별 전역 exact 양방향 확정,54598,54598:26rows/4games,1,1,26,4,26,4,1.0,1,31,5,31,0,43,7,2
767,batter,24472,54512,confirmed_global_exact,역할별 전역 exact 양방향 확정,54512,54512:19rows/2games,1,1,19,2,19,2,1.0,1,28,3,28,0,47,4,1
768,batter,24473,,unanchored_no_exact_evidence,exact 선수 매핑 근거 없음,,,0,0,0,0,0,0,,0,12,2,0,0,19,3,1
769,batter,24474,54511,confirmed_global_exact,역할별 전역 exact 양방향 확정,54511,54511:10rows/1games,1,1,10,1,10,1,1.0,1,10,1,10,0,16,2,1
770,batter,24475,54507,confirmed_global_exact,역할별 전역 exact 양방향 확정,54507,54507:14rows/3games,1,1,14,3,14,3,1.0,2,18,4,18,0,39,5,2
771,batter,24476,54509,confirmed_global_exact,역할별 전역 exact 양방향 확정,54509,54509:13rows/2games,1,1,13,2,13,2,1.0,1,26,4,26,0,26,4,1
772,batter,24479,54166,confirmed_global_exact,역할별 전역 exact 양방향 확정,54166,54166:417rows/33games,1,1,417,33,417,33,1.0,2,746,59,746,0,850,67,2
773,batter,24480,54156,confirmed_global_exact,역할별 전역 exact 양방향 확정,54156,54156:290rows/33games,1,1,290,33,290,33,1.0,1,594,74,593,1,756,90,1
774,batter,24481,54164,confirmed_global_exact,역할별 전역 exact 양방향 확정,54164,54164:82rows/14games,1,1,82,14,82,14,1.0,2,216,33,216,0,244,37,2
775,batter,24489,54107,confirmed_global_exact,역할별 전역 exact 양방향 확정,54107,54107:25rows/4games,1,1,25,4,25,4,1.0,1,64,8,64,0,84,10,1
776,batter,24490,54108,confirmed_global_exact,역할별 전역 exact 양방향 확정,54108,54108:436rows/38games,1,1,436,38,436,38,1.0,1,897,80,897,0,1119,96,1
777,batter,24491,54110,confirmed_global_exact,역할별 전역 exact 양방향 확정,54110,54110:85rows/16games,1,1,85,16,85,16,1.0,1,267,39,267,0,302,43,1
778,batter,24492,54112,confirmed_global_exact,역할별 전역 exact 양방향 확정,54112,54112:405rows/32games,1,1,405,32,405,32,1.0,2,678,57,678,0,738,63,2
779,batter,24493,54116,confirmed_global_exact,역할별 전역 exact 양방향 확정,54116,54116:26rows/4games,1,1,26,4,26,4,1.0,1,38,9,38,0,43,10,1
780,batter,24496,54805,confirmed_global_exact,역할별 전역 exact 양방향 확정,54805,54805:652rows/52games,1,1,652,52,652,52,1.0,2,936,72,936,0,998,77,2
781,batter,24497,54806,confirmed_global_exact,역할별 전역 exact 양방향 확정,54806,54806:34rows/3games,1,1,34,3,34,3,1.0,1,80,6,80,0,80,6,1
782,batter,24500,54812,confirmed_global_exact,역할별 전역 exact 양방향 확정,54812,54812:711rows/57games,1,1,711,57,711,57,1.0,2,1044,88,1044,0,1109,95,2
783,batter,24501,,conflict_reverse_multiple_train_ids,Trackman ID가 복수 Train 선수로 역매핑,54815,54815:166rows/18games,1,2,166,18,166,18,1.0,2,294,28,0,0,298,29,2
784,batter,24503,54814,confirmed_global_exact,역할별 전역 exact 양방향 확정,54814,54814:61rows/4games,1,1,61,4,61,4,1.0,1,99,8,99,0,99,8,1
785,batter,24505,,unanchored_no_exact_evidence,exact 선수 매핑 근거 없음,,,0,0,0,0,0,0,,0,13,1,0,0,15,1,1
786,batter,24507,54813,confirmed_global_exact,역할별 전역 exact 양방향 확정,54813,54813:116rows/6games,1,1,116,6,116,6,1.0,1,199,10,199,0,199,10,1
787,batter,24510,571602,confirmed_global_exact,역할별 전역 exact 양방향 확정,571602,571602:1433rows/90games,1,1,1433,90,1433,90,1.0,1,2040,124,2040,0,2150,131,1
788,batter,24517,54905,confirmed_global_exact,역할별 전역 exact 양방향 확정,54905,54905:49rows/6games,1,1,49,6,49,6,1.0,2,57,7,57,0,67,8,2
789,batter,24520,54908,confirmed_global_exact,역할별 전역 exact 양방향 확정,54908,54908:54rows/4games,1,1,54,4,54,4,1.0,1,54,4,54,0,54,4,1
790,batter,24521,54909,confirmed_global_exact,역할별 전역 exact 양방향 확정,54909,54909:21rows/3games,1,1,21,3,21,3,1.0,1,21,3,21,0,21,3,1
791,batter,24526,,conflict_reverse_multiple_train_ids,Trackman ID가 복수 Train 선수로 역매핑,622682,622682:1449rows/87games,1,2,1449,87,1449,87,1.0,1,2218,131,0,0,2442,144,1
792,batter,24528,54205,confirmed_global_exact,역할별 전역 exact 양방향 확정,54205,54205:70rows/9games,1,1,70,9,70,9,1.0,2,113,14,113,0,113,14,2
793,batter,24529,54236,confirmed_global_exact,역할별 전역 exact 양방향 확정,54236,54236:123rows/9games,1,1,123,9,123,9,1.0,2,213,15,213,0,221,16,2
794,batter,24530,54268,confirmed_global_exact,역할별 전역 exact 양방향 확정,54268,54268:46rows/5games,1,1,46,5,46,5,1.0,1,90,9,90,0,90,9,1
795,batter,24532,54214,confirmed_global_exact,역할별 전역 exact 양방향 확정,54214,54214:194rows/20games,1,1,194,20,194,20,1.0,2,267,26,267,0,290,29,2
796,batter,24534,,conflict_reverse_multiple_train_ids,Trackman ID가 복수 Train 선수로 역매핑,54216,54216:20rows/5games,1,2,20,5,20,5,1.0,1,37,7,0,0,53,8,1
797,batter,24536,54219,confirmed_global_exact,역할별 전역 exact 양방향 확정,54219,54219:61rows/8games,1,1,61,8,61,8,1.0,2,96,14,96,0,96,14,2
798,batter,24542,676950,confirmed_global_exact,역할별 전역 exact 양방향 확정,676950,676950:659rows/43games,1,1,659,43,659,43,1.0,1,1170,72,1170,0,1170,72,1
799,batter,24543,53717,confirmed_global_exact,역할별 전역 exact 양방향 확정,53717,53717:54rows/5games,1,1,54,5,54,5,1.0,1,99,9,99,0,111,10,1
800,batter,24545,666632,confirmed_global_exact,역할별 전역 exact 양방향 확정,666632,666632:1360rows/82games,1,1,1360,82,1360,82,1.0,1,1912,114,1912,0,2069,122,1
801,batter,24547,54794,confirmed_global_exact,역할별 전역 exact 양방향 확정,54794,54794:74rows/5games,1,1,74,5,74,5,1.0,1,139,11,139,0,139,11,1
802,batter,24548,54795,confirmed_global_exact,역할별 전역 exact 양방향 확정,54795,54795:967rows/75games,1,1,967,75,967,75,1.0,1,1390,107,1390,0,1478,115,2
803,batter,24551,,unanchored_no_exact_evidence,exact 선수 매핑 근거 없음,,,0,0,0,0,0,0,,0,5,1,0,0,5,1,1
804,batter,24554,54710,confirmed_global_exact,역할별 전역 exact 양방향 확정,54710,54710:53rows/4games,1,1,53,4,53,4,1.0,1,100,8,100,0,101,9,1
805,batter,24558,54708,confirmed_global_exact,역할별 전역 exact 양방향 확정,54708,54708:4rows/1games,1,1,4,1,4,1,1.0,1,23,3,23,0,23,3,1
806,batter,24562,54644,confirmed_global_exact,역할별 전역 exact 양방향 확정,54644,54644:14rows/1games,1,1,14,1,14,1,1.0,1,25,3,25,0,39,5,1
807,batter,24567,54305,confirmed_global_exact,역할별 전역 exact 양방향 확정,54305,54305:262rows/23games,1,1,262,23,262,23,1.0,2,393,35,393,0,425,39,2
808,batter,24569,54344,confirmed_global_exact,역할별 전역 exact 양방향 확정,54344,54344:754rows/50games,1,1,754,50,754,50,1.0,1,1090,76,1090,0,1165,82,1
809,batter,24574,54394,confirmed_global_exact,역할별 전역 exact 양방향 확정,54394,54394:93rows/7games,1,1,93,7,93,7,1.0,2,169,13,169,0,188,14,2
810,batter,24575,,unanchored_no_exact_evidence,exact 선수 매핑 근거 없음,,,0,0,0,0,0,0,,0,36,3,0,0,50,4,1
811,batter,24578,54303,confirmed_global_exact,역할별 전역 exact 양방향 확정,54303,54303:68rows/7games,1,1,68,7,68,7,1.0,1,83,10,83,0,83,10,1
812,batter,24581,54306,confirmed_global_exact,역할별 전역 exact 양방향 확정,54306,54306:35rows/3games,1,1,35,3,35,3,1.0,1,87,8,87,0,87,8,1
813,batter,24582,54307,confirmed_global_exact,역할별 전역 exact 양방향 확정,54307,54307:295rows/29games,1,1,295,29,295,29,1.0,2,592,51,592,0,626,56,2
814,batter,24583,,unanchored_no_exact_evidence,exact 선수 매핑 근거 없음,,,0,0,0,0,0,0,,0,7,1,0,0,7,1,1
815,batter,24584,,conflict_reverse_multiple_train_ids,Trackman ID가 복수 Train 선수로 역매핑,54595,54595:19rows/2games,1,2,19,2,19,2,1.0,1,19,2,0,0,33,3,1
816,batter,24588,,conflict_multiple_trackman_ids,한 Train 선수에 복수 Trackman ID,54510,54510:8rows/1games;54595:4rows/1games,2,1,8,1,12,1,0.6666666666666666,1,30,3,0,0,39,4,1
817,batter,24589,54506,confirmed_global_exact,역할별 전역 exact 양방향 확정,54506,54506:31rows/4games,1,1,31,4,31,4,1.0,2,37,5,37,0,53,6,2
818,batter,24590,54460,confirmed_global_exact,역할별 전역 exact 양방향 확정,54460,54460:66rows/8games,1,1,66,8,66,8,1.0,1,93,15,93,0,109,17,2
819,batter,24593,54408,confirmed_global_exact,역할별 전역 exact 양방향 확정,54408,54408:86rows/9games,1,1,86,9,86,9,1.0,2,130,14,130,0,137,16,2
820,batter,24594,54411,confirmed_global_exact,역할별 전역 exact 양방향 확정,54411,54411:27rows/2games,1,1,27,2,27,2,1.0,1,38,3,38,0,38,3,1
821,batter,24595,54410,confirmed_global_exact,역할별 전역 exact 양방향 확정,54410,54410:7rows/1games,1,1,7,1,7,1,1.0,1,9,2,9,0,9,2,1
822,batter,24601,,unanchored_no_exact_evidence,exact 선수 매핑 근거 없음,,,0,0,0,0,0,0,,0,19,2,0,0,23,2,1
823,batter,24603,54614,confirmed_global_exact,역할별 전역 exact 양방향 확정,54614,54614:15rows/2games,1,1,15,2,15,2,1.0,2,15,2,15,0,29,4,2
824,batter,24612,,unanchored_no_exact_evidence,exact 선수 매핑 근거 없음,,,0,0,0,0,0,0,,0,5,1,0,0,5,1,1
825,batter,24613,,unanchored_no_exact_evidence,exact 선수 매핑 근거 없음,,,0,0,0,0,0,0,,0,23,3,0,0,23,3,1
826,batter,24616,54097,confirmed_global_exact,역할별 전역 exact 양방향 확정,54097,54097:19rows/1games,1,1,19,1,19,1,1.0,1,50,4,49,1,50,4,1
827,batter,24620,54123,confirmed_global_exact,역할별 전역 exact 양방향 확정,54123,54123:27rows/2games,1,1,27,2,27,2,1.0,1,31,3,31,0,39,5,1
828,batter,24628,665180,confirmed_global_exact,역할별 전역 exact 양방향 확정,665180,665180:65rows/5games,1,1,65,5,65,5,1.0,1,101,7,101,0,101,7,1
829,batter,24630,676724,confirmed_global_exact,역할별 전역 exact 양방향 확정,676724,676724:393rows/24games,1,1,393,24,393,24,1.0,1,588,33,588,0,685,38,1
830,batter,24632,650331,confirmed_global_exact,역할별 전역 exact 양방향 확정,650331,650331:291rows/17games,1,1,291,17,291,17,1.0,1,414,25,411,3,466,29,1
831,pitcher,20700,99445,confirmed_global_exact,역할별 전역 exact 양방향 확정,99445,99445:535rows/34games,1,1,535,34,535,34,1.0,2,870,55,870,0,959,60,2
832,pitcher,20938,70425,confirmed_global_exact,역할별 전역 exact 양방향 확정,70425,70425:438rows/22games,1,1,438,22,438,22,1.0,1,580,32,580,0,638,36,1
833,pitcher,21095,71118,confirmed_global_exact,역할별 전역 exact 양방향 확정,71118,71118:88rows/8games,1,1,88,8,88,8,1.0,2,202,15,202,0,263,18,2
834,pitcher,21170,71837,confirmed_global_exact,역할별 전역 exact 양방향 확정,71837,71837:20rows/1games,1,1,20,1,20,1,1.0,1,20,1,20,0,20,1,1
835,pitcher,21178,71845,confirmed_global_exact,역할별 전역 exact 양방향 확정,71845,71845:50rows/3games,1,1,50,3,50,3,1.0,2,112,6,112,0,165,10,2
836,pitcher,21279,72447,confirmed_global_exact,역할별 전역 exact 양방향 확정,72447,72447:489rows/45games,1,1,489,45,489,45,1.0,2,763,73,763,0,802,76,3
837,pitcher,21372,72523,confirmed_global_exact,역할별 전역 exact 양방향 확정,72523,72523:2360rows/144games,1,1,2360,144,2360,144,1.0,7,4082,252,4082,0,4455,277,9
838,pitcher,21402,73117,confirmed_global_exact,역할별 전역 exact 양방향 확정,73117,73117:2457rows/170games,1,1,2457,170,2457,170,1.0,6,4278,291,4278,0,4732,328,6
839,pitcher,21414,73738,confirmed_global_exact,역할별 전역 exact 양방향 확정,73738,73738:1566rows/90games,1,1,1566,90,1566,90,1.0,4,2178,132,2178,0,2412,145,4
840,pitcher,21415,73750,confirmed_global_exact,역할별 전역 exact 양방향 확정,73750,73750:108rows/4games,1,1,108,4,108,4,1.0,3,240,10,240,0,246,10,4
841,pitcher,21432,73801,confirmed_global_exact,역할별 전역 exact 양방향 확정,73801,73801:1918rows/118games,1,1,1918,118,1918,118,1.0,11,3255,203,3255,0,3741,227,11
842,pitcher,21441,73211,confirmed_global_exact,역할별 전역 exact 양방향 확정,73211,73211:3703rows/120games,1,1,3703,120,3703,120,1.0,5,6622,214,6622,0,7208,235,6
843,pitcher,21549,74454,confirmed_global_exact,역할별 전역 exact 양방향 확정,74454,74454:1699rows/20games,1,1,1699,20,1699,20,1.0,2,2458,30,2458,0,2671,32,2
844,pitcher,21558,74359,confirmed_global_exact,역할별 전역 exact 양방향 확정,74359,74359:913rows/64games,1,1,913,64,913,64,1.0,4,1339,99,1339,0,1456,107,5
845,pitcher,21571,74838,confirmed_global_exact,역할별 전역 exact 양방향 확정,74838,74838:32rows/2games,1,1,32,2,32,2,1.0,1,71,5,71,0,71,5,2
846,pitcher,21587,74731,confirmed_global_exact,역할별 전역 exact 양방향 확정,74731,74731:6rows/1games,1,1,6,1,6,1,1.0,1,97,4,97,0,150,5,3
847,pitcher,21588,74748,confirmed_global_exact,역할별 전역 exact 양방향 확정,74748,74748:38rows/2games,1,1,38,2,38,2,1.0,2,69,5,69,0,101,7,2
848,pitcher,21595,74630,confirmed_global_exact,역할별 전역 exact 양방향 확정,74630,74630:138rows/13games,1,1,138,13,138,13,1.0,2,349,24,349,0,368,26,2
849,pitcher,21622,74513,confirmed_global_exact,역할별 전역 exact 양방향 확정,74513,74513:1288rows/54games,1,1,1288,54,1288,54,1.0,8,2017,86,2017,0,2119,95,9
850,pitcher,21624,74543,confirmed_global_exact,역할별 전역 exact 양방향 확정,74543,74543:12rows/1games,1,1,12,1,12,1,1.0,1,12,1,12,0,24,2,2
851,pitcher,21654,75342,confirmed_global_exact,역할별 전역 exact 양방향 확정,75342,75342:675rows/49games,1,1,675,49,675,49,1.0,4,1260,83,1260,0,1361,90,6
852,pitcher,21690,75867,confirmed_global_exact,역할별 전역 exact 양방향 확정,75867,75867:3130rows/209games,1,1,3130,209,3130,209,1.0,8,5049,334,5049,0,5331,353,9
853,pitcher,21699,75138,confirmed_global_exact,역할별 전역 exact 양방향 확정,75138,75138:543rows/32games,1,1,543,32,543,32,1.0,5,881,53,881,0,1008,61,6
854,pitcher,21733,75250,confirmed_global_exact,역할별 전역 exact 양방향 확정,75250,75250:178rows/11games,1,1,178,11,178,11,1.0,1,283,19,283,0,322,21,2
855,pitcher,21754,75258,confirmed_global_exact,역할별 전역 exact 양방향 확정,75258,75258:459rows/9games,1,1,459,9,459,9,1.0,2,1138,18,1138,0,1143,18,3
856,pitcher,21789,76430,confirmed_global_exact,역할별 전역 exact 양방향 확정,76430,76430:2696rows/170games,1,1,2696,170,2696,170,1.0,6,4857,302,4857,0,5314,329,7
857,pitcher,21795,76455,confirmed_global_exact,역할별 전역 exact 양방향 확정,76455,76455:2703rows/30games,1,1,2703,30,2703,30,1.0,4,4069,47,4069,0,4512,52,5
858,pitcher,21813,76225,confirmed_global_exact,역할별 전역 exact 양방향 확정,76225,76225:1135rows/52games,1,1,1135,52,1135,52,1.0,5,2189,88,2189,0,3085,112,9
859,pitcher,21830,76858,confirmed_global_exact,역할별 전역 exact 양방향 확정,76858,76858:526rows/35games,1,1,526,35,526,35,1.0,3,942,62,942,0,993,67,4
860,pitcher,21840,76757,confirmed_global_exact,역할별 전역 exact 양방향 확정,76757,76757:875rows/50games,1,1,875,50,875,50,1.0,5,1572,88,1572,0,1602,91,5
861,pitcher,21857,,unanchored_no_exact_evidence,exact 선수 매핑 근거 없음,,,0,0,0,0,0,0,,0,22,1,0,0,22,1,1
862,pitcher,21874,76355,confirmed_global_exact,역할별 전역 exact 양방향 확정,76355,76355:796rows/21games,1,1,796,21,796,21,1.0,3,1177,32,1177,0,1216,35,3
863,pitcher,21875,76329,confirmed_global_exact,역할별 전역 exact 양방향 확정,76329,76329:800rows/79games,1,1,800,79,800,79,1.0,5,1241,124,1241,0,1387,134,5
864,pitcher,21916,77446,confirmed_global_exact,역할별 전역 exact 양방향 확정,77446,77446:6013rows/69games,1,1,6013,69,6013,69,1.0,7,10001,114,10001,0,11088,126,7
865,pitcher,21936,77318,confirmed_global_exact,역할별 전역 exact 양방향 확정,77318,77318:4786rows/109games,1,1,4786,109,4786,109,1.0,7,7978,193,7978,0,8551,211,9
866,pitcher,21940,,conflict_reverse_multiple_train_ids,Trackman ID가 복수 Train 선수로 역매핑,77211,77211:3351rows/139games,1,2,3351,139,3351,139,1.0,5,5935,232,0,0,6363,244,6
867,pitcher,21943,77263,confirmed_global_exact,역할별 전역 exact 양방향 확정,77263,77263:1791rows/111games,1,1,1791,111,1791,111,1.0,6,2839,177,2839,0,3171,198,9
868,pitcher,21955,77829,confirmed_global_exact,역할별 전역 exact 양방향 확정,77829,77829:6219rows/68games,1,1,6219,68,6219,68,1.0,4,10353,113,10353,0,11115,121,4
869,pitcher,21961,77637,confirmed_global_exact,역할별 전역 exact 양방향 확정,77637,77637:4128rows/44games,1,1,4128,44,4128,44,1.0,5,6454,69,6454,0,13876,148,5
870,pitcher,21978,77591,confirmed_global_exact,역할별 전역 exact 양방향 확정,77591,77591:474rows/22games,1,1,474,22,474,22,1.0,3,650,29,650,0,758,34,3
871,pitcher,21991,78517,confirmed_global_exact,역할별 전역 exact 양방향 확정,78517,78517:1274rows/69games,1,1,1274,69,1274,69,1.0,10,1817,100,1817,0,1876,102,11
872,pitcher,21994,60559,confirmed_global_exact,역할별 전역 exact 양방향 확정,60559,60559:1756rows/98games,1,1,1756,98,1756,98,1.0,6,2755,163,2755,0,2992,175,6
873,pitcher,21998,78148,confirmed_global_exact,역할별 전역 exact 양방향 확정,78148,78148:4134rows/63games,1,1,4134,63,4134,63,1.0,9,6231,92,6231,0,6688,99,10
874,pitcher,22007,78819,confirmed_global_exact,역할별 전역 exact 양방향 확정,78819,78819:190rows/10games,1,1,190,10,190,10,1.0,4,376,26,376,0,494,35,4
875,pitcher,22015,78247,confirmed_global_exact,역할별 전역 exact 양방향 확정,78247,78247:800rows/51games,1,1,800,51,800,51,1.0,4,1067,71,1067,0,2087,134,5
876,pitcher,22028,78352,confirmed_global_exact,역할별 전역 exact 양방향 확정,78352,78352:2147rows/132games,1,1,2147,132,2147,132,1.0,6,3729,233,3729,0,4026,254,7
877,pitcher,22029,78366,confirmed_global_exact,역할별 전역 exact 양방향 확정,78366,78366:102rows/7games,1,1,102,7,102,7,1.0,2,129,9,129,0,129,9,2
878,pitcher,22094,79140,confirmed_global_exact,역할별 전역 exact 양방향 확정,79140,79140:2453rows/143games,1,1,2453,143,2453,143,1.0,11,4106,249,4106,0,4656,274,11
879,pitcher,22099,79130,confirmed_global_exact,역할별 전역 exact 양방향 확정,79130,79130:255rows/16games,1,1,255,16,255,16,1.0,3,533,32,533,0,572,35,5
880,pitcher,22110,79617,confirmed_global_exact,역할별 전역 exact 양방향 확정,79617,79617:164rows/5games,1,1,164,5,164,5,1.0,3,726,20,726,0,1135,31,3
881,pitcher,22118,79847,confirmed_global_exact,역할별 전역 exact 양방향 확정,79847,79847:1649rows/92games,1,1,1649,92,1649,92,1.0,6,3274,175,3274,0,3508,191,7
882,pitcher,22123,79825,confirmed_global_exact,역할별 전역 exact 양방향 확정,79825,79825:714rows/41games,1,1,714,41,714,41,1.0,4,1134,63,1134,0,1511,78,4
883,pitcher,22131,79229,confirmed_global_exact,역할별 전역 exact 양방향 확정,79229,79229:3119rows/35games,1,1,3119,35,3119,35,1.0,4,5303,61,5303,0,6207,71,4
884,pitcher,22136,79440,confirmed_global_exact,역할별 전역 exact 양방향 확정,79440,79440:567rows/16games,1,1,567,16,567,16,1.0,4,813,26,813,0,834,27,4
885,pitcher,22143,79358,confirmed_global_exact,역할별 전역 exact 양방향 확정,79358,79358:1255rows/92games,1,1,1255,92,1255,92,1.0,4,1913,139,1913,0,2003,148,5
886,pitcher,22154,79545,confirmed_global_exact,역할별 전역 exact 양방향 확정,79545,79545:1497rows/88games,1,1,1497,88,1497,88,1.0,4,2205,134,2205,0,2439,148,5
887,pitcher,22156,79535,confirmed_global_exact,역할별 전역 exact 양방향 확정,79535,79535:93rows/1games,1,1,93,1,93,1,1.0,1,170,2,170,0,172,2,1
888,pitcher,22163,79764,confirmed_global_exact,역할별 전역 exact 양방향 확정,79764,79764:4438rows/86games,1,1,4438,86,4438,86,1.0,8,6830,139,6830,0,7454,151,10
889,pitcher,22180,79293,confirmed_global_exact,역할별 전역 exact 양방향 확정,79293,79293:678rows/50games,1,1,678,50,678,50,1.0,3,1058,81,1057,1,1098,84,4
890,pitcher,22192,60841,confirmed_global_exact,역할별 전역 exact 양방향 확정,60841,60841:5831rows/65games,1,1,5831,65,5831,65,1.0,7,8963,101,8963,0,9596,108,8
891,pitcher,22201,60339,confirmed_global_exact,역할별 전역 exact 양방향 확정,60339,60339:1149rows/56games,1,1,1149,56,1149,56,1.0,6,2090,101,2090,0,2145,105,7
892,pitcher,22203,60255,confirmed_global_exact,역할별 전역 exact 양방향 확정,60255,60255:19rows/2games,1,1,19,2,19,2,1.0,1,19,2,19,0,26,3,1
893,pitcher,22205,60336,confirmed_global_exact,역할별 전역 exact 양방향 확정,60336,60336:1503rows/83games,1,1,1503,83,1503,83,1.0,7,2299,133,2299,0,2478,143,9
894,pitcher,22220,60634,confirmed_global_exact,역할별 전역 exact 양방향 확정,60634,60634:143rows/13games,1,1,143,13,143,13,1.0,1,223,23,223,0,569,52,1
895,pitcher,22231,60768,confirmed_global_exact,역할별 전역 exact 양방향 확정,60768,60768:3727rows/127games,1,1,3727,127,3727,127,1.0,7,6407,216,6407,0,7277,243,12
896,pitcher,22233,60757,confirmed_global_exact,역할별 전역 exact 양방향 확정,60757,60757:192rows/16games,1,1,192,16,192,16,1.0,2,277,20,277,0,322,22,3
897,pitcher,22234,60845,confirmed_global_exact,역할별 전역 exact 양방향 확정,60845,60845:607rows/32games,1,1,607,32,607,32,1.0,4,993,56,993,0,1342,73,4
898,pitcher,22249,60263,confirmed_global_exact,역할별 전역 exact 양방향 확정,60263,60263:6184rows/77games,1,1,6184,77,6184,77,1.0,7,9483,119,9483,0,9878,124,8
899,pitcher,22250,60264,confirmed_global_exact,역할별 전역 exact 양방향 확정,60264,60264:35rows/1games,1,1,35,1,35,1,1.0,1,96,2,96,0,178,4,2
900,pitcher,22253,60140,confirmed_global_exact,역할별 전역 exact 양방향 확정,60140,60140:1686rows/90games,1,1,1686,90,1686,90,1.0,10,2747,153,2747,0,3007,169,11
901,pitcher,22254,60146,confirmed_global_exact,역할별 전역 exact 양방향 확정,60146,60146:2901rows/173games,1,1,2901,173,2901,173,1.0,7,4594,277,4594,0,4953,296,7
902,pitcher,22261,60181,confirmed_global_exact,역할별 전역 exact 양방향 확정,60181,60181:534rows/30games,1,1,534,30,534,30,1.0,5,870,55,870,0,1046,66,7
903,pitcher,22277,61101,confirmed_global_exact,역할별 전역 exact 양방향 확정,61101,61101:7820rows/98games,1,1,7820,98,7820,98,1.0,8,11877,152,11877,0,12743,163,9
904,pitcher,22278,61145,confirmed_global_exact,역할별 전역 exact 양방향 확정,61145,61145:3446rows/128games,1,1,3446,128,3446,128,1.0,12,5963,209,5963,0,6480,227,12
905,pitcher,22280,61156,confirmed_global_exact,역할별 전역 exact 양방향 확정,61156,61156:627rows/35games,1,1,627,35,627,35,1.0,7,1021,63,1021,0,1097,67,8
906,pitcher,22292,61666,confirmed_global_exact,역할별 전역 exact 양방향 확정,61666,61666:1663rows/62games,1,1,1663,62,1663,62,1.0,5,2748,102,2748,0,3998,129,6
907,pitcher,22293,61643,confirmed_global_exact,역할별 전역 exact 양방향 확정,61643,61643:3222rows/162games,1,1,3222,162,3222,162,1.0,9,5711,286,5711,0,7181,335,9
908,pitcher,22302,60337,confirmed_global_exact,역할별 전역 exact 양방향 확정,60337,60337:1537rows/114games,1,1,1537,114,1537,114,1.0,8,2636,198,2636,0,3542,260,10
909,pitcher,22305,,unanchored_no_exact_evidence,exact 선수 매핑 근거 없음,,,0,0,0,0,0,0,,0,42,3,0,0,42,3,1
910,pitcher,22309,61456,confirmed_global_exact,역할별 전역 exact 양방향 확정,61456,61456:512rows/32games,1,1,512,32,512,32,1.0,1,953,50,953,0,1107,58,3
911,pitcher,22311,61457,confirmed_global_exact,역할별 전역 exact 양방향 확정,61457,61457:797rows/87games,1,1,797,87,797,87,1.0,4,1223,141,1223,0,1342,150,4
912,pitcher,22312,61411,confirmed_global_exact,역할별 전역 exact 양방향 확정,61411,61411:1186rows/68games,1,1,1186,68,1186,68,1.0,8,1727,101,1727,0,1801,105,8
913,pitcher,22318,61365,confirmed_global_exact,역할별 전역 exact 양방향 확정,61365,61365:2950rows/111games,1,1,2950,111,2950,111,1.0,7,4572,172,4543,29,4866,185,8
914,pitcher,22321,61329,confirmed_global_exact,역할별 전역 exact 양방향 확정,61329,61329:180rows/11games,1,1,180,11,180,11,1.0,2,270,16,270,0,287,17,2
915,pitcher,22332,61700,confirmed_global_exact,역할별 전역 exact 양방향 확정,61700,61700:28rows/1games,1,1,28,1,28,1,1.0,1,28,1,28,0,28,1,1
916,pitcher,22335,61214,confirmed_global_exact,역할별 전역 exact 양방향 확정,61214,61214:542rows/22games,1,1,542,22,542,22,1.0,3,849,30,849,0,1080,35,4
917,pitcher,22345,61208,confirmed_global_exact,역할별 전역 exact 양방향 확정,61208,61208:4rows/1games,1,1,4,1,4,1,1.0,1,4,1,4,0,23,3,1
918,pitcher,22349,61565,confirmed_global_exact,역할별 전역 exact 양방향 확정,61565,61565:17rows/1games,1,1,17,1,17,1,1.0,1,47,2,47,0,47,2,1
919,pitcher,22368,62146,confirmed_global_exact,역할별 전역 exact 양방향 확정,62146,62146:1670rows/124games,1,1,1670,124,1670,124,1.0,9,2777,219,2777,0,3369,254,10
920,pitcher,22372,,unanchored_no_exact_evidence,exact 선수 매핑 근거 없음,,,0,0,0,0,0,0,,0,0,0,0,0,15,1,1
921,pitcher,22380,62754,confirmed_global_exact,역할별 전역 exact 양방향 확정,62754,62754:3355rows/65games,1,1,3355,65,3355,65,1.0,6,4776,93,4776,0,9788,192,6
922,pitcher,22389,62363,confirmed_global_exact,역할별 전역 exact 양방향 확정,62363,62363:5796rows/138games,1,1,5796,138,5796,138,1.0,6,8582,202,8582,0,9141,221,7
923,pitcher,22397,62360,confirmed_global_exact,역할별 전역 exact 양방향 확정,62360,62360:3258rows/174games,1,1,3258,174,3258,174,1.0,7,5412,300,5409,3,5941,322,7
924,pitcher,22404,62655,confirmed_global_exact,역할별 전역 exact 양방향 확정,62655,62655:719rows/49games,1,1,719,49,719,49,1.0,5,1390,95,1390,0,1479,102,7
925,pitcher,22414,,unanchored_no_exact_evidence,exact 선수 매핑 근거 없음,,,0,0,0,0,0,0,,0,330,6,0,0,475,9,3
926,pitcher,22419,62528,confirmed_global_exact,역할별 전역 exact 양방향 확정,62528,62528:3680rows/167games,1,1,3680,167,3680,167,1.0,6,6311,291,6311,0,6855,309,6
927,pitcher,22427,62242,confirmed_global_exact,역할별 전역 exact 양방향 확정,62242,62242:1983rows/117games,1,1,1983,117,1983,117,1.0,6,3168,195,3168,0,3357,206,10
928,pitcher,22428,62263,confirmed_global_exact,역할별 전역 exact 양방향 확정,62263,62263:181rows/9games,1,1,181,9,181,9,1.0,3,245,13,245,0,336,16,5
929,pitcher,22435,62869,confirmed_global_exact,역할별 전역 exact 양방향 확정,62869,62869:5256rows/111games,1,1,5256,111,5256,111,1.0,6,8428,185,8428,0,8733,196,7
930,pitcher,22458,464400,confirmed_global_exact,역할별 전역 exact 양방향 확정,464400,464400:975rows/11games,1,1,975,11,975,11,1.0,1,1357,15,1357,0,1465,16,1
931,pitcher,22469,63145,confirmed_global_exact,역할별 전역 exact 양방향 확정,63145,63145:2440rows/60games,1,1,2440,60,2440,60,1.0,9,4694,118,4694,0,5864,142,9
932,pitcher,22473,63138,confirmed_global_exact,역할별 전역 exact 양방향 확정,63138,63138:187rows/10games,1,1,187,10,187,10,1.0,1,419,24,419,0,639,31,2
933,pitcher,22478,63103,confirmed_global_exact,역할별 전역 exact 양방향 확정,63103,63103:915rows/28games,1,1,915,28,915,28,1.0,7,1813,71,1813,0,2299,89,8
934,pitcher,22487,63111,confirmed_global_exact,역할별 전역 exact 양방향 확정,63111,63111:873rows/12games,1,1,873,12,873,12,1.0,2,987,14,987,0,1135,16,2
935,pitcher,22491,75340,confirmed_global_exact,역할별 전역 exact 양방향 확정,75340,75340:1142rows/64games,1,1,1142,64,1142,64,1.0,4,2101,124,2101,0,2232,130,5
936,pitcher,22505,63348,confirmed_global_exact,역할별 전역 exact 양방향 확정,63348,63348:629rows/30games,1,1,629,30,629,30,1.0,4,1033,52,1033,0,1157,59,5
937,pitcher,22508,63342,confirmed_global_exact,역할별 전역 exact 양방향 확정,63342,63342:1866rows/113games,1,1,1866,113,1866,113,1.0,5,2933,181,2933,0,3085,190,5
938,pitcher,22524,,unanchored_no_exact_evidence,exact 선수 매핑 근거 없음,,,0,0,0,0,0,0,,0,84,1,0,0,240,3,1
939,pitcher,22525,63248,confirmed_global_exact,역할별 전역 exact 양방향 확정,63248,63248:2156rows/115games,1,1,2156,115,2156,115,1.0,7,3698,195,3698,0,3989,211,9
940,pitcher,22539,63730,confirmed_global_exact,역할별 전역 exact 양방향 확정,63730,63730:114rows/7games,1,1,114,7,114,7,1.0,2,186,10,186,0,186,10,2
941,pitcher,22540,63765,confirmed_global_exact,역할별 전역 exact 양방향 확정,63765,63765:1742rows/97games,1,1,1742,97,1742,97,1.0,7,3143,183,3143,0,3522,201,7
942,pitcher,22541,63749,confirmed_global_exact,역할별 전역 exact 양방향 확정,63749,63749:505rows/27games,1,1,505,27,505,27,1.0,7,892,51,892,0,1065,59,11
943,pitcher,22547,76650,confirmed_global_exact,역할별 전역 exact 양방향 확정,76650,76650:2432rows/205games,1,1,2432,205,2432,205,1.0,8,4007,342,4007,0,4326,370,8
944,pitcher,22548,62648,confirmed_global_exact,역할별 전역 exact 양방향 확정,62648,62648:44rows/2games,1,1,44,2,44,2,1.0,1,148,6,148,0,248,11,1
945,pitcher,22551,,unanchored_no_exact_evidence,exact 선수 매핑 근거 없음,,,0,0,0,0,0,0,,0,92,2,0,0,92,2,1
946,pitcher,22575,63464,confirmed_global_exact,역할별 전역 exact 양방향 확정,63464,63464:2569rows/111games,1,1,2569,111,2569,111,1.0,8,4463,188,4463,0,4649,195,10
947,pitcher,22579,62595,confirmed_global_exact,역할별 전역 exact 양방향 확정,62595,62595:48rows/1games,1,1,48,1,48,1,1.0,1,102,4,102,0,145,5,4
948,pitcher,22583,78536,confirmed_global_exact,역할별 전역 exact 양방향 확정,78536,78536:815rows/45games,1,1,815,45,815,45,1.0,3,1512,87,1512,0,1679,98,4
949,pitcher,22592,76118,confirmed_global_exact,역할별 전역 exact 양방향 확정,76118,76118:2007rows/134games,1,1,2007,134,2007,134,1.0,6,3839,255,3839,0,4069,271,6
950,pitcher,22595,62920,confirmed_global_exact,역할별 전역 exact 양방향 확정,62920,62920:846rows/49games,1,1,846,49,846,49,1.0,6,1296,78,1296,0,1448,87,6
951,pitcher,22596,62937,confirmed_global_exact,역할별 전역 exact 양방향 확정,62937,62937:677rows/25games,1,1,677,25,677,25,1.0,7,1377,51,1377,0,1576,57,8
952,pitcher,22597,62929,confirmed_global_exact,역할별 전역 exact 양방향 확정,62929,62929:140rows/6games,1,1,140,6,140,6,1.0,2,248,14,248,0,256,14,4
953,pitcher,22598,62951,confirmed_global_exact,역할별 전역 exact 양방향 확정,62951,62951:1646rows/100games,1,1,1646,100,1646,100,1.0,9,2739,164,2739,0,3152,187,11
954,pitcher,22615,62966,confirmed_global_exact,역할별 전역 exact 양방향 확정,62966,62966:265rows/11games,1,1,265,11,265,11,1.0,1,470,18,470,0,515,20,1
955,pitcher,22617,63959,confirmed_global_exact,역할별 전역 exact 양방향 확정,63959,63959:2151rows/172games,1,1,2151,172,2151,172,1.0,6,3485,283,3485,0,3759,299,7
956,pitcher,22621,63960,confirmed_global_exact,역할별 전역 exact 양방향 확정,63960,63960:1306rows/93games,1,1,1306,93,1306,93,1.0,6,1916,143,1916,0,2145,161,8
957,pitcher,22622,63914,confirmed_global_exact,역할별 전역 exact 양방향 확정,63914,63914:291rows/20games,1,1,291,20,291,20,1.0,3,522,34,522,0,523,34,4
958,pitcher,22624,63950,confirmed_global_exact,역할별 전역 exact 양방향 확정,63950,63950:2316rows/132games,1,1,2316,132,2316,132,1.0,7,3596,201,3596,0,6261,346,9
959,pitcher,22640,64155,confirmed_global_exact,역할별 전역 exact 양방향 확정,64155,64155:149rows/7games,1,1,149,7,149,7,1.0,2,374,14,374,0,469,15,2
960,pitcher,22651,64350,confirmed_global_exact,역할별 전역 exact 양방향 확정,64350,64350:2606rows/71games,1,1,2606,71,2606,71,1.0,3,3947,117,3947,0,4217,128,5
961,pitcher,22666,64760,confirmed_global_exact,역할별 전역 exact 양방향 확정,64760,64760:640rows/27games,1,1,640,27,640,27,1.0,7,1028,50,1028,0,1119,55,7
962,pitcher,22667,64596,confirmed_global_exact,역할별 전역 exact 양방향 확정,64596,64596:1300rows/87games,1,1,1300,87,1300,87,1.0,4,2220,152,2220,0,2462,166,8
963,pitcher,22668,64565,confirmed_global_exact,역할별 전역 exact 양방향 확정,64565,64565:3242rows/78games,1,1,3242,78,3242,78,1.0,8,4919,119,4919,0,5290,131,9
964,pitcher,22675,64893,confirmed_global_exact,역할별 전역 exact 양방향 확정,64893,64893:1871rows/115games,1,1,1871,115,1871,115,1.0,8,3120,189,3120,0,3417,205,11
965,pitcher,22703,548384,confirmed_global_exact,역할별 전역 exact 양방향 확정,548384,548384:1317rows/14games,1,1,1317,14,1317,14,1.0,1,2524,26,2524,0,2933,30,1
966,pitcher,22708,65764,confirmed_global_exact,역할별 전역 exact 양방향 확정,65764,65764:5103rows/60games,1,1,5103,60,5103,60,1.0,7,9219,105,9219,0,10202,116,7
967,pitcher,22710,65707,confirmed_global_exact,역할별 전역 exact 양방향 확정,65707,65707:2029rows/117games,1,1,2029,117,2029,117,1.0,6,3605,203,3605,0,3960,220,7
968,pitcher,22717,65343,confirmed_global_exact,역할별 전역 exact 양방향 확정,65343,65343:1522rows/90games,1,1,1522,90,1522,90,1.0,7,3117,175,3117,0,3441,193,10
969,pitcher,22720,64001,confirmed_global_exact,역할별 전역 exact 양방향 확정,64001,64001:5089rows/55games,1,1,5089,55,5089,55,1.0,4,8484,94,8484,0,9087,101,4
970,pitcher,22721,64017,confirmed_global_exact,역할별 전역 exact 양방향 확정,64017,64017:993rows/54games,1,1,993,54,993,54,1.0,4,2008,97,2008,0,2241,105,4
971,pitcher,22722,64041,confirmed_global_exact,역할별 전역 exact 양방향 확정,64041,64041:82rows/3games,1,1,82,3,82,3,1.0,2,109,5,109,0,109,5,2
972,pitcher,22729,,conflict_multiple_trackman_ids,한 Train 선수에 복수 Trackman ID,65048,65048:3520rows/145games;69098:27rows/1games,2,1,3520,145,3547,146,0.9923879334649,7,6319,263,0,0,6774,285,8
973,pitcher,22730,65056,confirmed_global_exact,역할별 전역 exact 양방향 확정,65056,65056:5503rows/74games,1,1,5503,74,5503,74,1.0,6,7586,108,7586,0,8485,121,6
974,pitcher,22731,65057,confirmed_global_exact,역할별 전역 exact 양방향 확정,65057,65057:397rows/26games,1,1,397,26,397,26,1.0,5,715,48,715,0,747,51,5
975,pitcher,22734,65058,confirmed_global_exact,역할별 전역 exact 양방향 확정,65058,65058:666rows/39games,1,1,666,39,666,39,1.0,5,1127,62,1127,0,1271,69,7
976,pitcher,22735,61895,confirmed_global_exact,역할별 전역 exact 양방향 확정,61895,61895:3107rows/196games,1,1,3107,196,3107,196,1.0,7,6005,359,6005,0,6578,390,7
977,pitcher,22738,63543,confirmed_global_exact,역할별 전역 exact 양방향 확정,63543,63543:2864rows/180games,1,1,2864,180,2864,180,1.0,6,5587,340,5587,0,6045,372,6
978,pitcher,22739,,unanchored_no_exact_evidence,exact 선수 매핑 근거 없음,,,0,0,0,0,0,0,,0,8,1,0,0,8,1,1
979,pitcher,22741,65060,confirmed_global_exact,역할별 전역 exact 양방향 확정,65060,65060:2851rows/193games,1,1,2851,193,2851,193,1.0,6,4990,336,4990,0,5318,358,6
980,pitcher,22742,65067,confirmed_global_exact,역할별 전역 exact 양방향 확정,65067,65067:74rows/5games,1,1,74,5,74,5,1.0,2,172,11,172,0,207,12,4
981,pitcher,22743,65062,confirmed_global_exact,역할별 전역 exact 양방향 확정,65062,65062:2875rows/177games,1,1,2875,177,2875,177,1.0,6,5535,330,5534,1,5917,350,6
982,pitcher,22759,64021,confirmed_global_exact,역할별 전역 exact 양방향 확정,64021,64021:7783rows/83games,1,1,7783,83,7783,83,1.0,6,13040,140,13040,0,14288,153,6
983,pitcher,22761,65639,confirmed_global_exact,역할별 전역 exact 양방향 확정,65639,65639:1991rows/70games,1,1,1991,70,1991,70,1.0,10,2758,104,2758,0,2928,113,13
984,pitcher,22763,,unanchored_no_exact_evidence,exact 선수 매핑 근거 없음,,,0,0,0,0,0,0,,0,24,2,0,0,24,2,2
985,pitcher,22772,77927,confirmed_global_exact,역할별 전역 exact 양방향 확정,77927,77927:2230rows/101games,1,1,2230,101,2230,101,1.0,9,3255,160,3255,0,3690,177,9
986,pitcher,22776,65042,confirmed_global_exact,역할별 전역 exact 양방향 확정,65042,65042:299rows/13games,1,1,299,13,299,13,1.0,2,524,23,524,0,580,26,2
987,pitcher,22782,65769,confirmed_global_exact,역할별 전역 exact 양방향 확정,65769,65769:4029rows/179games,1,1,4029,179,4029,179,1.0,8,6758,294,6758,0,7509,325,9
988,pitcher,22784,65696,confirmed_global_exact,역할별 전역 exact 양방향 확정,65696,65696:78rows/9games,1,1,78,9,78,9,1.0,1,107,12,107,0,231,23,2
989,pitcher,22785,65392,confirmed_global_exact,역할별 전역 exact 양방향 확정,65392,65392:412rows/8games,1,1,412,8,412,8,1.0,3,785,18,785,0,957,21,6
990,pitcher,22786,65661,confirmed_global_exact,역할별 전역 exact 양방향 확정,65661,65661:12rows/1games,1,1,12,1,12,1,1.0,1,12,1,12,0,41,2,1
991,pitcher,22795,67122,confirmed_global_exact,역할별 전역 exact 양방향 확정,67122,67122:367rows/20games,1,1,367,20,367,20,1.0,5,864,56,864,0,1130,73,5
992,pitcher,22810,62918,confirmed_global_exact,역할별 전역 exact 양방향 확정,62918,62918:144rows/3games,1,1,144,3,144,3,1.0,1,488,8,488,0,807,13,2
993,pitcher,22815,,unanchored_no_exact_evidence,exact 선수 매핑 근거 없음,,,0,0,0,0,0,0,,0,134,4,0,0,298,10,3
994,pitcher,22820,66145,confirmed_global_exact,역할별 전역 exact 양방향 확정,66145,66145:1905rows/92games,1,1,1905,92,1905,92,1.0,9,3366,166,3366,0,3918,186,10
995,pitcher,22821,66160,confirmed_global_exact,역할별 전역 exact 양방향 확정,66160,66160:153rows/4games,1,1,153,4,153,4,1.0,2,188,6,188,0,188,6,2
996,pitcher,22834,66291,confirmed_global_exact,역할별 전역 exact 양방향 확정,66291,66291:6020rows/131games,1,1,6020,131,6020,131,1.0,7,9261,204,9261,0,10198,225,8
997,pitcher,22836,64267,confirmed_global_exact,역할별 전역 exact 양방향 확정,64267,64267:49rows/2games,1,1,49,2,49,2,1.0,1,54,3,54,0,129,4,2
998,pitcher,22840,65241,confirmed_global_exact,역할별 전역 exact 양방향 확정,65241,65241:1107rows/51games,1,1,1107,51,1107,51,1.0,11,2318,103,2318,0,2795,122,13
999,pitcher,22842,,unanchored_no_exact_evidence,exact 선수 매핑 근거 없음,,,0,0,0,0,0,0,,0,19,1,0,0,19,1,1
1000,pitcher,22851,76350,confirmed_global_exact,역할별 전역 exact 양방향 확정,76350,76350:561rows/33games,1,1,561,33,561,33,1.0,4,902,50,902,0,1073,59,5
1001,pitcher,22867,66305,confirmed_global_exact,역할별 전역 exact 양방향 확정,66305,66305:1065rows/49games,1,1,1065,49,1065,49,1.0,8,1631,78,1631,0,1952,96,10
1002,pitcher,22869,61396,confirmed_global_exact,역할별 전역 exact 양방향 확정,61396,61396:235rows/10games,1,1,235,10,235,10,1.0,3,277,13,277,0,295,14,4
1003,pitcher,22870,65348,confirmed_global_exact,역할별 전역 exact 양방향 확정,65348,65348:73rows/5games,1,1,73,5,73,5,1.0,3,135,10,135,0,294,16,4
1004,pitcher,22881,66398,confirmed_global_exact,역할별 전역 exact 양방향 확정,66398,66398:56rows/1games,1,1,56,1,56,1,1.0,1,104,2,104,0,355,6,2
1005,pitcher,22890,65320,confirmed_global_exact,역할별 전역 exact 양방향 확정,65320,65320:7497rows/88games,1,1,7497,88,7497,88,1.0,8,11881,142,11881,0,12939,154,9
1006,pitcher,22893,65514,confirmed_global_exact,역할별 전역 exact 양방향 확정,65514,65514:9rows/1games,1,1,9,1,9,1,1.0,1,9,1,9,0,9,1,1
1007,pitcher,22899,64580,confirmed_global_exact,역할별 전역 exact 양방향 확정,64580,64580:1343rows/73games,1,1,1343,73,1343,73,1.0,6,2078,111,2078,0,3197,165,7
1008,pitcher,22901,65522,confirmed_global_exact,역할별 전역 exact 양방향 확정,65522,65522:382rows/16games,1,1,382,16,382,16,1.0,3,560,27,560,0,698,32,5
1009,pitcher,22904,66556,confirmed_global_exact,역할별 전역 exact 양방향 확정,66556,66556:37rows/1games,1,1,37,1,37,1,1.0,1,140,4,140,0,238,5,4
1010,pitcher,22905,63512,confirmed_global_exact,역할별 전역 exact 양방향 확정,63512,63512:888rows/58games,1,1,888,58,888,58,1.0,4,1734,114,1734,0,1866,123,4
1011,pitcher,22908,65516,confirmed_global_exact,역할별 전역 exact 양방향 확정,65516,65516:5775rows/66games,1,1,5775,66,5775,66,1.0,5,10689,124,10689,0,11157,130,5
1012,pitcher,22911,75321,confirmed_global_exact,역할별 전역 exact 양방향 확정,75321,75321:450rows/26games,1,1,450,26,450,26,1.0,1,804,48,804,0,869,53,1
1013,pitcher,22915,72862,confirmed_global_exact,역할별 전역 exact 양방향 확정,72862,72862:77rows/3games,1,1,77,3,77,3,1.0,1,140,6,140,0,163,7,2
1014,pitcher,22922,64047,confirmed_global_exact,역할별 전역 exact 양방향 확정,64047,64047:787rows/63games,1,1,787,63,787,63,1.0,7,1508,129,1508,0,1652,139,8
1015,pitcher,22923,65509,confirmed_global_exact,역할별 전역 exact 양방향 확정,65509,65509:79rows/5games,1,1,79,5,79,5,1.0,1,185,10,185,0,299,14,4
1016,pitcher,22925,64718,confirmed_global_exact,역할별 전역 exact 양방향 확정,64718,64718:1092rows/33games,1,1,1092,33,1092,33,1.0,5,1583,47,1583,0,1792,53,7
1017,pitcher,22926,66557,confirmed_global_exact,역할별 전역 exact 양방향 확정,66557,66557:248rows/14games,1,1,248,14,248,14,1.0,4,435,22,435,0,447,23,4
1018,pitcher,22932,66630,confirmed_global_exact,역할별 전역 exact 양방향 확정,66630,66630:278rows/14games,1,1,278,14,278,14,1.0,3,456,20,456,0,957,49,5
1019,pitcher,22933,66660,confirmed_global_exact,역할별 전역 exact 양방향 확정,66660,66660:293rows/11games,1,1,293,11,293,11,1.0,4,399,13,399,0,819,27,5
1020,pitcher,22960,66705,confirmed_global_exact,역할별 전역 exact 양방향 확정,66705,66705:104rows/4games,1,1,104,4,104,4,1.0,2,177,8,177,0,177,8,2
1021,pitcher,22964,66741,confirmed_global_exact,역할별 전역 exact 양방향 확정,66741,66741:650rows/25games,1,1,650,25,650,25,1.0,5,940,37,940,0,1145,48,6
1022,pitcher,22978,74167,confirmed_global_exact,역할별 전역 exact 양방향 확정,74167,74167:312rows/8games,1,1,312,8,312,8,1.0,2,584,17,584,0,631,19,2
1023,pitcher,22985,65703,confirmed_global_exact,역할별 전역 exact 양방향 확정,65703,65703:22rows/2games,1,1,22,2,22,2,1.0,1,22,2,22,0,22,2,1
1024,pitcher,22996,74857,confirmed_global_exact,역할별 전역 exact 양방향 확정,74857,74857:1997rows/127games,1,1,1997,127,1997,127,1.0,5,3396,211,3396,0,3778,234,7
1025,pitcher,23003,,unanchored_no_exact_evidence,exact 선수 매핑 근거 없음,,,0,0,0,0,0,0,,0,0,0,0,0,51,2,1
1026,pitcher,23005,66492,confirmed_global_exact,역할별 전역 exact 양방향 확정,66492,66492:626rows/30games,1,1,626,30,626,30,1.0,8,734,38,734,0,1139,55,8
1027,pitcher,23023,66444,confirmed_global_exact,역할별 전역 exact 양방향 확정,66444,66444:65rows/1games,1,1,65,1,65,1,1.0,1,65,1,65,0,219,3,2
1028,pitcher,23024,66493,confirmed_global_exact,역할별 전역 exact 양방향 확정,66493,66493:113rows/7games,1,1,113,7,113,7,1.0,3,237,13,237,0,318,16,4
1029,pitcher,23030,66451,confirmed_global_exact,역할별 전역 exact 양방향 확정,66451,66451:880rows/43games,1,1,880,43,880,43,1.0,4,1473,69,1473,0,1653,80,4
1030,pitcher,23035,65933,confirmed_global_exact,역할별 전역 exact 양방향 확정,65933,65933:3439rows/41games,1,1,3439,41,3439,41,1.0,4,5285,63,5285,0,5759,68,4
1031,pitcher,23041,64960,confirmed_global_exact,역할별 전역 exact 양방향 확정,64960,64960:17rows/1games,1,1,17,1,17,1,1.0,1,17,1,17,0,17,1,1
1032,pitcher,23043,65949,confirmed_global_exact,역할별 전역 exact 양방향 확정,65949,65949:2074rows/126games,1,1,2074,126,2074,126,1.0,5,3319,203,3319,0,3602,219,6
1033,pitcher,23047,64995,confirmed_global_exact,역할별 전역 exact 양방향 확정,64995,64995:1437rows/83games,1,1,1437,83,1437,83,1.0,5,2178,131,2178,0,2332,140,5
1034,pitcher,23053,65064,confirmed_global_exact,역할별 전역 exact 양방향 확정,65064,65064:97rows/2games,1,1,97,2,97,2,1.0,2,384,6,384,0,430,6,2
1035,pitcher,23054,65964,confirmed_global_exact,역할별 전역 exact 양방향 확정,65964,65964:339rows/19games,1,1,339,19,339,19,1.0,6,489,26,489,0,493,27,8
1036,pitcher,23082,77563,confirmed_global_exact,역할별 전역 exact 양방향 확정,77563,77563:139rows/11games,1,1,139,11,139,11,1.0,2,232,18,232,0,244,19,2
1037,pitcher,23090,73248,confirmed_global_exact,역할별 전역 exact 양방향 확정,73248,73248:472rows/29games,1,1,472,29,472,29,1.0,1,875,52,875,0,935,55,1
1038,pitcher,23091,65702,confirmed_global_exact,역할별 전역 exact 양방향 확정,65702,65702:16rows/1games,1,1,16,1,16,1,1.0,1,16,1,16,0,31,2,1
1039,pitcher,23092,63894,confirmed_global_exact,역할별 전역 exact 양방향 확정,63894,63894:1223rows/56games,1,1,1223,56,1223,56,1.0,5,2235,95,2235,0,3064,128,9
1040,pitcher,23094,66859,confirmed_global_exact,역할별 전역 exact 양방향 확정,66859,66859:907rows/29games,1,1,907,29,907,29,1.0,7,1204,42,1204,0,1413,47,8
1041,pitcher,23097,65844,confirmed_global_exact,역할별 전역 exact 양방향 확정,65844,65844:165rows/9games,1,1,165,9,165,9,1.0,4,197,12,197,0,242,14,5
1042,pitcher,23101,64896,confirmed_global_exact,역할별 전역 exact 양방향 확정,64896,64896:615rows/29games,1,1,615,29,615,29,1.0,7,1238,62,1238,0,1412,71,9
1043,pitcher,23105,64861,confirmed_global_exact,역할별 전역 exact 양방향 확정,64861,64861:2483rows/50games,1,1,2483,50,2483,50,1.0,8,3918,78,3918,0,4123,81,9
1044,pitcher,23107,,unanchored_no_exact_evidence,exact 선수 매핑 근거 없음,,,0,0,0,0,0,0,,0,20,1,0,0,36,2,1
1045,pitcher,23110,62056,confirmed_global_exact,역할별 전역 exact 양방향 확정,62056,62056:686rows/45games,1,1,686,45,686,45,1.0,4,1182,75,1182,0,1254,79,5
1046,pitcher,23112,64768,confirmed_global_exact,역할별 전역 exact 양방향 확정,64768,64768:2401rows/65games,1,1,2401,65,2401,65,1.0,7,4055,112,4055,0,4391,118,10
1047,pitcher,23115,65827,confirmed_global_exact,역할별 전역 exact 양방향 확정,65827,65827:28rows/2games,1,1,28,2,28,2,1.0,2,91,5,91,0,92,5,2
1048,pitcher,23116,65464,confirmed_global_exact,역할별 전역 exact 양방향 확정,65464,65464:10rows/1games,1,1,10,1,10,1,1.0,1,10,1,10,0,10,1,1
1049,pitcher,23117,61896,confirmed_global_exact,역할별 전역 exact 양방향 확정,61896,61896:39rows/1games,1,1,39,1,39,1,1.0,1,39,1,39,0,39,1,1
1050,pitcher,23122,64759,confirmed_global_exact,역할별 전역 exact 양방향 확정,64759,64759:217rows/13games,1,1,217,13,217,13,1.0,6,384,22,384,0,463,29,6
1051,pitcher,23137,65398,confirmed_global_exact,역할별 전역 exact 양방향 확정,65398,65398:533rows/25games,1,1,533,25,533,25,1.0,3,833,40,833,0,1014,50,6
1052,pitcher,23139,66801,confirmed_global_exact,역할별 전역 exact 양방향 확정,66801,66801:97rows/6games,1,1,97,6,97,6,1.0,4,190,12,190,0,272,17,4
1053,pitcher,23145,66858,confirmed_global_exact,역할별 전역 exact 양방향 확정,66858,66858:98rows/4games,1,1,98,4,98,4,1.0,2,426,10,426,0,551,12,6
1054,pitcher,23148,,unanchored_no_exact_evidence,exact 선수 매핑 근거 없음,,,0,0,0,0,0,0,,0,0,0,0,0,18,1,1
1055,pitcher,23150,63104,confirmed_global_exact,역할별 전역 exact 양방향 확정,63104,63104:90rows/4games,1,1,90,4,90,4,1.0,1,183,11,183,0,254,14,3
1056,pitcher,23151,66064,confirmed_global_exact,역할별 전역 exact 양방향 확정,66064,66064:181rows/7games,1,1,181,7,181,7,1.0,4,429,16,429,0,525,17,5
1057,pitcher,23154,64029,confirmed_global_exact,역할별 전역 exact 양방향 확정,64029,64029:370rows/21games,1,1,370,21,370,21,1.0,5,643,34,643,0,725,36,8
1058,pitcher,23157,66047,confirmed_global_exact,역할별 전역 exact 양방향 확정,66047,66047:347rows/20games,1,1,347,20,347,20,1.0,5,491,28,491,0,517,29,6
1059,pitcher,23158,66068,confirmed_global_exact,역할별 전역 exact 양방향 확정,66068,66068:192rows/13games,1,1,192,13,192,13,1.0,4,288,18,288,0,357,21,5
1060,pitcher,23175,66039,confirmed_global_exact,역할별 전역 exact 양방향 확정,66039,66039:27rows/1games,1,1,27,1,27,1,1.0,1,84,3,84,0,298,6,4
1061,pitcher,23177,66201,confirmed_global_exact,역할별 전역 exact 양방향 확정,66201,66201:230rows/11games,1,1,230,11,230,11,1.0,3,314,15,314,0,350,17,4
1062,pitcher,23182,62294,confirmed_global_exact,역할별 전역 exact 양방향 확정,62294,62294:38rows/3games,1,1,38,3,38,3,1.0,3,222,10,222,0,272,11,4
1063,pitcher,23190,63492,confirmed_global_exact,역할별 전역 exact 양방향 확정,63492,63492:1160rows/68games,1,1,1160,68,1160,68,1.0,9,1795,112,1780,15,1982,128,10
1064,pitcher,23194,,unanchored_no_exact_evidence,exact 선수 매핑 근거 없음,,,0,0,0,0,0,0,,0,25,1,0,0,51,2,2
1065,pitcher,23204,573348,confirmed_global_exact,역할별 전역 exact 양방향 확정,573348,573348:590rows/12games,1,1,590,12,590,12,1.0,4,955,20,955,0,1251,24,5
1066,pitcher,23206,66920,confirmed_global_exact,역할별 전역 exact 양방향 확정,66920,66920:2890rows/52games,1,1,2890,52,2890,52,1.0,6,4466,79,4466,0,4864,87,9
1067,pitcher,23225,67119,confirmed_global_exact,역할별 전역 exact 양방향 확정,67119,67119:2441rows/152games,1,1,2441,152,2441,152,1.0,6,4254,258,4254,0,4614,279,7
1068,pitcher,23229,67143,confirmed_global_exact,역할별 전역 exact 양방향 확정,67143,67143:3083rows/40games,1,1,3083,40,3083,40,1.0,6,4658,60,4658,0,5175,66,6
1069,pitcher,23231,67116,confirmed_global_exact,역할별 전역 exact 양방향 확정,67116,67116:1549rows/57games,1,1,1549,57,1549,57,1.0,11,3117,124,3117,0,3864,148,11
1070,pitcher,23232,67164,confirmed_global_exact,역할별 전역 exact 양방향 확정,67164,67164:421rows/23games,1,1,421,23,421,23,1.0,7,1001,57,1001,0,1276,73,7
1071,pitcher,23235,67246,confirmed_global_exact,역할별 전역 exact 양방향 확정,67246,67246:2829rows/151games,1,1,2829,151,2829,151,1.0,7,4437,229,4437,0,4832,252,7
1072,pitcher,23236,67259,confirmed_global_exact,역할별 전역 exact 양방향 확정,67259,67259:148rows/7games,1,1,148,7,148,7,1.0,4,328,15,328,0,331,15,4
1073,pitcher,23238,67266,confirmed_global_exact,역할별 전역 exact 양방향 확정,67266,67266:2341rows/155games,1,1,2341,155,2341,155,1.0,6,3944,253,3944,0,4377,278,8
1074,pitcher,23240,67260,confirmed_global_exact,역할별 전역 exact 양방향 확정,67260,67260:29rows/2games,1,1,29,2,29,2,1.0,2,145,4,145,0,163,5,2
1075,pitcher,23257,67954,confirmed_global_exact,역할별 전역 exact 양방향 확정,67954,67954:1042rows/43games,1,1,1042,43,1042,43,1.0,5,1359,61,1359,0,1452,65,8
1076,pitcher,23258,67956,confirmed_global_exact,역할별 전역 exact 양방향 확정,67956,67956:536rows/27games,1,1,536,27,536,27,1.0,6,775,39,775,0,854,41,8
1077,pitcher,23260,67962,confirmed_global_exact,역할별 전역 exact 양방향 확정,67962,67962:379rows/19games,1,1,379,19,379,19,1.0,5,633,29,633,0,671,31,6
1078,pitcher,23262,,unanchored_no_exact_evidence,exact 선수 매핑 근거 없음,,,0,0,0,0,0,0,,0,21,1,0,0,21,1,1
1079,pitcher,23267,67989,confirmed_global_exact,역할별 전역 exact 양방향 확정,67989,67989:45rows/1games,1,1,45,1,45,1,1.0,1,45,1,45,0,45,1,1
1080,pitcher,23284,67365,confirmed_global_exact,역할별 전역 exact 양방향 확정,67365,67365:572rows/34games,1,1,572,34,572,34,1.0,7,1130,63,1130,0,1243,69,9
1081,pitcher,23286,67360,confirmed_global_exact,역할별 전역 exact 양방향 확정,67360,67360:97rows/4games,1,1,97,4,97,4,1.0,2,146,6,146,0,249,11,3
1082,pitcher,23288,67391,confirmed_global_exact,역할별 전역 exact 양방향 확정,67391,67391:2345rows/135games,1,1,2345,135,2345,135,1.0,6,4227,237,4227,0,4742,259,8
1083,pitcher,23289,64051,confirmed_global_exact,역할별 전역 exact 양방향 확정,64051,64051:1121rows/69games,1,1,1121,69,1121,69,1.0,5,1614,106,1614,0,1748,116,6
1084,pitcher,23293,67646,confirmed_global_exact,역할별 전역 exact 양방향 확정,67646,67646:700rows/25games,1,1,700,25,700,25,1.0,4,917,38,917,0,2058,77,5
1085,pitcher,23294,67640,confirmed_global_exact,역할별 전역 exact 양방향 확정,67640,67640:194rows/8games,1,1,194,8,194,8,1.0,3,358,16,358,0,649,31,5
1086,pitcher,23302,67604,confirmed_global_exact,역할별 전역 exact 양방향 확정,67604,67604:97rows/1games,1,1,97,1,97,1,1.0,1,321,4,321,0,477,8,4
1087,pitcher,23305,,unanchored_no_exact_evidence,exact 선수 매핑 근거 없음,,,0,0,0,0,0,0,,0,63,3,0,0,84,4,2
1088,pitcher,23306,65616,confirmed_global_exact,역할별 전역 exact 양방향 확정,65616,65616:3121rows/100games,1,1,3121,100,3121,100,1.0,7,4143,144,4143,0,6217,185,11
1089,pitcher,23307,67603,confirmed_global_exact,역할별 전역 exact 양방향 확정,67603,67603:3707rows/80games,1,1,3707,80,3707,80,1.0,5,5174,131,5174,0,5691,143,6
1090,pitcher,23312,67828,confirmed_global_exact,역할별 전역 exact 양방향 확정,67828,67828:1617rows/93games,1,1,1617,93,1617,93,1.0,4,2674,156,2674,0,2957,172,7
1091,pitcher,23314,67863,confirmed_global_exact,역할별 전역 exact 양방향 확정,67863,67863:437rows/14games,1,1,437,14,437,14,1.0,4,698,23,698,0,896,25,6
1092,pitcher,23324,,unanchored_no_exact_evidence,exact 선수 매핑 근거 없음,,,0,0,0,0,0,0,,0,64,1,0,0,66,1,1
1093,pitcher,23331,67768,confirmed_global_exact,역할별 전역 exact 양방향 확정,67768,67768:154rows/7games,1,1,154,7,154,7,1.0,4,391,14,391,0,409,14,5
1094,pitcher,23332,67762,confirmed_global_exact,역할별 전역 exact 양방향 확정,67762,67762:313rows/10games,1,1,313,10,313,10,1.0,2,484,16,484,0,618,18,2
1095,pitcher,23334,67737,confirmed_global_exact,역할별 전역 exact 양방향 확정,67737,67737:1117rows/55games,1,1,1117,55,1117,55,1.0,3,1493,78,1493,0,1772,86,4
1096,pitcher,23336,67711,confirmed_global_exact,역할별 전역 exact 양방향 확정,67711,67711:316rows/18games,1,1,316,18,316,18,1.0,3,488,28,488,0,589,32,4
1097,pitcher,23342,67591,confirmed_global_exact,역할별 전역 exact 양방향 확정,67591,67591:222rows/7games,1,1,222,7,222,7,1.0,3,325,12,325,0,325,12,5
1098,pitcher,23343,67588,confirmed_global_exact,역할별 전역 exact 양방향 확정,67588,67588:118rows/4games,1,1,118,4,118,4,1.0,4,210,7,210,0,210,7,5
1099,pitcher,23347,67539,confirmed_global_exact,역할별 전역 exact 양방향 확정,67539,67539:3678rows/62games,1,1,3678,62,3678,62,1.0,4,5871,101,5871,0,6521,111,4
1100,pitcher,23348,493193,confirmed_global_exact,역할별 전역 exact 양방향 확정,493193,493193:4rows/1games,1,1,4,1,4,1,1.0,1,4,1,4,0,4,1,1
1101,pitcher,23349,,unanchored_no_exact_evidence,exact 선수 매핑 근거 없음,,,0,0,0,0,0,0,,0,17,1,0,0,17,1,1
1102,pitcher,23352,,unanchored_no_exact_evidence,exact 선수 매핑 근거 없음,,,0,0,0,0,0,0,,0,16,1,0,0,16,1,1
1103,pitcher,23360,64464,confirmed_global_exact,역할별 전역 exact 양방향 확정,64464,64464:176rows/5games,1,1,176,5,176,5,1.0,3,196,6,196,0,215,7,4
1104,pitcher,23361,67467,confirmed_global_exact,역할별 전역 exact 양방향 확정,67467,67467:205rows/11games,1,1,205,11,205,11,1.0,4,406,19,406,0,426,21,4
1105,pitcher,23362,67443,confirmed_global_exact,역할별 전역 exact 양방향 확정,67443,67443:684rows/32games,1,1,684,32,684,32,1.0,3,863,39,863,0,932,43,3
1106,pitcher,23363,67421,confirmed_global_exact,역할별 전역 exact 양방향 확정,67421,67421:2107rows/131games,1,1,2107,131,2107,131,1.0,7,3621,217,3621,0,3924,233,7
1107,pitcher,23366,67454,confirmed_global_exact,역할별 전역 exact 양방향 확정,67454,67454:116rows/6games,1,1,116,6,116,6,1.0,2,199,10,199,0,210,11,4
1108,pitcher,23369,67419,confirmed_global_exact,역할별 전역 exact 양방향 확정,67419,67419:1031rows/52games,1,1,1031,52,1031,52,1.0,6,1635,80,1635,0,1843,92,8
1109,pitcher,23383,67048,confirmed_global_exact,역할별 전역 exact 양방향 확정,67048,67048:444rows/10games,1,1,444,10,444,10,1.0,4,703,19,703,0,733,20,8
1110,pitcher,23384,67066,confirmed_global_exact,역할별 전역 exact 양방향 확정,67066,67066:137rows/5games,1,1,137,5,137,5,1.0,2,159,6,159,0,159,6,2
1111,pitcher,23385,67045,confirmed_global_exact,역할별 전역 exact 양방향 확정,67045,67045:235rows/5games,1,1,235,5,235,5,1.0,1,567,10,567,0,741,12,3
1112,pitcher,23411,502010,confirmed_global_exact,역할별 전역 exact 양방향 확정,502010,502010:2944rows/32games,1,1,2944,32,2944,32,1.0,3,4981,55,4981,0,5306,59,3
1113,pitcher,23414,67703,confirmed_global_exact,역할별 전역 exact 양방향 확정,67703,67703:2542rows/155games,1,1,2542,155,2542,155,1.0,5,4121,242,4121,0,4434,258,6
1114,pitcher,23415,458676,confirmed_global_exact,역할별 전역 exact 양방향 확정,458676,458676:1774rows/18games,1,1,1774,18,1774,18,1.0,1,2790,28,2790,0,2982,30,1
1115,pitcher,23418,65109,confirmed_global_exact,역할별 전역 exact 양방향 확정,65109,65109:1207rows/78games,1,1,1207,78,1207,78,1.0,7,2590,162,2590,0,2947,186,8
1116,pitcher,23421,68130,confirmed_global_exact,역할별 전역 exact 양방향 확정,68130,68130:1326rows/29games,1,1,1326,29,1326,29,1.0,6,3507,71,3507,0,4464,87,7
1117,pitcher,23422,68135,confirmed_global_exact,역할별 전역 exact 양방향 확정,68135,68135:2739rows/29games,1,1,2739,29,2739,29,1.0,2,4568,50,4568,0,5076,55,2
1118,pitcher,23423,68157,confirmed_global_exact,역할별 전역 exact 양방향 확정,68157,68157:140rows/4games,1,1,140,4,140,4,1.0,2,246,8,246,0,512,14,2
1119,pitcher,23424,68159,confirmed_global_exact,역할별 전역 exact 양방향 확정,68159,68159:942rows/28games,1,1,942,28,942,28,1.0,5,2299,89,2299,0,2829,111,6
1120,pitcher,23426,65117,confirmed_global_exact,역할별 전역 exact 양방향 확정,65117,65117:1417rows/61games,1,1,1417,61,1417,61,1.0,9,2740,132,2740,0,3571,168,11
1121,pitcher,23428,68107,confirmed_global_exact,역할별 전역 exact 양방향 확정,68107,68107:28rows/2games,1,1,28,2,28,2,1.0,2,262,12,262,0,488,21,3
1122,pitcher,23429,68109,confirmed_global_exact,역할별 전역 exact 양방향 확정,68109,68109:656rows/30games,1,1,656,30,656,30,1.0,4,1567,70,1567,0,2235,94,4
1123,pitcher,23431,,unanchored_no_exact_evidence,exact 선수 매핑 근거 없음,,,0,0,0,0,0,0,,0,12,1,0,0,39,2,1
1124,pitcher,23437,,conflict_multiple_trackman_ids,한 Train 선수에 복수 Trackman ID,66018,66018:2772rows/84games;586512:43rows/1games,2,1,2772,84,2815,85,0.9847246891651865,7,4260,133,0,0,4832,149,12
1125,pitcher,23439,61268,confirmed_global_exact,역할별 전역 exact 양방향 확정,61268,61268:2280rows/126games,1,1,2280,126,2280,126,1.0,6,3917,218,3917,0,4275,237,10
1126,pitcher,23440,68341,confirmed_global_exact,역할별 전역 exact 양방향 확정,68341,68341:4553rows/69games,1,1,4553,69,4553,69,1.0,5,8505,126,8505,0,9308,138,6
1127,pitcher,23444,,unanchored_no_exact_evidence,exact 선수 매핑 근거 없음,,,0,0,0,0,0,0,,0,0,0,0,0,22,1,1
1128,pitcher,23446,,unanchored_no_exact_evidence,exact 선수 매핑 근거 없음,,,0,0,0,0,0,0,,0,0,0,0,0,123,6,2
1129,pitcher,23447,,unanchored_no_exact_evidence,exact 선수 매핑 근거 없음,,,0,0,0,0,0,0,,0,14,1,0,0,63,3,1
1130,pitcher,23449,,unanchored_no_exact_evidence,exact 선수 매핑 근거 없음,,,0,0,0,0,0,0,,0,0,0,0,0,29,2,2
1131,pitcher,23455,68556,confirmed_global_exact,역할별 전역 exact 양방향 확정,68556,68556:761rows/33games,1,1,761,33,761,33,1.0,4,1436,58,1436,0,1534,62,5
1132,pitcher,23458,68529,confirmed_global_exact,역할별 전역 exact 양방향 확정,68529,68529:669rows/10games,1,1,669,10,669,10,1.0,2,1476,22,1476,0,1880,27,5
1133,pitcher,23459,68585,confirmed_global_exact,역할별 전역 exact 양방향 확정,68585,68585:1172rows/73games,1,1,1172,73,1172,73,1.0,5,2124,132,2124,0,2342,144,7
1134,pitcher,23461,68589,confirmed_global_exact,역할별 전역 exact 양방향 확정,68589,68589:160rows/6games,1,1,160,6,160,6,1.0,2,181,7,181,0,342,9,4
1135,pitcher,23462,68501,confirmed_global_exact,역할별 전역 exact 양방향 확정,68501,68501:741rows/24games,1,1,741,24,741,24,1.0,5,1467,43,1467,0,1746,50,7
1136,pitcher,23475,68036,confirmed_global_exact,역할별 전역 exact 양방향 확정,68036,68036:640rows/29games,1,1,640,29,640,29,1.0,4,1008,50,1008,0,1206,60,6
1137,pitcher,23476,68050,confirmed_global_exact,역할별 전역 exact 양방향 확정,68050,68050:14rows/1games,1,1,14,1,14,1,1.0,1,14,1,14,0,14,1,1
1138,pitcher,23478,68043,confirmed_global_exact,역할별 전역 exact 양방향 확정,68043,68043:2752rows/76games,1,1,2752,76,2752,76,1.0,5,4685,137,4685,0,5026,148,8
1139,pitcher,23479,,unanchored_no_exact_evidence,exact 선수 매핑 근거 없음,,,0,0,0,0,0,0,,0,141,4,0,0,141,4,2
1140,pitcher,23484,68092,confirmed_global_exact,역할별 전역 exact 양방향 확정,68092,68092:878rows/56games,1,1,878,56,878,56,1.0,5,1347,89,1347,0,1475,95,6
1141,pitcher,23485,68093,confirmed_global_exact,역할별 전역 exact 양방향 확정,68093,68093:45rows/2games,1,1,45,2,45,2,1.0,1,45,2,45,0,45,2,1
1142,pitcher,23487,68096,confirmed_global_exact,역할별 전역 exact 양방향 확정,68096,68096:104rows/5games,1,1,104,5,104,5,1.0,1,237,13,237,0,248,14,1
1143,pitcher,23488,68097,confirmed_global_exact,역할별 전역 exact 양방향 확정,68097,68097:69rows/3games,1,1,69,3,69,3,1.0,2,108,6,108,0,108,6,3
1144,pitcher,23491,,unanchored_no_exact_evidence,exact 선수 매핑 근거 없음,,,0,0,0,0,0,0,,0,0,0,0,0,85,2,1
1145,pitcher,23496,63628,confirmed_global_exact,역할별 전역 exact 양방향 확정,63628,63628:827rows/48games,1,1,827,48,827,48,1.0,5,1177,70,1177,0,2704,158,7
1146,pitcher,23497,68616,confirmed_global_exact,역할별 전역 exact 양방향 확정,68616,68616:41rows/1games,1,1,41,1,41,1,1.0,1,41,1,41,0,126,4,3
1147,pitcher,23498,64615,confirmed_global_exact,역할별 전역 exact 양방향 확정,64615,64615:467rows/7games,1,1,467,7,467,7,1.0,4,520,8,520,0,997,16,5
1148,pitcher,23499,65618,confirmed_global_exact,역할별 전역 exact 양방향 확정,65618,65618:67rows/4games,1,1,67,4,67,4,1.0,3,139,5,139,0,364,12,4
1149,pitcher,23500,68659,confirmed_global_exact,역할별 전역 exact 양방향 확정,68659,68659:621rows/17games,1,1,621,17,621,17,1.0,3,1048,24,1048,0,2053,55,5
1150,pitcher,23501,68639,confirmed_global_exact,역할별 전역 exact 양방향 확정,68639,68639:1322rows/89games,1,1,1322,89,1322,89,1.0,3,1919,128,1919,0,2533,164,4
1151,pitcher,23502,,unanchored_no_exact_evidence,exact 선수 매핑 근거 없음,,,0,0,0,0,0,0,,0,33,1,0,0,53,2,1
1152,pitcher,23504,68619,confirmed_global_exact,역할별 전역 exact 양방향 확정,68619,68619:918rows/34games,1,1,918,34,918,34,1.0,4,1389,55,1389,0,2982,121,5
1153,pitcher,23512,65496,confirmed_global_exact,역할별 전역 exact 양방향 확정,65496,65496:1315rows/79games,1,1,1315,79,1315,79,1.0,7,1959,112,1959,0,2140,122,10
1154,pitcher,23513,68415,confirmed_global_exact,역할별 전역 exact 양방향 확정,68415,68415:802rows/20games,1,1,802,20,802,20,1.0,4,1219,32,1219,0,1340,37,4
1155,pitcher,23514,68454,confirmed_global_exact,역할별 전역 exact 양방향 확정,68454,68454:50rows/3games,1,1,50,3,50,3,1.0,3,75,4,75,0,75,4,3
1156,pitcher,23515,68403,confirmed_global_exact,역할별 전역 exact 양방향 확정,68403,68403:1288rows/67games,1,1,1288,67,1288,67,1.0,7,2238,119,2238,0,2465,131,7
1157,pitcher,23516,68406,confirmed_global_exact,역할별 전역 exact 양방향 확정,68406,68406:151rows/2games,1,1,151,2,151,2,1.0,1,151,2,151,0,151,2,1
1158,pitcher,23518,68419,confirmed_global_exact,역할별 전역 exact 양방향 확정,68419,68419:4921rows/62games,1,1,4921,62,4921,62,1.0,6,7340,99,7340,0,8087,110,6
1159,pitcher,23519,68413,confirmed_global_exact,역할별 전역 exact 양방향 확정,68413,68413:37rows/2games,1,1,37,2,37,2,1.0,1,105,4,105,0,109,4,2
1160,pitcher,23520,68409,confirmed_global_exact,역할별 전역 exact 양방향 확정,68409,68409:19rows/1games,1,1,19,1,19,1,1.0,1,26,2,26,0,30,2,1
1161,pitcher,23532,68830,confirmed_global_exact,역할별 전역 exact 양방향 확정,68830,68830:235rows/12games,1,1,235,12,235,12,1.0,7,487,27,487,0,622,30,10
1162,pitcher,23534,68815,confirmed_global_exact,역할별 전역 exact 양방향 확정,68815,68815:1395rows/15games,1,1,1395,15,1395,15,1.0,1,2416,26,2416,0,2538,28,1
1163,pitcher,23535,68801,confirmed_global_exact,역할별 전역 exact 양방향 확정,68801,68801:124rows/3games,1,1,124,3,124,3,1.0,2,375,9,375,0,394,9,4
1164,pitcher,23536,64805,confirmed_global_exact,역할별 전역 exact 양방향 확정,64805,64805:1536rows/71games,1,1,1536,71,1536,71,1.0,7,3004,137,3004,0,3164,146,10
1165,pitcher,23537,,unanchored_no_exact_evidence,exact 선수 매핑 근거 없음,,,0,0,0,0,0,0,,0,79,1,0,0,98,2,2
1166,pitcher,23538,68848,confirmed_global_exact,역할별 전역 exact 양방향 확정,68848,68848:30rows/1games,1,1,30,1,30,1,1.0,1,247,6,247,0,265,7,4
1167,pitcher,23540,68856,confirmed_global_exact,역할별 전역 exact 양방향 확정,68856,68856:2193rows/88games,1,1,2193,88,2193,88,1.0,5,4302,158,4302,0,4846,178,7
1168,pitcher,23542,68896,confirmed_global_exact,역할별 전역 exact 양방향 확정,68896,68896:916rows/54games,1,1,916,54,916,54,1.0,7,1554,82,1554,0,1711,90,8
1169,pitcher,23554,63292,confirmed_global_exact,역할별 전역 exact 양방향 확정,63292,63292:1376rows/28games,1,1,1376,28,1376,28,1.0,5,1841,38,1841,0,1994,41,8
1170,pitcher,23555,68220,confirmed_global_exact,역할별 전역 exact 양방향 확정,68220,68220:6129rows/66games,1,1,6129,66,6129,66,1.0,5,8528,91,8528,0,9626,102,5
1171,pitcher,23556,61962,confirmed_global_exact,역할별 전역 exact 양방향 확정,61962,61962:242rows/13games,1,1,242,13,242,13,1.0,3,335,19,335,0,493,27,4
1172,pitcher,23557,68240,confirmed_global_exact,역할별 전역 exact 양방향 확정,68240,68240:1325rows/14games,1,1,1325,14,1325,14,1.0,1,1868,20,1868,0,2075,22,1
1173,pitcher,23558,68242,confirmed_global_exact,역할별 전역 exact 양방향 확정,68242,68242:1873rows/93games,1,1,1873,93,1873,93,1.0,4,2994,148,2994,0,3225,163,5
1174,pitcher,23560,68260,confirmed_global_exact,역할별 전역 exact 양방향 확정,68260,68260:284rows/9games,1,1,284,9,284,9,1.0,2,494,17,494,0,529,18,5
1175,pitcher,23561,67263,confirmed_global_exact,역할별 전역 exact 양방향 확정,67263,67263:7966rows/121games,1,1,7966,121,7966,121,1.0,6,11314,172,11314,0,12331,187,8
1176,pitcher,23564,68269,confirmed_global_exact,역할별 전역 exact 양방향 확정,68269,68269:234rows/17games,1,1,234,17,234,17,1.0,5,651,36,651,0,774,41,6
1177,pitcher,23565,68200,confirmed_global_exact,역할별 전역 exact 양방향 확정,68200,68200:1231rows/43games,1,1,1231,43,1231,43,1.0,5,2769,81,2769,0,3210,88,11
1178,pitcher,23567,68797,confirmed_global_exact,역할별 전역 exact 양방향 확정,68797,68797:348rows/16games,1,1,348,16,348,16,1.0,5,617,31,617,0,665,34,8
1179,pitcher,23568,68703,confirmed_global_exact,역할별 전역 exact 양방향 확정,68703,68703:1021rows/29games,1,1,1021,29,1021,29,1.0,6,1441,44,1441,0,1526,46,6
1180,pitcher,23574,68701,confirmed_global_exact,역할별 전역 exact 양방향 확정,68701,68701:699rows/18games,1,1,699,18,699,18,1.0,4,892,25,892,0,935,27,5
1181,pitcher,23575,,unanchored_no_exact_evidence,exact 선수 매핑 근거 없음,,,0,0,0,0,0,0,,0,37,1,0,0,53,2,1
1182,pitcher,23589,,conflict_multiple_trackman_ids,한 Train 선수에 복수 Trackman ID,68928,68928:2666rows/106games;77211:17rows/1games,2,1,2666,106,2683,106,0.9936638091688409,4,4117,147,0,0,4500,161,4
1183,pitcher,23590,68900,confirmed_global_exact,역할별 전역 exact 양방향 확정,68900,68900:3956rows/156games,1,1,3956,156,3956,156,1.0,6,5690,246,5690,0,6013,264,6
1184,pitcher,23591,68908,confirmed_global_exact,역할별 전역 exact 양방향 확정,68908,68908:14rows/1games,1,1,14,1,14,1,1.0,1,36,2,36,0,46,3,2
1185,pitcher,23593,68902,confirmed_global_exact,역할별 전역 exact 양방향 확정,68902,68902:5563rows/77games,1,1,5563,77,5563,77,1.0,6,9043,122,9043,0,9505,129,7
1186,pitcher,23596,63936,confirmed_global_exact,역할별 전역 exact 양방향 확정,63936,63936:195rows/5games,1,1,195,5,195,5,1.0,3,271,9,271,0,297,10,4
1187,pitcher,23597,63961,confirmed_global_exact,역할별 전역 exact 양방향 확정,63961,63961:1526rows/84games,1,1,1526,84,1526,84,1.0,10,2679,159,2679,0,2969,177,10
1188,pitcher,23598,,unanchored_no_exact_evidence,exact 선수 매핑 근거 없음,,,0,0,0,0,0,0,,0,31,1,0,0,61,3,1
1189,pitcher,23599,68910,confirmed_global_exact,역할별 전역 exact 양방향 확정,68910,68910:39rows/2games,1,1,39,2,39,2,1.0,2,158,9,158,0,200,11,4
1190,pitcher,23600,65937,confirmed_global_exact,역할별 전역 exact 양방향 확정,65937,65937:35rows/1games,1,1,35,1,35,1,1.0,1,164,5,164,0,164,5,2
1191,pitcher,23614,65643,confirmed_global_exact,역할별 전역 exact 양방향 확정,65643,65643:1344rows/85games,1,1,1344,85,1344,85,1.0,5,2194,139,2194,0,2875,187,8
1192,pitcher,23615,68453,confirmed_global_exact,역할별 전역 exact 양방향 확정,68453,68453:34rows/2games,1,1,34,2,34,2,1.0,2,56,4,56,0,56,4,3
1193,pitcher,23617,68249,confirmed_global_exact,역할별 전역 exact 양방향 확정,68249,68249:1594rows/41games,1,1,1594,41,1594,41,1.0,6,2288,59,2288,0,2569,65,10
1194,pitcher,23618,64198,confirmed_global_exact,역할별 전역 exact 양방향 확정,64198,64198:19rows/1games,1,1,19,1,19,1,1.0,1,76,4,76,0,76,4,2
1195,pitcher,23624,68201,confirmed_global_exact,역할별 전역 exact 양방향 확정,68201,68201:17rows/1games,1,1,17,1,17,1,1.0,1,41,2,41,0,56,3,2
1196,pitcher,23627,,conflict_multiple_trackman_ids,한 Train 선수에 복수 Trackman ID,62611,62611:1520rows/79games;51594:34rows/1games,2,1,1520,79,1554,80,0.9781209781209781,9,2391,130,0,0,2597,142,10
1197,pitcher,23628,61295,confirmed_global_exact,역할별 전역 exact 양방향 확정,61295,61295:719rows/28games,1,1,719,28,719,28,1.0,6,1238,51,1238,0,1253,52,7
1198,pitcher,23630,66609,confirmed_global_exact,역할별 전역 exact 양방향 확정,66609,66609:1510rows/99games,1,1,1510,99,1510,99,1.0,6,2301,151,2301,0,4729,300,7
1199,pitcher,23631,63991,confirmed_global_exact,역할별 전역 exact 양방향 확정,63991,63991:1306rows/48games,1,1,1306,48,1306,48,1.0,3,2849,87,2849,0,3098,93,3
1200,pitcher,23632,63638,confirmed_global_exact,역할별 전역 exact 양방향 확정,63638,63638:1049rows/70games,1,1,1049,70,1049,70,1.0,6,1452,99,1452,0,3076,209,8
1201,pitcher,23633,543391,confirmed_global_exact,역할별 전역 exact 양방향 확정,543391,543391:10021rows/106games,1,1,10021,106,10021,106,1.0,7,14779,158,14779,0,15450,165,8
1202,pitcher,23634,69134,confirmed_global_exact,역할별 전역 exact 양방향 확정,69134,69134:2645rows/120games,1,1,2645,120,2645,120,1.0,6,3970,196,3970,0,4357,215,7
1203,pitcher,23636,69158,confirmed_global_exact,역할별 전역 exact 양방향 확정,69158,69158:406rows/20games,1,1,406,20,406,20,1.0,3,911,46,911,0,1222,64,3
1204,pitcher,23637,69159,confirmed_global_exact,역할별 전역 exact 양방향 확정,69159,69159:3078rows/203games,1,1,3078,203,3078,203,1.0,10,5123,331,5123,0,5587,359,10
1205,pitcher,23638,69168,confirmed_global_exact,역할별 전역 exact 양방향 확정,69168,69168:1905rows/42games,1,1,1905,42,1905,42,1.0,9,3739,73,3739,0,5021,91,9
1206,pitcher,23640,69104,confirmed_global_exact,역할별 전역 exact 양방향 확정,69104,69104:442rows/16games,1,1,442,16,442,16,1.0,5,742,29,742,0,994,37,7
1207,pitcher,23642,69108,confirmed_global_exact,역할별 전역 exact 양방향 확정,69108,69108:1653rows/52games,1,1,1653,52,1653,52,1.0,6,3413,87,3413,0,4239,105,7
1208,pitcher,23643,69111,confirmed_global_exact,역할별 전역 exact 양방향 확정,69111,69111:488rows/28games,1,1,488,28,488,28,1.0,6,1117,73,1117,0,1734,100,6
1209,pitcher,23644,69113,confirmed_global_exact,역할별 전역 exact 양방향 확정,69113,69113:1285rows/33games,1,1,1285,33,1285,33,1.0,7,3053,75,3053,0,3400,86,9
1210,pitcher,23648,66663,confirmed_global_exact,역할별 전역 exact 양방향 확정,66663,66663:219rows/9games,1,1,219,9,219,9,1.0,2,297,14,297,0,893,38,5
1211,pitcher,23650,69620,confirmed_global_exact,역할별 전역 exact 양방향 확정,69620,69620:1049rows/27games,1,1,1049,27,1049,27,1.0,5,1452,39,1452,0,3926,94,7
1212,pitcher,23651,545363,confirmed_global_exact,역할별 전역 exact 양방향 확정,545363,545363:1337rows/14games,1,1,1337,14,1337,14,1.0,1,1642,17,1642,0,2692,28,1
1213,pitcher,23652,69643,confirmed_global_exact,역할별 전역 exact 양방향 확정,69643,69643:39rows/1games,1,1,39,1,39,1,1.0,1,39,1,39,0,53,2,2
1214,pitcher,23653,69645,confirmed_global_exact,역할별 전역 exact 양방향 확정,69645,69645:486rows/21games,1,1,486,21,486,21,1.0,6,718,31,718,0,1202,50,9
1215,pitcher,23654,69646,confirmed_global_exact,역할별 전역 exact 양방향 확정,69646,69646:327rows/11games,1,1,327,11,327,11,1.0,3,593,18,593,0,1081,29,4
1216,pitcher,23655,69656,confirmed_global_exact,역할별 전역 exact 양방향 확정,69656,69656:781rows/8games,1,1,781,8,781,8,1.0,1,1492,15,1492,0,2764,28,1
1217,pitcher,23659,,unanchored_no_exact_evidence,exact 선수 매핑 근거 없음,,,0,0,0,0,0,0,,0,19,1,0,0,19,1,1
1218,pitcher,23660,,unanchored_no_exact_evidence,exact 선수 매핑 근거 없음,,,0,0,0,0,0,0,,0,13,1,0,0,40,2,1
1219,pitcher,23665,65665,confirmed_global_exact,역할별 전역 exact 양방향 확정,65665,65665:1478rows/106games,1,1,1478,106,1478,106,1.0,6,2049,156,2049,0,4127,331,7
1220,pitcher,23667,,unanchored_no_exact_evidence,exact 선수 매핑 근거 없음,,,0,0,0,0,0,0,,0,0,0,0,0,13,1,1
1221,pitcher,23670,,unanchored_no_exact_evidence,exact 선수 매핑 근거 없음,,,0,0,0,0,0,0,,0,28,2,0,0,28,2,1
1222,pitcher,23672,69539,confirmed_global_exact,역할별 전역 exact 양방향 확정,69539,69539:3770rows/76games,1,1,3770,76,3770,76,1.0,4,5321,117,5321,0,5675,124,5
1223,pitcher,23673,69550,confirmed_global_exact,역할별 전역 exact 양방향 확정,69550,69550:608rows/6games,1,1,608,6,608,6,1.0,1,1052,11,1052,0,1060,11,1
1224,pitcher,23676,69594,confirmed_global_exact,역할별 전역 exact 양방향 확정,69594,69594:664rows/28games,1,1,664,28,664,28,1.0,3,888,44,888,0,1027,48,5
1225,pitcher,23680,69507,confirmed_global_exact,역할별 전역 exact 양방향 확정,69507,69507:13rows/1games,1,1,13,1,13,1,1.0,1,149,6,149,0,169,7,4
1226,pitcher,23682,,unanchored_no_exact_evidence,exact 선수 매핑 근거 없음,,,0,0,0,0,0,0,,0,24,1,0,0,24,1,1
1227,pitcher,23684,69516,confirmed_global_exact,역할별 전역 exact 양방향 확정,69516,69516:405rows/14games,1,1,405,14,405,14,1.0,5,980,26,980,0,2082,50,9
1228,pitcher,23689,64554,confirmed_global_exact,역할별 전역 exact 양방향 확정,64554,64554:458rows/22games,1,1,458,22,458,22,1.0,4,792,36,792,0,946,40,6
1229,pitcher,23690,63791,confirmed_global_exact,역할별 전역 exact 양방향 확정,63791,63791:72rows/1games,1,1,72,1,72,1,1.0,1,248,6,248,0,361,7,3
1230,pitcher,23693,69737,confirmed_global_exact,역할별 전역 exact 양방향 확정,69737,69737:21rows/1games,1,1,21,1,21,1,1.0,1,21,1,21,0,21,1,1
1231,pitcher,23694,599683,confirmed_global_exact,역할별 전역 exact 양방향 확정,599683,599683:3553rows/36games,1,1,3553,36,3553,36,1.0,2,5466,55,5466,0,5884,59,2
1232,pitcher,23695,69745,confirmed_global_exact,역할별 전역 exact 양방향 확정,69745,69745:2384rows/40games,1,1,2384,40,2384,40,1.0,7,3084,57,3084,0,4384,87,9
1233,pitcher,23696,518445,confirmed_global_exact,역할별 전역 exact 양방향 확정,518445,518445:2756rows/30games,1,1,2756,30,2756,30,1.0,2,3974,43,3974,0,4253,46,3
1234,pitcher,23697,69762,confirmed_global_exact,역할별 전역 exact 양방향 확정,69762,69762:1086rows/22games,1,1,1086,22,1086,22,1.0,6,1676,35,1676,0,1807,38,7
1235,pitcher,23699,69767,confirmed_global_exact,역할별 전역 exact 양방향 확정,69767,69767:89rows/2games,1,1,89,2,89,2,1.0,2,282,7,282,0,355,8,3
1236,pitcher,23703,69703,confirmed_global_exact,역할별 전역 exact 양방향 확정,69703,69703:596rows/26games,1,1,596,26,596,26,1.0,3,803,36,803,0,827,40,3
1237,pitcher,23708,,unanchored_no_exact_evidence,exact 선수 매핑 근거 없음,,,0,0,0,0,0,0,,0,35,1,0,0,50,2,1
1238,pitcher,23713,69413,confirmed_global_exact,역할별 전역 exact 양방향 확정,69413,69413:1767rows/18games,1,1,1767,18,1767,18,1.0,1,1871,19,1871,0,2076,21,1
1239,pitcher,23714,64769,confirmed_global_exact,역할별 전역 exact 양방향 확정,64769,64769:65rows/1games,1,1,65,1,65,1,1.0,1,131,2,131,0,131,2,1
1240,pitcher,23717,69435,confirmed_global_exact,역할별 전역 exact 양방향 확정,69435,69435:740rows/8games,1,1,740,8,740,8,1.0,1,1394,17,1394,0,1575,19,1
1241,pitcher,23719,69446,confirmed_global_exact,역할별 전역 exact 양방향 확정,69446,69446:7959rows/87games,1,1,7959,87,7959,87,1.0,6,13245,147,13245,0,14775,161,6
1242,pitcher,23721,,unanchored_no_exact_evidence,exact 선수 매핑 근거 없음,,,0,0,0,0,0,0,,0,63,4,0,0,63,4,3
1243,pitcher,23727,68207,confirmed_global_exact,역할별 전역 exact 양방향 확정,68207,68207:103rows/5games,1,1,103,5,103,5,1.0,3,149,7,149,0,179,8,4
1244,pitcher,23729,68209,confirmed_global_exact,역할별 전역 exact 양방향 확정,68209,68209:12rows/1games,1,1,12,1,12,1,1.0,1,26,3,26,0,26,3,1
1245,pitcher,23731,69213,confirmed_global_exact,역할별 전역 exact 양방향 확정,69213,69213:397rows/22games,1,1,397,22,397,22,1.0,5,989,53,989,0,1233,63,9
1246,pitcher,23736,69204,confirmed_global_exact,역할별 전역 exact 양방향 확정,69204,69204:339rows/16games,1,1,339,16,339,16,1.0,4,737,23,737,0,784,24,6
1247,pitcher,23737,69205,confirmed_global_exact,역할별 전역 exact 양방향 확정,69205,69205:812rows/37games,1,1,812,37,812,37,1.0,6,1144,53,1144,0,1251,60,7
1248,pitcher,23738,69206,confirmed_global_exact,역할별 전역 exact 양방향 확정,69206,69206:66rows/3games,1,1,66,3,66,3,1.0,2,224,9,224,0,227,9,3
1249,pitcher,23740,69208,confirmed_global_exact,역할별 전역 exact 양방향 확정,69208,69208:23rows/2games,1,1,23,2,23,2,1.0,2,117,4,117,0,152,5,2
1250,pitcher,23743,69211,confirmed_global_exact,역할별 전역 exact 양방향 확정,69211,69211:133rows/3games,1,1,133,3,133,3,1.0,3,480,12,480,0,510,12,4
1251,pitcher,23745,518852,confirmed_global_exact,역할별 전역 exact 양방향 확정,518852,518852:7161rows/77games,1,1,7161,77,7161,77,1.0,6,11456,124,11456,0,12787,138,6
1252,pitcher,23747,69328,confirmed_global_exact,역할별 전역 exact 양방향 확정,69328,69328:360rows/17games,1,1,360,17,360,17,1.0,4,809,35,809,0,1212,48,10
1253,pitcher,23748,69399,confirmed_global_exact,역할별 전역 exact 양방향 확정,69399,69399:630rows/29games,1,1,630,29,630,29,1.0,6,1621,61,1609,12,2112,73,12
1254,pitcher,23749,69360,confirmed_global_exact,역할별 전역 exact 양방향 확정,69360,69360:1081rows/33games,1,1,1081,33,1081,33,1.0,7,1919,55,1919,0,2252,62,8
1255,pitcher,23751,69367,confirmed_global_exact,역할별 전역 exact 양방향 확정,69367,69367:889rows/14games,1,1,889,14,889,14,1.0,3,1428,27,1428,0,1959,40,8
1256,pitcher,23754,,unanchored_no_exact_evidence,exact 선수 매핑 근거 없음,,,0,0,0,0,0,0,,0,104,3,0,0,327,14,3
1257,pitcher,23758,621245,confirmed_global_exact,역할별 전역 exact 양방향 확정,621245,621245:1397rows/16games,1,1,1397,16,1397,16,1.0,2,2238,25,2238,0,2569,29,2
1258,pitcher,23759,69813,confirmed_global_exact,역할별 전역 exact 양방향 확정,69813,69813:863rows/52games,1,1,863,52,863,52,1.0,3,1657,95,1657,0,1702,98,5
1259,pitcher,23761,69839,confirmed_global_exact,역할별 전역 exact 양방향 확정,69839,69839:1303rows/38games,1,1,1303,38,1303,38,1.0,5,1885,56,1885,0,2165,67,8
1260,pitcher,23762,65897,confirmed_global_exact,역할별 전역 exact 양방향 확정,65897,65897:114rows/3games,1,1,114,3,114,3,1.0,2,266,9,266,0,351,11,2
1261,pitcher,23763,69860,confirmed_global_exact,역할별 전역 exact 양방향 확정,69860,69860:10rows/1games,1,1,10,1,10,1,1.0,1,26,2,26,0,26,2,1
1262,pitcher,23764,,unanchored_no_exact_evidence,exact 선수 매핑 근거 없음,,,0,0,0,0,0,0,,0,173,9,0,0,225,12,4
1263,pitcher,23765,,unanchored_no_exact_evidence,exact 선수 매핑 근거 없음,,,0,0,0,0,0,0,,0,60,2,0,0,131,4,2
1264,pitcher,23766,69934,confirmed_global_exact,역할별 전역 exact 양방향 확정,69934,69934:802rows/9games,1,1,802,9,802,9,1.0,1,1242,13,1242,0,1244,13,1
1265,pitcher,23767,69940,confirmed_global_exact,역할별 전역 exact 양방향 확정,69940,69940:7343rows/76games,1,1,7343,76,7343,76,1.0,4,11051,115,11051,0,11644,121,4
1266,pitcher,23769,69962,confirmed_global_exact,역할별 전역 exact 양방향 확정,69962,69962:5100rows/97games,1,1,5100,97,5100,97,1.0,6,7570,142,7570,0,8459,156,7
1267,pitcher,23771,69969,confirmed_global_exact,역할별 전역 exact 양방향 확정,69969,69969:736rows/27games,1,1,736,27,736,27,1.0,6,981,35,981,0,1071,39,8
1268,pitcher,23772,69974,confirmed_global_exact,역할별 전역 exact 양방향 확정,69974,69974:845rows/36games,1,1,845,36,845,36,1.0,6,1355,57,1355,0,1484,63,9
1269,pitcher,23775,69991,confirmed_global_exact,역할별 전역 exact 양방향 확정,69991,69991:70rows/3games,1,1,70,3,70,3,1.0,3,131,6,131,0,131,6,4
1270,pitcher,23777,,unanchored_no_exact_evidence,exact 선수 매핑 근거 없음,,,0,0,0,0,0,0,,0,22,1,0,0,22,1,1
1271,pitcher,23779,69996,confirmed_global_exact,역할별 전역 exact 양방향 확정,69996,69996:113rows/5games,1,1,113,5,113,5,1.0,2,196,10,196,0,208,10,4
1272,pitcher,23781,593417,confirmed_global_exact,역할별 전역 exact 양방향 확정,593417,593417:4767rows/50games,1,1,4767,50,4767,50,1.0,4,8929,93,8929,0,9749,101,4
1273,pitcher,23782,571035,confirmed_global_exact,역할별 전역 exact 양방향 확정,571035,571035:7870rows/84games,1,1,7870,84,7870,84,1.0,6,11486,123,11486,0,12393,132,6
1274,pitcher,23783,69047,confirmed_global_exact,역할별 전역 exact 양방향 확정,69047,69047:129rows/10games,1,1,129,10,129,10,1.0,3,292,21,292,0,332,24,4
1275,pitcher,23784,534648,confirmed_global_exact,역할별 전역 exact 양방향 확정,534648,534648:1216rows/51games,1,1,1216,51,1216,51,1.0,3,2307,92,2307,0,2462,95,3
1276,pitcher,23785,,unanchored_no_exact_evidence,exact 선수 매핑 근거 없음,,,0,0,0,0,0,0,,0,0,0,0,0,64,1,1
1277,pitcher,23786,69041,confirmed_global_exact,역할별 전역 exact 양방향 확정,69041,69041:1916rows/96games,1,1,1916,96,1916,96,1.0,7,3063,159,3063,0,3262,171,8
1278,pitcher,23787,69054,confirmed_global_exact,역할별 전역 exact 양방향 확정,69054,69054:986rows/52games,1,1,986,52,986,52,1.0,7,1742,88,1742,0,1862,91,9
1279,pitcher,23790,69068,confirmed_global_exact,역할별 전역 exact 양방향 확정,69068,69068:496rows/21games,1,1,496,21,496,21,1.0,5,905,34,905,0,936,36,6
1280,pitcher,23794,,unanchored_no_exact_evidence,exact 선수 매핑 근거 없음,,,0,0,0,0,0,0,,0,59,3,0,0,59,3,2
1281,pitcher,23819,,unanchored_no_exact_evidence,exact 선수 매핑 근거 없음,,,0,0,0,0,0,0,,0,0,0,0,0,292,2,1
1282,pitcher,23843,543184,confirmed_global_exact,역할별 전역 exact 양방향 확정,543184,543184:644rows/7games,1,1,644,7,644,7,1.0,1,927,10,927,0,1114,12,1
1283,pitcher,23848,75421,confirmed_global_exact,역할별 전역 exact 양방향 확정,75421,75421:2434rows/144games,1,1,2434,144,2434,144,1.0,5,4380,257,4380,0,4802,283,5
1284,pitcher,23849,594902,confirmed_global_exact,역할별 전역 exact 양방향 확정,594902,594902:1538rows/16games,1,1,1538,16,1538,16,1.0,3,3205,34,3205,0,3426,36,3
1285,pitcher,23850,,conflict_reverse_multiple_train_ids,Trackman ID가 복수 Train 선수로 역매핑,69098,69098:147rows/5games,1,2,147,5,147,5,1.0,2,180,7,0,0,220,8,4
1286,pitcher,23852,50126,confirmed_global_exact,역할별 전역 exact 양방향 확정,50126,50126:4167rows/53games,1,1,4167,53,4167,53,1.0,6,6173,80,6173,0,7076,90,8
1287,pitcher,23853,50157,confirmed_global_exact,역할별 전역 exact 양방향 확정,50157,50157:3566rows/68games,1,1,3566,68,3566,68,1.0,7,5541,106,5541,0,6264,120,10
1288,pitcher,23856,50105,confirmed_global_exact,역할별 전역 exact 양방향 확정,50105,50105:71rows/3games,1,1,71,3,71,3,1.0,3,267,7,267,0,356,8,3
1289,pitcher,23857,50106,confirmed_global_exact,역할별 전역 exact 양방향 확정,50106,50106:1432rows/79games,1,1,1432,79,1432,79,1.0,4,2738,139,2738,0,3136,151,4
1290,pitcher,23858,50107,confirmed_global_exact,역할별 전역 exact 양방향 확정,50107,50107:325rows/16games,1,1,325,16,325,16,1.0,3,683,30,683,0,721,32,3
1291,pitcher,23860,50109,confirmed_global_exact,역할별 전역 exact 양방향 확정,50109,50109:527rows/24games,1,1,527,24,527,24,1.0,4,1719,58,1719,0,2173,70,5
1292,pitcher,23863,50114,confirmed_global_exact,역할별 전역 exact 양방향 확정,50114,50114:217rows/13games,1,1,217,13,217,13,1.0,2,481,31,481,0,662,42,2
1293,pitcher,23866,69803,confirmed_global_exact,역할별 전역 exact 양방향 확정,69803,69803:61rows/3games,1,1,61,3,61,3,1.0,2,107,5,107,0,108,5,2
1294,pitcher,23867,69801,confirmed_global_exact,역할별 전역 exact 양방향 확정,69801,69801:87rows/2games,1,1,87,2,87,2,1.0,2,263,5,263,0,263,5,2
1295,pitcher,23868,50430,confirmed_global_exact,역할별 전역 exact 양방향 확정,50430,50430:152rows/6games,1,1,152,6,152,6,1.0,4,336,12,336,0,369,13,6
1296,pitcher,23869,50441,confirmed_global_exact,역할별 전역 exact 양방향 확정,50441,50441:1669rows/25games,1,1,1669,25,1669,25,1.0,4,2423,36,2423,0,2868,41,6
1297,pitcher,23870,50449,confirmed_global_exact,역할별 전역 exact 양방향 확정,50449,50449:1508rows/23games,1,1,1508,23,1508,23,1.0,5,2199,32,2199,0,2380,34,6
1298,pitcher,23871,50464,confirmed_global_exact,역할별 전역 exact 양방향 확정,50464,50464:1289rows/27games,1,1,1289,27,1289,27,1.0,4,1954,41,1954,0,2497,48,7
1299,pitcher,23872,50411,confirmed_global_exact,역할별 전역 exact 양방향 확정,50411,50411:92rows/6games,1,1,92,6,92,6,1.0,1,206,9,206,0,280,10,3
1300,pitcher,23873,,unanchored_no_exact_evidence,exact 선수 매핑 근거 없음,,,0,0,0,0,0,0,,0,23,1,0,0,23,1,1
1301,pitcher,23874,50412,confirmed_global_exact,역할별 전역 exact 양방향 확정,50412,50412:32rows/1games,1,1,32,1,32,1,1.0,1,76,3,76,0,79,3,2
1302,pitcher,23879,64498,confirmed_global_exact,역할별 전역 exact 양방향 확정,64498,64498:43rows/1games,1,1,43,1,43,1,1.0,1,213,3,213,0,213,3,3
1303,pitcher,23880,571527,confirmed_global_exact,역할별 전역 exact 양방향 확정,571527,571527:6792rows/68games,1,1,6792,68,6792,68,1.0,5,10780,108,10780,0,11433,114,5
1304,pitcher,23884,50573,confirmed_global_exact,역할별 전역 exact 양방향 확정,50573,50573:23rows/1games,1,1,23,1,23,1,1.0,1,23,1,23,0,108,2,2
1305,pitcher,23885,,unanchored_no_exact_evidence,exact 선수 매핑 근거 없음,,,0,0,0,0,0,0,,0,30,1,0,0,30,1,1
1306,pitcher,23886,50592,confirmed_global_exact,역할별 전역 exact 양방향 확정,50592,50592:79rows/3games,1,1,79,3,79,3,1.0,2,110,6,110,0,141,7,4
1307,pitcher,23887,50563,confirmed_global_exact,역할별 전역 exact 양방향 확정,50563,50563:37rows/3games,1,1,37,3,37,3,1.0,1,37,3,37,0,121,8,3
1308,pitcher,23893,50556,confirmed_global_exact,역할별 전역 exact 양방향 확정,50556,50556:1786rows/113games,1,1,1786,113,1786,113,1.0,5,3285,196,3285,0,3654,218,6
1309,pitcher,23895,50596,confirmed_global_exact,역할별 전역 exact 양방향 확정,50596,50596:31rows/2games,1,1,31,2,31,2,1.0,2,181,5,181,0,181,5,3
1310,pitcher,23897,573185,confirmed_global_exact,역할별 전역 exact 양방향 확정,573185,573185:5051rows/52games,1,1,5051,52,5051,52,1.0,4,8020,83,8020,0,8632,89,4
1311,pitcher,23898,592716,confirmed_global_exact,역할별 전역 exact 양방향 확정,592716,592716:1375rows/16games,1,1,1375,16,1375,16,1.0,1,2116,24,2116,0,2202,25,1
1312,pitcher,23902,65411,confirmed_global_exact,역할별 전역 exact 양방향 확정,65411,65411:750rows/32games,1,1,750,32,750,32,1.0,10,1732,62,1732,0,1883,65,11
1313,pitcher,23903,50859,confirmed_global_exact,역할별 전역 exact 양방향 확정,50859,50859:5013rows/66games,1,1,5013,66,5013,66,1.0,6,9315,125,9315,0,9876,134,7
1314,pitcher,23904,50812,confirmed_global_exact,역할별 전역 exact 양방향 확정,50812,50812:387rows/17games,1,1,387,17,387,17,1.0,6,613,28,613,0,738,35,7
1315,pitcher,23908,50811,confirmed_global_exact,역할별 전역 exact 양방향 확정,50811,50811:26rows/1games,1,1,26,1,26,1,1.0,1,48,3,48,0,48,3,1
1316,pitcher,23909,50813,confirmed_global_exact,역할별 전역 exact 양방향 확정,50813,50813:208rows/4games,1,1,208,4,208,4,1.0,2,315,7,315,0,405,8,4
1317,pitcher,23910,,unanchored_no_exact_evidence,exact 선수 매핑 근거 없음,,,0,0,0,0,0,0,,0,41,1,0,0,99,2,1
1318,pitcher,23912,50818,confirmed_global_exact,역할별 전역 exact 양방향 확정,50818,50818:22rows/1games,1,1,22,1,22,1,1.0,1,22,1,22,0,22,1,1
1319,pitcher,23914,620982,confirmed_global_exact,역할별 전역 exact 양방향 확정,620982,620982:1561rows/16games,1,1,1561,16,1561,16,1.0,1,2839,29,2839,0,2949,30,1
1320,pitcher,23915,592468,confirmed_global_exact,역할별 전역 exact 양방향 확정,592468,592468:1380rows/14games,1,1,1380,14,1380,14,1.0,2,2632,28,2632,0,2828,30,3
1321,pitcher,23916,543193,confirmed_global_exact,역할별 전역 exact 양방향 확정,543193,543193:1601rows/16games,1,1,1601,16,1601,16,1.0,1,1903,19,1903,0,2809,28,1
1322,pitcher,23917,605156,confirmed_global_exact,역할별 전역 exact 양방향 확정,605156,605156:1033rows/11games,1,1,1033,11,1033,11,1.0,2,1510,16,1510,0,3437,36,2
1323,pitcher,23920,50622,confirmed_global_exact,역할별 전역 exact 양방향 확정,50622,50622:15rows/1games,1,1,15,1,15,1,1.0,1,15,1,15,0,84,3,2
1324,pitcher,23921,50604,confirmed_global_exact,역할별 전역 exact 양방향 확정,50604,50604:13rows/1games,1,1,13,1,13,1,1.0,1,27,3,27,0,107,6,2
1325,pitcher,23922,,unanchored_no_exact_evidence,exact 선수 매핑 근거 없음,,,0,0,0,0,0,0,,0,86,3,0,0,131,4,3
1326,pitcher,23923,50641,confirmed_global_exact,역할별 전역 exact 양방향 확정,50641,50641:26rows/1games,1,1,26,1,26,1,1.0,1,26,1,26,0,180,9,5
1327,pitcher,23927,50650,confirmed_global_exact,역할별 전역 exact 양방향 확정,50650,50650:84rows/2games,1,1,84,2,84,2,1.0,2,187,4,187,0,403,8,4
1328,pitcher,23929,50662,confirmed_global_exact,역할별 전역 exact 양방향 확정,50662,50662:1206rows/79games,1,1,1206,79,1206,79,1.0,6,1962,122,1962,0,4326,272,6
1329,pitcher,23930,50720,confirmed_global_exact,역할별 전역 exact 양방향 확정,50720,50720:902rows/19games,1,1,902,19,902,19,1.0,4,2298,41,2298,0,2685,48,7
1330,pitcher,23931,50758,confirmed_global_exact,역할별 전역 exact 양방향 확정,50758,50758:87rows/5games,1,1,87,5,87,5,1.0,3,154,8,154,0,154,8,3
1331,pitcher,23932,50726,confirmed_global_exact,역할별 전역 exact 양방향 확정,50726,50726:1465rows/51games,1,1,1465,51,1465,51,1.0,4,2177,73,2177,0,2478,83,7
1332,pitcher,23933,50710,confirmed_global_exact,역할별 전역 exact 양방향 확정,50710,50710:149rows/7games,1,1,149,7,149,7,1.0,2,353,16,353,0,378,17,4
1333,pitcher,23934,50711,confirmed_global_exact,역할별 전역 exact 양방향 확정,50711,50711:223rows/7games,1,1,223,7,223,7,1.0,4,361,13,361,0,361,13,4
1334,pitcher,23935,50705,confirmed_global_exact,역할별 전역 exact 양방향 확정,50705,50705:1931rows/107games,1,1,1931,107,1931,107,1.0,4,3478,193,3478,0,3744,208,5
1335,pitcher,23936,50712,confirmed_global_exact,역할별 전역 exact 양방향 확정,50712,50712:60rows/3games,1,1,60,3,60,3,1.0,1,70,4,70,0,70,4,1
1336,pitcher,23942,50706,confirmed_global_exact,역할별 전역 exact 양방향 확정,50706,50706:222rows/5games,1,1,222,5,222,5,1.0,3,550,15,550,0,556,15,4
1337,pitcher,23943,,unanchored_no_exact_evidence,exact 선수 매핑 근거 없음,,,0,0,0,0,0,0,,0,84,2,0,0,89,2,2
1338,pitcher,23944,623167,confirmed_global_exact,역할별 전역 exact 양방향 확정,623167,623167:1350rows/15games,1,1,1350,15,1350,15,1.0,1,1951,21,1951,0,1953,21,1
1339,pitcher,23947,50262,confirmed_global_exact,역할별 전역 exact 양방향 확정,50262,50262:213rows/6games,1,1,213,6,213,6,1.0,3,266,9,266,0,270,10,3
1340,pitcher,23950,,unanchored_no_exact_evidence,exact 선수 매핑 근거 없음,,,0,0,0,0,0,0,,0,59,2,0,0,60,2,1
1341,pitcher,23951,50296,confirmed_global_exact,역할별 전역 exact 양방향 확정,50296,50296:155rows/5games,1,1,155,5,155,5,1.0,2,680,17,680,0,688,17,5
1342,pitcher,23952,50298,confirmed_global_exact,역할별 전역 exact 양방향 확정,50298,50298:143rows/6games,1,1,143,6,143,6,1.0,4,295,13,295,0,391,15,5
1343,pitcher,23953,50203,confirmed_global_exact,역할별 전역 exact 양방향 확정,50203,50203:561rows/33games,1,1,561,33,561,33,1.0,6,1062,58,1062,0,1227,64,7
1344,pitcher,23954,50205,confirmed_global_exact,역할별 전역 exact 양방향 확정,50205,50205:304rows/16games,1,1,304,16,304,16,1.0,4,597,22,597,0,680,26,5
1345,pitcher,23955,50206,confirmed_global_exact,역할별 전역 exact 양방향 확정,50206,50206:250rows/13games,1,1,250,13,250,13,1.0,4,354,17,354,0,467,18,5
1346,pitcher,23959,50211,confirmed_global_exact,역할별 전역 exact 양방향 확정,50211,50211:111rows/3games,1,1,111,3,111,3,1.0,2,170,4,170,0,170,4,3
1347,pitcher,23962,605541,confirmed_global_exact,역할별 전역 exact 양방향 확정,605541,605541:1328rows/14games,1,1,1328,14,1328,14,1.0,1,2484,26,2484,0,2789,29,1
1348,pitcher,23963,50992,confirmed_global_exact,역할별 전역 exact 양방향 확정,50992,50992:916rows/17games,1,1,916,17,916,17,1.0,3,1244,25,1244,0,1397,28,5
1349,pitcher,23964,50995,confirmed_global_exact,역할별 전역 exact 양방향 확정,50995,50995:301rows/5games,1,1,301,5,301,5,1.0,3,336,7,336,0,336,7,3
1350,pitcher,23966,50901,confirmed_global_exact,역할별 전역 exact 양방향 확정,50901,50901:100rows/5games,1,1,100,5,100,5,1.0,1,134,7,134,0,143,8,2
1351,pitcher,23967,50900,confirmed_global_exact,역할별 전역 exact 양방향 확정,50900,50900:7rows/1games,1,1,7,1,7,1,1.0,1,50,3,50,0,60,4,3
1352,pitcher,23968,50905,confirmed_global_exact,역할별 전역 exact 양방향 확정,50905,50905:241rows/3games,1,1,241,3,241,3,1.0,1,297,4,297,0,297,4,2
1353,pitcher,23972,50904,confirmed_global_exact,역할별 전역 exact 양방향 확정,50904,50904:499rows/24games,1,1,499,24,499,24,1.0,2,825,34,825,0,868,35,3
1354,pitcher,23977,50354,confirmed_global_exact,역할별 전역 exact 양방향 확정,50354,50354:888rows/20games,1,1,888,20,888,20,1.0,6,1369,30,1369,0,1731,38,8
1355,pitcher,23979,50360,confirmed_global_exact,역할별 전역 exact 양방향 확정,50360,50360:1971rows/72games,1,1,1971,72,1971,72,1.0,7,3286,127,3286,0,3616,140,9
1356,pitcher,23982,50393,confirmed_global_exact,역할별 전역 exact 양방향 확정,50393,50393:563rows/31games,1,1,563,31,563,31,1.0,5,850,48,850,0,985,56,7
1357,pitcher,23983,,unanchored_no_exact_evidence,exact 선수 매핑 근거 없음,,,0,0,0,0,0,0,,0,0,0,0,0,2,1,1
1358,pitcher,23984,,unanchored_no_exact_evidence,exact 선수 매핑 근거 없음,,,0,0,0,0,0,0,,0,51,2,0,0,128,5,1
1359,pitcher,23985,50397,confirmed_global_exact,역할별 전역 exact 양방향 확정,50397,50397:101rows/4games,1,1,101,4,101,4,1.0,3,213,11,213,0,416,21,5
1360,pitcher,23987,628333,confirmed_global_exact,역할별 전역 exact 양방향 확정,628333,628333:4993rows/51games,1,1,4993,51,4993,51,1.0,3,8641,87,8641,0,9769,98,3
1361,pitcher,23988,50030,confirmed_global_exact,역할별 전역 exact 양방향 확정,50030,50030:4260rows/53games,1,1,4260,53,4260,53,1.0,5,6723,82,6723,0,7139,87,5
1362,pitcher,23991,50036,confirmed_global_exact,역할별 전역 exact 양방향 확정,50036,50036:377rows/20games,1,1,377,20,377,20,1.0,5,612,35,612,0,684,40,8
1363,pitcher,24011,51154,confirmed_global_exact,역할별 전역 exact 양방향 확정,51154,51154:797rows/17games,1,1,797,17,797,17,1.0,5,1055,25,1055,0,1138,27,5
1364,pitcher,24012,51163,confirmed_global_exact,역할별 전역 exact 양방향 확정,51163,51163:335rows/9games,1,1,335,9,335,9,1.0,2,792,19,792,0,975,22,2
1365,pitcher,24013,51110,confirmed_global_exact,역할별 전역 exact 양방향 확정,51110,51110:574rows/11games,1,1,574,11,574,11,1.0,3,1495,30,1495,0,1803,37,3
1366,pitcher,24015,51104,confirmed_global_exact,역할별 전역 exact 양방향 확정,51104,51104:18rows/1games,1,1,18,1,18,1,1.0,1,28,2,28,0,28,2,2
1367,pitcher,24017,51109,confirmed_global_exact,역할별 전역 exact 양방향 확정,51109,51109:72rows/1games,1,1,72,1,72,1,1.0,1,303,6,303,0,303,6,1
1368,pitcher,24018,51111,confirmed_global_exact,역할별 전역 exact 양방향 확정,51111,51111:667rows/13games,1,1,667,13,667,13,1.0,5,1735,40,1735,0,2265,52,6
1369,pitcher,24020,51143,confirmed_global_exact,역할별 전역 exact 양방향 확정,51143,51143:931rows/13games,1,1,931,13,931,13,1.0,5,2759,40,2759,0,3126,45,7
1370,pitcher,24021,605498,confirmed_global_exact,역할별 전역 exact 양방향 확정,605498,605498:1127rows/14games,1,1,1127,14,1127,14,1.0,2,1735,22,1735,0,1966,24,2
1371,pitcher,24026,51058,confirmed_global_exact,역할별 전역 exact 양방향 확정,51058,51058:340rows/9games,1,1,340,9,340,9,1.0,3,602,15,602,0,606,15,4
1372,pitcher,24027,51060,confirmed_global_exact,역할별 전역 exact 양방향 확정,51060,51060:127rows/5games,1,1,127,5,127,5,1.0,4,146,6,146,0,174,7,4
1373,pitcher,24028,51097,confirmed_global_exact,역할별 전역 exact 양방향 확정,51097,51097:480rows/27games,1,1,480,27,480,27,1.0,2,754,41,754,0,764,41,3
1374,pitcher,24036,,unanchored_no_exact_evidence,exact 선수 매핑 근거 없음,,,0,0,0,0,0,0,,0,30,1,0,0,30,1,1
1375,pitcher,24038,51516,confirmed_global_exact,역할별 전역 exact 양방향 확정,51516,51516:1898rows/64games,1,1,1898,64,1898,64,1.0,4,3818,108,3818,0,4375,123,6
1376,pitcher,24039,51586,confirmed_global_exact,역할별 전역 exact 양방향 확정,51586,51586:201rows/8games,1,1,201,8,201,8,1.0,4,254,11,254,0,292,13,5
1377,pitcher,24042,,conflict_reverse_multiple_train_ids,Trackman ID가 복수 Train 선수로 역매핑,51594,51594:248rows/23games,1,2,248,23,248,23,1.0,3,506,38,0,0,589,41,5
1378,pitcher,24043,575070,confirmed_global_exact,역할별 전역 exact 양방향 확정,575070,575070:1201rows/16games,1,1,1201,16,1201,16,1.0,1,2621,36,2621,0,2728,37,1
1379,pitcher,24044,51526,confirmed_global_exact,역할별 전역 exact 양방향 확정,51526,51526:386rows/20games,1,1,386,20,386,20,1.0,4,545,29,545,0,700,35,5
1380,pitcher,24045,51592,confirmed_global_exact,역할별 전역 exact 양방향 확정,51592,51592:30rows/1games,1,1,30,1,30,1,1.0,1,30,1,30,0,121,2,1
1381,pitcher,24047,51546,confirmed_global_exact,역할별 전역 exact 양방향 확정,51546,51546:197rows/10games,1,1,197,10,197,10,1.0,2,379,17,379,0,472,22,5
1382,pitcher,24048,51564,confirmed_global_exact,역할별 전역 exact 양방향 확정,51564,51564:12rows/1games,1,1,12,1,12,1,1.0,1,32,3,32,0,75,4,2
1383,pitcher,24051,51867,confirmed_global_exact,역할별 전역 exact 양방향 확정,51867,51867:359rows/8games,1,1,359,8,359,8,1.0,5,677,14,677,0,752,16,6
1384,pitcher,24052,592499,confirmed_global_exact,역할별 전역 exact 양방향 확정,592499,592499:96rows/2games,1,1,96,2,96,2,1.0,1,214,4,214,0,215,4,1
1385,pitcher,24053,521655,confirmed_global_exact,역할별 전역 exact 양방향 확정,521655,521655:2682rows/27games,1,1,2682,27,2682,27,1.0,2,4748,48,4748,0,5295,53,2
1386,pitcher,24055,51897,confirmed_global_exact,역할별 전역 exact 양방향 확정,51897,51897:674rows/44games,1,1,674,44,674,44,1.0,1,1482,79,1482,0,1812,90,6
1387,pitcher,24056,51895,confirmed_global_exact,역할별 전역 exact 양방향 확정,51895,51895:1303rows/60games,1,1,1303,60,1303,60,1.0,4,2292,112,2292,0,2502,122,5
1388,pitcher,24059,51809,confirmed_global_exact,역할별 전역 exact 양방향 확정,51809,51809:233rows/11games,1,1,233,11,233,11,1.0,3,536,32,536,0,618,38,5
1389,pitcher,24063,51454,confirmed_global_exact,역할별 전역 exact 양방향 확정,51454,51454:2265rows/86games,1,1,2265,86,2265,86,1.0,6,3788,152,3788,0,4020,168,6
1390,pitcher,24064,51460,confirmed_global_exact,역할별 전역 exact 양방향 확정,51460,51460:391rows/6games,1,1,391,6,391,6,1.0,3,622,9,622,0,676,12,6
1391,pitcher,24065,51462,confirmed_global_exact,역할별 전역 exact 양방향 확정,51462,51462:91rows/1games,1,1,91,1,91,1,1.0,1,189,2,189,0,189,2,2
1392,pitcher,24069,51408,confirmed_global_exact,역할별 전역 exact 양방향 확정,51408,51408:50rows/3games,1,1,50,3,50,3,1.0,3,55,4,55,0,55,4,3
1393,pitcher,24073,51411,confirmed_global_exact,역할별 전역 exact 양방향 확정,51411,51411:25rows/1games,1,1,25,1,25,1,1.0,1,25,1,25,0,25,1,1
1394,pitcher,24076,51948,confirmed_global_exact,역할별 전역 exact 양방향 확정,51948,51948:1423rows/25games,1,1,1423,25,1423,25,1.0,3,2260,42,2260,0,2550,47,6
1395,pitcher,24078,51994,confirmed_global_exact,역할별 전역 exact 양방향 확정,51994,51994:805rows/48games,1,1,805,48,805,48,1.0,5,1203,75,1203,0,1351,80,5
1396,pitcher,24084,51901,confirmed_global_exact,역할별 전역 exact 양방향 확정,51901,51901:17rows/1games,1,1,17,1,17,1,1.0,1,49,3,49,0,49,3,1
1397,pitcher,24085,641149,confirmed_global_exact,역할별 전역 exact 양방향 확정,641149,641149:1056rows/11games,1,1,1056,11,1056,11,1.0,2,2916,30,2916,0,3137,32,2
1398,pitcher,24086,51359,confirmed_global_exact,역할별 전역 exact 양방향 확정,51359,51359:1387rows/34games,1,1,1387,34,1387,34,1.0,3,2162,56,2162,0,2427,61,6
1399,pitcher,24088,51393,confirmed_global_exact,역할별 전역 exact 양방향 확정,51393,51393:439rows/22games,1,1,439,22,439,22,1.0,4,643,34,643,0,838,44,7
1400,pitcher,24089,51301,confirmed_global_exact,역할별 전역 exact 양방향 확정,51301,51301:1008rows/62games,1,1,1008,62,1008,62,1.0,3,1821,118,1821,0,2000,130,6
1401,pitcher,24094,51306,confirmed_global_exact,역할별 전역 exact 양방향 확정,51306,51306:105rows/2games,1,1,105,2,105,2,1.0,1,198,4,198,0,374,7,3
1402,pitcher,24097,595001,confirmed_global_exact,역할별 전역 exact 양방향 확정,595001,595001:101rows/1games,1,1,101,1,101,1,1.0,1,180,2,180,0,180,2,1
1403,pitcher,24099,51230,confirmed_global_exact,역할별 전역 exact 양방향 확정,51230,51230:1730rows/28games,1,1,1730,28,1730,28,1.0,5,2834,46,2834,0,3048,49,6
1404,pitcher,24100,51264,confirmed_global_exact,역할별 전역 exact 양방향 확정,51264,51264:2838rows/67games,1,1,2838,67,2838,67,1.0,4,4342,100,4342,0,4480,110,5
1405,pitcher,24102,51294,confirmed_global_exact,역할별 전역 exact 양방향 확정,51294,51294:193rows/8games,1,1,193,8,193,8,1.0,4,212,9,212,0,212,9,4
1406,pitcher,24104,,unanchored_no_exact_evidence,exact 선수 매핑 근거 없음,,,0,0,0,0,0,0,,0,86,3,0,0,86,3,1
1407,pitcher,24105,,unanchored_no_exact_evidence,exact 선수 매핑 근거 없음,,,0,0,0,0,0,0,,0,174,4,0,0,175,4,2
1408,pitcher,24107,51299,confirmed_global_exact,역할별 전역 exact 양방향 확정,51299,51299:18rows/1games,1,1,18,1,18,1,1.0,1,76,5,76,0,76,5,2
1409,pitcher,24109,664641,confirmed_global_exact,역할별 전역 exact 양방향 확정,664641,664641:1922rows/19games,1,1,1922,19,1922,19,1.0,2,3084,31,3084,0,3093,31,2
1410,pitcher,24110,621141,confirmed_global_exact,역할별 전역 exact 양방향 확정,621141,621141:1249rows/13games,1,1,1249,13,1249,13,1.0,1,2017,21,2017,0,2019,21,1
1411,pitcher,24112,51204,confirmed_global_exact,역할별 전역 exact 양방향 확정,51204,51204:69rows/2games,1,1,69,2,69,2,1.0,1,219,6,219,0,286,8,3
1412,pitcher,24113,51202,confirmed_global_exact,역할별 전역 exact 양방향 확정,51202,51202:89rows/6games,1,1,89,6,89,6,1.0,3,216,12,216,0,246,13,4
1413,pitcher,24115,51648,confirmed_global_exact,역할별 전역 exact 양방향 확정,51648,51648:2401rows/27games,1,1,2401,27,2401,27,1.0,4,3242,37,3242,0,7126,80,4
1414,pitcher,24116,,unanchored_no_exact_evidence,exact 선수 매핑 근거 없음,,,0,0,0,0,0,0,,0,97,1,0,0,192,6,3
1415,pitcher,24117,51665,confirmed_global_exact,역할별 전역 exact 양방향 확정,51665,51665:86rows/4games,1,1,86,4,86,4,1.0,1,179,9,179,0,547,23,3
1416,pitcher,24118,51668,confirmed_global_exact,역할별 전역 exact 양방향 확정,51668,51668:74rows/4games,1,1,74,4,74,4,1.0,1,199,10,199,0,530,27,3
1417,pitcher,24126,596043,confirmed_global_exact,역할별 전역 exact 양방향 확정,596043,596043:653rows/7games,1,1,653,7,653,7,1.0,1,844,9,844,0,1977,21,1
1418,pitcher,24129,51715,confirmed_global_exact,역할별 전역 exact 양방향 확정,51715,51715:2245rows/52games,1,1,2245,52,2245,52,1.0,4,3453,84,3453,0,3552,86,6
1419,pitcher,24131,,unanchored_no_exact_evidence,exact 선수 매핑 근거 없음,,,0,0,0,0,0,0,,0,145,2,0,0,145,2,2
1420,pitcher,24133,51761,confirmed_global_exact,역할별 전역 exact 양방향 확정,51761,51761:512rows/17games,1,1,512,17,512,17,1.0,3,887,28,887,0,971,30,4
1421,pitcher,24135,,unanchored_no_exact_evidence,exact 선수 매핑 근거 없음,,,0,0,0,0,0,0,,0,106,3,0,0,108,3,2
1422,pitcher,24136,51713,confirmed_global_exact,역할별 전역 exact 양방향 확정,51713,51713:1155rows/64games,1,1,1155,64,1155,64,1.0,6,1751,98,1751,0,1960,106,7
1423,pitcher,24140,543001,confirmed_global_exact,역할별 전역 exact 양방향 확정,543001,543001:1709rows/18games,1,1,1709,18,1709,18,1.0,2,2823,30,2823,0,3330,35,2
1424,pitcher,24146,543557,confirmed_global_exact,역할별 전역 exact 양방향 확정,543557,543557:693rows/9games,1,1,693,9,693,9,1.0,2,993,12,993,0,1086,13,2
1425,pitcher,24147,543208,confirmed_global_exact,역할별 전역 exact 양방향 확정,543208,543208:653rows/8games,1,1,653,8,653,8,1.0,1,1192,14,1192,0,1286,15,1
1426,pitcher,24151,649963,confirmed_global_exact,역할별 전역 exact 양방향 확정,649963,649963:100rows/1games,1,1,100,1,100,1,1.0,1,100,1,100,0,661,7,1
1427,pitcher,24152,52149,confirmed_global_exact,역할별 전역 exact 양방향 확정,52149,52149:458rows/9games,1,1,458,9,458,9,1.0,3,1285,22,1285,0,1619,28,3
1428,pitcher,24153,52140,confirmed_global_exact,역할별 전역 exact 양방향 확정,52140,52140:12rows/1games,1,1,12,1,12,1,1.0,1,198,12,198,0,267,15,3
1429,pitcher,24154,52163,confirmed_global_exact,역할별 전역 exact 양방향 확정,52163,52163:13rows/1games,1,1,13,1,13,1,1.0,1,92,6,92,0,191,11,1
1430,pitcher,24156,52168,confirmed_global_exact,역할별 전역 exact 양방향 확정,52168,52168:44rows/1games,1,1,44,1,44,1,1.0,1,44,1,44,0,82,2,2
1431,pitcher,24157,52119,confirmed_global_exact,역할별 전역 exact 양방향 확정,52119,52119:110rows/8games,1,1,110,8,110,8,1.0,4,544,32,544,0,785,48,5
1432,pitcher,24161,52123,confirmed_global_exact,역할별 전역 exact 양방향 확정,52123,52123:54rows/3games,1,1,54,3,54,3,1.0,1,258,13,258,0,357,17,2
1433,pitcher,24164,592644,confirmed_global_exact,역할별 전역 exact 양방향 확정,592644,592644:2878rows/30games,1,1,2878,30,2878,30,1.0,2,4188,44,4188,0,4550,48,2
1434,pitcher,24165,52867,confirmed_global_exact,역할별 전역 exact 양방향 확정,52867,52867:17rows/1games,1,1,17,1,17,1,1.0,1,116,5,116,0,158,7,3
1435,pitcher,24166,52873,confirmed_global_exact,역할별 전역 exact 양방향 확정,52873,52873:498rows/16games,1,1,498,16,498,16,1.0,4,787,24,787,0,812,24,6
1436,pitcher,24167,52844,confirmed_global_exact,역할별 전역 exact 양방향 확정,52844,52844:14rows/1games,1,1,14,1,14,1,1.0,1,266,9,266,0,297,9,2
1437,pitcher,24168,,unanchored_no_exact_evidence,exact 선수 매핑 근거 없음,,,0,0,0,0,0,0,,0,17,1,0,0,43,2,1
1438,pitcher,24169,52868,confirmed_global_exact,역할별 전역 exact 양방향 확정,52868,52868:328rows/8games,1,1,328,8,328,8,1.0,3,779,18,770,9,829,20,5
1439,pitcher,24170,52895,confirmed_global_exact,역할별 전역 exact 양방향 확정,52895,52895:29rows/1games,1,1,29,1,29,1,1.0,1,38,2,38,0,58,3,2
1440,pitcher,24172,,unanchored_no_exact_evidence,exact 선수 매핑 근거 없음,,,0,0,0,0,0,0,,0,7,1,0,0,25,2,1
1441,pitcher,24173,52809,confirmed_global_exact,역할별 전역 exact 양방향 확정,52809,52809:80rows/2games,1,1,80,2,80,2,1.0,2,227,6,227,0,367,9,3
1442,pitcher,24178,52330,confirmed_global_exact,역할별 전역 exact 양방향 확정,52330,52330:905rows/48games,1,1,905,48,905,48,1.0,3,1474,71,1474,0,1747,77,5
1443,pitcher,24179,52394,confirmed_global_exact,역할별 전역 exact 양방향 확정,52394,52394:53rows/3games,1,1,53,3,53,3,1.0,1,295,11,295,0,427,16,3
1444,pitcher,24181,52391,confirmed_global_exact,역할별 전역 exact 양방향 확정,52391,52391:86rows/3games,1,1,86,3,86,3,1.0,2,86,3,86,0,86,3,2
1445,pitcher,24183,52395,confirmed_global_exact,역할별 전역 exact 양방향 확정,52395,52395:603rows/22games,1,1,603,22,603,22,1.0,3,926,39,926,0,1004,43,5
1446,pitcher,24184,52396,confirmed_global_exact,역할별 전역 exact 양방향 확정,52396,52396:65rows/3games,1,1,65,3,65,3,1.0,2,65,3,65,0,65,3,2
1447,pitcher,24185,52397,confirmed_global_exact,역할별 전역 exact 양방향 확정,52397,52397:952rows/47games,1,1,952,47,952,47,1.0,4,1641,81,1641,0,1877,90,5
1448,pitcher,24193,621169,confirmed_global_exact,역할별 전역 exact 양방향 확정,621169,621169:1263rows/17games,1,1,1263,17,1263,17,1.0,1,2253,32,2253,0,2369,33,1
1449,pitcher,24197,52994,confirmed_global_exact,역할별 전역 exact 양방향 확정,52994,52994:239rows/6games,1,1,239,6,239,6,1.0,2,379,12,379,0,464,17,4
1450,pitcher,24198,,unanchored_no_exact_evidence,exact 선수 매핑 근거 없음,,,0,0,0,0,0,0,,0,69,2,0,0,87,2,1
1451,pitcher,24201,52902,confirmed_global_exact,역할별 전역 exact 양방향 확정,52902,52902:48rows/2games,1,1,48,2,48,2,1.0,1,71,3,71,0,71,3,2
1452,pitcher,24202,52901,confirmed_global_exact,역할별 전역 exact 양방향 확정,52901,52901:16rows/1games,1,1,16,1,16,1,1.0,1,48,2,33,15,48,2,2
1453,pitcher,24203,52905,confirmed_global_exact,역할별 전역 exact 양방향 확정,52905,52905:69rows/1games,1,1,69,1,69,1,1.0,1,90,2,90,0,92,2,2
1454,pitcher,24205,52903,confirmed_global_exact,역할별 전역 exact 양방향 확정,52903,52903:660rows/38games,1,1,660,38,660,38,1.0,3,889,51,889,0,1032,55,3
1455,pitcher,24209,52530,confirmed_global_exact,역할별 전역 exact 양방향 확정,52530,52530:991rows/32games,1,1,991,32,991,32,1.0,2,1422,46,1422,0,1447,48,5
1456,pitcher,24211,52558,confirmed_global_exact,역할별 전역 exact 양방향 확정,52558,52558:553rows/25games,1,1,553,25,553,25,1.0,4,857,39,857,0,966,44,5
1457,pitcher,24213,,unanchored_no_exact_evidence,exact 선수 매핑 근거 없음,,,0,0,0,0,0,0,,0,26,1,0,0,47,3,2
1458,pitcher,24222,656212,confirmed_global_exact,역할별 전역 exact 양방향 확정,656212,656212:4437rows/48games,1,1,4437,48,4437,48,1.0,3,7333,78,7333,0,8098,86,3
1459,pitcher,24223,642098,confirmed_global_exact,역할별 전역 exact 양방향 확정,642098,642098:894rows/11games,1,1,894,11,894,11,1.0,1,1412,17,1412,0,1552,19,1
1460,pitcher,24224,52204,confirmed_global_exact,역할별 전역 exact 양방향 확정,52204,52204:1184rows/79games,1,1,1184,79,1184,79,1.0,3,1791,117,1791,0,1924,126,5
1461,pitcher,24226,52295,confirmed_global_exact,역할별 전역 exact 양방향 확정,52295,52295:34rows/1games,1,1,34,1,34,1,1.0,1,403,6,403,0,433,7,3
1462,pitcher,24229,,unanchored_no_exact_evidence,exact 선수 매핑 근거 없음,,,0,0,0,0,0,0,,0,98,3,0,0,105,3,1
1463,pitcher,24234,52206,confirmed_global_exact,역할별 전역 exact 양방향 확정,52206,52206:949rows/54games,1,1,949,54,949,54,1.0,4,1411,80,1411,0,1501,87,5
1464,pitcher,24237,476594,confirmed_global_exact,역할별 전역 exact 양방향 확정,476594,476594:1602rows/16games,1,1,1602,16,1602,16,1.0,1,2552,26,2552,0,2876,29,1
1465,pitcher,24239,467100,confirmed_global_exact,역할별 전역 exact 양방향 확정,467100,467100:450rows/5games,1,1,450,5,450,5,1.0,1,954,11,954,0,1046,12,1
1466,pitcher,24240,52701,confirmed_global_exact,역할별 전역 exact 양방향 확정,52701,52701:3071rows/40games,1,1,3071,40,3071,40,1.0,3,4082,55,4082,0,4562,61,5
1467,pitcher,24241,52731,confirmed_global_exact,역할별 전역 exact 양방향 확정,52731,52731:251rows/7games,1,1,251,7,251,7,1.0,3,463,12,463,0,593,14,4
1468,pitcher,24244,52702,confirmed_global_exact,역할별 전역 exact 양방향 확정,52702,52702:74rows/3games,1,1,74,3,74,3,1.0,2,74,3,74,0,85,4,2
1469,pitcher,24246,,unanchored_no_exact_evidence,exact 선수 매핑 근거 없음,,,0,0,0,0,0,0,,0,33,3,0,0,37,3,1
1470,pitcher,24247,52714,confirmed_global_exact,역할별 전역 exact 양방향 확정,52714,52714:150rows/2games,1,1,150,2,150,2,1.0,1,208,3,208,0,208,3,2
1471,pitcher,24248,52715,confirmed_global_exact,역할별 전역 exact 양방향 확정,52715,52715:37rows/1games,1,1,37,1,37,1,1.0,1,218,4,218,0,359,6,2
1472,pitcher,24252,52060,confirmed_global_exact,역할별 전역 exact 양방향 확정,52060,52060:1879rows/106games,1,1,1879,106,1879,106,1.0,4,3228,179,3228,0,3420,189,4
1473,pitcher,24253,52063,confirmed_global_exact,역할별 전역 exact 양방향 확정,52063,52063:91rows/2games,1,1,91,2,91,2,1.0,2,188,4,188,0,188,4,2
1474,pitcher,24254,52065,confirmed_global_exact,역할별 전역 exact 양방향 확정,52065,52065:14rows/1games,1,1,14,1,14,1,1.0,1,14,1,14,0,14,1,1
1475,pitcher,24258,52007,confirmed_global_exact,역할별 전역 exact 양방향 확정,52007,52007:19rows/2games,1,1,19,2,19,2,1.0,1,19,2,19,0,19,2,1
1476,pitcher,24259,52003,confirmed_global_exact,역할별 전역 exact 양방향 확정,52003,52003:56rows/1games,1,1,56,1,56,1,1.0,1,122,2,122,0,122,2,1
1477,pitcher,24262,52005,confirmed_global_exact,역할별 전역 exact 양방향 확정,52005,52005:21rows/1games,1,1,21,1,21,1,1.0,1,39,2,39,0,39,2,1
1478,pitcher,24265,52639,confirmed_global_exact,역할별 전역 exact 양방향 확정,52639,52639:720rows/41games,1,1,720,41,720,41,1.0,3,1071,63,1071,0,2099,123,4
1479,pitcher,24267,,unanchored_no_exact_evidence,exact 선수 매핑 근거 없음,,,0,0,0,0,0,0,,0,55,2,0,0,72,3,2
1480,pitcher,24268,52661,confirmed_global_exact,역할별 전역 exact 양방향 확정,52661,52661:73rows/2games,1,1,73,2,73,2,1.0,1,146,4,146,0,169,5,3
1481,pitcher,24269,543594,confirmed_global_exact,역할별 전역 exact 양방향 확정,543594,543594:693rows/7games,1,1,693,7,693,7,1.0,1,887,9,887,0,1987,21,1
1482,pitcher,24271,657122,confirmed_global_exact,역할별 전역 exact 양방향 확정,657122,657122:166rows/2games,1,1,166,2,166,2,1.0,1,356,4,356,0,862,11,2
1483,pitcher,24276,52440,confirmed_global_exact,역할별 전역 exact 양방향 확정,52440,52440:81rows/1games,1,1,81,1,81,1,1.0,1,81,1,81,0,81,1,1
1484,pitcher,24277,52460,confirmed_global_exact,역할별 전역 exact 양방향 확정,52460,52460:111rows/7games,1,1,111,7,111,7,1.0,2,185,10,185,0,208,11,2
1485,pitcher,24281,,unanchored_no_exact_evidence,exact 선수 매핑 근거 없음,,,0,0,0,0,0,0,,0,61,3,0,0,63,3,2
1486,pitcher,24283,544150,confirmed_global_exact,역할별 전역 exact 양방향 확정,544150,544150:2101rows/22games,1,1,2101,22,2101,22,1.0,2,4198,43,4198,0,4840,49,2
1487,pitcher,24286,52641,confirmed_global_exact,역할별 전역 exact 양방향 확정,52641,52641:681rows/11games,1,1,681,11,681,11,1.0,2,1456,23,1456,0,2563,40,4
1488,pitcher,24293,,unanchored_no_exact_evidence,exact 선수 매핑 근거 없음,,,0,0,0,0,0,0,,0,17,1,0,0,17,1,1
1489,pitcher,24300,605138,confirmed_global_exact,역할별 전역 exact 양방향 확정,605138,605138:3796rows/44games,1,1,3796,44,3796,44,1.0,3,6260,70,6260,0,6592,74,3
1490,pitcher,24303,606162,confirmed_global_exact,역할별 전역 exact 양방향 확정,606162,606162:730rows/8games,1,1,730,8,730,8,1.0,1,970,11,970,0,1164,13,1
1491,pitcher,24305,570240,confirmed_global_exact,역할별 전역 exact 양방향 확정,570240,570240:2772rows/32games,1,1,2772,32,2772,32,1.0,3,4648,52,4648,0,4799,54,3
1492,pitcher,24306,623381,confirmed_global_exact,역할별 전역 exact 양방향 확정,623381,623381:632rows/7games,1,1,632,7,632,7,1.0,2,1104,12,1104,0,2820,30,2
1493,pitcher,24307,596049,confirmed_global_exact,역할별 전역 exact 양방향 확정,596049,596049:771rows/8games,1,1,771,8,771,8,1.0,1,964,10,964,0,1178,12,1
1494,pitcher,24310,663399,confirmed_global_exact,역할별 전역 exact 양방향 확정,663399,663399:2723rows/28games,1,1,2723,28,2723,28,1.0,3,3570,37,3570,0,4106,43,3
1495,pitcher,24311,,unanchored_no_exact_evidence,exact 선수 매핑 근거 없음,,,0,0,0,0,0,0,,0,0,0,0,0,35,1,1
1496,pitcher,24313,571616,confirmed_global_exact,역할별 전역 exact 양방향 확정,571616,571616:466rows/5games,1,1,466,5,466,5,1.0,1,740,8,740,0,743,8,1
1497,pitcher,24314,53919,confirmed_global_exact,역할별 전역 exact 양방향 확정,53919,53919:344rows/6games,1,1,344,6,344,6,1.0,3,413,7,413,0,413,7,3
1498,pitcher,24317,53973,confirmed_global_exact,역할별 전역 exact 양방향 확정,53973,53973:148rows/3games,1,1,148,3,148,3,1.0,2,291,5,291,0,291,5,2
1499,pitcher,24319,53996,confirmed_global_exact,역할별 전역 exact 양방향 확정,53996,53996:1237rows/39games,1,1,1237,39,1237,39,1.0,3,1637,52,1637,0,1772,57,3
1500,pitcher,24327,607200,confirmed_global_exact,역할별 전역 exact 양방향 확정,607200,607200:1870rows/19games,1,1,1870,19,1870,19,1.0,1,2629,27,2629,0,2904,30,1
1501,pitcher,24328,53259,confirmed_global_exact,역할별 전역 exact 양방향 확정,53259,53259:534rows/8games,1,1,534,8,534,8,1.0,1,1184,17,1184,0,1282,18,2
1502,pitcher,24329,53262,confirmed_global_exact,역할별 전역 exact 양방향 확정,53262,53262:816rows/20games,1,1,816,20,816,20,1.0,3,1068,27,1068,0,1161,29,4
1503,pitcher,24333,53297,confirmed_global_exact,역할별 전역 exact 양방향 확정,53297,53297:14rows/1games,1,1,14,1,14,1,1.0,1,19,2,19,0,19,2,2
1504,pitcher,24334,53298,confirmed_global_exact,역할별 전역 exact 양방향 확정,53298,53298:37rows/4games,1,1,37,4,37,4,1.0,1,187,11,187,0,201,12,2
1505,pitcher,24338,,unanchored_no_exact_evidence,exact 선수 매핑 근거 없음,,,0,0,0,0,0,0,,0,50,3,0,0,56,3,1
1506,pitcher,24339,,unanchored_no_exact_evidence,exact 선수 매핑 근거 없음,,,0,0,0,0,0,0,,0,70,3,0,0,86,4,1
1507,pitcher,24340,668766,confirmed_global_exact,역할별 전역 exact 양방향 확정,668766,668766:89rows/1games,1,1,89,1,89,1,1.0,1,175,2,175,0,175,2,1
1508,pitcher,24343,53164,confirmed_global_exact,역할별 전역 exact 양방향 확정,53164,53164:484rows/10games,1,1,484,10,484,10,1.0,5,973,17,973,0,1125,19,5
1509,pitcher,24344,53139,confirmed_global_exact,역할별 전역 exact 양방향 확정,53139,53139:917rows/61games,1,1,917,61,917,61,1.0,4,1417,89,1417,0,1467,94,4
1510,pitcher,24346,,unanchored_no_exact_evidence,exact 선수 매핑 근거 없음,,,0,0,0,0,0,0,,0,80,4,0,0,80,4,1
1511,pitcher,24349,53102,confirmed_global_exact,역할별 전역 exact 양방향 확정,53102,53102:129rows/3games,1,1,129,3,129,3,1.0,1,210,8,210,0,271,10,1
1512,pitcher,24355,53754,confirmed_global_exact,역할별 전역 exact 양방향 확정,53754,53754:921rows/42games,1,1,921,42,921,42,1.0,4,1328,60,1328,0,1361,62,4
1513,pitcher,24358,,unanchored_no_exact_evidence,exact 선수 매핑 근거 없음,,,0,0,0,0,0,0,,0,55,1,0,0,55,1,1
1514,pitcher,24369,53711,confirmed_global_exact,역할별 전역 exact 양방향 확정,53711,53711:14rows/1games,1,1,14,1,14,1,1.0,1,137,5,137,0,137,5,2
1515,pitcher,24370,,unanchored_no_exact_evidence,exact 선수 매핑 근거 없음,,,0,0,0,0,0,0,,0,60,1,0,0,60,1,1
1516,pitcher,24373,53562,confirmed_global_exact,역할별 전역 exact 양방향 확정,53562,53562:73rows/6games,1,1,73,6,73,6,1.0,2,131,10,131,0,147,11,3
1517,pitcher,24374,,unanchored_no_exact_evidence,exact 선수 매핑 근거 없음,,,0,0,0,0,0,0,,0,24,1,0,0,28,1,1
1518,pitcher,24376,53594,confirmed_global_exact,역할별 전역 exact 양방향 확정,53594,53594:110rows/8games,1,1,110,8,110,8,1.0,2,180,16,180,0,228,20,3
1519,pitcher,24377,53560,confirmed_global_exact,역할별 전역 exact 양방향 확정,53560,53560:79rows/4games,1,1,79,4,79,4,1.0,2,99,6,99,0,139,8,2
1520,pitcher,24380,53596,confirmed_global_exact,역할별 전역 exact 양방향 확정,53596,53596:35rows/1games,1,1,35,1,35,1,1.0,1,37,2,37,0,37,2,1
1521,pitcher,24387,658431,confirmed_global_exact,역할별 전역 exact 양방향 확정,658431,658431:460rows/5games,1,1,460,5,460,5,1.0,1,572,7,572,0,1003,12,1
1522,pitcher,24388,641312,confirmed_global_exact,역할별 전역 exact 양방향 확정,641312,641312:693rows/7games,1,1,693,7,693,7,1.0,1,773,8,773,0,1312,14,1
1523,pitcher,24389,53613,confirmed_global_exact,역할별 전역 exact 양방향 확정,53613,53613:904rows/11games,1,1,904,11,904,11,1.0,2,1607,19,1607,0,3491,43,2
1524,pitcher,24390,,unanchored_no_exact_evidence,exact 선수 매핑 근거 없음,,,0,0,0,0,0,0,,0,21,1,0,0,21,1,1
1525,pitcher,24391,,unanchored_no_exact_evidence,exact 선수 매핑 근거 없음,,,0,0,0,0,0,0,,0,0,0,0,0,35,1,1
1526,pitcher,24392,53609,confirmed_global_exact,역할별 전역 exact 양방향 확정,53609,53609:386rows/27games,1,1,386,27,386,27,1.0,3,607,41,607,0,1338,87,3
1527,pitcher,24394,,unanchored_no_exact_evidence,exact 선수 매핑 근거 없음,,,0,0,0,0,0,0,,0,37,1,0,0,55,2,1
1528,pitcher,24398,53312,confirmed_global_exact,역할별 전역 exact 양방향 확정,53312,53312:45rows/3games,1,1,45,3,45,3,1.0,2,112,6,112,0,112,6,2
1529,pitcher,24399,53300,confirmed_global_exact,역할별 전역 exact 양방향 확정,53300,53300:278rows/10games,1,1,278,10,278,10,1.0,2,330,12,330,0,346,13,3
1530,pitcher,24401,53301,confirmed_global_exact,역할별 전역 exact 양방향 확정,53301,53301:233rows/13games,1,1,233,13,233,13,1.0,2,334,20,334,0,360,21,2
1531,pitcher,24410,642558,confirmed_global_exact,역할별 전역 exact 양방향 확정,642558,642558:3011rows/32games,1,1,3011,32,3011,32,1.0,2,5107,54,5107,0,5691,60,2
1532,pitcher,24411,53455,confirmed_global_exact,역할별 전역 exact 양방향 확정,53455,53455:886rows/16games,1,1,886,16,886,16,1.0,2,1149,20,1149,0,1224,21,2
1533,pitcher,24412,53469,confirmed_global_exact,역할별 전역 exact 양방향 확정,53469,53469:13rows/2games,1,1,13,2,13,2,1.0,1,80,6,80,0,84,6,2
1534,pitcher,24420,53409,confirmed_global_exact,역할별 전역 exact 양방향 확정,53409,53409:85rows/1games,1,1,85,1,85,1,1.0,1,85,1,85,0,85,1,1
1535,pitcher,24423,642203,confirmed_global_exact,역할별 전역 exact 양방향 확정,642203,642203:1094rows/12games,1,1,1094,12,1094,12,1.0,2,1657,18,1657,0,1956,21,2
1536,pitcher,24424,676641,confirmed_global_exact,역할별 전역 exact 양방향 확정,676641,676641:327rows/4games,1,1,327,4,327,4,1.0,1,814,9,814,0,815,9,1
1537,pitcher,24425,53029,confirmed_global_exact,역할별 전역 exact 양방향 확정,53029,53029:105rows/3games,1,1,105,3,105,3,1.0,1,152,5,152,0,199,8,3
1538,pitcher,24433,,unanchored_no_exact_evidence,exact 선수 매핑 근거 없음,,,0,0,0,0,0,0,,0,42,2,0,0,42,2,1
1539,pitcher,24434,53006,confirmed_global_exact,역할별 전역 exact 양방향 확정,53006,53006:190rows/7games,1,1,190,7,190,7,1.0,3,341,12,341,0,342,12,4
1540,pitcher,24440,668948,confirmed_global_exact,역할별 전역 exact 양방향 확정,668948,668948:1703rows/18games,1,1,1703,18,1703,18,1.0,1,2241,24,2241,0,2246,24,1
1541,pitcher,24444,53892,confirmed_global_exact,역할별 전역 exact 양방향 확정,53892,53892:1403rows/69games,1,1,1403,69,1403,69,1.0,2,2079,103,2079,0,2245,112,2
1542,pitcher,24446,53897,confirmed_global_exact,역할별 전역 exact 양방향 확정,53897,53897:37rows/1games,1,1,37,1,37,1,1.0,1,92,3,92,0,106,3,2
1543,pitcher,24447,53898,confirmed_global_exact,역할별 전역 exact 양방향 확정,53898,53898:1786rows/30games,1,1,1786,30,1786,30,1.0,4,2549,43,2549,0,2785,46,4
1544,pitcher,24449,,unanchored_no_exact_evidence,exact 선수 매핑 근거 없음,,,0,0,0,0,0,0,,0,31,2,0,0,33,2,1
1545,pitcher,24450,53806,confirmed_global_exact,역할별 전역 exact 양방향 확정,53806,53806:21rows/1games,1,1,21,1,21,1,1.0,1,57,3,57,0,60,3,2
1546,pitcher,24451,,unanchored_no_exact_evidence,exact 선수 매핑 근거 없음,,,0,0,0,0,0,0,,0,17,1,0,0,18,1,1
1547,pitcher,24452,53809,confirmed_global_exact,역할별 전역 exact 양방향 확정,53809,53809:130rows/4games,1,1,130,4,130,4,1.0,2,167,6,167,0,167,6,2
1548,pitcher,24459,645307,confirmed_global_exact,역할별 전역 exact 양방향 확정,645307,645307:1998rows/23games,1,1,1998,23,1998,23,1.0,2,2883,33,2883,0,3085,35,2
1549,pitcher,24460,606273,confirmed_global_exact,역할별 전역 exact 양방향 확정,606273,606273:2435rows/26games,1,1,2435,26,2435,26,1.0,2,3813,41,3813,0,4162,45,2
1550,pitcher,24461,641855,confirmed_global_exact,역할별 전역 exact 양방향 확정,641855,641855:638rows/7games,1,1,638,7,638,7,1.0,1,1087,12,1087,0,1089,12,1
1551,pitcher,24463,532936,confirmed_global_exact,역할별 전역 exact 양방향 확정,532936,532936:477rows/5games,1,1,477,5,477,5,1.0,1,643,7,643,0,1071,12,1
1552,pitcher,24465,658792,confirmed_global_exact,역할별 전역 exact 양방향 확정,658792,658792:2708rows/28games,1,1,2708,28,2708,28,1.0,2,4119,42,4119,0,4420,45,2
1553,pitcher,24467,668684,confirmed_global_exact,역할별 전역 exact 양방향 확정,668684,668684:566rows/6games,1,1,566,6,566,6,1.0,1,1006,11,1006,0,1012,11,1
1554,pitcher,24469,54561,confirmed_global_exact,역할별 전역 exact 양방향 확정,54561,54561:400rows/22games,1,1,400,22,400,22,1.0,1,581,33,581,0,619,36,1
1555,pitcher,24477,54503,confirmed_global_exact,역할별 전역 exact 양방향 확정,54503,54503:11rows/1games,1,1,11,1,11,1,1.0,1,11,1,11,0,32,2,1
1556,pitcher,24478,54504,confirmed_global_exact,역할별 전역 exact 양방향 확정,54504,54504:41rows/1games,1,1,41,1,41,1,1.0,1,78,2,78,0,78,2,1
1557,pitcher,24482,54537,confirmed_global_exact,역할별 전역 exact 양방향 확정,54537,54537:319rows/13games,1,1,319,13,319,13,1.0,1,420,17,420,0,425,18,1
1558,pitcher,24483,608650,confirmed_global_exact,역할별 전역 exact 양방향 확정,608650,608650:2318rows/24games,1,1,2318,24,2318,24,1.0,1,2698,28,2698,0,2906,30,1
1559,pitcher,24484,683412,confirmed_global_exact,역할별 전역 exact 양방향 확정,683412,683412:432rows/11games,1,1,432,11,432,11,1.0,2,644,16,644,0,857,20,2
1560,pitcher,24485,54149,confirmed_global_exact,역할별 전역 exact 양방향 확정,54149,54149:525rows/27games,1,1,525,27,525,27,1.0,2,778,45,778,0,837,48,2
1561,pitcher,24486,54103,confirmed_global_exact,역할별 전역 exact 양방향 확정,54103,54103:77rows/3games,1,1,77,3,77,3,1.0,1,131,5,131,0,142,6,1
1562,pitcher,24487,54104,confirmed_global_exact,역할별 전역 exact 양방향 확정,54104,54104:80rows/6games,1,1,80,6,80,6,1.0,1,260,15,260,0,363,20,1
1563,pitcher,24488,54105,confirmed_global_exact,역할별 전역 exact 양방향 확정,54105,54105:397rows/17games,1,1,397,17,397,17,1.0,1,707,32,707,0,856,38,1
1564,pitcher,24494,667498,confirmed_global_exact,역할별 전역 exact 양방향 확정,667498,667498:309rows/4games,1,1,309,4,309,4,1.0,1,457,6,457,0,457,6,1
1565,pitcher,24498,54802,confirmed_global_exact,역할별 전역 exact 양방향 확정,54802,54802:51rows/2games,1,1,51,2,51,2,1.0,1,105,4,105,0,107,4,1
1566,pitcher,24499,54803,confirmed_global_exact,역할별 전역 exact 양방향 확정,54803,54803:203rows/4games,1,1,203,4,203,4,1.0,2,246,5,246,0,246,5,2
1567,pitcher,24502,54807,confirmed_global_exact,역할별 전역 exact 양방향 확정,54807,54807:34rows/3games,1,1,34,3,34,3,1.0,2,163,8,163,0,181,9,2
1568,pitcher,24508,641447,confirmed_global_exact,역할별 전역 exact 양방향 확정,641447,641447:1107rows/12games,1,1,1107,12,1107,12,1.0,1,1578,17,1578,0,1783,19,1
1569,pitcher,24509,606996,confirmed_global_exact,역할별 전역 exact 양방향 확정,606996,606996:1385rows/15games,1,1,1385,15,1385,15,1.0,1,2270,24,2270,0,2465,26,1
1570,pitcher,24512,54900,confirmed_global_exact,역할별 전역 exact 양방향 확정,54900,54900:521rows/9games,1,1,521,9,521,9,1.0,1,666,12,666,0,750,13,2
1571,pitcher,24515,54903,confirmed_global_exact,역할별 전역 exact 양방향 확정,54903,54903:135rows/8games,1,1,135,8,135,8,1.0,2,155,10,155,0,155,10,2
1572,pitcher,24516,54904,confirmed_global_exact,역할별 전역 exact 양방향 확정,54904,54904:86rows/5games,1,1,86,5,86,5,1.0,2,96,6,96,0,132,7,2
1573,pitcher,24518,54906,confirmed_global_exact,역할별 전역 exact 양방향 확정,54906,54906:87rows/2games,1,1,87,2,87,2,1.0,1,87,2,87,0,87,2,1
1574,pitcher,24525,54913,confirmed_global_exact,역할별 전역 exact 양방향 확정,54913,54913:31rows/3games,1,1,31,3,31,3,1.0,1,85,6,85,0,112,7,1
1575,pitcher,24527,54263,confirmed_global_exact,역할별 전역 exact 양방향 확정,54263,54263:626rows/33games,1,1,626,33,626,33,1.0,1,1075,52,1075,0,1238,60,1
1576,pitcher,24531,54213,confirmed_global_exact,역할별 전역 exact 양방향 확정,54213,54213:76rows/5games,1,1,76,5,76,5,1.0,2,119,7,119,0,119,7,2
1577,pitcher,24533,54215,confirmed_global_exact,역할별 전역 exact 양방향 확정,54215,54215:61rows/1games,1,1,61,1,61,1,1.0,1,137,2,137,0,137,2,1
1578,pitcher,24535,,unanchored_no_exact_evidence,exact 선수 매핑 근거 없음,,,0,0,0,0,0,0,,0,45,2,0,0,45,2,1
1579,pitcher,24537,54404,confirmed_global_exact,역할별 전역 exact 양방향 확정,54404,54404:239rows/8games,1,1,239,8,239,8,1.0,1,322,10,322,0,355,11,1
1580,pitcher,24540,660593,confirmed_global_exact,역할별 전역 exact 양방향 확정,660593,660593:1534rows/16games,1,1,1534,16,1534,16,1.0,1,2196,23,2196,0,2429,26,1
1581,pitcher,24541,657756,confirmed_global_exact,역할별 전역 exact 양방향 확정,657756,657756:1612rows/17games,1,1,1612,17,1612,17,1.0,1,2457,26,2457,0,2604,28,1
1582,pitcher,24544,54729,confirmed_global_exact,역할별 전역 exact 양방향 확정,54729,54729:1055rows/26games,1,1,1055,26,1055,26,1.0,1,1294,34,1294,0,1412,36,1
1583,pitcher,24546,54768,confirmed_global_exact,역할별 전역 exact 양방향 확정,54768,54768:706rows/19games,1,1,706,19,706,19,1.0,2,878,23,878,0,882,23,2
1584,pitcher,24552,54705,confirmed_global_exact,역할별 전역 exact 양방향 확정,54705,54705:21rows/1games,1,1,21,1,21,1,1.0,1,65,2,65,0,85,3,2
1585,pitcher,24557,,unanchored_no_exact_evidence,exact 선수 매핑 근거 없음,,,0,0,0,0,0,0,,0,13,1,0,0,13,1,1
1586,pitcher,24559,640444,confirmed_global_exact,역할별 전역 exact 양방향 확정,640444,640444:165rows/2games,1,1,165,2,165,2,1.0,1,354,4,354,0,710,8,1
1587,pitcher,24560,664942,confirmed_global_exact,역할별 전역 exact 양방향 확정,664942,664942:763rows/8games,1,1,763,8,763,8,1.0,1,1378,15,1378,0,2398,26,1
1588,pitcher,24564,,unanchored_no_exact_evidence,exact 선수 매핑 근거 없음,,,0,0,0,0,0,0,,0,0,0,0,0,33,1,1
1589,pitcher,24565,,unanchored_no_exact_evidence,exact 선수 매핑 근거 없음,,,0,0,0,0,0,0,,0,19,1,0,0,50,3,2
1590,pitcher,24566,54608,confirmed_global_exact,역할별 전역 exact 양방향 확정,54608,54608:22rows/1games,1,1,22,1,22,1,1.0,1,73,3,73,0,106,5,2
1591,pitcher,24568,54319,confirmed_global_exact,역할별 전역 exact 양방향 확정,54319,54319:723rows/9games,1,1,723,9,723,9,1.0,1,1182,17,1182,0,1311,19,1
1592,pitcher,24570,646241,confirmed_global_exact,역할별 전역 exact 양방향 확정,646241,646241:2025rows/21games,1,1,2025,21,2025,21,1.0,1,2729,29,2729,0,2832,30,1
1593,pitcher,24571,54362,confirmed_global_exact,역할별 전역 exact 양방향 확정,54362,54362:276rows/8games,1,1,276,8,276,8,1.0,1,631,19,631,0,675,20,2
1594,pitcher,24572,54363,confirmed_global_exact,역할별 전역 exact 양방향 확정,54363,54363:166rows/3games,1,1,166,3,166,3,1.0,1,328,6,328,0,348,7,2
1595,pitcher,24573,54368,confirmed_global_exact,역할별 전역 exact 양방향 확정,54368,54368:347rows/21games,1,1,347,21,347,21,1.0,1,531,32,531,0,597,35,2
1596,pitcher,24577,54302,confirmed_global_exact,역할별 전역 exact 양방향 확정,54302,54302:21rows/1games,1,1,21,1,21,1,1.0,1,93,4,93,0,94,4,1
1597,pitcher,24579,54304,confirmed_global_exact,역할별 전역 exact 양방향 확정,54304,54304:55rows/3games,1,1,55,3,55,3,1.0,2,188,9,188,0,220,10,2
1598,pitcher,24580,54350,confirmed_global_exact,역할별 전역 exact 양방향 확정,54350,54350:41rows/3games,1,1,41,3,41,3,1.0,1,99,5,99,0,99,5,1
1599,pitcher,24585,54505,confirmed_global_exact,역할별 전역 exact 양방향 확정,54505,54505:8rows/1games,1,1,8,1,8,1,1.0,1,8,1,8,0,20,2,1
1600,pitcher,24587,,unanchored_no_exact_evidence,exact 선수 매핑 근거 없음,,,0,0,0,0,0,0,,0,20,1,0,0,20,1,1
1601,pitcher,24591,54406,confirmed_global_exact,역할별 전역 exact 양방향 확정,54406,54406:31rows/1games,1,1,31,1,31,1,1.0,1,31,1,31,0,31,1,1
1602,pitcher,24596,54401,confirmed_global_exact,역할별 전역 exact 양방향 확정,54401,54401:38rows/1games,1,1,38,1,38,1,1.0,1,38,1,38,0,125,2,2
1603,pitcher,24597,54403,confirmed_global_exact,역할별 전역 exact 양방향 확정,54403,54403:19rows/1games,1,1,19,1,19,1,1.0,1,19,1,19,0,19,1,1
1604,pitcher,24598,,unanchored_no_exact_evidence,exact 선수 매핑 근거 없음,,,0,0,0,0,0,0,,0,0,0,0,0,69,1,1
1605,pitcher,24602,,unanchored_no_exact_evidence,exact 선수 매핑 근거 없음,,,0,0,0,0,0,0,,0,12,2,0,0,41,3,1
1606,pitcher,24604,547943,confirmed_global_exact,역할별 전역 exact 양방향 확정,547943,547943:1306rows/14games,1,1,1306,14,1306,14,1.0,1,2390,26,2390,0,2599,28,1
1607,pitcher,24605,54221,confirmed_global_exact,역할별 전역 exact 양방향 확정,54221,54221:24rows/1games,1,1,24,1,24,1,1.0,1,24,1,24,0,24,1,1
1608,pitcher,24607,54063,confirmed_global_exact,역할별 전역 exact 양방향 확정,54063,54063:810rows/14games,1,1,810,14,810,14,1.0,1,1147,20,1147,0,1248,22,1
1609,pitcher,24608,54064,confirmed_global_exact,역할별 전역 exact 양방향 확정,54064,54064:239rows/5games,1,1,239,5,239,5,1.0,1,686,12,686,0,766,13,1
1610,pitcher,24609,,unanchored_no_exact_evidence,exact 선수 매핑 근거 없음,,,0,0,0,0,0,0,,0,36,2,0,0,36,2,1
1611,pitcher,24618,,unanchored_no_exact_evidence,exact 선수 매핑 근거 없음,,,0,0,0,0,0,0,,0,9,1,0,0,9,1,1
1612,pitcher,24619,623454,confirmed_global_exact,역할별 전역 exact 양방향 확정,623454,623454:1329rows/16games,1,1,1329,16,1329,16,1.0,1,1980,23,1980,0,2029,24,1
1613,pitcher,24621,54014,confirmed_global_exact,역할별 전역 exact 양방향 확정,54014,54014:12rows/1games,1,1,12,1,12,1,1.0,1,27,2,27,0,27,2,1
1614,pitcher,24622,54843,confirmed_global_exact,역할별 전역 exact 양방향 확정,54843,54843:577rows/7games,1,1,577,7,577,7,1.0,2,955,11,955,0,1053,12,2
1615,pitcher,24623,642545,confirmed_global_exact,역할별 전역 exact 양방향 확정,642545,642545:785rows/9games,1,1,785,9,785,9,1.0,1,1406,18,1406,0,1602,20,1
1616,pitcher,24624,682027,confirmed_global_exact,역할별 전역 exact 양방향 확정,682027,682027:360rows/4games,1,1,360,4,360,4,1.0,1,449,5,449,0,748,9,1
1617,pitcher,24625,,unanchored_no_exact_evidence,exact 선수 매핑 근거 없음,,,0,0,0,0,0,0,,0,53,1,0,0,97,2,1
1618,pitcher,24626,680802,confirmed_global_exact,역할별 전역 exact 양방향 확정,680802,680802:1091rows/12games,1,1,1091,12,1091,12,1.0,1,1368,15,1368,0,1463,16,1
1619,pitcher,24627,666364,confirmed_global_exact,역할별 전역 exact 양방향 확정,666364,666364:487rows/6games,1,1,487,6,487,6,1.0,1,874,10,874,0,1067,12,1
1620,pitcher,24629,622694,confirmed_global_exact,역할별 전역 exact 양방향 확정,622694,622694:510rows/7games,1,1,510,7,510,7,1.0,1,701,10,701,0,792,11,1
1621,pitcher,24631,641778,confirmed_global_exact,역할별 전역 exact 양방향 확정,641778,641778:89rows/1games,1,1,89,1,89,1,1.0,1,197,2,197,0,608,7,1
1622,pitcher,24633,657770,confirmed_global_exact,역할별 전역 exact 양방향 확정,657770,657770:39rows/1games,1,1,39,1,39,1,1.0,1,136,2,136,0,327,4,1
